Plot,Block,String Inverter,SACU,Total Active Strings,Working String Count,Failed String Count,Availability (%),Failure Percentage (%),MBUS,Grid,E-Daily(KWH),Active Power,Reactive Power,PV1,PV2,PV3,PV4,PV5,PV6,PV7,PV8,PV9,PV10,PV11,PV12,PV13,PV14,PV15,PV16,PV17,PV18,PV19,PV20,PV21,PV22,PV23,PV24,PV25,PV26,PV27,PV28,PV-I1,PV-I2,PV-I3,PV-I4,PV-I5,PV-I6,PV-I7,PV-I8,PV-I9,PV-I10,PV-I11,PV-I12,PV-I13,PV-I14,PV-I15,PV-I16,PV-I17,PV-I18,PV-I19,PV-I20,PV-I21,PV-I22,PV-I23,PV-I24,PV-I25,PV-I26,PV-I27,PV-I28,VAB,VBC,VCA,IA,IB,IC
P1,IB1,P1-IB1-1.1-SI01,SACU-1,19,19,0,100.0,0.0,MBUS-1,On-grid,488.19,106.421,-0.044,1097.0,1097.0,1097.0,1097.0,1096.6,1096.6,1096.6,1096.6,1096.6,1082.4,1082.4,1082.4,1082.4,1082.4,1099.8,1099.8,1099.8,1099.8,1101.1,1101.1,1101.1,1101.1,1101.1,1101.2,1101.2,1101.2,1101.2,1101.2,5.44,5.11,5.2,5.14,5.08,5.04,5.18,0.0,0.0,5.24,5.14,5.13,0.0,0.0,5.44,5.01,5.12,0.0,5.2,5.19,5.0,0.0,0.0,5.02,5.07,5.21,0.0,0.0,817.6,809.3,813.8,75.587,75.229,75.706
P1,IB1,P1-IB1-1.1-SI02,SACU-1,19,5,14,26.32,73.68,MBUS-2,On-grid,132.48,28.694,0.052,1106.4,1106.4,1106.4,1106.4,336.1,336.1,336.1,336.1,336.1,1100.7,1100.7,1100.7,1100.7,1100.7,336.0,336.0,336.0,336.0,336.3,336.3,336.3,336.3,336.3,1109.6,1109.6,1109.6,1109.6,1109.6,5.19,0.0,0.0,0.0,0.0,0.0,0.0,0.0,0.0,5.25,0.0,0.0,0.0,0.0,0.0,0.0,0.0,0.0,0.0,0.0,0.0,0.0,0.0,4.73,5.57,5.34,0.0,0.0,818.2,811.3,812.6,20.962,20.212,20.361
P1,IB1,P1-IB1-1.1-SI03,SACU-1,19,19,0,100.0,0.0,MBUS-3,On-grid,483.52,105.348,-0.082,1091.0,1091.0,1091.0,1091.0,1074.0,1074.0,1074.0,1074.0,1074.0,1079.7,1079.7,1079.7,1079.7,1079.7,1085.0,1085.0,1085.0,1085.0,1085.8,1085.8,1085.8,1085.8,1085.8,1086.0,1086.0,1086.0,1086.0,1086.0,5.42,5.07,4.98,5.08,5.11,5.27,5.11,0.0,0.0,5.39,5.11,5.21,0.0,0.0,5.29,5.12,4.98,0.0,5.42,5.07,5.22,0.0,0.0,5.39,5.15,5.07,0.0,0.0,817.9,813.6,809.2,74.866,74.351,74.381
P1,IB1,P1-IB1-1.1-SI04,SACU-1,19,19,0,100.0,0.0,MBUS-4,On-grid,486.16,106.175,0.097,1093.8,1093.8,1093.8,1093.8,1121.3,1121.3,1121.3,1121.3,1121.3,1106.4,1106.4,1106.4,1106.4,1106.4,1092.5,1092.5,1092.5,1092.5,1086.6,1086.6,1086.6,1086.6,1086.6,1094.9,1094.9,1094.9,1094.9,1094.9,5.73,5.03,3.89,5.94,6.53,4.44,4.05,0.0,0.0,5.37,5.23,0.0,0.0,0.0,4.92,4.92,5.43,5.29,5.29,5.22,5.15,0.0,0.0,5.59,5.02,4.81,0.0,0.0,821.4,816.5,811.2,75.333,74.983,75.015
P1,IB1,P1-IB1-1.1-SI05,SACU-1,19,19,0,100.0,0.0,MBUS-5,On-grid,489.46,106.421,0.016,1095.7,1095.7,1095.7,1095.7,1095.0,1095.0,1095.0,1095.0,1095.0,1083.3,1083.3,1083.3,1083.3,1083.3,1084.7,1084.7,1084.7,1084.7,1093.8,1093.8,1093.8,1093.8,1093.8,1093.3,1093.3,1093.3,1093.3,1093.3,5.54,5.05,5.19,5.12,5.34,5.15,5.17,0.0,0.0,5.35,5.21,5.07,0.0,0.0,5.46,5.1,5.16,0.0,5.24,5.25,5.11,0.0,0.0,5.56,5.08,5.02,0.0,0.0,817.8,812.5,809.5,75.921,75.452,75.516
P1,IB1,P1-IB1-1.1-SI06,SACU-1,19,19,0,100.0,0.0,MBUS-6,On-grid,488.19,106.34,0.054,1093.9,1093.9,1093.9,1093.9,1093.0,1093.0,1093.0,1093.0,1093.0,1084.7,1084.7,1084.7,1084.7,1084.7,1093.7,1093.7,1093.7,1093.7,1089.8,1089.8,1089.8,1089.8,1089.8,1101.0,1101.0,1101.0,1101.0,1101.0,5.48,5.09,5.12,5.11,5.15,5.12,5.24,0.0,0.0,5.43,5.26,5.03,0.0,0.0,5.48,5.05,5.24,0.0,5.32,5.22,5.07,0.0,0.0,5.49,4.93,5.2,0.0,0.0,819.5,815.2,810.3,75.668,75.205,75.364
P1,IB1,P1-IB1-1.1-SI07,SACU-1,19,19,0,100.0,0.0,MBUS-7,On-grid,485.0,105.759,0.085,1097.0,1097.0,1097.0,1097.0,1079.5,1079.5,1079.5,1079.5,1079.5,1081.0,1081.0,1081.0,1081.0,1081.0,1071.8,1071.8,1071.8,1071.8,1090.0,1090.0,1090.0,1090.0,1090.0,1097.9,1097.9,1097.9,1097.9,1097.9,5.19,5.15,5.05,5.07,5.09,5.25,5.24,0.0,0.0,5.32,5.09,5.25,0.0,0.0,5.26,5.24,5.15,0.0,5.26,5.17,5.17,0.0,0.0,4.94,5.24,5.3,0.0,0.0,817.8,808.3,814.0,75.216,74.871,75.188
P1,IB1,P1-IB1-1.1-SI08,SACU-1,19,19,0,100.0,0.0,MBUS-8,On-grid,487.15,106.202,0.052,1074.6,1074.6,1074.6,1074.6,1096.5,1096.5,1096.5,1096.5,1096.5,1097.5,1097.5,1097.5,1097.5,1097.5,1095.2,1095.2,1095.2,1095.2,1090.9,1090.9,1090.9,1090.9,1090.9,1071.9,1071.9,1071.9,1071.9,1071.9,5.34,5.28,5.16,5.26,5.16,5.13,5.19,0.0,0.0,5.43,4.97,5.25,0.0,0.0,5.47,5.11,5.02,0.0,5.48,5.13,5.06,0.0,0.0,5.25,5.22,5.18,0.0,0.0,818.9,809.8,814.9,75.35,75.07,75.247
P1,IB1,P1-IB1-1.2-SI09,SACU-1,19,19,0,100.0,0.0,MBUS-9,On-grid,491.27,107.018,-0.004,1111.0,1111.0,1111.0,1111.0,1095.4,1095.4,1095.4,1095.4,1095.4,1094.3,1094.3,1094.3,1094.3,1094.3,1079.9,1079.9,1079.9,1079.9,1077.2,1077.2,1077.2,1077.2,1077.2,1080.1,1080.1,1080.1,1080.1,1080.1,5.49,5.05,5.12,5.09,5.33,5.25,5.22,0.0,0.0,5.43,5.2,5.22,0.0,0.0,5.49,5.0,5.11,0.0,5.39,5.24,5.1,0.0,0.0,5.48,5.15,5.35,0.0,0.0,819.5,809.9,814.7,75.981,75.68,75.773
P1,IB1,P1-IB1-1.2-SI10,SACU-1,19,19,0,100.0,0.0,MBUS-10,On-grid,489.77,106.727,-0.029,1082.1,1082.1,1082.1,1082.1,1084.4,1084.4,1084.4,1084.4,1084.4,1086.3,1086.3,1086.3,1086.3,1086.3,1064.8,1064.8,1064.8,1064.8,1089.2,1089.2,1089.2,1089.2,1089.2,1086.9,1086.9,1086.9,1086.9,1086.9,5.41,5.13,5.19,5.11,5.42,5.12,5.25,0.0,0.0,5.4,5.17,5.14,0.0,0.0,5.54,5.1,5.17,0.0,5.34,5.24,5.12,0.0,0.0,5.26,5.01,5.28,0.0,0.0,821.7,814.0,816.7,75.703,75.068,75.14
P1,IB1,P1-IB1-1.2-SI11,SACU-1,19,19,0,100.0,0.0,MBUS-11,On-grid,490.38,106.859,0.042,1076.8,1076.8,1076.8,1076.8,1101.7,1101.7,1101.7,1101.7,1101.7,1096.8,1096.8,1096.8,1096.8,1096.8,1088.4,1088.4,1088.4,1088.4,1083.7,1083.7,1083.7,1083.7,1083.7,1098.2,1098.2,1098.2,1098.2,1098.2,5.4,5.24,5.12,5.31,5.16,5.22,5.01,0.0,0.0,5.5,5.12,5.26,0.0,0.0,5.45,5.17,5.01,0.0,5.47,5.31,5.07,0.0,0.0,5.45,5.16,5.26,0.0,0.0,820.4,812.3,814.8,76.287,75.632,75.451
P1,IB1,P1-IB1-1.2-SI12,SACU-1,19,19,0,100.0,0.0,MBUS-12,On-grid,486.79,106.171,0.047,1090.6,1090.6,1090.6,1090.6,1100.0,1100.0,1100.0,1100.0,1100.0,1083.5,1083.5,1083.5,1083.5,1083.5,1081.0,1081.0,1081.0,1081.0,1081.4,1081.4,1081.4,1081.4,1081.4,1085.0,1085.0,1085.0,1085.0,1085.0,5.39,5.15,5.05,5.27,5.22,5.22,5.07,0.0,0.0,5.42,5.02,5.17,0.0,0.0,5.23,5.18,5.04,0.0,5.41,5.08,5.22,0.0,0.0,5.3,5.16,5.1,0.0,0.0,821.1,811.6,817.0,75.399,74.871,74.742
P1,IB1,P1-IB1-1.2-SI13,SACU-1,19,19,0,100.0,0.0,MBUS-13,On-grid,487.44,106.473,-0.065,1086.7,1086.7,1086.7,1086.7,1088.6,1088.6,1088.6,1088.6,1088.6,1077.7,1077.7,1077.7,1077.7,1077.7,1084.1,1084.1,1084.1,1084.1,1079.3,1079.3,1079.3,1079.3,1079.3,1099.1,1099.1,1099.1,1099.1,1099.1,5.45,5.14,5.22,5.19,5.38,5.22,5.22,0.0,0.0,5.42,5.21,5.27,0.0,0.0,5.37,5.14,5.07,0.0,5.45,5.16,5.26,0.0,0.0,5.4,5.17,5.16,0.0,0.0,821.0,815.6,813.1,75.581,75.065,75.199
P1,IB1,P1-IB1-1.2-SI14,SACU-1,19,19,0,100.0,0.0,MBUS-14,On-grid,490.65,107.5,0.024,1097.6,1097.6,1097.6,1097.6,1084.6,1084.6,1084.6,1084.6,1084.6,1092.6,1092.6,1092.6,1092.6,1092.6,1084.1,1084.1,1084.1,1084.1,1092.0,1092.0,1092.0,1092.0,1092.0,1096.8,1096.8,1096.8,1096.8,1096.8,5.4,5.15,5.14,5.18,5.33,5.23,5.21,0.0,0.0,5.33,5.11,5.15,0.0,0.0,5.51,5.07,5.26,0.0,5.34,5.24,5.2,0.0,0.0,5.45,5.14,5.27,0.0,0.0,818.0,809.2,813.2,76.376,76.49,76.159
P1,IB1,P1-IB1-1.2-SI15,SACU-1,19,19,0,100.0,0.0,MBUS-15,On-grid,492.58,107.703,-0.019,1091.6,1091.6,1091.6,1091.6,1098.1,1098.1,1098.1,1098.1,1098.1,1095.4,1095.4,1095.4,1095.4,1095.4,1093.7,1093.7,1093.7,1093.7,1083.4,1083.4,1083.4,1083.4,1083.4,1092.9,1092.9,1092.9,1092.9,1092.9,5.39,5.21,5.12,5.3,5.22,5.32,5.2,0.0,0.0,5.54,5.1,5.3,0.0,0.0,5.42,5.27,5.2,0.0,5.42,5.14,5.26,0.0,0.0,5.35,5.25,5.23,0.0,0.0,817.5,812.9,807.6,76.982,76.203,76.381
P1,IB1,P1-IB1-1.2-SI16,SACU-1,19,19,0,100.0,0.0,MBUS-16,On-grid,495.81,108.005,0.008,1102.4,1102.4,1102.4,1102.4,1098.7,1098.7,1098.7,1098.7,1098.7,1101.8,1101.8,1101.8,1101.8,1101.8,1105.8,1105.8,1105.8,1105.8,1086.8,1086.8,1086.8,1086.8,1086.8,1098.2,1098.2,1098.2,1098.2,1098.2,5.0,4.93,5.43,5.22,5.38,5.35,4.99,0.0,0.0,5.54,5.08,5.18,0.0,0.0,5.7,4.97,4.98,0.0,5.76,4.95,5.15,0.0,0.0,5.66,5.65,4.56,0.0,0.0,819.6,814.4,810.9,77.087,76.688,76.021
P1,IB1,P1-IB1-2.1-SI01,SACU-1,19,18,1,94.74,5.26,MBUS-17,On-grid,465.99,102.005,-0.038,1095.8,1095.8,1095.8,1095.8,1096.0,1096.0,1096.0,1096.0,1096.0,1080.8,1080.8,1080.8,1080.8,1080.8,1095.5,1095.5,1095.5,1095.5,1089.6,1089.6,1089.6,1089.6,1089.6,1093.4,1093.4,1093.4,1093.4,1093.4,5.38,5.03,5.24,5.12,5.37,5.12,5.29,0.0,0.0,5.47,5.18,5.36,0.0,0.0,5.48,5.12,5.31,0.0,5.53,5.29,5.15,0.0,0.0,0.0,5.12,5.26,0.0,0.0,819.8,814.5,811.1,72.706,71.911,72.119
P1,IB1,P1-IB1-2.1-SI02,SACU-1,19,19,0,100.0,0.0,MBUS-18,On-grid,493.15,107.599,0.063,1090.6,1090.6,1090.6,1090.6,1094.4,1094.4,1094.4,1094.4,1094.4,1089.7,1089.7,1089.7,1089.7,1089.7,1084.0,1084.0,1084.0,1084.0,1103.4,1103.4,1103.4,1103.4,1103.4,1089.8,1089.8,1089.8,1089.8,1089.8,5.37,5.14,5.26,5.19,5.3,5.09,5.21,0.0,0.0,5.32,5.25,5.22,0.0,0.0,5.48,5.14,5.23,0.0,5.17,5.22,5.14,0.0,0.0,5.42,5.29,5.31,0.0,0.0,820.3,812.3,814.7,76.445,76.194,75.873
P1,IB1,P1-IB1-2.1-SI03,SACU-1,19,19,0,100.0,0.0,MBUS-19,On-grid,489.82,106.791,0.147,1081.2,1081.2,1081.2,1081.2,1082.5,1082.5,1082.5,1082.5,1082.5,1089.7,1089.7,1089.7,1089.7,1089.7,1097.2,1097.2,1097.2,1097.2,1086.6,1086.6,1086.6,1086.6,1086.6,1091.1,1091.1,1091.1,1091.1,1091.1,5.5,5.04,5.23,5.19,5.35,5.21,5.25,0.0,0.0,5.47,4.86,5.36,0.0,0.0,5.53,5.05,5.24,0.0,5.49,5.29,5.1,0.0,0.0,5.5,5.12,5.29,0.0,0.0,818.4,814.1,808.4,76.148,75.948,75.822
P1,IB1,P1-IB1-2.1-SI04,SACU-1,19,19,0,100.0,0.0,MBUS-20,On-grid,486.71,106.606,-0.132,1099.9,1099.9,1099.9,1099.9,1092.6,1092.6,1092.6,1092.6,1092.6,1103.9,1103.9,1103.9,1103.9,1103.9,1048.8,1048.8,1048.8,1048.8,1093.5,1093.5,1093.5,1093.5,1093.5,1092.3,1092.3,1092.3,1092.3,1092.3,5.42,5.22,5.14,5.26,5.21,5.35,5.16,0.0,0.0,5.49,5.07,5.21,0.0,0.0,5.54,4.94,5.22,0.0,5.59,5.19,5.25,0.0,0.0,5.4,5.14,5.1,0.0,0.0,820.5,814.8,812.9,76.112,75.292,75.75
P1,IB1,P1-IB1-2.1-SI05,SACU-1,19,19,0,100.0,0.0,MBUS-21,On-grid,490.21,107.404,-0.03,1087.9,1087.9,1087.9,1087.9,1085.0,1085.0,1085.0,1085.0,1085.0,1082.5,1082.5,1082.5,1082.5,1082.5,1094.4,1094.4,1094.4,1094.4,1086.4,1086.4,1086.4,1086.4,1086.4,1086.7,1086.7,1086.7,1086.7,1086.7,5.36,5.34,5.17,5.28,5.18,5.39,5.21,0.0,0.0,5.56,5.19,5.21,0.0,0.0,5.55,5.27,5.09,0.0,5.41,5.05,5.27,0.0,0.0,5.35,5.31,5.19,0.0,0.0,819.8,810.6,815.0,76.643,76.139,75.973
P1,IB1,P1-IB1-2.1-SI06,SACU-1,19,19,0,100.0,0.0,MBUS-22,On-grid,495.0,108.314,0.053,1092.8,1092.8,1092.8,1092.8,1095.5,1095.5,1095.5,1095.5,1095.5,1083.5,1083.5,1083.5,1083.5,1083.5,1111.0,1111.0,1111.0,1111.0,1091.9,1091.9,1091.9,1091.9,1091.9,1102.3,1102.3,1102.3,1102.3,1102.3,5.45,5.19,5.06,5.3,5.37,5.22,5.3,0.0,0.0,5.47,5.27,5.37,0.0,0.0,5.42,5.18,5.23,0.0,5.24,5.37,5.31,0.0,0.0,5.44,5.25,5.22,0.0,0.0,822.6,818.1,812.2,76.89,76.298,76.198
P1,IB1,P1-IB1-2.1-SI07,SACU-1,19,19,0,100.0,0.0,MBUS-23,On-grid,490.14,107.372,-0.105,1077.2,1077.2,1077.2,1077.2,1092.7,1092.7,1092.7,1092.7,1092.7,1083.4,1083.4,1083.4,1083.4,1083.4,1091.4,1091.4,1091.4,1091.4,1091.4,1091.4,1091.4,1091.4,1091.4,1096.7,1096.7,1096.7,1096.7,1096.7,5.46,5.09,5.3,5.2,5.31,5.14,5.2,0.0,0.0,5.31,5.24,5.17,0.0,0.0,5.57,5.13,5.25,0.0,5.3,5.29,5.12,0.0,0.0,5.49,5.09,5.22,0.0,0.0,821.6,811.7,817.0,76.311,76.006,75.68
P1,IB1,P1-IB1-2.1-SI08,SACU-1,19,19,0,100.0,0.0,MBUS-24,On-grid,491.03,107.181,-0.049,1099.4,1099.4,1099.4,1099.4,1095.3,1095.3,1095.3,1095.3,1095.3,1091.2,1091.2,1091.2,1091.2,1091.2,1082.3,1082.3,1082.3,1082.3,1092.5,1092.5,1092.5,1092.5,1092.5,1082.4,1082.4,1082.4,1082.4,1082.4,5.47,5.11,5.21,5.1,5.4,5.15,5.15,0.0,0.0,5.49,5.15,5.16,0.0,0.0,5.59,5.05,5.25,0.0,5.44,5.07,5.19,0.0,0.0,5.44,5.12,5.21,0.0,0.0,817.9,809.4,814.6,75.783,76.062,76.064
P1,IB1,P1-IB1-2.2-SI09,SACU-1,19,19,0,100.0,0.0,MBUS-25,On-grid,493.83,107.562,-0.079,1099.4,1099.4,1099.4,1099.4,1081.4,1081.4,1081.4,1081.4,1081.4,1098.9,1098.9,1098.9,1098.9,1098.9,1102.8,1102.8,1102.8,1102.8,1088.1,1088.1,1088.1,1088.1,1088.1,1102.3,1102.3,1102.3,1102.3,1102.3,5.56,5.11,5.16,5.14,5.23,5.2,5.3,0.0,0.0,5.45,5.07,5.31,0.0,0.0,5.42,5.22,5.09,0.0,5.33,5.3,5.29,0.0,0.0,5.44,5.17,5.18,0.0,0.0,822.6,815.5,813.8,76.064,75.772,75.931
P1,IB1,P1-IB1-2.2-SI10,SACU-1,19,19,0,100.0,0.0,MBUS-26,On-grid,490.9,107.344,-0.026,1087.4,1087.4,1087.4,1087.4,1076.9,1076.9,1076.9,1076.9,1076.9,1087.3,1087.3,1087.3,1087.3,1087.3,1085.0,1085.0,1085.0,1085.0,1102.0,1102.0,1102.0,1102.0,1102.0,1107.7,1107.7,1107.7,1107.7,1107.7,5.49,5.24,5.15,5.29,5.06,5.31,5.17,0.0,0.0,5.56,5.07,5.28,0.0,0.0,5.57,5.22,5.08,0.0,5.56,5.29,5.19,0.0,0.0,5.55,5.19,5.17,0.0,0.0,819.1,809.5,814.5,76.588,75.992,75.835
P1,IB1,P1-IB1-2.2-SI11,SACU-1,19,17,2,89.47,10.53,MBUS-27,On-grid,445.96,96.692,-0.002,1105.2,1105.2,1105.2,1105.2,1113.0,1113.0,1113.0,1113.0,1113.0,1108.9,1108.9,1108.9,1108.9,1108.9,1093.3,1093.3,1093.3,1093.3,1119.6,1119.6,1119.6,1119.6,1119.6,1114.4,1114.4,1114.4,1114.4,1114.4,5.45,5.23,0.0,5.03,5.3,5.12,5.23,0.0,0.0,5.3,5.17,5.12,0.0,0.0,5.7,0.0,5.28,0.0,5.28,5.15,4.99,0.0,0.0,5.56,5.18,5.11,0.0,0.0,818.4,813.6,809.6,68.93,68.645,68.374
P1,IB1,P1-IB1-2.2-SI12,SACU-1,19,19,0,100.0,0.0,MBUS-28,On-grid,502.5,108.664,0.057,1112.1,1112.1,1112.1,1112.1,1106.0,1106.0,1106.0,1106.0,1106.0,1108.0,1108.0,1108.0,1108.0,1108.0,1122.7,1122.7,1122.7,1122.7,1111.9,1111.9,1111.9,1111.9,1111.9,1117.7,1117.7,1117.7,1117.7,1117.7,5.23,5.24,5.01,5.28,5.09,5.31,5.32,0.0,0.0,5.3,5.26,4.98,0.0,0.0,5.29,4.9,5.2,0.0,5.2,5.29,5.24,0.0,0.0,5.09,5.17,5.25,0.0,0.0,822.1,819.0,810.4,76.88,76.666,76.584
P1,IB1,P1-IB1-2.2-SI13,SACU-1,19,19,0,100.0,0.0,MBUS-29,On-grid,490.91,107.292,0.02,1090.8,1090.8,1090.8,1090.8,1090.3,1090.3,1090.3,1090.3,1090.3,1091.3,1091.3,1091.3,1091.3,1091.3,1092.2,1092.2,1092.2,1092.2,1088.7,1088.7,1088.7,1088.7,1088.7,1102.0,1102.0,1102.0,1102.0,1102.0,5.32,5.23,5.11,5.25,5.21,5.29,5.19,0.0,0.0,5.51,5.1,5.26,0.0,0.0,5.32,5.23,5.11,0.0,5.45,5.15,5.25,0.0,0.0,5.32,5.13,5.09,0.0,0.0,818.6,812.5,808.9,76.684,75.83,76.15
P1,IB1,P1-IB1-2.2-SI14,SACU-1,19,19,0,100.0,0.0,MBUS-30,On-grid,492.98,107.682,-0.024,1091.2,1091.2,1091.2,1091.2,1087.7,1087.7,1087.7,1087.7,1087.7,1102.7,1102.7,1102.7,1102.7,1102.7,1102.2,1102.2,1102.2,1102.2,1085.9,1085.9,1085.9,1085.9,1085.9,1079.6,1079.6,1079.6,1079.6,1079.6,5.33,5.2,5.32,5.23,5.13,5.25,5.3,0.0,0.0,5.3,5.23,5.23,0.0,0.0,5.35,5.1,5.21,0.0,5.32,5.17,5.27,0.0,0.0,5.25,5.12,5.32,0.0,0.0,818.5,811.0,811.1,77.051,76.315,76.045
P1,IB1,P1-IB1-2.2-SI15,SACU-1,19,19,0,100.0,0.0,MBUS-31,On-grid,488.25,106.426,0.005,1085.7,1085.7,1085.7,1085.7,1089.0,1089.0,1089.0,1089.0,1089.0,1102.8,1102.8,1102.8,1102.8,1102.8,1095.1,1095.1,1095.1,1095.1,1072.2,1072.2,1072.2,1072.2,1072.2,1087.4,1087.4,1087.4,1087.4,1087.4,5.43,5.18,4.98,5.21,5.11,5.3,5.17,0.0,0.0,5.41,5.17,5.09,0.0,0.0,5.43,5.13,5.04,0.0,5.45,5.2,5.26,0.0,0.0,5.32,5.26,5.2,0.0,0.0,820.2,814.4,811.6,75.096,75.384,75.534
P1,IB1,P1-IB1-2.2-SI16,SACU-1,19,19,0,100.0,0.0,MBUS-32,On-grid,485.63,106.002,-0.068,1090.4,1090.4,1090.4,1090.4,1093.1,1093.1,1093.1,1093.1,1093.1,1085.6,1085.6,1085.6,1085.6,1085.6,1089.0,1089.0,1089.0,1089.0,1085.8,1085.8,1085.8,1085.8,1085.8,1088.9,1088.9,1088.9,1088.9,1088.9,5.42,5.05,5.17,5.11,5.4,5.09,5.13,0.0,0.0,5.35,5.19,5.11,0.0,0.0,5.5,5.09,5.11,0.0,5.31,5.14,4.98,0.0,0.0,5.39,5.09,5.24,0.0,0.0,821.5,814.2,813.6,75.628,74.584,74.639
P1,IB1,P1-IB1-3.1-SI01,SACU-2,19,19,0,100.0,0.0,MBUS-1,On-grid,478.75,105.297,-30.779,1089.1,1089.1,1089.1,1089.1,1071.5,1071.5,1071.5,1071.5,1071.5,1093.2,1093.2,1093.2,1093.2,1093.2,1104.1,1104.1,1104.1,1104.1,1085.5,1085.5,1085.5,1085.5,1085.5,1084.5,1084.5,1084.5,1084.5,1084.5,5.29,5.14,5.0,5.15,5.24,5.36,5.18,0.0,0.0,5.47,5.09,5.27,0.0,0.0,5.3,5.16,5.08,0.0,5.43,5.14,5.21,0.0,0.0,5.36,5.11,5.04,0.0,0.0,808.4,803.7,801.0,79.468,79.471,79.1
P1,IB1,P1-IB1-3.1-SI02,SACU-2,19,19,0,100.0,0.0,MBUS-2,On-grid,481.5,105.749,-30.668,1075.4,1075.4,1075.4,1075.4,1084.9,1084.9,1084.9,1084.9,1084.9,1077.1,1077.1,1077.1,1077.1,1077.1,1092.8,1092.8,1092.8,1092.8,1080.5,1080.5,1080.5,1080.5,1080.5,1089.0,1089.0,1089.0,1089.0,1089.0,5.5,5.05,5.29,5.29,5.29,5.28,5.07,0.0,0.0,5.58,5.14,5.29,0.0,0.0,5.35,5.09,5.02,0.0,5.42,5.09,5.2,0.0,0.0,5.33,5.16,5.03,0.0,0.0,809.2,801.1,805.5,79.575,79.376,79.435
P1,IB1,P1-IB1-3.1-SI03,SACU-2,19,19,0,100.0,0.0,MBUS-3,On-grid,486.49,106.864,-30.67,1098.6,1098.6,1098.6,1098.6,1105.0,1105.0,1105.0,1105.0,1105.0,1106.7,1106.7,1106.7,1106.7,1106.7,1102.5,1102.5,1102.5,1102.5,1089.4,1089.4,1089.4,1089.4,1089.4,1088.9,1088.9,1088.9,1088.9,1088.9,5.5,5.02,5.14,5.05,5.26,5.04,5.17,0.0,0.0,5.4,5.08,4.93,0.0,0.0,5.56,5.04,5.18,0.0,5.5,5.18,5.03,0.0,0.0,5.51,5.04,5.25,0.0,0.0,810.4,800.9,806.0,80.279,80.293,80.073
P1,IB1,P1-IB1-3.1-SI04,SACU-2,19,19,0,100.0,0.0,MBUS-4,On-grid,485.7,106.721,-30.759,1082.7,1082.7,1082.7,1082.7,1071.1,1071.1,1071.1,1071.1,1071.1,1086.2,1086.2,1086.2,1086.2,1086.2,1094.0,1094.0,1094.0,1094.0,1094.5,1094.5,1094.5,1094.5,1094.5,1096.8,1096.8,1096.8,1096.8,1096.8,5.51,5.09,5.25,5.2,5.47,5.22,5.28,0.0,0.0,5.05,5.35,5.48,0.0,0.0,5.58,5.08,5.26,0.0,5.44,5.28,5.14,0.0,0.0,5.55,5.05,5.3,0.0,0.0,808.8,800.3,802.4,80.297,80.221,80.278
P1,IB1,P1-IB1-3.1-SI05,SACU-2,19,19,0,100.0,0.0,MBUS-5,On-grid,487.29,106.876,-30.659,1079.5,1079.5,1079.5,1079.5,1088.7,1088.7,1088.7,1088.7,1088.7,1093.2,1093.2,1093.2,1093.2,1093.2,1083.4,1083.4,1083.4,1083.4,1095.3,1095.3,1095.3,1095.3,1095.3,1080.4,1080.4,1080.4,1080.4,1080.4,5.48,5.12,5.24,5.12,5.34,5.26,5.22,0.0,0.0,5.27,5.31,5.16,0.0,0.0,5.42,5.08,5.32,0.0,5.37,5.32,5.14,0.0,0.0,5.6,5.16,5.32,0.0,0.0,809.1,805.8,801.4,80.169,80.034,80.03
P1,IB1,P1-IB1-3.1-SI06,SACU-2,19,19,0,100.0,0.0,MBUS-6,On-grid,484.69,106.126,-30.635,1094.3,1094.3,1094.3,1094.3,1068.4,1068.4,1068.4,1068.4,1068.4,1089.8,1089.8,1089.8,1089.8,1089.8,1095.5,1095.5,1095.5,1095.5,1058.2,1058.2,1058.2,1058.2,1058.2,1094.5,1094.5,1094.5,1094.5,1094.5,5.41,5.14,5.27,5.28,4.92,5.37,5.25,0.0,0.0,5.52,5.25,5.34,0.0,0.0,5.54,5.19,5.17,0.0,5.6,4.99,5.37,0.0,0.0,5.43,5.16,5.18,0.0,0.0,808.9,805.7,797.6,79.846,80.254,79.551
P1,IB1,P1-IB1-3.1-SI07,SACU-2,19,19,0,100.0,0.0,MBUS-7,On-grid,484.21,106.155,-30.682,1087.5,1087.5,1087.5,1087.5,1075.7,1075.7,1075.7,1075.7,1075.7,1075.2,1075.2,1075.2,1075.2,1075.2,1094.7,1094.7,1094.7,1094.7,1083.4,1083.4,1083.4,1083.4,1083.4,1091.1,1091.1,1091.1,1091.1,1091.1,5.37,5.23,5.07,5.24,5.07,5.4,5.23,0.0,0.0,5.54,5.15,5.39,0.0,0.0,5.5,5.23,5.0,0.0,5.52,5.18,5.27,0.0,0.0,5.33,5.26,5.18,0.0,0.0,809.0,800.3,805.2,79.996,79.82,79.771
P1,IB1,P1-IB1-3.1-SI08,SACU-2,19,19,0,100.0,0.0,MBUS-8,On-grid,485.63,106.701,-30.698,1084.0,1084.0,1084.0,1084.0,1100.3,1100.3,1100.3,1100.3,1100.3,1102.3,1102.3,1102.3,1102.3,1102.3,1085.7,1085.7,1085.7,1085.7,1088.5,1088.5,1088.5,1088.5,1088.5,1082.1,1082.1,1082.1,1082.1,1082.1,5.45,5.19,5.06,5.28,5.21,5.26,5.11,0.0,0.0,5.51,5.1,5.2,0.0,0.0,5.46,5.2,5.06,0.0,5.5,5.21,5.25,0.0,0.0,5.53,5.23,5.15,0.0,0.0,810.5,802.1,806.3,80.277,79.932,79.592
P1,IB1,P1-IB1-3.2-SI09,SACU-2,19,19,0,100.0,0.0,MBUS-9,On-grid,487.15,106.545,-30.719,1093.1,1093.1,1093.1,1093.1,1091.4,1091.4,1091.4,1091.4,1091.4,1099.8,1099.8,1099.8,1099.8,1099.8,1084.9,1084.9,1084.9,1084.9,1085.4,1085.4,1085.4,1085.4,1085.4,1088.4,1088.4,1088.4,1088.4,1088.4,5.51,5.14,5.1,5.03,5.38,5.19,5.26,0.0,0.0,5.36,5.07,5.21,0.0,0.0,5.52,5.09,5.24,0.0,5.48,5.22,5.2,0.0,0.0,5.48,5.08,5.23,0.0,0.0,809.4,803.2,800.9,80.153,80.178,80.095
P1,IB1,P1-IB1-3.2-SI10,SACU-2,19,19,0,100.0,0.0,MBUS-10,On-grid,484.03,106.135,-30.712,1078.6,1078.6,1078.6,1078.6,1080.2,1080.2,1080.2,1080.2,1080.2,1090.8,1090.8,1090.8,1090.8,1090.8,1092.8,1092.8,1092.8,1092.8,1094.8,1094.8,1094.8,1094.8,1094.8,1092.5,1092.5,1092.5,1092.5,1092.5,5.28,5.16,4.98,5.34,5.16,5.36,5.13,0.0,0.0,5.54,5.13,5.22,0.0,0.0,5.43,5.2,5.1,0.0,5.57,5.21,5.22,0.0,0.0,5.19,5.28,5.15,0.0,0.0,809.6,800.2,804.6,80.002,79.886,79.855
P1,IB1,P1-IB1-3.2-SI11,SACU-2,19,19,0,100.0,0.0,MBUS-11,On-grid,486.78,106.709,-30.595,1099.1,1099.1,1099.1,1099.1,1098.7,1098.7,1098.7,1098.7,1098.7,1092.5,1092.5,1092.5,1092.5,1092.5,1095.3,1095.3,1095.3,1095.3,1104.7,1104.7,1104.7,1104.7,1104.7,1101.6,1101.6,1101.6,1101.6,1101.6,5.45,4.87,5.2,5.24,5.38,5.19,5.08,0.0,0.0,5.34,5.24,5.06,0.0,0.0,5.63,5.1,5.19,0.0,5.3,5.24,5.06,0.0,0.0,5.41,5.11,5.21,0.0,0.0,809.9,802.3,806.2,80.342,80.408,80.238
P1,IB1,P1-IB1-3.2-SI12,SACU-2,19,19,0,100.0,0.0,MBUS-12,On-grid,484.4,105.754,-30.733,1080.3,1080.3,1080.3,1080.3,1083.9,1083.9,1083.9,1083.9,1083.9,1091.8,1091.8,1091.8,1091.8,1091.8,1090.0,1090.0,1090.0,1090.0,1091.8,1091.8,1091.8,1091.8,1091.8,1096.7,1096.7,1096.7,1096.7,1096.7,5.46,5.1,5.29,5.11,5.22,5.27,5.05,0.0,0.0,5.47,4.95,5.22,0.0,0.0,5.38,5.24,5.0,0.0,5.56,5.09,5.15,0.0,0.0,5.42,5.26,5.15,0.0,0.0,810.4,802.0,806.9,79.867,79.265,79.306
P1,IB1,P1-IB1-3.2-SI13,SACU-2,19,17,2,89.47,10.53,MBUS-13,On-grid,435.87,94.787,-30.745,1066.5,1066.5,1066.5,1066.5,1101.2,1101.2,1101.2,1101.2,1101.2,1088.6,1088.6,1088.6,1088.6,1088.6,1094.2,1094.2,1094.2,1094.2,1097.2,1097.2,1097.2,1097.2,1097.2,1083.3,1083.3,1083.3,1083.3,1083.3,0.0,0.0,5.17,5.09,5.18,5.08,5.19,0.0,0.0,5.36,5.28,5.22,0.0,0.0,5.48,5.04,5.25,0.0,5.31,5.29,5.13,0.0,0.0,5.51,4.91,5.33,0.0,0.0,809.7,804.4,802.0,72.308,71.936,72.045
P1,IB1,P1-IB1-3.2-SI14,SACU-2,19,19,0,100.0,0.0,MBUS-14,On-grid,482.73,105.539,-30.733,1083.7,1083.7,1083.7,1083.7,1083.6,1083.6,1083.6,1083.6,1083.6,1094.2,1094.2,1094.2,1094.2,1094.2,1084.1,1084.1,1084.1,1084.1,1083.6,1083.6,1083.6,1083.6,1083.6,1084.0,1084.0,1084.0,1084.0,1084.0,5.35,4.94,5.24,5.15,5.29,5.08,5.29,0.0,0.0,5.38,5.22,5.15,0.0,0.0,5.57,5.1,5.12,0.0,5.27,5.16,5.19,0.0,0.0,5.41,5.25,5.16,0.0,0.0,810.5,802.3,806.4,79.261,79.349,79.147
P1,IB1,P1-IB1-3.2-SI15,SACU-2,19,18,1,94.74,5.26,MBUS-15,On-grid,460.93,100.658,-30.662,1105.8,1105.8,1105.8,1105.8,1092.4,1092.4,1092.4,1092.4,1092.4,1095.9,1095.9,1095.9,1095.9,1095.9,1100.7,1100.7,1100.7,1100.7,1079.8,1079.8,1079.8,1079.8,1079.8,1075.8,1075.8,1075.8,1075.8,1075.8,5.47,5.01,0.0,5.02,5.3,5.21,5.22,0.0,0.0,5.33,5.04,5.28,0.0,0.0,5.47,5.02,5.13,0.0,5.59,5.22,5.02,0.0,0.0,5.42,5.12,5.37,0.0,0.0,809.0,800.7,804.9,76.145,76.106,76.035
P1,IB1,P1-IB1-3.2-SI16,SACU-2,19,19,0,100.0,0.0,MBUS-16,On-grid,485.29,106.345,-30.696,1086.7,1086.7,1086.7,1086.7,1088.6,1088.6,1088.6,1088.6,1088.6,1075.2,1075.2,1075.2,1075.2,1075.2,1089.4,1089.4,1089.4,1089.4,1083.5,1083.5,1083.5,1083.5,1083.5,1107.6,1107.6,1107.6,1107.6,1107.6,5.36,5.26,5.13,5.29,5.29,5.25,5.08,0.0,0.0,5.51,5.16,5.25,0.0,0.0,5.27,5.25,5.21,0.0,5.4,5.12,5.3,0.0,0.0,5.23,5.24,5.32,0.0,0.0,809.4,804.3,800.1,80.078,80.139,79.863
P1,IB1,P1-IB1-4.1-SI01,SACU-2,19,19,0,100.0,0.0,MBUS-17,On-grid,479.3,104.072,-30.691,1101.3,1101.3,1101.3,1101.3,1097.7,1097.7,1097.7,1097.7,1097.7,1101.5,1101.5,1101.5,1101.5,1101.5,1104.2,1104.2,1104.2,1104.2,1095.3,1095.3,1095.3,1095.3,1095.3,1101.1,1101.1,1101.1,1101.1,1101.1,5.43,4.9,5.03,4.92,5.09,4.94,5.07,0.0,0.0,5.27,5.01,5.0,0.0,0.0,5.4,4.82,5.01,0.0,5.15,5.12,4.93,0.0,0.0,5.41,5.05,4.96,0.0,0.0,812.4,802.2,808.3,78.675,78.013,77.785
P1,IB1,P1-IB1-4.1-SI02,SACU-2,19,19,0,100.0,0.0,MBUS-18,On-grid,481.82,104.85,-30.776,1111.6,1111.6,1111.6,1111.6,1112.7,1112.7,1112.7,1112.7,1112.7,1108.8,1108.8,1108.8,1108.8,1108.8,1097.7,1097.7,1097.7,1097.7,1107.8,1107.8,1107.8,1107.8,1107.8,1083.5,1083.5,1083.5,1083.5,1083.5,5.12,5.11,5.14,5.01,5.04,5.08,5.06,0.0,0.0,5.22,5.03,5.09,0.0,0.0,5.41,4.93,5.1,0.0,5.25,5.07,4.96,0.0,0.0,5.43,4.91,5.18,0.0,0.0,813.6,805.4,805.6,78.591,78.7,78.693
P1,IB1,P1-IB1-4.1-SI03,SACU-2,19,19,0,100.0,0.0,MBUS-19,On-grid,488.1,106.001,-30.644,1094.3,1094.3,1094.3,1094.3,1101.2,1101.2,1101.2,1101.2,1101.2,1084.0,1084.0,1084.0,1084.0,1084.0,1087.8,1087.8,1087.8,1087.8,1092.2,1092.2,1092.2,1092.2,1092.2,1094.1,1094.1,1094.1,1094.1,1094.1,5.36,5.09,5.2,5.09,5.13,5.22,4.97,0.0,0.0,5.24,5.2,5.14,0.0,0.0,5.44,5.22,5.13,0.0,5.25,5.12,5.23,0.0,0.0,5.44,5.02,5.22,0.0,0.0,810.8,801.9,806.1,79.655,79.381,78.982
P1,IB1,P1-IB1-4.1-SI04,SACU-2,19,19,0,100.0,0.0,MBUS-20,On-grid,484.12,105.35,-30.627,1097.1,1097.1,1097.1,1097.1,1097.7,1097.7,1097.7,1097.7,1097.7,1087.4,1087.4,1087.4,1087.4,1087.4,1095.9,1095.9,1095.9,1095.9,1098.4,1098.4,1098.4,1098.4,1098.4,1084.4,1084.4,1084.4,1084.4,1084.4,5.44,5.0,5.1,4.94,5.34,5.05,5.14,0.0,0.0,5.27,5.2,5.1,0.0,0.0,5.56,4.96,4.95,0.0,5.42,5.13,4.94,0.0,0.0,5.42,5.11,5.04,0.0,0.0,811.7,801.6,806.4,78.905,78.988,78.977
P1,IB1,P1-IB1-4.1-SI05,SACU-2,19,19,0,100.0,0.0,MBUS-21,On-grid,474.46,103.525,-30.672,1084.3,1084.3,1084.3,1084.3,1085.8,1085.8,1085.8,1085.8,1085.8,1081.0,1081.0,1081.0,1081.0,1081.0,1085.1,1085.1,1085.1,1085.1,1082.3,1082.3,1082.3,1082.3,1082.3,1071.7,1071.7,1071.7,1071.7,1071.7,5.27,5.14,4.97,5.16,5.19,5.15,5.0,0.0,0.0,5.37,4.98,5.17,0.0,0.0,5.21,5.07,4.96,0.0,5.21,5.01,5.11,0.0,0.0,5.26,5.1,5.08,0.0,0.0,812.4,808.6,803.0,78.094,77.38,77.563
P1,IB1,P1-IB1-4.1-SI06,SACU-2,19,19,0,100.0,0.0,MBUS-22,On-grid,471.5,103.099,-30.599,1087.9,1087.9,1087.9,1087.9,1089.6,1089.6,1089.6,1089.6,1089.6,1081.2,1081.2,1081.2,1081.2,1081.2,1079.9,1079.9,1079.9,1079.9,1080.9,1080.9,1080.9,1080.9,1080.9,1081.5,1081.5,1081.5,1081.5,1081.5,5.25,5.07,4.97,5.12,5.08,5.14,4.93,0.0,0.0,5.33,4.98,5.13,0.0,0.0,5.29,5.06,4.96,0.0,5.25,5.03,5.08,0.0,0.0,5.18,5.1,5.05,0.0,0.0,812.9,803.7,808.2,77.671,77.239,77.234
P1,IB1,P1-IB1-4.1-SI07,SACU-2,19,19,0,100.0,0.0,MBUS-23,On-grid,485.81,106.141,-30.732,1095.8,1095.8,1095.8,1095.8,1090.4,1090.4,1090.4,1090.4,1090.4,1080.3,1080.3,1080.3,1080.3,1080.3,1087.8,1087.8,1087.8,1087.8,1090.5,1090.5,1090.5,1090.5,1090.5,1092.6,1092.6,1092.6,1092.6,1092.6,5.3,5.19,5.13,5.09,5.09,5.15,5.22,0.0,0.0,5.32,5.2,5.18,0.0,0.0,5.44,5.04,5.18,0.0,5.2,5.29,5.11,0.0,0.0,5.13,5.09,5.26,0.0,0.0,811.6,802.3,807.0,79.7,79.898,79.522
P1,IB1,P1-IB1-4.1-SI08,SACU-2,19,19,0,100.0,0.0,MBUS-24,On-grid,478.04,104.379,-30.732,1092.0,1092.0,1092.0,1092.0,1084.5,1084.5,1084.5,1084.5,1084.5,1099.3,1099.3,1099.3,1099.3,1099.3,1099.5,1099.5,1099.5,1099.5,1090.8,1090.8,1090.8,1090.8,1090.8,1094.0,1094.0,1094.0,1094.0,1094.0,5.42,4.94,5.08,5.06,5.26,4.96,5.22,0.0,0.0,5.3,5.03,5.0,0.0,0.0,5.4,4.95,5.1,0.0,5.23,5.19,5.04,0.0,0.0,5.38,4.94,5.15,0.0,0.0,812.4,806.8,802.9,78.643,78.291,78.571
P1,IB1,P1-IB1-4.2-SI09,SACU-2,19,19,0,100.0,0.0,MBUS-25,On-grid,484.93,105.846,-30.535,1089.9,1089.9,1089.9,1089.9,1089.3,1089.3,1089.3,1089.3,1089.3,1081.8,1081.8,1081.8,1081.8,1081.8,1108.0,1108.0,1108.0,1108.0,1087.7,1087.7,1087.7,1087.7,1087.7,1094.6,1094.6,1094.6,1094.6,1094.6,5.34,5.19,5.08,5.2,5.17,5.28,5.1,0.0,0.0,5.5,5.11,5.3,0.0,0.0,5.32,5.09,4.93,0.0,5.44,5.17,5.17,0.0,0.0,5.32,5.2,5.17,0.0,0.0,810.2,799.9,805.1,79.787,79.612,79.325
P1,IB1,P1-IB1-4.2-SI10,SACU-2,19,19,0,100.0,0.0,MBUS-26,On-grid,479.0,104.497,-30.669,1079.8,1079.8,1079.8,1079.8,1083.3,1083.3,1083.3,1083.3,1083.3,1092.5,1092.5,1092.5,1092.5,1092.5,1076.5,1076.5,1076.5,1076.5,1092.8,1092.8,1092.8,1092.8,1092.8,1086.7,1086.7,1086.7,1086.7,1086.7,5.4,5.0,5.08,5.07,5.19,5.26,5.08,0.0,0.0,5.42,5.03,5.19,0.0,0.0,5.49,5.12,4.99,0.0,5.4,5.03,5.1,0.0,0.0,5.31,5.16,5.1,0.0,0.0,811.8,802.3,807.3,78.426,78.51,78.292
P1,IB1,P1-IB1-4.2-SI11,SACU-2,19,19,0,100.0,0.0,MBUS-27,On-grid,483.54,105.716,-30.773,1091.3,1091.3,1091.3,1091.3,1098.1,1098.1,1098.1,1098.1,1098.1,1096.4,1096.4,1096.4,1096.4,1096.4,1096.5,1096.5,1096.5,1096.5,1097.7,1097.7,1097.7,1097.7,1097.7,1081.0,1081.0,1081.0,1081.0,1081.0,5.3,5.12,5.29,5.19,5.21,5.16,5.21,0.0,0.0,5.41,5.16,5.08,0.0,0.0,5.52,5.09,5.1,0.0,5.25,5.15,4.96,0.0,0.0,5.29,5.0,5.34,0.0,0.0,810.3,805.5,802.0,79.494,79.399,79.241
P1,IB1,P1-IB1-4.2-SI12,SACU-2,19,19,0,100.0,0.0,MBUS-28,On-grid,482.51,105.405,-30.655,1099.4,1099.4,1099.4,1099.4,1089.6,1089.6,1089.6,1089.6,1089.6,1094.4,1094.4,1094.4,1094.4,1094.4,1085.7,1085.7,1085.7,1085.7,1097.9,1097.9,1097.9,1097.9,1097.9,1093.9,1093.9,1093.9,1093.9,1093.9,5.13,5.09,5.27,5.0,5.16,5.12,5.18,0.0,0.0,5.2,5.12,5.16,0.0,0.0,5.34,5.02,5.16,0.0,5.15,5.11,5.12,0.0,0.0,4.91,5.1,5.24,0.0,0.0,811.6,801.7,806.5,79.286,79.358,79.18
P1,IB1,P1-IB1-4.2-SI13,SACU-2,19,19,0,100.0,0.0,MBUS-29,On-grid,489.39,107.092,-30.621,1092.8,1092.8,1092.8,1092.8,1109.2,1109.2,1109.2,1109.2,1109.2,1084.0,1084.0,1084.0,1084.0,1084.0,1091.6,1091.6,1091.6,1091.6,1096.6,1096.6,1096.6,1096.6,1096.6,1100.6,1100.6,1100.6,1100.6,1100.6,5.38,5.15,5.04,5.26,5.19,5.16,5.04,0.0,0.0,5.47,5.2,5.29,0.0,0.0,5.48,5.18,5.13,0.0,5.42,5.11,5.25,0.0,0.0,5.37,5.18,5.14,0.0,0.0,811.7,801.9,805.8,80.353,80.512,80.102
P1,IB1,P1-IB1-4.2-SI14,SACU-2,19,19,0,100.0,0.0,MBUS-30,On-grid,485.03,106.09,-30.626,1105.1,1105.1,1105.1,1105.1,1090.5,1090.5,1090.5,1090.5,1090.5,1108.3,1108.3,1108.3,1108.3,1108.3,1101.0,1101.0,1101.0,1101.0,1099.4,1099.4,1099.4,1099.4,1099.4,1105.1,1105.1,1105.1,1105.1,1105.1,5.36,5.08,4.92,5.1,5.16,5.18,5.01,0.0,0.0,5.32,4.95,5.21,0.0,0.0,5.4,5.08,5.04,0.0,5.52,5.2,5.2,0.0,0.0,5.43,5.12,5.03,0.0,0.0,811.3,807.6,802.2,79.623,79.378,79.329
P1,IB1,P1-IB1-4.2-SI15,SACU-2,19,18,1,94.74,5.26,MBUS-31,On-grid,459.92,100.161,-30.776,1088.5,1088.5,1088.5,1088.5,1085.4,1085.4,1085.4,1085.4,1085.4,1089.8,1089.8,1089.8,1089.8,1089.8,1084.5,1084.5,1084.5,1084.5,1098.2,1098.2,1098.2,1098.2,1098.2,1085.4,1085.4,1085.4,1085.4,1085.4,5.35,5.07,0.0,5.07,5.14,5.2,5.22,0.0,0.0,5.27,5.18,5.18,0.0,0.0,5.46,5.08,5.17,0.0,5.19,5.19,5.05,0.0,0.0,5.27,5.05,5.29,0.0,0.0,808.4,799.0,804.4,76.261,75.946,75.595
P1,IB1,P1-IB1-4.2-SI16,SACU-2,19,17,2,89.47,10.53,MBUS-32,On-grid,438.08,95.944,-30.653,1092.4,1092.4,1092.4,1092.4,1098.4,1098.4,1098.4,1098.4,1098.4,1094.7,1094.7,1094.7,1094.7,1094.7,1094.6,1094.6,1094.6,1094.6,1100.7,1100.7,1100.7,1100.7,1100.7,1091.2,1091.2,1091.2,1091.2,1091.2,0.0,5.23,5.13,5.27,0.0,5.29,5.1,0.0,0.0,5.49,5.1,5.26,0.0,0.0,5.55,5.19,5.13,0.0,5.46,5.19,5.22,0.0,0.0,5.32,5.2,5.28,0.0,0.0,809.3,799.7,804.3,73.136,72.967,72.712
P1,IB2,P1-IB2-1.1-SI01,SACU-1,19,15,4,78.95,21.05,MBUS-1,On-grid,391.19,85.844,-0.021,1106.1,1106.1,1106.1,1106.1,1091.7,1091.7,1091.7,1091.7,1091.7,1090.9,1090.9,1090.9,1090.9,1090.9,1095.5,1095.5,1095.5,1095.5,1094.9,1094.9,1094.9,1094.9,1094.9,1087.1,1087.1,1087.1,1087.1,1087.1,5.42,5.12,5.24,5.19,5.35,5.17,5.29,0.0,0.0,5.74,0.0,0.0,0.0,0.0,5.76,5.17,0.0,0.0,5.43,5.4,5.24,0.0,0.0,0.0,5.24,5.28,0.0,0.0,839.2,832.2,831.9,59.69,59.437,59.097
P1,IB2,P1-IB2-1.1-SI02,SACU-1,19,12,7,63.16,36.84,MBUS-2,On-grid,317.5,69.457,0.052,1089.3,1089.3,1089.3,1089.3,1090.6,1090.6,1090.6,1090.6,1090.6,1100.5,1100.5,1100.5,1100.5,1100.5,1089.7,1089.7,1089.7,1089.7,373.6,373.6,373.6,373.6,373.6,371.8,371.8,371.8,371.8,371.8,5.06,5.4,5.5,5.42,4.96,5.47,5.51,0.0,0.0,5.1,5.4,5.49,0.0,0.0,5.31,5.5,0.0,0.0,0.0,0.0,0.0,0.0,0.0,0.0,0.0,0.0,0.0,0.0,836.0,827.5,831.6,48.398,47.992,47.862
P1,IB2,P1-IB2-1.1-SI03,SACU-1,19,6,13,31.58,68.42,MBUS-3,On-grid,156.04,34.193,-0.06,1090.7,1090.7,1090.7,1090.7,1096.9,1096.9,1096.9,1096.9,1096.9,1075.7,1075.7,1075.7,1075.7,1075.7,354.5,354.5,354.5,354.5,353.3,353.3,353.3,353.3,353.3,352.5,352.5,352.5,352.5,352.5,5.19,0.0,0.0,5.5,5.03,0.0,5.37,0.0,0.0,5.15,5.37,0.0,0.0,0.0,0.0,0.0,0.0,0.0,0.0,0.0,0.0,0.0,0.0,0.0,0.0,0.0,0.0,0.0,836.8,831.6,829.1,24.136,23.519,23.681
P1,IB2,P1-IB2-1.1-SI04,SACU-1,19,19,0,100.0,0.0,MBUS-4,On-grid,495.63,108.625,-0.021,1093.8,1093.8,1093.8,1093.8,1075.0,1075.0,1075.0,1075.0,1075.0,1074.6,1074.6,1074.6,1074.6,1074.6,1072.0,1072.0,1072.0,1072.0,1099.4,1099.4,1099.4,1099.4,1099.4,1091.8,1091.8,1091.8,1091.8,1091.8,5.43,5.27,5.15,5.29,5.28,5.41,5.24,0.0,0.0,5.72,5.25,5.35,0.0,0.0,5.48,5.34,5.21,0.0,5.59,5.23,5.32,0.0,0.0,5.47,5.31,5.24,0.0,0.0,835.5,829.8,830.9,75.879,75.115,75.454
P1,IB2,P1-IB2-1.1-SI05,SACU-1,19,19,0,100.0,0.0,MBUS-5,On-grid,490.28,108.037,-0.041,1091.2,1091.2,1091.2,1091.2,1094.0,1094.0,1094.0,1094.0,1094.0,1088.1,1088.1,1088.1,1088.1,1088.1,1091.1,1091.1,1091.1,1091.1,1086.8,1086.8,1086.8,1086.8,1086.8,1097.7,1097.7,1097.7,1097.7,1097.7,5.47,5.29,5.16,5.28,5.19,5.33,5.19,0.0,0.0,5.51,5.2,5.33,0.0,0.0,5.33,5.16,5.35,0.0,5.49,5.27,5.29,0.0,0.0,5.41,5.24,5.23,0.0,0.0,838.6,834.0,829.0,74.725,74.707,75.101
P1,IB2,P1-IB2-1.1-SI06,SACU-1,19,19,0,100.0,0.0,MBUS-6,On-grid,447.05,107.616,0.04,1088.8,1088.8,1088.8,1088.8,1078.9,1078.9,1078.9,1078.9,1078.9,1076.9,1076.9,1076.9,1076.9,1076.9,1095.9,1095.9,1095.9,1095.9,1096.8,1096.8,1096.8,1096.8,1096.8,1096.5,1096.5,1096.5,1096.5,1096.5,4.91,5.24,5.65,5.16,5.27,5.12,5.33,0.0,0.0,5.46,4.11,6.32,0.0,0.0,5.55,5.14,5.26,0.0,4.8,5.45,5.33,0.0,0.0,5.43,5.05,5.54,0.0,0.0,841.3,837.1,831.1,74.754,74.535,74.231
P1,IB2,P1-IB2-1.1-SI07,SACU-1,19,19,0,100.0,0.0,MBUS-7,On-grid,492.23,107.721,0.081,1084.8,1084.8,1084.8,1084.8,1086.9,1086.9,1086.9,1086.9,1086.9,1088.0,1088.0,1088.0,1088.0,1088.0,1096.3,1096.3,1096.3,1096.3,1132.7,1132.7,1132.7,1132.7,1132.7,1095.5,1095.5,1095.5,1095.5,1095.5,5.53,5.26,5.11,5.34,5.36,5.15,5.26,0.0,0.0,5.43,5.34,5.14,0.0,0.0,5.64,5.14,5.2,0.0,5.15,5.01,4.98,0.0,0.0,5.51,5.18,5.35,0.0,0.0,841.0,832.4,836.6,74.624,74.063,74.63
P1,IB2,P1-IB2-1.1-SI08,SACU-1,19,19,0,100.0,0.0,MBUS-8,On-grid,487.71,106.966,-0.039,1087.6,1087.6,1087.6,1087.6,1080.2,1080.2,1080.2,1080.2,1080.2,1079.6,1079.6,1079.6,1079.6,1079.6,1078.5,1078.5,1078.5,1078.5,1078.2,1078.2,1078.2,1078.2,1078.2,1079.8,1079.8,1079.8,1079.8,1079.8,5.3,5.26,5.28,5.11,5.45,5.19,5.22,0.0,0.0,5.31,5.27,5.29,0.0,0.0,5.52,5.15,5.29,5.29,5.57,5.33,5.15,0.0,0.0,5.29,5.29,0.0,0.0,0.0,839.7,832.1,834.1,74.232,74.166,73.799
P1,IB2,P1-IB2-1.2-SI09,SACU-1,19,19,0,100.0,0.0,MBUS-9,On-grid,492.9,108.247,-0.044,1082.6,1082.6,1082.6,1082.6,1088.0,1088.0,1088.0,1088.0,1088.0,1078.0,1078.0,1078.0,1078.0,1078.0,1086.9,1086.9,1086.9,1086.9,1100.2,1100.2,1100.2,1100.2,1100.2,1086.8,1086.8,1086.8,1086.8,1086.8,5.55,5.26,5.18,5.35,5.27,5.3,5.33,0.0,0.0,5.54,5.4,5.35,0.0,0.0,5.36,5.27,5.21,0.0,5.55,5.38,5.23,0.0,0.0,5.49,5.14,5.32,0.0,0.0,838.3,833.1,830.2,75.254,74.656,74.718
P1,IB2,P1-IB2-1.2-SI10,SACU-1,19,19,0,100.0,0.0,MBUS-10,On-grid,493.3,108.181,0.028,1101.2,1101.2,1101.2,1101.2,1090.8,1090.8,1090.8,1090.8,1090.8,1089.6,1089.6,1089.6,1089.6,1089.6,1092.4,1092.4,1092.4,1092.4,1073.2,1073.2,1073.2,1073.2,1073.2,1090.9,1090.9,1090.9,1090.9,1090.9,5.47,5.29,5.14,5.19,5.18,5.3,5.18,0.0,0.0,5.6,5.28,5.26,0.0,0.0,5.63,5.31,5.15,0.0,5.55,5.39,5.04,0.0,0.0,5.44,5.24,5.31,0.0,0.0,839.6,830.5,835.2,75.212,75.027,74.473
P1,IB2,P1-IB2-1.2-SI11,SACU-1,19,19,0,100.0,0.0,MBUS-11,On-grid,492.1,107.792,0.023,1085.5,1085.5,1085.5,1085.5,1081.1,1081.1,1081.1,1081.1,1081.1,1070.5,1070.5,1070.5,1070.5,1070.5,1095.4,1095.4,1095.4,1095.4,1086.3,1086.3,1086.3,1086.3,1086.3,1086.9,1086.9,1086.9,1086.9,1086.9,5.57,5.11,5.19,5.08,5.38,5.22,5.3,0.0,0.0,5.5,5.35,5.3,0.0,0.0,5.59,5.14,5.3,0.0,5.88,5.28,5.13,0.0,0.0,5.49,5.27,5.24,0.0,0.0,840.3,836.4,830.2,75.205,74.016,74.47
P1,IB2,P1-IB2-1.2-SI12,SACU-1,19,19,0,100.0,0.0,MBUS-12,On-grid,498.22,109.45,0.007,1093.4,1093.4,1093.4,1093.4,1102.1,1102.1,1102.1,1102.1,1102.1,1096.6,1096.6,1096.6,1096.6,1096.6,1085.5,1085.5,1085.5,1085.5,1094.3,1094.3,1094.3,1094.3,1094.3,1087.9,1087.9,1087.9,1087.9,1087.9,5.39,5.28,5.3,5.34,5.31,5.44,5.27,0.0,0.0,5.54,5.2,5.43,0.0,0.0,5.55,5.33,5.19,0.0,5.52,5.33,5.24,0.0,0.0,5.32,5.35,5.31,0.0,0.0,838.3,828.8,834.5,75.826,75.841,75.796
P1,IB2,P1-IB2-1.2-SI13,SACU-1,19,18,1,94.74,5.26,MBUS-13,On-grid,468.19,102.766,-0.006,1089.4,1089.4,1089.4,1089.4,1096.7,1096.7,1096.7,1096.7,1096.7,1105.8,1105.8,1105.8,1105.8,1105.8,1086.6,1086.6,1086.6,1086.6,1093.0,1093.0,1093.0,1093.0,1093.0,1073.1,1073.1,1073.1,1073.1,1073.1,5.46,5.29,5.34,5.25,5.38,5.18,5.28,0.0,0.0,5.39,5.29,5.21,0.0,0.0,5.46,5.3,5.29,0.0,5.36,5.37,5.15,0.0,0.0,5.62,5.22,0.0,0.0,0.0,839.2,833.1,831.6,71.464,71.025,71.222
P1,IB2,P1-IB2-1.2-SI15,SACU-1,19,19,0,100.0,0.0,MBUS-15,On-grid,492.17,108.432,0.005,1088.5,1088.5,1088.5,1088.5,1094.2,1094.2,1094.2,1094.2,1094.2,1108.0,1108.0,1108.0,1108.0,1108.0,1089.8,1089.8,1089.8,1089.8,1090.9,1090.9,1090.9,1090.9,1090.9,1078.3,1078.3,1078.3,1078.3,1078.3,5.4,5.39,5.13,5.14,5.32,5.39,5.19,0.0,0.0,5.51,5.12,5.32,0.0,0.0,5.4,5.28,5.22,0.0,5.56,5.25,5.33,0.0,0.0,5.49,5.37,5.29,0.0,0.0,839.7,834.6,831.9,75.316,74.959,74.999
P1,IB2,P1-IB2-2.1-SI08,SACU-1,19,19,0,100.0,0.0,MBUS-16,On-grid,494.82,108.302,0.018,1084.8,1084.8,1084.8,1084.8,1083.9,1083.9,1083.9,1083.9,1083.9,1082.1,1082.1,1082.1,1082.1,1082.1,1084.0,1084.0,1084.0,1084.0,1085.3,1085.3,1085.3,1085.3,1085.3,1096.8,1096.8,1096.8,1096.8,1096.8,5.52,5.14,5.28,5.17,5.34,5.23,5.27,0.0,0.0,5.58,5.36,5.3,0.0,0.0,5.52,5.16,5.3,0.0,5.57,5.21,5.26,0.0,0.0,5.58,5.25,5.0,0.0,0.0,837.2,828.2,832.1,75.372,74.97,75.087
P1,IB2,P1-IB2-2.1-SI01,SACU-1,19,19,0,100.0,0.0,MBUS-17,On-grid,498.6,109.625,-0.062,1108.1,1108.1,1108.1,1108.1,1099.3,1099.3,1099.3,1099.3,1099.3,1096.1,1096.1,1096.1,1096.1,1096.1,1092.9,1092.9,1092.9,1092.9,1099.4,1099.4,1099.4,1099.4,1099.4,1106.5,1106.5,1106.5,1106.5,1106.5,5.57,5.16,5.26,5.14,5.42,5.29,5.31,0.0,0.0,5.4,5.32,5.24,0.0,0.0,5.57,5.22,5.33,0.0,5.42,5.27,5.35,0.0,0.0,5.52,5.32,5.25,0.0,0.0,838.0,831.8,833.7,76.057,75.452,75.82
P1,IB2,P1-IB2-2.1-SI02,SACU-1,19,19,0,100.0,0.0,MBUS-18,On-grid,493.31,108.658,-0.006,1094.0,1094.0,1094.0,1094.0,1095.1,1095.1,1095.1,1095.1,1095.1,1090.2,1090.2,1090.2,1090.2,1090.2,1077.3,1077.3,1077.3,1077.3,1087.6,1087.6,1087.6,1087.6,1087.6,1083.6,1083.6,1083.6,1083.6,1083.6,5.54,5.25,5.3,5.34,5.25,5.2,5.17,0.0,0.0,5.39,5.18,5.38,0.0,0.0,5.41,5.28,5.35,0.0,5.34,5.36,5.29,0.0,0.0,5.2,5.23,5.34,0.0,0.0,839.7,829.6,835.5,75.43,74.842,75.04
P1,IB2,P1-IB2-2.1-SI03,SACU-1,19,10,9,52.63,47.37,MBUS-19,On-grid,270.75,59.244,0.049,1122.2,1122.2,1122.2,1122.2,1124.5,1124.5,1124.5,1124.5,1124.5,1113.3,1113.3,1113.3,1113.3,1113.3,1119.0,1119.0,1119.0,1119.0,1133.2,1133.2,1133.2,1133.2,1133.2,375.1,375.1,375.1,375.1,375.1,5.32,5.44,5.31,5.45,5.19,5.45,0.0,0.0,0.0,5.52,5.2,0.0,0.0,0.0,0.0,0.0,5.42,0.0,5.45,0.0,0.0,0.0,0.0,0.0,0.0,0.0,0.0,0.0,837.5,828.5,834.0,41.436,40.877,41.055
P1,IB2,P1-IB2-2.1-SI04,SACU-1,19,19,0,100.0,0.0,MBUS-20,On-grid,496.37,109.213,-0.049,1100.7,1100.7,1100.7,1100.7,1090.6,1090.6,1090.6,1090.6,1090.6,1086.2,1086.2,1086.2,1086.2,1086.2,1096.1,1096.1,1096.1,1096.1,1086.6,1086.6,1086.6,1086.6,1086.6,1081.6,1081.6,1081.6,1081.6,1081.6,5.45,5.2,5.37,5.27,5.48,5.26,5.39,0.0,0.0,5.46,5.4,5.34,0.0,0.0,5.46,5.32,5.22,0.0,5.44,5.31,5.33,0.0,0.0,5.43,5.31,5.23,0.0,0.0,840.9,832.0,836.2,75.752,75.408,75.198
P1,IB2,P1-IB2-2.1-SI05,SACU-1,19,19,0,100.0,0.0,MBUS-21,On-grid,496.32,108.852,0.067,1099.9,1099.9,1099.9,1099.9,1106.3,1106.3,1106.3,1106.3,1106.3,1101.8,1101.8,1101.8,1101.8,1101.8,1077.2,1077.2,1077.2,1077.2,1090.4,1090.4,1090.4,1090.4,1090.4,1078.1,1078.1,1078.1,1078.1,1078.1,5.28,5.33,5.18,5.36,5.12,5.42,5.2,0.0,0.0,5.56,5.19,5.39,0.0,0.0,5.47,5.36,5.22,0.0,5.46,5.33,5.38,0.0,0.0,5.27,5.16,5.28,0.0,0.0,838.6,834.9,828.5,75.872,75.429,75.394
P1,IB2,P1-IB2-2.1-SI06,SACU-1,19,2,17,10.53,89.47,MBUS-22,On-grid,54.7,12.146,0.064,1121.0,1121.0,1121.0,1121.0,317.7,317.7,317.7,317.7,317.7,1118.1,1118.1,1118.1,1118.1,1118.1,316.6,316.6,316.6,316.6,313.8,313.8,313.8,313.8,313.8,319.4,319.4,319.4,319.4,319.4,5.56,0.0,0.0,0.0,0.0,0.0,0.0,0.0,0.0,5.45,0.0,0.0,0.0,0.0,0.0,0.0,0.0,0.0,0.0,0.0,0.0,0.0,0.0,0.0,0.0,0.0,0.0,0.0,835.8,829.3,829.6,8.514,8.394,8.394
P1,IB2,P1-IB2-2.1-SI07,SACU-1,19,15,4,78.95,21.05,MBUS-23,On-grid,391.19,85.984,-0.006,1088.8,1088.8,1088.8,1088.8,1095.5,1095.5,1095.5,1095.5,1095.5,1080.8,1080.8,1080.8,1080.8,1080.8,1086.4,1086.4,1086.4,1086.4,1076.9,1076.9,1076.9,1076.9,1076.9,1088.9,1088.9,1088.9,1088.9,1088.9,5.49,5.34,5.24,5.36,5.36,5.34,5.16,0.0,0.0,5.8,5.26,5.24,0.0,0.0,5.72,0.0,0.0,0.0,5.7,5.26,0.0,0.0,0.0,0.0,5.35,5.22,0.0,0.0,838.4,832.2,831.6,59.765,59.378,59.552
P1,IB2,P1-IB2-2.2-SI16,SACU-1,19,19,0,100.0,0.0,MBUS-24,On-grid,491.52,108.133,0.063,1082.6,1082.6,1082.6,1082.6,1073.1,1073.1,1073.1,1073.1,1073.1,1086.8,1086.8,1086.8,1086.8,1086.8,1104.2,1104.2,1104.2,1104.2,1090.5,1090.5,1090.5,1090.5,1090.5,1081.9,1081.9,1081.9,1081.9,1081.9,5.6,5.21,5.28,5.17,5.42,5.27,5.3,0.0,0.0,5.36,5.32,5.29,0.0,0.0,5.6,5.21,5.2,0.0,5.43,5.27,5.11,0.0,0.0,5.48,5.25,5.33,0.0,0.0,839.5,829.6,834.0,74.965,74.878,74.433
P1,IB2,P1-IB2-2.2-SI09,SACU-1,19,19,0,100.0,0.0,MBUS-25,On-grid,488.45,107.325,0.08,1074.7,1074.7,1074.7,1074.7,1092.8,1092.8,1092.8,1092.8,1092.8,1076.3,1076.3,1076.3,1076.3,1076.3,1075.9,1075.9,1075.9,1075.9,1084.4,1084.4,1084.4,1084.4,1084.4,1089.0,1089.0,1089.0,1089.0,1089.0,5.54,5.17,5.31,5.24,5.48,5.36,5.23,0.0,0.0,5.46,5.28,5.26,0.0,0.0,5.62,5.18,5.19,0.0,5.47,5.36,5.13,0.0,0.0,5.54,5.23,5.18,0.0,0.0,836.9,828.8,832.0,74.981,74.424,74.603
P1,IB2,P1-IB2-2.2-SI10,SACU-1,19,8,11,42.11,57.89,MBUS-26,On-grid,209.0,46.193,-0.036,1087.6,1087.6,1087.6,1087.6,358.2,358.2,358.2,358.2,358.2,1088.5,1088.5,1088.5,1088.5,1088.5,359.6,359.6,359.6,359.6,1088.2,1088.2,1088.2,1088.2,1088.2,1075.7,1075.7,1075.7,1075.7,1075.7,5.59,0.0,0.0,0.0,0.0,0.0,0.0,0.0,0.0,5.57,0.0,0.0,0.0,0.0,0.0,0.0,0.0,0.0,5.07,5.5,5.43,0.0,0.0,5.05,5.53,5.52,0.0,0.0,832.5,830.8,834.0,31.873,31.782,31.79
P1,IB2,P1-IB2-2.2-SI11,SACU-1,19,19,0,100.0,0.0,MBUS-27,On-grid,498.1,109.432,0.008,1087.1,1087.1,1087.1,1087.1,1094.6,1094.6,1094.6,1094.6,1094.6,1084.4,1084.4,1084.4,1084.4,1084.4,1081.5,1081.5,1081.5,1081.5,1059.4,1059.4,1059.4,1059.4,1059.4,1100.0,1100.0,1100.0,1100.0,1100.0,5.58,5.33,5.32,5.45,5.38,5.4,5.29,0.0,0.0,5.59,5.27,5.43,0.0,0.0,5.65,5.23,5.13,0.0,5.7,5.48,5.14,0.0,0.0,5.55,5.3,5.32,0.0,0.0,839.3,829.6,835.4,76.28,75.395,75.608
P1,IB2,P1-IB2-2.2-SI12,SACU-1,19,18,1,94.74,5.26,MBUS-28,On-grid,327.99,103.539,0.049,1081.2,1081.2,1081.2,1081.2,1089.8,1089.8,1089.8,1089.8,1089.8,1079.9,1079.9,1079.9,1079.9,1079.9,1088.5,1088.5,1088.5,1088.5,1108.2,1108.2,1108.2,1108.2,1108.2,1086.7,1086.7,1086.7,1086.7,1086.7,5.52,5.34,5.37,4.88,4.79,5.59,5.52,0.0,0.0,5.33,5.25,5.37,0.0,0.0,5.79,4.81,0.0,0.0,5.12,4.94,5.91,0.0,0.0,5.65,5.43,5.18,0.0,0.0,840.0,834.8,830.2,71.814,71.443,71.658
P1,IB2,P1-IB2-2.2-SI13,SACU-1,19,19,0,100.0,0.0,MBUS-29,On-grid,498.56,109.277,0.007,1085.2,1085.2,1085.2,1085.2,1094.5,1094.5,1094.5,1094.5,1094.5,1087.2,1087.2,1087.2,1087.2,1087.2,1095.7,1095.7,1095.7,1095.7,1086.0,1086.0,1086.0,1086.0,1086.0,1091.0,1091.0,1091.0,1091.0,1091.0,5.66,5.29,5.25,5.4,5.38,5.29,5.14,0.0,0.0,5.5,5.19,5.41,0.0,0.0,5.57,5.3,5.16,0.0,5.58,5.28,5.29,0.0,0.0,5.42,5.38,5.34,0.0,0.0,837.2,828.3,831.8,75.989,75.583,76.047
P1,IB2,P1-IB2-2.2-SI14,SACU-1,19,19,0,100.0,0.0,MBUS-30,On-grid,502.31,110.382,0.131,1099.6,1099.6,1099.6,1099.6,1106.4,1106.4,1106.4,1106.4,1106.4,1109.1,1109.1,1109.1,1109.1,1109.1,1093.9,1093.9,1093.9,1093.9,1107.6,1107.6,1107.6,1107.6,1107.6,1111.3,1111.3,1111.3,1111.3,1111.3,5.39,5.31,5.24,5.38,5.27,5.36,5.17,0.0,0.0,5.62,5.16,5.36,0.0,0.0,5.56,5.3,5.1,0.0,5.63,5.25,5.32,0.0,0.0,5.42,5.28,5.29,0.0,0.0,838.7,829.7,835.5,76.817,76.171,76.304
P1,IB2,P1-IB2-2.2-SI15,SACU-1,19,19,0,100.0,0.0,MBUS-31,On-grid,496.99,109.331,0.051,1090.9,1090.9,1090.9,1090.9,1097.6,1097.6,1097.6,1097.6,1097.6,1100.5,1100.5,1100.5,1100.5,1100.5,1103.4,1103.4,1103.4,1103.4,1095.3,1095.3,1095.3,1095.3,1095.3,1082.8,1082.8,1082.8,1082.8,1082.8,5.57,5.21,5.32,5.25,5.38,5.38,5.16,0.0,0.0,5.55,5.18,5.32,0.0,0.0,5.47,5.21,5.07,0.0,5.6,5.24,5.29,0.0,0.0,5.38,5.41,5.26,0.0,0.0,839.5,830.5,835.0,76.158,75.604,75.836
P1,IB2,P1-IB2-2.2-SI16,SACU-1,19,19,0,100.0,0.0,MBUS-32,On-grid,492.94,108.704,0.063,1089.0,1089.0,1089.0,1089.0,1096.6,1096.6,1096.6,1096.6,1096.6,1074.6,1074.6,1074.6,1074.6,1074.6,1083.2,1083.2,1083.2,1083.2,1075.9,1075.9,1075.9,1075.9,1075.9,1089.3,1089.3,1089.3,1089.3,1089.3,5.42,5.19,5.4,5.24,5.38,5.36,5.1,0.0,0.0,5.58,5.32,5.47,0.0,0.0,5.61,5.16,5.29,0.0,5.49,5.36,5.22,0.0,0.0,5.58,5.26,5.38,0.0,0.0,838.0,828.6,833.6,75.743,75.378,75.379
P1,IB2,P1-IB2-3.1-SI01,SACU-2,19,19,0,100.0,0.0,MBUS-1,On-grid,492.94,108.396,-30.702,1102.4,1102.4,1102.4,1102.4,1089.1,1089.1,1089.1,1089.1,1089.1,1104.8,1104.8,1104.8,1104.8,1104.8,1089.1,1089.1,1089.1,1089.1,1100.5,1100.5,1100.5,1100.5,1100.5,1101.5,1101.5,1101.5,1101.5,1101.5,5.32,5.25,5.25,5.27,5.46,5.22,5.29,0.0,0.0,5.29,5.28,5.16,0.0,0.0,5.72,5.25,5.16,0.0,5.58,5.25,5.29,0.0,0.0,5.43,5.23,5.14,0.0,0.0,832.9,828.0,825.1,79.219,79.09,78.957
P1,IB2,P1-IB2-3.1-SI02,SACU-2,19,10,9,52.63,47.37,MBUS-2,On-grid,264.02,58.262,-30.73,1121.5,1121.5,1121.5,1121.5,1121.6,1121.6,1121.6,1121.6,1121.6,1112.7,1112.7,1112.7,1112.7,1112.7,377.3,377.3,377.3,377.3,1119.6,1119.6,1119.6,1119.6,1119.6,1103.6,1103.6,1103.6,1103.6,1103.6,5.15,5.43,0.0,5.41,4.96,5.28,5.26,0.0,0.0,5.58,0.0,5.27,0.0,0.0,0.0,0.0,0.0,0.0,0.0,0.0,5.32,0.0,0.0,5.59,0.0,0.0,0.0,0.0,829.6,824.3,820.8,47.188,46.944,46.999
P1,IB2,P1-IB2-3.1-SI03,SACU-2,19,18,1,94.74,5.26,MBUS-3,On-grid,462.87,102.19,-30.696,1096.7,1096.7,1096.7,1096.7,1094.0,1094.0,1094.0,1094.0,1094.0,1099.0,1099.0,1099.0,1099.0,1099.0,1104.1,1104.1,1104.1,1104.1,1100.2,1100.2,1100.2,1100.2,1100.2,1108.4,1108.4,1108.4,1108.4,1108.4,5.34,5.3,5.07,5.28,4.98,5.41,5.18,0.0,0.0,5.4,5.34,5.21,0.0,0.0,0.0,5.2,5.12,0.0,5.4,5.21,5.29,0.0,0.0,5.06,5.14,5.35,0.0,0.0,831.7,827.4,824.3,75.433,75.155,74.997
P1,IB2,P1-IB2-3.1-SI04,SACU-2,19,16,3,84.21,15.79,MBUS-4,On-grid,411.43,90.736,-30.693,1102.9,1102.9,1102.9,1102.9,1096.0,1096.0,1096.0,1096.0,1096.0,1096.1,1096.1,1096.1,1096.1,1096.1,1098.1,1098.1,1098.1,1098.1,1098.1,1098.1,1098.1,1098.1,1098.1,376.0,376.0,376.0,376.0,376.0,5.1,5.22,5.32,5.21,4.65,5.37,5.35,5.23,0.0,5.14,5.33,5.26,0.0,0.0,5.11,5.34,5.46,0.0,5.51,5.37,0.0,0.0,0.0,0.0,0.0,0.0,0.0,0.0,829.9,824.8,822.4,67.993,67.658,67.552
P1,IB2,P1-IB2-3.1-SI05,SACU-2,19,19,0,100.0,0.0,MBUS-5,On-grid,493.05,108.301,-30.717,1103.7,1103.7,1103.7,1103.7,1098.4,1098.4,1098.4,1098.4,1098.4,1083.4,1083.4,1083.4,1083.4,1083.4,1100.9,1100.9,1100.9,1100.9,1098.5,1098.5,1098.5,1098.5,1098.5,1087.2,1087.2,1087.2,1087.2,1087.2,5.06,5.22,5.63,5.09,5.6,5.21,5.04,0.0,0.0,5.27,5.51,5.18,0.0,0.0,3.21,6.59,6.1,0.0,4.24,6.5,5.27,0.0,0.0,5.69,5.22,5.0,0.0,0.0,834.4,827.0,828.1,79.115,79.056,78.915
P1,IB2,P1-IB2-3.1-SI06,SACU-2,19,19,0,100.0,0.0,MBUS-6,On-grid,491.79,108.171,-30.75,1093.7,1093.7,1093.7,1093.7,1090.8,1090.8,1090.8,1090.8,1090.8,1080.0,1080.0,1080.0,1080.0,1080.0,1106.8,1106.8,1106.8,1106.8,1090.0,1090.0,1090.0,1090.0,1090.0,1114.4,1114.4,1114.4,1114.4,1114.4,5.37,5.27,5.16,5.32,4.94,5.4,5.18,0.0,0.0,5.43,5.31,5.27,0.0,0.0,5.37,5.17,5.33,0.0,5.33,5.39,5.24,0.0,0.0,5.29,5.17,5.05,0.0,0.0,832.9,824.6,829.3,79.225,78.896,78.865
P1,IB2,P1-IB2-3.1-SI07,SACU-2,19,19,0,100.0,0.0,MBUS-7,On-grid,484.64,106.757,-30.723,1070.0,1070.0,1070.0,1070.0,1100.3,1100.3,1100.3,1100.3,1100.3,1092.4,1092.4,1092.4,1092.4,1092.4,1084.5,1084.5,1084.5,1084.5,1107.4,1107.4,1107.4,1107.4,1107.4,1092.9,1092.9,1092.9,1092.9,1092.9,5.54,5.2,5.21,5.21,5.25,5.17,5.17,0.0,0.0,5.39,5.27,5.23,0.0,0.0,5.45,5.06,5.26,0.0,5.36,5.28,5.15,0.0,0.0,5.53,4.89,5.38,0.0,0.0,833.5,827.5,823.5,77.832,77.737,78.272
P1,IB2,P1-IB2-3.1-SI08,SACU-2,19,19,0,100.0,0.0,MBUS-8,On-grid,509.33,111.289,-30.705,1117.6,1117.6,1117.6,1117.6,1128.3,1128.3,1128.3,1128.3,1128.3,1120.1,1120.1,1120.1,1120.1,1120.1,1131.1,1131.1,1131.1,1131.1,1109.9,1109.9,1109.9,1109.9,1109.9,1120.3,1120.3,1120.3,1120.3,1120.3,5.75,5.09,5.26,5.12,5.56,5.19,5.19,0.0,0.0,5.55,5.29,5.22,0.0,0.0,5.69,4.97,5.22,0.0,5.64,5.38,5.14,0.0,0.0,5.74,5.1,5.31,0.0,0.0,833.7,829.0,822.5,81.246,81.016,81.011
P1,IB2,P1-IB2-3.2-SI09,SACU-2,19,19,0,100.0,0.0,MBUS-9,On-grid,485.76,106.595,-30.788,1090.4,1090.4,1090.4,1090.4,1091.0,1091.0,1091.0,1091.0,1091.0,1073.4,1073.4,1073.4,1073.4,1073.4,1082.0,1082.0,1082.0,1082.0,1087.0,1087.0,1087.0,1087.0,1087.0,1104.2,1104.2,1104.2,1104.2,1104.2,5.4,5.12,5.18,5.13,5.3,5.21,5.2,0.0,0.0,5.38,5.28,5.24,0.0,0.0,5.56,5.13,5.2,0.0,5.31,5.35,5.06,0.0,0.0,5.38,5.02,5.27,0.0,0.0,834.1,825.8,829.6,78.139,77.78,77.367
P1,IB2,P1-IB2-3.2-SI10,SACU-2,19,19,0,100.0,0.0,MBUS-10,On-grid,493.47,108.522,-30.692,1099.7,1099.7,1099.7,1099.7,1085.6,1085.6,1085.6,1085.6,1085.6,1091.6,1091.6,1091.6,1091.6,1091.6,1101.7,1101.7,1101.7,1101.7,1111.9,1111.9,1111.9,1111.9,1111.9,1091.0,1091.0,1091.0,1091.0,1091.0,5.35,5.16,5.1,5.27,5.3,5.29,5.34,0.0,0.0,5.55,5.24,5.31,0.0,0.0,5.61,5.01,5.13,0.0,5.48,5.31,5.27,0.0,0.0,5.54,5.15,5.19,0.0,0.0,831.8,824.1,827.5,79.572,78.954,78.949
P1,IB2,P1-IB2-3.2-SI11,SACU-2,19,19,0,100.0,0.0,MBUS-11,On-grid,488.52,107.362,-30.797,1090.5,1090.5,1090.5,1090.5,1077.1,1077.1,1077.1,1077.1,1077.1,1088.9,1088.9,1088.9,1088.9,1088.9,1089.8,1089.8,1089.8,1089.8,1090.1,1090.1,1090.1,1090.1,1090.1,1098.9,1098.9,1098.9,1098.9,1098.9,5.49,5.16,5.18,5.1,5.43,5.25,5.29,0.0,0.0,5.45,5.21,5.17,0.0,0.0,5.61,5.08,5.22,0.0,5.44,5.36,5.14,0.0,0.0,5.48,5.27,5.33,0.0,0.0,832.1,824.6,828.6,78.256,78.416,78.394
P1,IB2,P1-IB2-3.2-SI12,SACU-2,19,19,0,100.0,0.0,MBUS-12,On-grid,498.25,109.423,-30.706,1114.2,1114.2,1114.2,1114.2,1106.8,1106.8,1106.8,1106.8,1106.8,1117.8,1117.8,1117.8,1117.8,1117.8,1121.3,1121.3,1121.3,1121.3,1117.1,1117.1,1117.1,1117.1,1117.1,1110.6,1110.6,1110.6,1110.6,1110.6,5.53,5.29,5.1,5.17,5.43,5.38,5.18,0.0,0.0,5.34,5.2,5.2,0.0,0.0,5.52,5.05,5.24,0.0,5.55,5.15,5.22,0.0,0.0,5.33,5.26,5.32,0.0,0.0,833.8,829.0,825.0,79.667,79.739,79.697
P1,IB2,P1-IB2-3.2-SI13,SACU-2,19,19,0,100.0,0.0,MBUS-13,On-grid,492.77,108.739,-30.793,1091.7,1091.7,1091.7,1091.7,1103.1,1103.1,1103.1,1103.1,1103.1,1105.3,1105.3,1105.3,1105.3,1105.3,1102.0,1102.0,1102.0,1102.0,1086.8,1086.8,1086.8,1086.8,1086.8,1096.7,1096.7,1096.7,1096.7,1096.7,5.5,5.12,5.24,5.26,5.36,5.24,5.31,0.0,0.0,5.41,5.29,5.24,0.0,0.0,5.58,5.28,5.13,0.0,5.68,5.28,5.32,0.0,0.0,5.35,5.34,5.3,0.0,0.0,825.7,820.7,830.4,79.497,79.475,79.807
P1,IB2,P1-IB2-3.2-SI14,SACU-2,19,19,0,100.0,0.0,MBUS-14,On-grid,492.01,107.798,-30.744,1089.0,1089.0,1089.0,1089.0,1101.6,1101.6,1101.6,1101.6,1101.6,1097.2,1097.2,1097.2,1097.2,1097.2,1105.2,1105.2,1105.2,1105.2,1092.2,1092.2,1092.2,1092.2,1092.2,1091.4,1091.4,1091.4,1091.4,1091.4,5.54,5.23,5.11,5.38,5.28,5.23,5.02,0.0,0.0,5.53,5.07,5.37,0.0,0.0,5.52,5.16,4.98,0.0,5.5,5.14,5.26,0.0,0.0,5.49,5.33,5.24,0.0,0.0,833.5,825.4,828.7,78.593,78.648,78.453
P1,IB2,P1-IB2-3.2-SI15,SACU-2,19,19,0,100.0,0.0,MBUS-15,On-grid,502.53,110.831,-30.652,1109.2,1109.2,1109.2,1109.2,1119.0,1119.0,1119.0,1119.0,1119.0,1118.3,1118.3,1118.3,1118.3,1118.3,1103.2,1103.2,1103.2,1103.2,1130.0,1130.0,1130.0,1130.0,1130.0,1120.3,1120.3,1120.3,1120.3,1120.3,5.42,5.34,5.11,5.4,5.18,5.29,5.36,0.0,0.0,5.58,5.17,5.44,0.0,0.0,5.57,5.35,5.16,0.0,5.48,5.21,5.29,0.0,0.0,5.43,5.36,5.34,0.0,0.0,833.0,825.3,829.0,81.165,80.687,80.607
P1,IB2,P1-IB2-3.2-SI16,SACU-2,19,19,0,100.0,0.0,MBUS-16,On-grid,493.74,108.439,-30.684,1096.6,1096.6,1096.6,1096.6,1078.7,1078.7,1078.7,1078.7,1078.7,1097.2,1097.2,1097.2,1097.2,1097.2,1091.3,1091.3,1091.3,1091.3,1080.6,1080.6,1080.6,1080.6,1080.6,1089.8,1089.8,1089.8,1089.8,1089.8,5.5,5.11,5.37,5.2,5.54,5.32,5.35,0.0,0.0,5.39,5.33,5.31,0.0,0.0,5.63,5.15,5.26,0.0,5.51,5.36,5.16,0.0,0.0,5.51,5.16,5.39,0.0,0.0,829.9,820.7,825.4,79.706,79.376,79.603
P1,IB2,P1-IB2-4.1-SI01,SACU-2,19,19,0,100.0,0.0,MBUS-17,On-grid,494.14,108.783,-30.74,1078.3,1078.3,1078.3,1078.3,1096.2,1096.2,1096.2,1096.2,1096.2,1099.6,1099.6,1099.6,1099.6,1099.6,1082.4,1082.4,1082.4,1082.4,1086.8,1086.8,1086.8,1086.8,1086.8,1091.5,1091.5,1091.5,1091.5,1091.5,5.44,5.35,5.24,5.42,5.27,5.47,5.26,0.0,0.0,5.57,5.27,5.31,0.0,0.0,5.51,5.25,5.17,0.0,5.49,5.24,5.4,0.0,0.0,5.52,5.27,5.37,0.0,0.0,829.1,823.8,819.9,79.283,79.822,79.865
P1,IB2,P1-IB2-4.1-SI02,SACU-2,19,19,0,100.0,0.0,MBUS-18,On-grid,488.84,107.626,-30.691,1095.3,1095.3,1095.3,1095.3,1095.5,1095.5,1095.5,1095.5,1095.5,1093.2,1093.2,1093.2,1093.2,1093.2,1087.6,1087.6,1087.6,1087.6,1087.2,1087.2,1087.2,1087.2,1087.2,1106.6,1106.6,1106.6,1106.6,1106.6,5.49,5.07,5.26,5.2,5.33,5.2,5.26,0.0,0.0,5.28,5.36,5.2,0.0,0.0,5.51,5.13,5.16,0.0,5.49,5.38,5.17,0.0,0.0,5.45,5.09,5.31,0.0,0.0,831.8,826.1,822.3,78.831,78.908,78.39
P1,IB2,P1-IB2-4.1-SI03,SACU-2,19,8,11,42.11,57.89,MBUS-19,On-grid,206.99,45.62,-30.662,1101.5,1101.5,1101.5,1101.5,1098.0,1098.0,1098.0,1098.0,1098.0,1091.9,1091.9,1091.9,1091.9,1091.9,342.8,342.8,342.8,342.8,340.9,340.9,340.9,340.9,340.9,339.2,339.2,339.2,339.2,339.2,4.69,5.52,5.3,5.5,4.73,5.64,5.42,0.0,0.0,5.62,0.0,0.0,0.0,0.0,0.0,0.0,0.0,0.0,0.0,0.0,0.0,0.0,0.0,0.0,0.0,0.0,0.0,0.0,827.8,820.0,823.6,40.306,39.618,39.798
P1,IB2,P1-IB2-4.1-SI04,SACU-2,19,19,0,100.0,0.0,MBUS-20,On-grid,491.55,108.285,-30.663,1104.4,1104.4,1104.4,1104.4,1092.8,1092.8,1092.8,1092.8,1092.8,1088.4,1088.4,1088.4,1088.4,1088.4,1087.3,1087.3,1087.3,1087.3,1091.1,1091.1,1091.1,1091.1,1091.1,1095.1,1095.1,1095.1,1095.1,1095.1,5.27,5.29,5.23,5.13,5.4,5.34,5.19,0.0,0.0,5.6,5.16,5.33,0.0,0.0,5.63,5.19,5.19,0.0,5.51,5.25,5.36,0.0,0.0,5.45,5.3,5.26,0.0,0.0,830.2,823.8,821.8,79.635,79.288,79.094
P1,IB2,P1-IB2-4.1-SI05,SACU-2,19,19,0,100.0,0.0,MBUS-21,On-grid,490.69,108.106,-30.73,1103.6,1103.6,1103.6,1103.6,1096.8,1096.8,1096.8,1096.8,1096.8,1098.1,1098.1,1098.1,1098.1,1098.1,1094.7,1094.7,1094.7,1094.7,1099.9,1099.9,1099.9,1099.9,1099.9,1084.3,1084.3,1084.3,1084.3,1084.3,5.45,5.21,5.26,5.15,5.06,5.39,5.29,0.0,0.0,5.25,5.28,5.21,0.0,0.0,5.45,5.14,5.3,0.0,5.24,5.53,5.35,0.0,0.0,5.17,5.13,5.2,0.0,0.0,829.4,823.0,822.6,79.274,79.354,79.27
P1,IB2,P1-IB2-4.1-SI06,SACU-2,19,19,0,100.0,0.0,MBUS-22,On-grid,487.55,107.411,-30.682,1097.5,1097.5,1097.5,1097.5,1096.9,1096.9,1096.9,1096.9,1096.9,1095.1,1095.1,1095.1,1095.1,1095.1,1088.4,1088.4,1088.4,1088.4,1084.4,1084.4,1084.4,1084.4,1084.4,1088.4,1088.4,1088.4,1088.4,1088.4,5.43,5.12,5.33,5.19,5.32,5.2,5.3,0.0,0.0,5.36,5.22,5.19,0.0,0.0,5.52,5.12,5.2,0.0,5.12,5.35,5.13,0.0,0.0,5.53,5.26,5.15,0.0,0.0,831.7,820.9,825.4,78.608,78.652,78.61
P1,IB2,P1-IB2-4.1-SI07,SACU-2,19,19,0,100.0,0.0,MBUS-23,On-grid,483.19,106.375,-30.639,1084.1,1084.1,1084.1,1084.1,1079.6,1079.6,1079.6,1079.6,1079.6,1079.1,1079.1,1079.1,1079.1,1079.1,1084.3,1084.3,1084.3,1084.3,1096.7,1096.7,1096.7,1096.7,1096.7,1093.9,1093.9,1093.9,1093.9,1093.9,5.43,5.19,5.22,5.14,5.21,5.23,5.23,0.0,0.0,5.18,5.2,5.42,0.0,0.0,5.53,5.14,5.23,0.0,5.3,5.36,5.17,0.0,0.0,5.5,5.13,5.3,0.0,0.0,831.3,827.2,822.6,77.963,78.039,77.718
P1,IB2,P1-IB2-4.1-SI08,SACU-2,19,19,0,100.0,0.0,MBUS-24,On-grid,484.55,106.381,-30.808,1087.9,1087.9,1087.9,1087.9,1080.1,1080.1,1080.1,1080.1,1080.1,1075.0,1075.0,1075.0,1075.0,1075.0,1089.9,1089.9,1089.9,1089.9,1083.0,1083.0,1083.0,1083.0,1083.0,1096.2,1096.2,1096.2,1096.2,1096.2,5.52,5.14,5.19,5.18,5.13,5.34,5.12,0.0,0.0,5.52,5.03,5.31,0.0,0.0,5.35,5.17,5.05,0.0,5.44,5.12,5.28,0.0,0.0,5.36,5.17,5.19,0.0,0.0,832.4,822.1,827.8,78.152,77.95,77.626
P1,IB2,P1-IB2-4.2-SI09,SACU-2,19,19,0,100.0,0.0,MBUS-25,On-grid,487.72,106.93,-30.724,1080.3,1080.3,1080.3,1080.3,1095.2,1095.2,1095.2,1095.2,1095.2,1089.0,1089.0,1089.0,1089.0,1089.0,1095.6,1095.6,1095.6,1095.6,1098.1,1098.1,1098.1,1098.1,1098.1,1085.3,1085.3,1085.3,1085.3,1085.3,5.47,5.09,5.2,5.19,5.31,5.11,5.2,0.0,0.0,5.46,5.22,5.21,0.0,0.0,5.5,5.15,5.17,5.23,5.43,5.26,5.04,0.0,0.0,5.41,5.15,0.0,0.0,0.0,834.5,823.2,828.6,78.368,78.151,77.899
P1,IB2,P1-IB2-4.2-SI10,SACU-2,19,18,1,94.74,5.26,MBUS-26,On-grid,459.32,101.374,-30.731,1096.7,1096.7,1096.7,1096.7,1081.8,1081.8,1081.8,1081.8,1081.8,1086.4,1086.4,1086.4,1086.4,1086.4,1100.9,1100.9,1100.9,1100.9,1088.9,1088.9,1088.9,1088.9,1088.9,1075.7,1075.7,1075.7,1075.7,1075.7,5.47,5.12,5.16,5.13,5.35,5.17,5.26,0.0,0.0,5.44,5.22,5.25,0.0,0.0,5.62,5.16,5.3,0.0,5.61,5.23,5.0,0.0,0.0,5.44,5.13,0.0,0.0,0.0,833.9,823.5,827.8,74.729,74.384,74.594
P1,IB2,P1-IB2-4.2-SI11,SACU-2,19,19,0,100.0,0.0,MBUS-27,On-grid,482.54,105.768,-30.795,1073.7,1073.7,1073.7,1073.7,1089.3,1089.3,1089.3,1089.3,1089.3,1089.3,1089.3,1089.3,1089.3,1089.3,1084.4,1084.4,1084.4,1084.4,1078.6,1078.6,1078.6,1078.6,1078.6,1077.4,1077.4,1077.4,1077.4,1077.4,5.34,5.24,5.12,5.28,5.12,5.26,5.1,0.0,0.0,5.37,5.01,5.31,0.0,0.0,5.37,5.25,5.08,0.0,5.55,5.21,5.06,0.0,0.0,5.29,5.27,5.18,0.0,0.0,832.6,823.5,828.1,77.559,77.409,77.188
P1,IB2,P1-IB2-4.2-SI12,SACU-2,19,19,0,100.0,0.0,MBUS-28,On-grid,489.52,107.598,-30.765,1081.4,1081.4,1081.4,1081.4,1091.6,1091.6,1091.6,1091.6,1091.6,1094.5,1094.5,1094.5,1094.5,1094.5,1099.3,1099.3,1099.3,1099.3,1109.5,1109.5,1109.5,1109.5,1109.5,1083.6,1083.6,1083.6,1083.6,1083.6,5.58,5.14,5.17,5.11,5.26,5.09,5.29,0.0,0.0,5.38,5.13,5.21,0.0,0.0,5.54,5.17,5.17,0.0,5.32,5.18,5.17,0.0,0.0,5.6,5.2,5.14,0.0,0.0,833.3,824.5,828.5,78.538,78.533,78.465
P1,IB2,P1-IB2-4.2-SI13,SACU-2,19,19,0,100.0,0.0,MBUS-29,On-grid,493.43,108.236,-30.722,1095.4,1095.4,1095.4,1095.4,1097.8,1097.8,1097.8,1097.8,1097.8,1076.8,1076.8,1076.8,1076.8,1076.8,1099.6,1099.6,1099.6,1099.6,1081.3,1081.3,1081.3,1081.3,1081.3,1083.4,1083.4,1083.4,1083.4,1083.4,5.59,5.14,5.23,5.29,5.4,5.37,5.22,0.0,0.0,5.49,5.21,5.41,0.0,0.0,5.49,5.22,5.09,0.0,5.57,5.26,5.28,0.0,0.0,5.37,5.26,5.25,0.0,0.0,831.9,821.9,826.7,79.377,79.026,79.198
P1,IB2,P1-IB2-4.2-SI14,SACU-2,19,19,0,100.0,0.0,MBUS-30,On-grid,489.78,107.978,-30.679,1084.1,1084.1,1084.1,1084.1,1086.1,1086.1,1086.1,1086.1,1086.1,1099.7,1099.7,1099.7,1099.7,1099.7,1106.4,1106.4,1106.4,1106.4,1097.8,1097.8,1097.8,1097.8,1097.8,1101.5,1101.5,1101.5,1101.5,1101.5,5.42,5.12,5.18,5.35,5.32,5.27,5.13,0.0,0.0,5.5,5.21,5.36,0.0,0.0,5.4,5.21,5.18,0.0,5.46,5.27,5.25,0.0,0.0,5.51,5.15,5.27,0.0,0.0,832.8,827.5,825.1,79.266,78.739,78.673
P1,IB2,P1-IB2-4.2-SI15,SACU-2,19,19,0,100.0,0.0,MBUS-31,On-grid,487.92,107.336,-30.569,1088.2,1088.2,1088.2,1088.2,1093.7,1093.7,1093.7,1093.7,1093.7,1098.3,1098.3,1098.3,1098.3,1098.3,1085.0,1085.0,1085.0,1085.0,1086.3,1086.3,1086.3,1086.3,1086.3,1092.8,1092.8,1092.8,1092.8,1092.8,5.6,5.11,5.23,5.15,5.39,5.22,5.23,0.0,0.0,5.28,5.28,5.18,0.0,0.0,5.53,5.21,5.27,0.0,5.37,5.37,5.15,0.0,0.0,5.53,5.14,5.17,0.0,0.0,831.9,822.8,827.0,78.876,78.524,78.494
P1,IB2,P1-IB2-4.2-SI16,SACU-2,19,18,1,94.74,5.26,MBUS-32,On-grid,458.99,101.065,-30.672,1089.4,1089.4,1089.4,1089.4,1100.1,1100.1,1100.1,1100.1,1100.1,1097.3,1097.3,1097.3,1097.3,1097.3,1084.2,1084.2,1084.2,1084.2,1082.8,1082.8,1082.8,1082.8,1082.8,1094.3,1094.3,1094.3,1094.3,1094.3,5.44,5.26,4.73,5.4,5.18,5.36,5.21,0.0,0.0,5.63,5.0,0.0,0.0,0.0,5.49,5.18,5.11,0.0,5.44,5.22,5.26,0.0,0.0,5.2,5.27,5.23,0.0,0.0,831.9,822.8,828.0,74.526,74.448,74.041
P1,IB4,P1-IB4-1.1-SI01,SACU-1,19,19,0,100.0,0.0,MBUS-1,On-grid,475.12,104.702,0.041,1083.0,1083.0,1083.0,1083.0,1080.6,1080.6,1080.6,1080.6,1080.6,1076.4,1076.4,1076.4,1076.4,1076.4,1100.3,1100.3,1100.3,1100.3,1092.0,1092.0,1092.0,1092.0,1092.0,1100.3,1100.3,1100.3,1100.3,1100.3,5.24,5.16,5.06,5.15,4.92,5.2,5.07,0.0,0.0,5.22,5.1,5.18,0.0,0.0,5.35,4.95,5.06,0.0,5.35,5.08,5.12,0.0,0.0,4.85,5.13,5.1,0.0,0.0,834.0,825.1,830.0,73.193,73.012,72.782
P1,IB4,P1-IB4-1.1-SI02,SACU-1,19,19,0,100.0,0.0,MBUS-2,On-grid,489.19,107.124,-0.008,1094.2,1094.2,1094.2,1094.2,1077.4,1077.4,1077.4,1077.4,1077.4,1082.1,1082.1,1082.1,1082.1,1082.1,1066.7,1066.7,1066.7,1066.7,1093.9,1093.9,1093.9,1093.9,1093.9,1087.0,1087.0,1087.0,1087.0,1087.0,5.54,5.13,5.27,5.16,5.47,5.22,5.21,0.0,0.0,5.43,5.22,5.16,0.0,0.0,5.5,5.25,5.21,0.0,5.49,5.21,5.16,0.0,0.0,5.45,5.14,5.17,0.0,0.0,837.5,832.0,829.3,74.558,74.097,74.004
P1,IB4,P1-IB4-1.1-SI03,SACU-1,19,19,0,100.0,0.0,MBUS-3,On-grid,482.91,106.377,-0.01,1101.3,1101.3,1101.3,1101.3,1091.3,1091.3,1091.3,1091.3,1091.3,1079.3,1079.3,1079.3,1079.3,1079.3,1084.4,1084.4,1084.4,1084.4,1079.2,1079.2,1079.2,1079.2,1079.2,1078.3,1078.3,1078.3,1078.3,1078.3,5.42,5.12,5.29,5.15,5.16,5.21,5.2,0.0,0.0,5.58,5.2,5.14,0.0,0.0,5.42,5.03,5.09,0.0,5.52,5.26,5.19,0.0,0.0,5.3,5.23,5.25,0.0,0.0,838.1,832.9,828.9,74.266,73.44,73.617
P1,IB4,P1-IB4-3.1-SI04,SACU-2,19,19,0,100.0,0.0,MBUS-4,On-grid,484.71,106.615,0.055,1090.0,1090.0,1090.0,1090.0,1093.6,1093.6,1093.6,1093.6,1093.6,1091.7,1091.7,1091.7,1091.7,1091.7,1100.8,1100.8,1100.8,1100.8,1083.1,1083.1,1083.1,1083.1,1083.1,1094.3,1094.3,1094.3,1094.3,1094.3,5.6,5.08,5.07,5.03,5.24,5.17,5.09,0.0,0.0,5.57,5.12,5.1,0.0,0.0,5.56,5.09,5.09,0.0,5.56,5.22,5.04,0.0,0.0,5.35,4.97,5.22,0.0,0.0,839.0,829.0,834.3,74.043,73.652,73.741
P1,IB4,P1-IB4-3.1-SI05,SACU-2,19,19,0,100.0,0.0,MBUS-5,On-grid,479.33,105.459,-0.012,1085.2,1085.2,1085.2,1085.2,1061.6,1061.6,1061.6,1061.6,1061.6,1079.6,1079.6,1079.6,1079.6,1079.6,1097.4,1097.4,1097.4,1097.4,1082.5,1082.5,1082.5,1082.5,1082.5,1103.9,1103.9,1103.9,1103.9,1103.9,5.29,5.22,5.07,5.33,4.87,5.4,5.14,0.0,0.0,5.38,5.11,5.34,0.0,0.0,5.36,5.04,4.98,0.0,5.47,5.22,5.21,0.0,0.0,5.29,5.23,5.15,0.0,0.0,837.8,833.8,828.7,73.448,72.613,73.297
P1,IB4,P1-IB4-1.1-SI06,SACU-1,19,19,0,100.0,0.0,MBUS-6,On-grid,486.67,106.656,-0.03,1096.4,1096.4,1096.4,1096.4,1092.9,1092.9,1092.9,1092.9,1092.9,1089.5,1089.5,1089.5,1089.5,1089.5,1087.7,1087.7,1087.7,1087.7,1070.3,1070.3,1070.3,1070.3,1070.3,1086.3,1086.3,1086.3,1086.3,1086.3,5.45,5.16,5.18,5.04,4.99,5.17,5.27,0.0,0.0,5.15,5.34,5.04,0.0,0.0,5.46,5.11,5.14,0.0,5.28,5.35,5.1,0.0,0.0,5.11,5.15,5.38,0.0,0.0,838.0,827.7,833.8,74.096,73.749,73.777
P1,IB4,P1-IB4-3.1-SI07,SACU-2,19,19,0,100.0,0.0,MBUS-7,On-grid,484.46,105.987,-0.02,1101.2,1101.2,1101.2,1101.2,1089.5,1089.5,1089.5,1089.5,1089.5,1070.4,1070.4,1070.4,1070.4,1070.4,1083.0,1083.0,1083.0,1083.0,1081.3,1081.3,1081.3,1081.3,1081.3,1079.8,1079.8,1079.8,1079.8,1079.8,5.36,5.18,5.09,5.16,5.11,5.24,5.09,0.0,0.0,5.53,5.06,5.33,0.0,0.0,5.39,5.25,4.99,0.0,5.55,5.13,5.16,0.0,0.0,5.28,5.2,5.14,0.0,0.0,837.6,827.8,833.1,73.903,73.414,73.375
P1,IB4,P1-IB4-3.1-SI08,SACU-2,19,19,0,100.0,0.0,MBUS-8,On-grid,484.59,106.76,0.008,1108.6,1108.6,1108.6,1108.6,1093.2,1093.2,1093.2,1093.2,1093.2,1085.1,1085.1,1085.1,1085.1,1085.1,1096.9,1096.9,1096.9,1096.9,1110.2,1110.2,1110.2,1110.2,1110.2,1087.8,1087.8,1087.8,1087.8,1087.8,5.32,5.18,5.05,5.13,5.2,5.3,5.09,0.0,0.0,5.53,5.1,5.23,0.0,0.0,5.28,5.18,5.18,0.0,5.33,5.09,5.17,0.0,0.0,5.49,5.14,5.15,0.0,0.0,836.3,831.2,829.5,74.097,74.123,73.997
P1,IB4,P1-IB4-1.2-SI09,SACU-1,19,19,0,100.0,0.0,MBUS-9,On-grid,488.51,106.973,-0.023,1085.9,1085.9,1085.9,1085.9,1092.8,1092.8,1092.8,1092.8,1092.8,1096.3,1096.3,1096.3,1096.3,1096.3,1092.6,1092.6,1092.6,1092.6,1071.6,1071.6,1071.6,1071.6,1071.6,1100.2,1100.2,1100.2,1100.2,1100.2,5.41,5.11,5.24,5.19,5.13,5.22,5.26,0.0,0.0,5.28,5.27,5.31,0.0,0.0,5.36,5.04,5.12,0.0,5.2,5.22,5.15,0.0,0.0,5.27,5.15,5.32,0.0,0.0,836.1,826.5,830.9,74.649,74.359,74.234
P1,IB4,P1-IB4-1.2-SI10,SACU-1,19,19,0,100.0,0.0,MBUS-10,On-grid,487.83,106.941,0.007,1082.3,1082.3,1082.3,1082.3,1089.8,1089.8,1089.8,1089.8,1089.8,1094.3,1094.3,1094.3,1094.3,1094.3,1085.6,1085.6,1085.6,1085.6,1090.2,1090.2,1090.2,1090.2,1090.2,1101.5,1101.5,1101.5,1101.5,1101.5,5.48,5.21,5.07,5.29,5.13,5.31,5.13,0.0,0.0,5.5,5.07,5.25,0.0,0.0,5.41,5.21,5.07,0.0,5.57,5.07,5.28,0.0,0.0,5.38,5.17,5.15,0.0,0.0,835.8,826.1,832.1,74.548,74.118,74.169
P1,IB4,P1-IB4-3.2-SI11,SACU-2,19,19,0,100.0,0.0,MBUS-11,On-grid,490.25,107.564,-0.039,1079.2,1079.2,1079.2,1079.2,1078.6,1078.6,1078.6,1078.6,1078.6,1093.0,1093.0,1093.0,1093.0,1093.0,1096.7,1096.7,1096.7,1096.7,1080.4,1080.4,1080.4,1080.4,1080.4,1088.9,1088.9,1088.9,1088.9,1088.9,5.5,5.13,5.27,5.2,5.44,5.24,5.3,0.0,0.0,5.46,5.23,5.2,0.0,0.0,5.54,5.09,5.26,0.0,5.42,5.36,5.14,0.0,0.0,5.53,5.1,5.28,0.0,0.0,836.9,831.7,829.8,75.106,74.323,74.148
P1,IB4,P1-IB4-1.2-SI12,SACU-1,19,15,4,78.95,21.05,MBUS-12,On-grid,389.9,85.266,0.023,1103.6,1103.6,1103.6,1103.6,1110.6,1110.6,1110.6,1110.6,1110.6,1119.9,1119.9,1119.9,1119.9,1119.9,1107.7,1107.7,1107.7,1107.7,1096.1,1096.1,1096.1,1096.1,1096.1,1091.0,1091.0,1091.0,1091.0,1091.0,5.33,5.33,0.0,0.0,4.88,5.36,5.27,0.0,0.0,5.27,5.05,5.21,0.0,0.0,5.23,5.19,0.0,0.0,0.0,5.23,5.1,0.0,0.0,4.92,5.13,5.33,0.0,0.0,834.4,825.3,829.4,59.981,59.276,59.055
P1,IB4,P1-IB4-1.2-SI13,SACU-1,19,19,0,100.0,0.0,MBUS-13,On-grid,493.18,107.732,0.034,1098.1,1098.1,1098.1,1098.1,1098.4,1098.4,1098.4,1098.4,1098.4,1095.5,1095.5,1095.5,1095.5,1095.5,1091.0,1091.0,1091.0,1091.0,1079.1,1079.1,1079.1,1079.1,1079.1,1089.2,1089.2,1089.2,1089.2,1089.2,4.9,5.27,5.47,5.33,5.0,5.35,5.08,0.0,0.0,5.44,5.14,5.35,0.0,0.0,5.47,5.21,5.14,0.0,5.39,5.28,5.31,0.0,0.0,5.0,5.23,5.24,0.0,0.0,837.3,828.3,832.6,75.32,74.662,74.508
P1,IB4,P1-IB4-1.2-SI14,SACU-1,19,19,0,100.0,0.0,MBUS-14,On-grid,491.23,108.042,0.009,1094.1,1094.1,1094.1,1094.1,1084.4,1084.4,1084.4,1084.4,1084.4,1092.1,1092.1,1092.1,1092.1,1092.1,1092.1,1092.1,1092.1,1092.1,1081.3,1081.3,1081.3,1081.3,1081.3,1082.4,1082.4,1082.4,1082.4,1082.4,5.58,5.13,5.24,5.27,5.44,5.2,5.34,0.0,0.0,5.51,5.23,5.18,0.0,0.0,5.64,5.09,5.35,0.0,5.49,5.2,5.26,0.0,0.0,5.55,5.11,5.32,0.0,0.0,837.0,831.8,828.4,75.265,74.638,74.974
P1,IB4,P1-IB4-1.2-SI15,SACU-1,19,19,0,100.0,0.0,MBUS-15,On-grid,488.34,107.255,-0.041,1111.4,1111.4,1111.4,1111.4,1104.7,1104.7,1104.7,1104.7,1104.7,1073.7,1073.7,1073.7,1073.7,1073.7,1081.9,1081.9,1081.9,1081.9,1075.2,1075.2,1075.2,1075.2,1075.2,1086.4,1086.4,1086.4,1086.4,1086.4,5.21,5.15,5.07,5.2,5.19,5.2,5.13,5.3,5.19,5.8,0.0,0.0,0.0,0.0,0.0,5.27,5.1,5.27,5.54,5.31,5.07,5.27,5.18,5.69,0.0,0.0,0.0,0.0,836.1,826.2,831.6,74.793,74.574,74.386
P1,IB4,P1-IB4-1.2-SI16,SACU-1,19,19,0,100.0,0.0,MBUS-16,On-grid,489.72,107.553,0.033,1088.2,1088.2,1088.2,1088.2,1094.4,1094.4,1094.4,1094.4,1094.4,1090.2,1090.2,1090.2,1090.2,1090.2,1088.0,1088.0,1088.0,1088.0,1075.0,1075.0,1075.0,1075.0,1075.0,1082.4,1082.4,1082.4,1082.4,1082.4,5.48,5.22,5.22,5.24,5.24,5.26,5.16,0.0,0.0,5.44,5.18,5.25,0.0,0.0,5.44,5.24,5.18,0.0,5.44,5.28,5.23,0.0,0.0,5.44,5.2,5.29,0.0,0.0,838.0,829.4,833.2,74.671,74.249,74.562
P1,IB4,P1-IB4-2.1-SI01,SACU-1,19,19,0,100.0,0.0,MBUS-17,On-grid,491.1,107.386,-0.024,1110.3,1110.3,1110.3,1110.3,1127.9,1127.9,1127.9,1127.9,1127.9,1127.6,1127.6,1127.6,1127.6,1127.6,1092.9,1092.9,1092.9,1092.9,1086.3,1086.3,1086.3,1086.3,1086.3,1097.7,1097.7,1097.7,1097.7,1097.7,5.41,5.19,5.03,5.21,5.09,5.18,5.13,0.0,0.0,5.33,4.64,5.12,0.0,0.0,5.25,5.28,5.21,5.28,0.0,5.2,5.1,0.0,0.0,5.38,5.19,5.15,0.0,0.0,834.4,827.2,827.9,74.953,74.608,74.683
P1,IB4,P1-IB4-2.1-SI02,SACU-1,19,18,1,94.74,5.26,MBUS-18,On-grid,467.51,102.561,-0.002,1124.7,1124.7,1124.7,1124.7,1122.3,1122.3,1122.3,1122.3,1122.3,1101.3,1101.3,1101.3,1101.3,1101.3,1111.3,1111.3,1111.3,1111.3,1117.2,1117.2,1117.2,1117.2,1117.2,1115.0,1115.0,1115.0,1115.0,1115.0,5.23,4.93,5.15,5.06,5.36,5.03,5.15,0.0,0.0,5.4,5.28,5.12,0.0,0.0,5.48,5.07,5.18,0.0,5.26,5.19,5.02,0.0,0.0,5.5,5.02,0.0,0.0,0.0,835.5,828.7,827.8,71.416,71.418,70.763
P1,IB4,P1-IB4-2.1-SI03,SACU-1,19,18,1,94.74,5.26,MBUS-19,On-grid,467.18,102.339,-0.047,1122.3,1122.3,1122.3,1122.3,1103.7,1103.7,1103.7,1103.7,1103.7,1106.8,1106.8,1106.8,1106.8,1106.8,1095.6,1095.6,1095.6,1095.6,1090.6,1090.6,1090.6,1090.6,1090.6,1085.6,1085.6,1085.6,1085.6,1085.6,5.35,5.02,5.1,5.15,5.05,5.15,5.3,0.0,0.0,5.3,5.24,5.17,0.0,0.0,5.35,5.06,5.31,0.0,5.38,5.3,5.18,0.0,0.0,5.34,0.0,5.17,0.0,0.0,835.3,829.4,827.7,71.588,70.968,70.932
P1,IB4,P1-IB4-2.1-SI04,SACU-1,19,19,0,100.0,0.0,MBUS-20,On-grid,494.9,108.585,-0.017,1125.7,1125.7,1125.7,1125.7,1136.7,1136.7,1136.7,1136.7,1136.7,1126.5,1126.5,1126.5,1126.5,1126.5,1120.5,1120.5,1120.5,1120.5,1131.3,1131.3,1131.3,1131.3,1131.3,1123.1,1123.1,1123.1,1123.1,1123.1,5.27,5.09,5.0,5.14,4.88,5.22,5.06,0.0,0.0,5.05,5.1,5.22,0.0,0.0,5.4,5.15,5.1,0.0,5.12,5.16,5.19,0.0,0.0,5.06,5.24,5.24,0.0,0.0,836.0,830.7,826.6,76.136,75.662,75.238
P1,IB4,P1-IB4-2.1-SI05,SACU-1,19,18,1,94.74,5.26,MBUS-21,On-grid,463.73,101.528,-0.012,1073.5,1073.5,1073.5,1073.5,1089.6,1089.6,1089.6,1089.6,1089.6,1073.1,1073.1,1073.1,1073.1,1073.1,1095.9,1095.9,1095.9,1095.9,1085.8,1085.8,1085.8,1085.8,1085.8,1084.2,1084.2,1084.2,1084.2,1084.2,0.0,5.31,5.18,5.33,5.29,5.29,5.18,0.0,0.0,5.58,5.23,5.3,0.0,0.0,5.3,5.21,5.15,0.0,5.46,5.21,5.22,0.0,0.0,5.44,5.26,5.27,0.0,0.0,839.4,835.2,830.8,70.587,69.966,69.943
P1,IB4,P1-IB4-2.1-SI06,SACU-1,19,19,0,100.0,0.0,MBUS-22,On-grid,491.76,107.443,0.07,1094.4,1094.4,1094.4,1094.4,1095.9,1095.9,1095.9,1095.9,1095.9,1101.9,1101.9,1101.9,1101.9,1101.9,1088.7,1088.7,1088.7,1088.7,1081.8,1081.8,1081.8,1081.8,1081.8,1090.2,1090.2,1090.2,1090.2,1090.2,5.51,5.06,5.24,5.13,5.3,5.12,5.19,0.0,0.0,5.31,5.24,5.17,0.0,0.0,5.48,5.05,5.29,0.0,5.4,5.27,5.12,0.0,0.0,5.66,5.07,5.27,0.0,0.0,835.2,831.2,825.5,75.001,74.588,74.748
P1,IB4,P1-IB4-2.1-SI07,SACU-1,19,19,0,100.0,0.0,MBUS-23,On-grid,486.98,106.834,0.025,1094.5,1094.5,1094.5,1094.5,1093.9,1093.9,1093.9,1093.9,1093.9,1082.2,1082.2,1082.2,1082.2,1082.2,1081.3,1081.3,1081.3,1081.3,1080.6,1080.6,1080.6,1080.6,1080.6,1090.4,1090.4,1090.4,1090.4,1090.4,5.36,5.15,5.24,5.12,5.11,5.27,5.26,0.0,0.0,5.37,5.17,5.16,0.0,0.0,5.53,5.11,5.16,0.0,5.27,5.28,5.08,0.0,0.0,5.19,5.19,5.35,0.0,0.0,838.0,828.9,833.8,74.659,74.071,73.782
P1,IB4,P1-IB4-2.1-SI08,SACU-1,19,19,0,100.0,0.0,MBUS-24,On-grid,486.83,106.683,-0.002,1098.7,1098.7,1098.7,1098.7,1087.8,1087.8,1087.8,1087.8,1087.8,1081.8,1081.8,1081.8,1081.8,1081.8,1073.3,1073.3,1073.3,1073.3,1093.8,1093.8,1093.8,1093.8,1093.8,1105.0,1105.0,1105.0,1105.0,1105.0,5.17,5.25,5.15,5.26,5.15,5.11,5.18,0.0,0.0,5.44,5.03,5.31,0.0,0.0,5.41,5.24,5.07,0.0,5.27,5.24,5.26,0.0,0.0,5.08,5.24,5.13,0.0,0.0,837.0,827.4,831.3,74.283,74.033,74.09
P1,IB4,P1-IB4-2.2-SI09,SACU-1,19,19,0,100.0,0.0,MBUS-25,On-grid,489.06,107.236,0.041,1098.4,1098.4,1098.4,1098.4,1076.8,1076.8,1076.8,1076.8,1076.8,1085.8,1085.8,1085.8,1085.8,1085.8,1083.1,1083.1,1083.1,1083.1,1076.5,1076.5,1076.5,1076.5,1076.5,1093.6,1093.6,1093.6,1093.6,1093.6,5.38,5.28,5.17,5.32,5.37,5.28,5.17,0.0,0.0,5.43,5.12,5.25,0.0,0.0,5.46,5.16,5.06,0.0,5.56,5.24,5.34,0.0,0.0,5.46,5.2,5.15,0.0,0.0,837.3,828.0,833.1,74.524,74.06,74.461
P1,IB4,P1-IB4-2.2-SI10,SACU-1,19,18,1,94.74,5.26,MBUS-26,On-grid,459.92,100.352,-0.052,1096.2,1096.2,1096.2,1096.2,1097.2,1097.2,1097.2,1097.2,1097.2,1088.6,1088.6,1088.6,1088.6,1088.6,1095.4,1095.4,1095.4,1095.4,1132.7,1132.7,1132.7,1132.7,1132.7,1097.5,1097.5,1097.5,1097.5,1097.5,5.43,5.13,5.17,5.11,5.27,5.24,5.02,0.0,0.0,5.45,5.12,5.13,0.0,0.0,5.31,5.17,5.12,0.0,5.03,4.72,0.0,0.0,0.0,5.46,5.12,5.21,0.0,0.0,837.0,828.6,831.4,70.081,69.418,69.799
P1,IB4,P1-IB4-2.2-SI11,SACU-1,19,19,0,100.0,0.0,MBUS-27,On-grid,486.36,106.949,-0.002,1090.8,1090.8,1090.8,1090.8,1092.5,1092.5,1092.5,1092.5,1092.5,1093.4,1093.4,1093.4,1093.4,1093.4,1069.9,1069.9,1069.9,1069.9,1078.6,1078.6,1078.6,1078.6,1078.6,1086.0,1086.0,1086.0,1086.0,1086.0,5.47,5.13,5.16,5.19,5.39,5.22,5.2,0.0,0.0,5.46,5.2,5.2,0.0,0.0,5.59,5.21,5.18,0.0,5.44,5.23,5.11,0.0,0.0,5.38,5.17,5.23,0.0,0.0,838.1,828.5,833.5,74.555,73.947,74.261
P1,IB4,P1-IB4-2.2-SI12,SACU-1,19,19,0,100.0,0.0,MBUS-28,On-grid,483.32,106.322,0.023,1075.9,1075.9,1075.9,1075.9,1080.9,1080.9,1080.9,1080.9,1080.9,1064.7,1064.7,1064.7,1064.7,1064.7,1084.9,1084.9,1084.9,1084.9,1099.9,1099.9,1099.9,1099.9,1099.9,1078.3,1078.3,1078.3,1078.3,1078.3,5.49,5.12,5.08,5.1,5.28,5.18,5.22,0.0,0.0,5.54,5.26,5.24,0.0,0.0,5.44,5.14,5.05,0.0,5.5,5.17,5.26,0.0,0.0,5.56,5.15,5.05,0.0,0.0,835.6,829.9,828.0,73.818,73.893,73.842
P1,IB4,P1-IB4-2.2-SI13,SACU-1,19,19,0,100.0,0.0,MBUS-29,On-grid,489.42,107.655,-0.062,1099.6,1099.6,1099.6,1099.6,1086.6,1086.6,1086.6,1086.6,1086.6,1088.3,1088.3,1088.3,1088.3,1088.3,1086.5,1086.5,1086.5,1086.5,1080.3,1080.3,1080.3,1080.3,1080.3,1088.5,1088.5,1088.5,1088.5,1088.5,5.37,5.06,5.28,5.18,5.36,5.28,5.33,0.0,0.0,5.52,5.07,5.08,0.0,0.0,5.51,5.07,5.14,0.0,5.36,5.24,5.1,0.0,0.0,5.62,5.27,5.26,0.0,0.0,838.0,828.6,833.8,74.72,74.377,74.814
P1,IB4,P1-IB4-2.2-SI14,SACU-1,19,19,0,100.0,0.0,MBUS-30,On-grid,490.85,107.792,0.001,1096.3,1096.3,1096.3,1096.3,1094.1,1094.1,1094.1,1094.1,1094.1,1096.2,1096.2,1096.2,1096.2,1096.2,1096.2,1096.2,1096.2,1096.2,1097.4,1097.4,1097.4,1097.4,1097.4,1080.2,1080.2,1080.2,1080.2,1080.2,5.55,5.25,5.04,5.29,5.27,5.34,5.14,0.0,0.0,5.43,5.16,5.31,0.0,0.0,5.45,5.19,5.1,0.0,5.5,5.15,5.18,0.0,0.0,5.45,5.23,5.17,0.0,0.0,838.3,833.1,828.6,74.605,74.466,74.897
P1,IB4,P1-IB4-2.2-SI15,SACU-1,19,19,0,100.0,0.0,MBUS-31,On-grid,491.93,107.987,0.004,1108.7,1108.7,1108.7,1108.7,1113.3,1113.3,1113.3,1113.3,1113.3,1104.6,1104.6,1104.6,1104.6,1104.6,1099.5,1099.5,1099.5,1099.5,1081.3,1081.3,1081.3,1081.3,1081.3,1079.1,1079.1,1079.1,1079.1,1079.1,5.5,5.18,5.12,5.16,5.24,5.27,5.14,0.0,0.0,5.49,5.15,5.26,0.0,0.0,5.47,5.15,5.11,0.0,5.53,5.24,5.34,0.0,0.0,5.55,5.2,5.23,0.0,0.0,839.5,832.1,830.3,75.52,74.754,74.419
P1,IB4,P1-IB4-2.2-SI16,SACU-1,19,19,0,100.0,0.0,MBUS-32,On-grid,493.8,108.252,-0.035,1089.5,1089.5,1089.5,1089.5,1097.1,1097.1,1097.1,1097.1,1097.1,1084.9,1084.9,1084.9,1084.9,1084.9,1095.7,1095.7,1095.7,1095.7,1096.8,1096.8,1096.8,1096.8,1096.8,1093.0,1093.0,1093.0,1093.0,1093.0,5.42,5.13,5.25,5.19,5.31,5.25,5.26,0.0,0.0,5.5,5.25,5.22,0.0,0.0,5.57,5.17,5.16,0.0,5.34,5.27,5.09,0.0,0.0,5.4,5.16,5.32,0.0,0.0,840.6,830.8,835.4,75.092,74.654,74.695
P1,IB4,P1-IB4-3.1-SI01,SACU-2,19,19,0,100.0,0.0,MBUS-1,On-grid,484.41,106.561,-30.624,1115.7,1115.7,1115.7,1115.7,1100.0,1100.0,1100.0,1100.0,1100.0,1133.4,1133.4,1133.4,1133.4,1133.4,1111.6,1111.6,1111.6,1111.6,1128.5,1128.5,1128.5,1128.5,1128.5,1109.6,1109.6,1109.6,1109.6,1109.6,5.39,5.08,4.84,5.14,4.96,5.25,5.17,0.0,0.0,5.26,4.93,5.03,0.0,0.0,5.32,5.11,5.04,0.0,5.15,5.15,5.05,0.0,0.0,5.22,5.18,5.13,0.0,0.0,824.2,819.9,816.8,78.822,78.772,78.575
P1,IB4,P1-IB4-3.1-SI02,SACU-2,19,19,0,100.0,0.0,MBUS-2,On-grid,491.33,108.16,-30.671,1127.4,1127.4,1127.4,1127.4,1117.5,1117.5,1117.5,1117.5,1117.5,1102.8,1102.8,1102.8,1102.8,1102.8,1109.6,1109.6,1109.6,1109.6,1107.0,1107.0,1107.0,1107.0,1107.0,1124.0,1124.0,1124.0,1124.0,1124.0,5.43,5.02,5.07,5.08,5.15,5.22,5.2,0.0,0.0,5.39,5.26,5.16,0.0,0.0,5.4,5.09,5.23,0.0,5.43,5.25,5.06,0.0,0.0,5.44,5.0,5.19,0.0,0.0,827.1,821.4,818.8,79.701,79.467,79.641
P1,IB4,P1-IB4-3.1-SI03,SACU-2,19,19,0,100.0,0.0,MBUS-3,On-grid,484.23,106.93,-30.767,1086.6,1086.6,1086.6,1086.6,1103.7,1103.7,1103.7,1103.7,1103.7,1108.8,1108.8,1108.8,1108.8,1108.8,1102.6,1102.6,1102.6,1102.6,1137.5,1137.5,1137.5,1137.5,1137.5,1111.1,1111.1,1111.1,1111.1,1111.1,5.4,5.07,5.16,5.1,5.29,5.23,5.08,0.0,0.0,5.34,5.1,5.09,0.0,0.0,5.4,5.06,5.13,0.0,5.25,5.06,4.88,0.0,0.0,5.49,5.04,5.23,0.0,0.0,825.1,816.7,821.3,78.799,78.855,78.962
P1,IB4,P1-IB4-3.1-SI04,SACU-2,19,18,1,94.74,5.26,MBUS-4,On-grid,454.4,100.057,-30.695,1110.5,1110.5,1110.5,1110.5,1098.9,1098.9,1098.9,1098.9,1098.9,1090.0,1090.0,1090.0,1090.0,1090.0,1095.2,1095.2,1095.2,1095.2,1095.3,1095.3,1095.3,1095.3,1095.3,1102.7,1102.7,1102.7,1102.7,1102.7,5.32,5.0,0.0,5.13,5.08,5.23,5.07,0.0,0.0,5.42,5.07,5.08,0.0,0.0,5.11,5.18,5.13,0.0,5.41,5.21,5.22,0.0,0.0,5.34,5.18,5.14,0.0,0.0,825.9,820.2,819.2,74.387,74.493,74.174
P1,IB4,P1-IB4-3.1-SI05,SACU-2,19,19,0,100.0,0.0,MBUS-5,On-grid,481.47,106.011,-30.694,1099.5,1099.5,1099.5,1099.5,1087.1,1087.1,1087.1,1087.1,1087.1,1101.1,1101.1,1101.1,1101.1,1101.1,1104.3,1104.3,1104.3,1104.3,1095.4,1095.4,1095.4,1095.4,1095.4,1100.8,1100.8,1100.8,1100.8,1100.8,5.38,5.12,5.0,5.16,5.18,5.23,5.07,0.0,0.0,5.42,5.12,5.24,0.0,0.0,5.32,5.12,5.11,0.0,5.46,5.12,5.18,0.0,0.0,5.42,5.15,5.14,0.0,0.0,826.2,822.3,818.2,78.458,77.826,77.86
P1,IB4,P1-IB4-3.1-SI06,SACU-2,19,19,0,100.0,0.0,MBUS-6,On-grid,481.59,106.073,-30.752,1094.5,1094.5,1094.5,1094.5,1087.5,1087.5,1087.5,1087.5,1087.5,1108.5,1108.5,1108.5,1108.5,1108.5,1090.8,1090.8,1090.8,1090.8,1110.0,1110.0,1110.0,1110.0,1110.0,1112.1,1112.1,1112.1,1112.1,1112.1,5.3,5.05,5.17,5.1,5.1,5.21,5.18,0.0,0.0,5.22,5.12,5.1,0.0,0.0,5.39,5.08,5.22,0.0,5.2,5.18,5.06,0.0,0.0,5.02,5.03,5.15,0.0,0.0,828.1,821.9,818.8,78.328,77.953,77.921
P1,IB4,P1-IB4-3.1-SI07,SACU-2,19,18,1,94.74,5.26,MBUS-7,On-grid,451.63,99.496,-30.599,1078.7,1078.7,1078.7,1078.7,1076.7,1076.7,1076.7,1076.7,1076.7,1082.6,1082.6,1082.6,1082.6,1082.6,1089.1,1089.1,1089.1,1089.1,1100.3,1100.3,1100.3,1100.3,1100.3,1105.8,1105.8,1105.8,1105.8,1105.8,5.37,5.06,5.11,5.09,5.08,5.1,0.0,0.0,0.0,5.22,5.14,5.16,0.0,0.0,5.37,5.08,5.1,0.0,5.13,5.23,5.05,0.0,0.0,5.01,5.03,5.16,0.0,0.0,827.1,816.1,822.4,73.907,73.783,73.635
P1,IB4,P1-IB4-3.1-SI08,SACU-2,19,19,0,100.0,0.0,MBUS-8,On-grid,474.9,104.847,-30.658,1086.6,1086.6,1086.6,1086.6,1090.3,1090.3,1090.3,1090.3,1090.3,1085.6,1085.6,1085.6,1085.6,1085.6,1088.5,1088.5,1088.5,1088.5,1089.7,1089.7,1089.7,1089.7,1089.7,1091.2,1091.2,1091.2,1091.2,1091.2,5.41,5.02,5.12,5.18,5.03,5.16,4.99,0.0,0.0,5.44,5.02,5.16,0.0,0.0,5.25,5.05,4.93,0.0,5.5,5.11,5.1,0.0,0.0,5.38,5.13,5.12,0.0,0.0,827.8,818.3,823.4,77.362,77.025,77.034
P1,IB4,P1-IB4-3.2-SI09,SACU-2,19,19,0,100.0,0.0,MBUS-9,On-grid,480.42,105.575,-30.647,1102.4,1102.4,1102.4,1102.4,1097.0,1097.0,1097.0,1097.0,1097.0,1083.6,1083.6,1083.6,1083.6,1083.6,1093.1,1093.1,1093.1,1093.1,1074.4,1074.4,1074.4,1074.4,1074.4,1080.6,1080.6,1080.6,1080.6,1080.6,5.3,5.15,5.05,5.11,4.87,5.28,5.15,0.0,0.0,5.29,5.13,5.34,0.0,0.0,5.22,5.2,5.08,0.0,5.31,5.16,5.19,0.0,0.0,4.92,5.15,5.13,0.0,0.0,826.3,820.7,820.1,77.816,77.87,77.701
P1,IB4,P1-IB4-3.2-SI10,SACU-2,19,19,0,100.0,0.0,MBUS-10,On-grid,481.2,105.843,-30.611,1082.2,1082.2,1082.2,1082.2,1091.2,1091.2,1091.2,1091.2,1091.2,1091.4,1091.4,1091.4,1091.4,1091.4,1088.4,1088.4,1088.4,1088.4,1090.6,1090.6,1090.6,1090.6,1090.6,1092.5,1092.5,1092.5,1092.5,1092.5,5.38,5.06,5.18,5.13,5.28,5.1,5.17,0.0,0.0,5.28,5.15,5.12,0.0,0.0,5.48,5.04,5.22,0.0,5.41,5.28,5.11,0.0,0.0,5.64,5.04,5.28,0.0,0.0,827.4,824.5,818.5,78.063,77.866,77.836
P1,IB4,P1-IB4-3.2-SI11,SACU-2,19,19,0,100.0,0.0,MBUS-11,On-grid,475.81,104.683,-30.6,1088.1,1088.1,1088.1,1088.1,1097.2,1097.2,1097.2,1097.2,1097.2,1094.1,1094.1,1094.1,1094.1,1094.1,1095.5,1095.5,1095.5,1095.5,1086.9,1086.9,1086.9,1086.9,1086.9,1090.8,1090.8,1090.8,1090.8,1090.8,5.54,5.08,5.1,5.04,5.27,5.07,5.16,0.0,0.0,5.26,5.06,5.08,0.0,0.0,5.41,5.05,4.81,0.0,4.97,5.22,5.08,0.0,0.0,5.37,5.08,5.23,0.0,0.0,827.6,818.8,823.0,77.406,77.014,76.889
P1,IB4,P1-IB4-3.2-SI12,SACU-2,19,16,3,84.21,15.79,MBUS-12,On-grid,405.99,89.529,-30.632,1107.4,1107.4,1107.4,1107.4,1094.3,1094.3,1094.3,1094.3,1094.3,1094.6,1094.6,1094.6,1094.6,1094.6,1098.0,1098.0,1098.0,1098.0,1097.5,1097.5,1097.5,1097.5,1097.5,1098.8,1098.8,1098.8,1098.8,1098.8,0.0,5.12,5.02,5.26,5.16,0.0,5.11,0.0,0.0,5.51,5.01,5.2,0.0,0.0,5.35,0.0,5.01,0.0,5.28,5.1,5.16,0.0,0.0,5.06,5.11,5.11,0.0,0.0,829.3,820.2,824.7,67.039,66.82,66.652
P1,IB4,P1-IB4-3.2-SI13,SACU-2,19,18,1,94.74,5.26,MBUS-13,On-grid,456.31,100.503,-30.666,1109.1,1109.1,1109.1,1109.1,1108.7,1108.7,1108.7,1108.7,1108.7,1104.4,1104.4,1104.4,1104.4,1104.4,1111.0,1111.0,1111.0,1111.0,1095.0,1095.0,1095.0,1095.0,1095.0,1092.0,1092.0,1092.0,1092.0,1092.0,5.2,5.06,5.19,5.15,5.01,5.19,5.08,0.0,0.0,5.27,5.09,5.15,0.0,0.0,5.06,5.13,5.08,0.0,5.37,5.16,0.0,0.0,0.0,5.02,5.12,5.1,0.0,0.0,827.5,820.3,820.2,73.979,74.479,74.337
P1,IB4,P1-IB4-3.2-SI14,SACU-2,19,19,0,100.0,0.0,MBUS-14,On-grid,481.35,105.807,-30.632,1117.1,1117.1,1117.1,1117.1,1121.6,1121.6,1121.6,1121.6,1121.6,1127.5,1127.5,1127.5,1127.5,1127.5,1091.1,1091.1,1091.1,1091.1,1079.0,1079.0,1079.0,1079.0,1079.0,1088.6,1088.6,1088.6,1088.6,1088.6,5.29,4.98,5.07,5.19,5.06,5.12,5.0,0.0,0.0,5.36,4.97,5.14,0.0,0.0,5.31,5.09,5.01,0.0,5.36,5.1,5.24,0.0,0.0,5.42,5.13,5.12,0.0,0.0,827.8,821.0,821.7,78.047,77.593,77.846
P1,IB4,P1-IB4-3.2-SI15,SACU-2,19,19,0,100.0,0.0,MBUS-15,On-grid,480.48,105.841,-30.777,1085.8,1085.8,1085.8,1085.8,1092.7,1092.7,1092.7,1092.7,1092.7,1090.7,1090.7,1090.7,1090.7,1090.7,1094.5,1094.5,1094.5,1094.5,1082.2,1082.2,1082.2,1082.2,1082.2,1072.5,1072.5,1072.5,1072.5,1072.5,5.52,5.04,5.12,5.1,5.28,5.13,5.16,0.0,0.0,5.31,5.21,5.19,0.0,0.0,5.46,5.0,5.08,0.0,5.34,5.21,5.06,0.0,0.0,5.38,5.11,5.27,0.0,0.0,828.0,821.1,819.2,77.709,77.5,78.188
P1,IB4,P1-IB4-3.2-SI16,SACU-2,19,19,0,100.0,0.0,MBUS-16,On-grid,480.29,105.751,-30.693,1087.2,1087.2,1087.2,1087.2,1098.2,1098.2,1098.2,1098.2,1098.2,1091.6,1091.6,1091.6,1091.6,1091.6,1099.5,1099.5,1099.5,1099.5,1099.1,1099.1,1099.1,1099.1,1099.1,1100.8,1100.8,1100.8,1100.8,1100.8,5.37,5.1,4.97,5.2,5.14,5.15,4.98,0.0,0.0,5.35,5.07,5.26,0.0,0.0,5.33,5.15,5.03,0.0,5.43,5.09,5.18,0.0,0.0,5.33,5.2,5.24,0.0,0.0,825.3,823.4,814.6,78.089,78.101,78.065
P1,IB4,P1-IB4-4.1-SI01,SACU-2,19,19,0,100.0,0.0,MBUS-17,On-grid,476.5,105.041,-30.712,1093.1,1093.1,1093.1,1093.1,1090.3,1090.3,1090.3,1090.3,1090.3,1091.8,1091.8,1091.8,1091.8,1091.8,1087.4,1087.4,1087.4,1087.4,1096.3,1096.3,1096.3,1096.3,1096.3,1100.9,1100.9,1100.9,1100.9,1100.9,5.33,5.13,5.03,5.01,5.18,5.11,5.11,5.2,5.22,5.46,0.0,0.0,0.0,0.0,5.45,4.98,5.15,0.0,5.22,5.22,5.03,0.0,0.0,5.41,4.97,5.17,0.0,0.0,827.5,821.7,818.1,77.296,77.607,77.295
P1,IB4,P1-IB4-4.1-SI02,SACU-2,19,19,0,100.0,0.0,MBUS-18,On-grid,471.66,103.717,-30.726,1087.0,1087.0,1087.0,1087.0,1109.5,1109.5,1109.5,1109.5,1109.5,1077.8,1077.8,1077.8,1077.8,1077.8,1077.5,1077.5,1077.5,1077.5,1073.3,1073.3,1073.3,1073.3,1073.3,1077.8,1077.8,1077.8,1077.8,1077.8,5.3,5.11,4.98,5.19,4.86,5.15,4.98,0.0,0.0,5.35,5.1,5.21,0.0,0.0,5.28,5.1,5.0,0.0,5.03,5.13,5.04,0.0,0.0,4.98,5.16,5.14,0.0,0.0,825.7,816.8,821.9,77.157,76.724,76.343
P1,IB4,P1-IB4-4.1-SI03,SACU-2,19,19,0,100.0,0.0,MBUS-19,On-grid,472.94,104.217,-30.727,1096.0,1096.0,1096.0,1096.0,1074.7,1074.7,1074.7,1074.7,1074.7,1082.0,1082.0,1082.0,1082.0,1082.0,1094.9,1094.9,1094.9,1094.9,1093.6,1093.6,1093.6,1093.6,1093.6,1082.9,1082.9,1082.9,1082.9,1082.9,5.08,5.06,5.06,5.0,5.03,5.12,5.09,0.0,0.0,5.33,5.07,5.23,0.0,0.0,5.38,4.98,5.12,0.0,5.19,5.2,5.01,0.0,0.0,4.99,5.1,5.2,0.0,0.0,826.3,817.0,822.1,77.211,77.183,76.824
P1,IB4,P1-IB4-4.1-SI04,SACU-2,19,19,0,100.0,0.0,MBUS-20,On-grid,475.22,104.31,-30.742,1087.5,1087.5,1087.5,1087.5,1082.9,1082.9,1082.9,1082.9,1082.9,1091.3,1091.3,1091.3,1091.3,1091.3,1080.2,1080.2,1080.2,1080.2,1087.1,1087.1,1087.1,1087.1,1087.1,1095.3,1095.3,1095.3,1095.3,1095.3,5.22,5.06,5.17,5.1,5.07,5.14,5.11,0.0,0.0,5.26,5.01,5.13,0.0,0.0,5.33,4.99,5.01,0.0,5.28,5.13,5.02,0.0,0.0,5.09,4.96,5.14,0.0,0.0,827.5,822.8,820.0,77.183,76.861,76.553
P1,IB4,P1-IB4-4.1-SI05,SACU-2,19,19,0,100.0,0.0,MBUS-21,On-grid,472.42,103.905,-30.659,1103.5,1103.5,1103.5,1103.5,1093.6,1093.6,1093.6,1093.6,1093.6,1075.7,1075.7,1075.7,1075.7,1075.7,1074.8,1074.8,1074.8,1074.8,1074.9,1074.9,1074.9,1074.9,1074.9,1067.7,1067.7,1067.7,1067.7,1067.7,5.1,5.07,4.99,5.14,5.02,5.19,5.0,0.0,0.0,5.48,5.02,5.19,0.0,0.0,5.31,5.12,4.95,0.0,5.47,5.06,5.04,0.0,0.0,5.38,5.15,5.1,0.0,0.0,827.6,817.9,823.1,76.925,76.799,76.238
P1,IB4,P1-IB4-4.1-SI06,SACU-2,19,19,0,100.0,0.0,MBUS-22,On-grid,476.06,104.566,-30.725,1088.7,1088.7,1088.7,1088.7,1076.8,1076.8,1076.8,1076.8,1076.8,1083.3,1083.3,1083.3,1083.3,1083.3,1089.0,1089.0,1089.0,1089.0,1077.1,1077.1,1077.1,1077.1,1077.1,1088.8,1088.8,1088.8,1088.8,1088.8,5.34,5.22,5.09,5.16,5.06,5.25,5.11,0.0,0.0,5.37,5.19,5.19,0.0,0.0,5.25,5.17,5.11,0.0,5.38,5.21,5.25,0.0,0.0,5.3,5.14,5.14,0.0,0.0,828.5,822.2,819.6,77.265,77.211,77.131
P1,IB4,P1-IB4-4.1-SI07,SACU-2,19,19,0,100.0,0.0,MBUS-23,On-grid,471.36,103.864,-30.705,1071.1,1071.1,1071.1,1071.1,1079.9,1079.9,1079.9,1079.9,1079.9,1085.6,1085.6,1085.6,1085.6,1085.6,1081.2,1081.2,1081.2,1081.2,1082.7,1082.7,1082.7,1082.7,1082.7,1068.6,1068.6,1068.6,1068.6,1068.6,5.31,5.17,5.18,5.11,5.05,5.19,5.17,0.0,0.0,5.17,5.15,5.19,0.0,0.0,5.13,4.99,5.23,0.0,5.12,5.22,5.07,0.0,0.0,5.02,5.05,5.27,0.0,0.0,827.2,822.1,818.1,76.709,76.385,76.663
P1,IB4,P1-IB4-4.1-SI08,SACU-2,19,19,0,100.0,0.0,MBUS-24,On-grid,471.16,103.674,-30.623,1072.2,1072.2,1072.2,1072.2,1093.7,1093.7,1093.7,1093.7,1093.7,1079.0,1079.0,1079.0,1079.0,1079.0,1084.8,1084.8,1084.8,1084.8,1084.2,1084.2,1084.2,1084.2,1084.2,1075.4,1075.4,1075.4,1075.4,1075.4,5.35,5.13,5.02,5.2,4.98,5.13,5.03,0.0,0.0,5.35,5.21,5.2,0.0,0.0,5.17,5.0,5.14,0.0,5.36,5.1,5.11,0.0,0.0,5.3,5.07,5.1,0.0,0.0,826.8,821.4,818.2,76.82,76.547,76.29
P1,IB4,P1-IB4-4.2-SI09,SACU-2,19,19,0,100.0,0.0,MBUS-25,On-grid,473.08,104.057,-30.677,1070.4,1070.4,1070.4,1070.4,1079.9,1079.9,1079.9,1079.9,1079.9,1077.1,1077.1,1077.1,1077.1,1077.1,1078.9,1078.9,1078.9,1078.9,1093.0,1093.0,1093.0,1093.0,1093.0,1075.1,1075.1,1075.1,1075.1,1075.1,5.5,5.05,5.13,5.08,5.27,5.11,5.13,0.0,0.0,5.36,5.13,5.07,0.0,0.0,5.47,4.97,5.12,0.0,5.25,5.16,5.03,0.0,0.0,5.48,5.07,5.21,0.0,0.0,826.7,815.9,821.8,76.97,76.949,76.821
P1,IB4,P1-IB4-4.2-SI10,SACU-2,19,19,0,100.0,0.0,MBUS-26,On-grid,480.71,105.858,-30.685,1091.6,1091.6,1091.6,1091.6,1094.4,1094.4,1094.4,1094.4,1094.4,1088.3,1088.3,1088.3,1088.3,1088.3,1083.2,1083.2,1083.2,1083.2,1082.3,1082.3,1082.3,1082.3,1082.3,1087.4,1087.4,1087.4,1087.4,1087.4,5.36,5.11,5.17,5.19,5.21,5.13,5.22,0.0,0.0,5.37,5.04,5.21,0.0,0.0,5.51,5.1,5.18,0.0,5.29,5.33,5.08,0.0,0.0,5.38,5.05,5.25,0.0,0.0,827.9,818.4,823.2,78.228,77.918,77.965
P1,IB4,P1-IB4-4.2-SI11,SACU-2,19,19,0,100.0,0.0,MBUS-27,On-grid,475.5,104.884,-30.683,1080.8,1080.8,1080.8,1080.8,1086.1,1086.1,1086.1,1086.1,1086.1,1084.9,1084.9,1084.9,1084.9,1084.9,1086.2,1086.2,1086.2,1086.2,1092.1,1092.1,1092.1,1092.1,1092.1,1073.8,1073.8,1073.8,1073.8,1073.8,5.38,0.0,5.06,5.15,5.12,5.11,5.18,0.0,0.0,5.36,5.09,5.23,5.11,0.0,5.33,5.1,5.04,0.0,5.46,5.07,5.1,0.0,0.0,5.42,5.18,5.18,0.0,0.0,826.5,821.4,818.3,77.033,77.409,77.133
P1,IB4,P1-IB4-4.2-SI12,SACU-2,19,19,0,100.0,0.0,MBUS-28,On-grid,473.45,104.487,-30.739,1090.5,1090.5,1090.5,1090.5,1087.7,1087.7,1087.7,1087.7,1087.7,1087.7,1087.7,1087.7,1087.7,1087.7,1078.6,1078.6,1078.6,1078.6,1079.7,1079.7,1079.7,1079.7,1079.7,1078.6,1078.6,1078.6,1078.6,1078.6,5.41,4.99,5.09,5.05,5.21,5.09,5.22,0.0,0.0,5.44,5.13,5.08,0.0,0.0,5.49,5.04,5.16,0.0,5.35,5.19,5.08,0.0,0.0,5.48,5.1,5.12,0.0,0.0,827.2,820.2,819.0,77.208,77.015,77.102
P1,IB4,P1-IB4-4.2-SI13,SACU-2,19,19,0,100.0,0.0,MBUS-29,On-grid,478.27,105.391,-30.679,1085.6,1085.6,1085.6,1085.6,1088.3,1088.3,1088.3,1088.3,1088.3,1085.7,1085.7,1085.7,1085.7,1085.7,1072.0,1072.0,1072.0,1072.0,1077.1,1077.1,1077.1,1077.1,1077.1,1079.7,1079.7,1079.7,1079.7,1079.7,5.27,5.26,5.1,5.19,4.91,5.26,5.07,0.0,0.0,5.43,5.05,5.31,0.0,0.0,5.47,5.19,5.07,0.0,5.41,5.21,5.13,0.0,0.0,5.02,5.25,5.28,0.0,0.0,828.6,819.0,823.8,77.897,77.734,77.125
P1,IB4,P1-IB4-4.2-SI14,SACU-2,19,19,0,100.0,0.0,MBUS-30,On-grid,478.19,105.693,-30.714,1090.1,1090.1,1090.1,1090.1,1092.1,1092.1,1092.1,1092.1,1092.1,1089.3,1089.3,1089.3,1089.3,1089.3,1090.7,1090.7,1090.7,1090.7,1088.7,1088.7,1088.7,1088.7,1088.7,1073.1,1073.1,1073.1,1073.1,1073.1,5.34,5.2,5.16,5.11,4.98,5.24,5.1,0.0,0.0,5.38,5.14,5.27,0.0,0.0,5.31,5.2,5.1,0.0,5.42,5.26,5.25,0.0,0.0,5.1,5.27,5.17,0.0,0.0,828.0,822.3,818.6,77.84,77.845,77.491
P1,IB4,P1-IB4-4.2-SI15,SACU-2,19,19,0,100.0,0.0,MBUS-31,On-grid,477.56,105.659,-30.724,1093.4,1093.4,1093.4,1093.4,1088.4,1088.4,1088.4,1088.4,1088.4,1093.4,1093.4,1093.4,1093.4,1093.4,1083.8,1083.8,1083.8,1083.8,1075.6,1075.6,1075.6,1075.6,1075.6,380.3,380.3,380.3,380.3,380.3,5.1,5.14,5.32,5.25,5.2,5.45,5.41,0.0,5.25,5.21,5.13,5.38,0.0,0.0,5.07,5.09,5.3,5.23,5.32,5.15,5.26,0.0,4.92,0.0,0.0,0.0,0.0,0.0,826.8,818.5,822.9,77.857,77.831,77.733
P1,IB4,P1-IB4-4.2-SI16,SACU-2,19,19,0,100.0,0.0,MBUS-32,On-grid,479.06,105.664,-30.627,1094.0,1094.0,1094.0,1094.0,1077.9,1077.9,1077.9,1077.9,1077.9,1085.0,1085.0,1085.0,1085.0,1085.0,1095.9,1095.9,1095.9,1095.9,1068.5,1068.5,1068.5,1068.5,1068.5,1097.2,1097.2,1097.2,1097.2,1097.2,5.49,5.07,5.11,5.07,5.09,5.19,5.24,0.0,0.0,5.2,5.22,5.18,0.0,0.0,5.38,4.99,5.26,0.0,5.33,5.3,5.06,0.0,0.0,5.1,4.76,5.29,0.0,0.0,828.8,824.4,821.1,77.753,77.518,77.255
P1,IB5,P1-IB5-1.1-SI01,SACU-1,19,19,0,100.0,0.0,MBUS-1,On-grid,486.49,107.391,0.022,1091.9,1091.9,1091.9,1091.9,1091.3,1091.3,1091.3,1091.3,1091.3,1078.0,1078.0,1078.0,1078.0,1078.0,1089.3,1089.3,1089.3,1089.3,1112.3,1112.3,1112.3,1112.3,1112.3,1078.8,1078.8,1078.8,1078.8,1078.8,5.47,5.1,5.17,5.19,5.35,5.22,5.22,0.0,0.0,5.44,5.26,5.24,0.0,0.0,5.52,5.2,5.25,0.0,5.46,5.25,5.18,0.0,0.0,5.4,5.2,5.2,0.0,0.0,839.4,834.1,831.4,74.681,74.221,74.351
P1,IB5,P1-IB5-1.1-SI02,SACU-1,19,19,0,100.0,0.0,MBUS-2,On-grid,495.66,108.865,0.024,1081.3,1081.3,1081.3,1081.3,1107.0,1107.0,1107.0,1107.0,1107.0,1085.4,1085.4,1085.4,1085.4,1085.4,1095.3,1095.3,1095.3,1095.3,1103.2,1103.2,1103.2,1103.2,1103.2,1113.6,1113.6,1113.6,1113.6,1113.6,5.56,5.18,5.2,5.21,5.4,5.24,5.26,0.0,0.0,5.67,5.27,5.37,0.0,0.0,5.41,5.29,5.25,0.0,5.52,5.3,5.27,0.0,0.0,5.43,4.97,5.22,0.0,0.0,839.0,832.9,830.5,75.904,75.269,75.29
P1,IB5,P1-IB5-1.1-SI03,SACU-1,19,19,0,100.0,0.0,MBUS-3,On-grid,493.47,108.46,-0.008,1102.0,1102.0,1102.0,1102.0,1086.7,1086.7,1086.7,1086.7,1086.7,1109.9,1109.9,1109.9,1109.9,1109.9,1076.8,1076.8,1076.8,1076.8,1084.8,1084.8,1084.8,1084.8,1084.8,1095.3,1095.3,1095.3,1095.3,1095.3,5.58,5.17,5.22,5.23,5.37,5.25,5.37,0.0,0.0,5.42,5.15,5.31,0.0,0.0,5.47,5.13,5.36,0.0,5.6,5.25,5.06,0.0,0.0,5.39,5.23,5.22,0.0,0.0,838.3,833.4,829.8,75.714,74.927,74.62
P1,IB5,P1-IB5-1.1-SI04,SACU-1,19,19,0,100.0,0.0,MBUS-4,On-grid,485.43,106.593,-0.015,1073.4,1073.4,1073.4,1073.4,1070.4,1070.4,1070.4,1070.4,1070.4,1078.3,1078.3,1078.3,1078.3,1078.3,1092.5,1092.5,1092.5,1092.5,1093.3,1093.3,1093.3,1093.3,1093.3,1090.7,1090.7,1090.7,1090.7,1090.7,5.41,5.19,5.25,5.15,5.34,5.17,5.27,0.0,0.0,5.39,5.23,5.22,0.0,0.0,5.54,5.14,5.18,0.0,5.32,5.32,5.22,0.0,0.0,5.31,5.19,5.11,0.0,0.0,838.2,829.4,832.9,74.356,73.685,74.144
P1,IB5,P1-IB5-1.1-SI05,SACU-1,19,18,1,94.74,5.26,MBUS-5,On-grid,461.87,101.78,-0.049,1076.4,1076.4,1076.4,1076.4,1085.8,1085.8,1085.8,1085.8,1085.8,1089.4,1089.4,1089.4,1089.4,1089.4,1089.8,1089.8,1089.8,1089.8,1088.0,1088.0,1088.0,1088.0,1088.0,1104.2,1104.2,1104.2,1104.2,1104.2,5.5,5.17,5.27,5.21,5.17,5.22,0.0,0.0,0.0,5.25,5.26,5.21,0.0,0.0,5.48,5.13,5.25,0.0,5.22,5.27,5.29,0.0,0.0,4.9,5.21,5.21,0.0,0.0,838.4,829.6,833.9,70.605,70.129,70.249
P1,IB5,P1-IB5-1.1-SI06,SACU-1,19,18,1,94.74,5.26,MBUS-6,On-grid,461.55,101.761,-0.008,1083.7,1083.7,1083.7,1083.7,1088.2,1088.2,1088.2,1088.2,1088.2,1087.4,1087.4,1087.4,1087.4,1087.4,1091.5,1091.5,1091.5,1091.5,1096.7,1096.7,1096.7,1096.7,1096.7,1095.5,1095.5,1095.5,1095.5,1095.5,5.39,5.28,5.11,5.39,5.27,5.14,5.34,0.0,0.0,5.51,5.2,0.0,0.0,0.0,5.58,5.1,5.21,0.0,5.36,5.34,5.23,0.0,0.0,4.89,5.34,5.17,0.0,0.0,836.3,827.0,831.7,71.11,70.53,70.676
P1,IB5,P1-IB5-1.1-SI07,SACU-1,19,19,0,100.0,0.0,MBUS-7,On-grid,488.28,107.492,-0.008,1100.3,1100.3,1100.3,1100.3,1079.0,1079.0,1079.0,1079.0,1079.0,1086.0,1086.0,1086.0,1086.0,1086.0,1089.8,1089.8,1089.8,1089.8,1084.4,1084.4,1084.4,1084.4,1084.4,1095.1,1095.1,1095.1,1095.1,1095.1,5.51,5.12,4.97,5.32,5.35,5.34,5.17,0.0,0.0,5.47,5.21,5.3,0.0,0.0,5.42,5.26,5.0,0.0,5.52,5.26,5.3,0.0,0.0,5.31,5.31,5.2,0.0,0.0,838.3,829.1,832.7,75.002,74.439,74.406
P1,IB5,P1-IB5-1.1-SI08,SACU-1,19,19,0,100.0,0.0,MBUS-8,On-grid,494.24,108.555,-0.016,1089.2,1089.2,1089.2,1089.2,1095.6,1095.6,1095.6,1095.6,1095.6,1098.2,1098.2,1098.2,1098.2,1098.2,1094.3,1094.3,1094.3,1094.3,1098.5,1098.5,1098.5,1098.5,1098.5,1096.1,1096.1,1096.1,1096.1,1096.1,5.44,5.29,5.1,5.29,5.0,5.32,5.18,0.0,0.0,5.46,5.13,5.28,0.0,0.0,5.31,5.31,5.2,0.0,5.46,5.3,5.18,0.0,0.0,5.06,5.26,5.32,0.0,0.0,837.8,833.1,829.5,75.596,74.723,75.134
P1,IB5,P1-IB5-1.2-SI09,SACU-1,19,19,0,100.0,0.0,MBUS-9,On-grid,492.53,108.046,-0.061,1072.8,1072.8,1072.8,1072.8,1076.3,1076.3,1076.3,1076.3,1076.3,1094.3,1094.3,1094.3,1094.3,1094.3,1090.8,1090.8,1090.8,1090.8,1082.6,1082.6,1082.6,1082.6,1082.6,1076.2,1076.2,1076.2,1076.2,1076.2,5.47,5.23,5.35,5.28,5.16,5.29,5.23,0.0,0.0,5.41,5.15,5.39,0.0,0.0,5.49,5.27,5.13,0.0,5.29,5.37,5.36,0.0,0.0,5.06,5.41,5.39,0.0,0.0,835.9,827.7,830.3,75.284,74.68,75.136
P1,IB5,P1-IB5-1.2-SI10,SACU-1,19,19,0,100.0,0.0,MBUS-10,On-grid,493.49,108.706,0.015,1093.3,1093.3,1093.3,1093.3,1096.0,1096.0,1096.0,1096.0,1096.0,1087.3,1087.3,1087.3,1087.3,1087.3,1083.0,1083.0,1083.0,1083.0,1088.3,1088.3,1088.3,1088.3,1088.3,1092.6,1092.6,1092.6,1092.6,1092.6,5.56,5.17,5.16,5.2,5.42,5.27,5.32,0.0,0.0,5.47,5.29,5.23,0.0,0.0,5.64,5.28,5.16,0.0,5.66,5.32,5.26,0.0,0.0,5.5,5.32,5.3,0.0,0.0,837.0,831.2,829.1,75.617,75.449,75.305
P1,IB5,P1-IB5-1.2-SI11,SACU-1,19,19,0,100.0,0.0,MBUS-11,On-grid,494.88,108.774,-0.037,1071.2,1071.2,1071.2,1071.2,1090.0,1090.0,1090.0,1090.0,1090.0,1094.5,1094.5,1094.5,1094.5,1094.5,1092.4,1092.4,1092.4,1092.4,1098.5,1098.5,1098.5,1098.5,1098.5,1093.6,1093.6,1093.6,1093.6,1093.6,5.57,5.16,5.19,5.34,5.25,5.33,5.32,0.0,0.0,5.55,5.24,5.32,0.0,0.0,5.6,5.26,5.19,0.0,5.54,5.22,5.27,0.0,0.0,5.6,5.23,5.29,0.0,0.0,838.0,833.0,829.1,75.908,75.131,75.272
P1,IB5,P1-IB5-1.2-SI12,SACU-1,19,19,0,100.0,0.0,MBUS-12,On-grid,494.95,108.93,0.016,1114.7,1114.7,1114.7,1114.7,1094.8,1094.8,1094.8,1094.8,1094.8,1098.3,1098.3,1098.3,1098.3,1098.3,1097.3,1097.3,1097.3,1097.3,1087.8,1087.8,1087.8,1087.8,1087.8,1097.7,1097.7,1097.7,1097.7,1097.7,5.37,5.19,5.26,5.17,5.11,5.23,5.29,0.0,0.0,5.38,5.3,5.29,0.0,0.0,5.53,5.18,5.19,0.0,5.3,5.39,5.2,0.0,0.0,5.13,5.24,5.35,0.0,0.0,836.6,827.2,832.3,76.019,75.774,75.53
P1,IB5,P1-IB5-1.2-SI13,SACU-1,19,19,0,100.0,0.0,MBUS-13,On-grid,494.01,109.055,-0.038,1085.0,1085.0,1085.0,1085.0,1089.0,1089.0,1089.0,1089.0,1089.0,1102.6,1102.6,1102.6,1102.6,1102.6,1094.7,1094.7,1094.7,1094.7,1096.3,1096.3,1096.3,1096.3,1096.3,1095.3,1095.3,1095.3,1095.3,1095.3,5.5,5.28,5.18,5.26,5.15,5.25,5.33,0.0,0.0,5.43,5.37,5.28,0.0,0.0,5.5,5.11,5.37,0.0,5.38,5.38,5.36,0.0,0.0,5.55,5.2,5.41,0.0,0.0,834.7,828.9,826.8,76.261,75.897,75.758
P1,IB5,P1-IB5-1.2-SI14,SACU-1,19,4,15,21.05,78.95,MBUS-14,On-grid,102.12,22.576,-0.073,1088.7,1088.7,1088.7,1088.7,1084.0,1084.0,1084.0,1084.0,1084.0,1087.2,1087.2,1087.2,1087.2,1087.2,357.3,357.3,357.3,357.3,352.1,352.1,352.1,352.1,352.1,350.2,350.2,350.2,350.2,350.2,5.25,0.0,0.0,5.45,5.24,0.0,0.0,0.0,0.0,5.49,0.0,0.0,0.0,0.0,0.0,0.0,0.0,0.0,0.0,0.0,0.0,0.0,0.0,0.0,0.0,0.0,0.0,0.0,833.4,828.7,824.2,16.751,15.821,16.304
P1,IB5,P1-IB5-1.2-SI15,SACU-1,19,19,0,100.0,0.0,MBUS-15,On-grid,484.88,106.819,0.036,1080.9,1080.9,1080.9,1080.9,1086.6,1086.6,1086.6,1086.6,1086.6,1072.5,1072.5,1072.5,1072.5,1072.5,1074.8,1074.8,1074.8,1074.8,1074.7,1074.7,1074.7,1074.7,1074.7,1079.3,1079.3,1079.3,1079.3,1079.3,5.51,5.26,5.12,5.29,5.18,5.27,5.16,0.0,0.0,5.61,5.19,5.29,0.0,0.0,5.55,5.26,5.14,0.0,5.55,5.19,5.29,0.0,0.0,5.46,5.26,5.16,0.0,0.0,837.4,828.8,833.1,74.68,74.161,73.916
P1,IB5,P1-IB5-1.2-SI16,SACU-1,19,19,0,100.0,0.0,MBUS-16,On-grid,488.64,107.417,-0.031,1079.2,1079.2,1079.2,1079.2,1086.2,1086.2,1086.2,1086.2,1086.2,1082.5,1082.5,1082.5,1082.5,1082.5,1100.5,1100.5,1100.5,1100.5,1075.6,1075.6,1075.6,1075.6,1075.6,1071.7,1071.7,1071.7,1071.7,1071.7,5.57,5.16,5.14,5.26,5.38,5.2,5.26,0.0,0.0,5.51,5.29,5.24,0.0,0.0,5.61,5.07,5.16,0.0,5.62,5.35,5.24,0.0,0.0,5.59,5.22,5.37,0.0,0.0,835.5,830.0,828.0,75.081,74.78,74.283
P1,IB5,P1-IB5-2.1-SI01,SACU-1,19,19,0,100.0,0.0,MBUS-17,On-grid,496.12,109.142,0.013,1091.5,1091.5,1091.5,1091.5,1095.6,1095.6,1095.6,1095.6,1095.6,1094.4,1094.4,1094.4,1094.4,1094.4,1089.7,1089.7,1089.7,1089.7,1097.5,1097.5,1097.5,1097.5,1097.5,1080.1,1080.1,1080.1,1080.1,1080.1,5.41,5.29,5.26,5.39,5.4,5.45,5.23,0.0,0.0,5.55,5.12,5.31,0.0,0.0,5.38,5.32,5.14,0.0,5.53,5.23,5.32,0.0,0.0,5.6,5.33,5.33,0.0,0.0,836.7,827.5,832.4,76.186,75.772,75.881
P1,IB5,P1-IB5-2.1-SI02,SACU-1,19,19,0,100.0,0.0,MBUS-18,On-grid,497.65,109.405,0.023,1113.7,1113.7,1113.7,1113.7,1084.4,1084.4,1084.4,1084.4,1084.4,1086.3,1086.3,1086.3,1086.3,1086.3,1099.6,1099.6,1099.6,1099.6,1081.6,1081.6,1081.6,1081.6,1081.6,1096.9,1096.9,1096.9,1096.9,1096.9,5.51,5.17,5.26,5.18,5.31,5.33,5.36,0.0,0.0,5.55,5.31,5.31,0.0,0.0,5.52,5.24,5.23,0.0,5.5,5.32,5.23,0.0,0.0,5.52,5.14,5.41,0.0,0.0,837.5,831.2,829.8,76.32,75.957,75.695
P1,IB5,P1-IB5-2.1-SI03,SACU-1,19,19,0,100.0,0.0,MBUS-19,On-grid,494.98,108.698,0.011,1108.1,1108.1,1108.1,1108.1,1101.3,1101.3,1101.3,1101.3,1101.3,1107.5,1107.5,1107.5,1107.5,1107.5,1087.7,1087.7,1087.7,1087.7,1085.7,1085.7,1085.7,1085.7,1085.7,1094.5,1094.5,1094.5,1094.5,1094.5,5.54,5.19,5.09,5.26,5.3,5.27,5.18,0.0,0.0,5.55,5.11,5.27,0.0,0.0,5.54,5.22,5.17,0.0,5.52,5.34,5.27,0.0,0.0,5.46,5.15,5.18,0.0,0.0,837.4,831.5,827.7,75.874,75.557,75.233
P1,IB5,P1-IB5-2.1-SI04,SACU-1,19,19,0,100.0,0.0,MBUS-20,On-grid,495.17,109.094,0.078,1093.7,1093.7,1093.7,1093.7,1097.4,1097.4,1097.4,1097.4,1097.4,1097.7,1097.7,1097.7,1097.7,1097.7,1089.1,1089.1,1089.1,1089.1,1095.2,1095.2,1095.2,1095.2,1095.2,1104.3,1104.3,1104.3,1104.3,1104.3,5.52,5.33,5.26,5.34,5.1,5.3,5.19,0.0,0.0,5.46,5.21,5.3,0.0,0.0,5.48,5.19,5.09,0.0,5.35,5.24,5.32,0.0,0.0,5.09,5.28,5.26,0.0,0.0,838.9,830.4,833.9,75.7,75.447,75.599
P1,IB5,P1-IB5-2.1-SI05,SACU-1,19,19,0,100.0,0.0,MBUS-21,On-grid,491.77,108.222,0.034,1095.3,1095.3,1095.3,1095.3,1062.0,1062.0,1062.0,1062.0,1062.0,1092.9,1092.9,1092.9,1092.9,1092.9,1089.7,1089.7,1089.7,1089.7,1095.2,1095.2,1095.2,1095.2,1095.2,1098.3,1098.3,1098.3,1098.3,1098.3,5.53,5.2,5.27,5.2,5.14,5.41,5.38,0.0,0.0,5.4,5.26,5.25,0.0,0.0,5.44,5.31,5.22,0.0,5.55,5.29,5.22,0.0,0.0,5.42,5.28,5.25,0.0,0.0,839.8,830.2,835.4,75.262,74.842,74.915
P1,IB5,P1-IB5-2.1-SI06,SACU-1,19,10,9,52.63,47.37,MBUS-22,On-grid,258.58,57.083,0.005,1093.9,1093.9,1093.9,1093.9,1090.1,1090.1,1090.1,1090.1,1090.1,1097.1,1097.1,1097.1,1097.1,1097.1,1075.8,1075.8,1075.8,1075.8,1090.5,1090.5,1090.5,1090.5,1090.5,1081.1,1081.1,1081.1,1081.1,1081.1,5.64,0.0,5.26,5.24,0.0,0.0,5.23,0.0,0.0,5.64,0.0,0.0,0.0,0.0,5.64,5.11,0.0,0.0,0.0,5.3,5.22,0.0,0.0,0.0,0.0,5.24,0.0,0.0,836.3,830.0,828.8,40.255,39.476,39.566
P1,IB5,P1-IB5-2.1-SI07,SACU-1,19,17,2,89.47,10.53,MBUS-23,On-grid,435.85,96.372,-0.039,1090.6,1090.6,1090.6,1090.6,1101.4,1101.4,1101.4,1101.4,1101.4,1098.2,1098.2,1098.2,1098.2,1098.2,1097.6,1097.6,1097.6,1097.6,1092.9,1092.9,1092.9,1092.9,1092.9,1098.2,1098.2,1098.2,1098.2,1098.2,5.42,5.18,5.14,5.31,5.03,5.24,5.19,0.0,0.0,5.22,5.21,0.0,0.0,0.0,0.0,5.2,5.19,0.0,5.48,5.27,5.27,0.0,0.0,5.07,5.21,5.11,0.0,0.0,837.8,832.7,831.1,66.782,66.822,66.741
P1,IB5,P1-IB5-2.1-SI08,SACU-1,19,19,0,100.0,0.0,MBUS-24,On-grid,495.41,109.139,0.054,1109.5,1109.5,1109.5,1109.5,1079.0,1079.0,1079.0,1079.0,1079.0,1102.3,1102.3,1102.3,1102.3,1102.3,1081.1,1081.1,1081.1,1081.1,1087.0,1087.0,1087.0,1087.0,1087.0,1107.7,1107.7,1107.7,1107.7,1107.7,5.55,5.14,5.26,5.18,5.37,5.38,5.36,0.0,0.0,5.45,5.29,5.27,0.0,0.0,5.6,5.2,5.29,0.0,5.42,5.4,5.19,0.0,0.0,5.49,5.12,5.34,0.0,0.0,837.9,831.6,830.9,75.969,75.704,75.482
P1,IB5,P1-IB5-2.2-SI09,SACU-1,19,19,0,100.0,0.0,MBUS-25,On-grid,491.17,108.224,0.026,1091.4,1091.4,1091.4,1091.4,1083.0,1083.0,1083.0,1083.0,1083.0,1090.9,1090.9,1090.9,1090.9,1090.9,1087.6,1087.6,1087.6,1087.6,1091.3,1091.3,1091.3,1091.3,1091.3,1107.6,1107.6,1107.6,1107.6,1107.6,5.56,5.23,5.25,5.16,5.4,5.27,5.24,0.0,0.0,5.41,5.26,5.29,0.0,0.0,5.54,5.15,5.25,0.0,5.44,5.26,5.13,0.0,0.0,5.45,5.16,5.27,0.0,0.0,838.1,829.2,832.4,75.579,74.897,74.868
P1,IB5,P1-IB5-2.2-SI10,SACU-1,19,19,0,100.0,0.0,MBUS-26,On-grid,490.53,108.052,0.044,1094.3,1094.3,1094.3,1094.3,1084.6,1084.6,1084.6,1084.6,1084.6,1083.1,1083.1,1083.1,1083.1,1083.1,1086.9,1086.9,1086.9,1086.9,1081.2,1081.2,1081.2,1081.2,1081.2,1099.0,1099.0,1099.0,1099.0,1099.0,5.59,5.28,5.3,5.3,5.45,5.29,5.2,0.0,0.0,5.54,5.16,5.29,0.0,0.0,5.61,5.22,5.14,0.0,5.7,5.24,5.2,0.0,0.0,5.48,5.16,4.98,0.0,0.0,837.5,827.4,832.1,75.319,74.687,74.625
P1,IB5,P1-IB5-2.2-SI11,SACU-1,19,19,0,100.0,0.0,MBUS-27,On-grid,492.26,108.493,-0.048,1095.7,1095.7,1095.7,1095.7,1084.1,1084.1,1084.1,1084.1,1084.1,1086.3,1086.3,1086.3,1086.3,1086.3,1095.7,1095.7,1095.7,1095.7,1101.1,1101.1,1101.1,1101.1,1101.1,1095.4,1095.4,1095.4,1095.4,1095.4,5.56,5.21,5.2,5.33,5.33,5.3,5.21,0.0,0.0,5.46,5.2,5.38,0.0,0.0,5.53,5.23,5.24,0.0,5.48,5.11,5.29,0.0,0.0,5.6,5.22,5.23,0.0,0.0,838.9,832.9,829.8,75.594,74.846,74.996
P1,IB5,P1-IB5-2.2-SI12,SACU-1,19,19,0,100.0,0.0,MBUS-28,On-grid,489.24,108.127,0.068,1099.5,1099.5,1099.5,1099.5,1061.5,1061.5,1061.5,1061.5,1061.5,1102.6,1102.6,1102.6,1102.6,1102.6,1108.2,1108.2,1108.2,1108.2,1090.4,1090.4,1090.4,1090.4,1090.4,1092.4,1092.4,1092.4,1092.4,1092.4,5.52,5.04,5.26,5.24,5.49,5.44,5.05,0.0,0.0,5.38,5.23,5.23,0.0,0.0,5.49,5.14,5.18,0.0,5.36,5.4,5.24,0.0,0.0,5.32,5.29,5.28,0.0,0.0,835.4,829.7,827.6,75.557,75.266,75.298
P1,IB5,P1-IB5-2.2-SI13,SACU-1,19,19,0,100.0,0.0,MBUS-29,On-grid,490.05,108.164,-0.01,1098.8,1098.8,1098.8,1098.8,1095.2,1095.2,1095.2,1095.2,1095.2,1090.3,1090.3,1090.3,1090.3,1090.3,1079.5,1079.5,1079.5,1079.5,1079.9,1079.9,1079.9,1079.9,1079.9,1087.1,1087.1,1087.1,1087.1,1087.1,5.51,5.25,5.29,5.18,5.16,5.29,5.22,0.0,0.0,5.33,5.29,5.23,0.0,0.0,5.48,5.17,5.23,0.0,5.36,5.41,5.3,0.0,0.0,5.11,5.3,5.36,0.0,0.0,837.7,831.9,829.0,75.438,74.761,74.897
P1,IB5,P1-IB5-2.2-SI14,SACU-1,19,19,0,100.0,0.0,MBUS-30,On-grid,494.14,109.156,-0.06,1101.0,1101.0,1101.0,1101.0,1094.2,1094.2,1094.2,1094.2,1094.2,1097.0,1097.0,1097.0,1097.0,1097.0,1074.1,1074.1,1074.1,1074.1,1102.8,1102.8,1102.8,1102.8,1102.8,1092.0,1092.0,1092.0,1092.0,1092.0,5.35,5.32,5.16,5.23,5.16,5.41,5.3,0.0,0.0,5.5,5.19,5.34,0.0,0.0,5.51,5.31,5.28,0.0,5.5,5.18,5.29,0.0,0.0,5.5,5.29,5.35,0.0,0.0,836.3,830.6,827.7,76.178,75.938,76.129
P1,IB5,P1-IB5-2.2-SI15,SACU-1,19,19,0,100.0,0.0,MBUS-31,On-grid,492.85,108.303,0.067,1087.8,1087.8,1087.8,1087.8,1090.0,1090.0,1090.0,1090.0,1090.0,1083.5,1083.5,1083.5,1083.5,1083.5,1097.0,1097.0,1097.0,1097.0,1100.5,1100.5,1100.5,1100.5,1100.5,1093.6,1093.6,1093.6,1093.6,1093.6,5.31,5.24,5.18,5.38,5.25,5.36,5.21,0.0,0.0,5.53,5.17,5.28,0.0,0.0,5.36,5.28,5.15,0.0,5.51,5.25,5.27,0.0,0.0,5.28,5.3,5.34,0.0,0.0,828.1,835.8,832.2,75.682,74.951,75.341
P1,IB5,P1-IB5-2.2-SI16,SACU-1,19,19,0,100.0,0.0,MBUS-32,On-grid,482.59,106.318,0.042,1081.0,1081.0,1081.0,1081.0,1093.3,1093.3,1093.3,1093.3,1093.3,1075.8,1075.8,1075.8,1075.8,1075.8,1082.5,1082.5,1082.5,1082.5,1084.0,1084.0,1084.0,1084.0,1084.0,1087.4,1087.4,1087.4,1087.4,1087.4,5.56,5.13,5.18,5.18,5.07,5.13,5.15,0.0,0.0,5.51,5.27,5.23,0.0,0.0,5.48,5.07,5.2,0.0,5.37,5.26,5.09,0.0,0.0,5.46,5.18,5.1,0.0,0.0,836.3,828.0,832.0,74.143,73.719,73.512
P1,IB5,P1-IB5-3.1-SI01,SACU-2,19,8,11,42.11,57.89,MBUS-1,On-grid,206.38,44.983,-0.041,1079.1,1079.1,1079.1,1079.1,383.3,383.3,383.3,383.3,383.3,1082.8,1082.8,1082.8,1082.8,1082.8,1070.4,1070.4,1070.4,1070.4,1077.3,1077.3,1077.3,1077.3,1077.3,1069.6,1069.6,1069.6,1069.6,1069.6,0.0,0.0,5.2,0.0,0.0,0.0,0.0,0.0,0.0,5.31,0.0,0.0,0.0,0.0,0.0,5.23,0.0,0.0,5.09,5.41,5.15,0.0,0.0,5.28,5.21,0.0,0.0,0.0,834.5,829.8,827.1,31.988,31.137,31.181
P1,IB5,P1-IB5-3.1-SI02,SACU-2,19,4,15,21.05,78.95,MBUS-2,On-grid,103.39,22.648,-0.026,1082.7,1082.7,1082.7,1082.7,353.9,353.9,353.9,353.9,353.9,1064.8,1064.8,1064.8,1064.8,1064.8,351.6,351.6,351.6,351.6,352.5,352.5,352.5,352.5,352.5,1068.0,1068.0,1068.0,1068.0,1068.0,0.0,0.0,5.45,5.38,0.0,0.0,0.0,0.0,0.0,5.39,0.0,0.0,0.0,0.0,0.0,0.0,0.0,0.0,0.0,0.0,0.0,0.0,0.0,0.0,5.31,0.0,0.0,0.0,833.7,828.3,824.9,16.621,15.605,15.784
P1,IB5,P1-IB5-3.1-SI03,SACU-2,19,15,4,78.95,21.05,MBUS-3,On-grid,381.74,84.181,0.033,1070.3,1070.3,1070.3,1070.3,1094.6,1094.6,1094.6,1094.6,1094.6,1080.7,1080.7,1080.7,1080.7,1080.7,1095.3,1095.3,1095.3,1095.3,1074.2,1074.2,1074.2,1074.2,1074.2,1071.5,1071.5,1071.5,1071.5,1071.5,5.37,5.25,5.24,5.33,4.95,5.31,5.18,0.0,0.0,5.53,5.19,5.36,0.0,0.0,5.43,5.15,5.13,0.0,0.0,5.17,0.0,0.0,0.0,0.0,0.0,5.19,0.0,0.0,834.6,829.8,826.8,59.015,58.356,58.358
P1,IB5,P1-IB5-3.1-SI04,SACU-2,19,10,9,52.63,47.37,MBUS-4,On-grid,253.22,55.549,-0.009,1075.9,1075.9,1075.9,1075.9,1098.6,1098.6,1098.6,1098.6,1098.6,1082.7,1082.7,1082.7,1082.7,1082.7,381.2,381.2,381.2,381.2,1062.8,1062.8,1062.8,1062.8,1062.8,1077.5,1077.5,1077.5,1077.5,1077.5,5.24,4.9,5.19,5.42,5.23,0.0,0.0,0.0,0.0,5.24,5.23,0.0,0.0,0.0,0.0,0.0,0.0,0.0,0.0,5.34,0.0,0.0,0.0,5.26,5.3,0.0,0.0,0.0,833.9,828.3,826.8,38.858,38.634,38.683
P1,IB5,P1-IB5-3.1-SI05,SACU-2,19,3,16,15.79,84.21,MBUS-5,On-grid,78.54,17.213,0.048,1084.4,1084.4,1084.4,1084.4,355.4,355.4,355.4,355.4,355.4,1072.7,1072.7,1072.7,1072.7,1072.7,1079.3,1079.3,1079.3,1079.3,352.5,352.5,352.5,352.5,352.5,349.0,349.0,349.0,349.0,349.0,5.27,0.0,0.0,0.0,0.0,0.0,0.0,0.0,0.0,5.36,0.0,0.0,0.0,0.0,0.0,5.43,0.0,0.0,0.0,0.0,0.0,0.0,0.0,0.0,0.0,0.0,0.0,0.0,834.3,825.9,830.0,12.387,12.004,12.229
P1,IB5,P1-IB5-3.1-SI06,SACU-2,19,18,1,94.74,5.26,MBUS-6,On-grid,465.36,102.287,-0.048,1084.8,1084.8,1084.8,1084.8,1078.9,1078.9,1078.9,1078.9,1078.9,1081.6,1081.6,1081.6,1081.6,1081.6,1081.1,1081.1,1081.1,1081.1,1083.0,1083.0,1083.0,1083.0,1083.0,1074.4,1074.4,1074.4,1074.4,1074.4,0.0,5.19,5.28,5.27,5.47,5.27,5.33,0.0,0.0,5.48,5.28,5.25,0.0,0.0,5.65,5.2,5.23,0.0,5.46,5.26,5.13,0.0,0.0,5.57,5.22,5.39,0.0,0.0,834.5,825.2,830.5,71.427,70.991,71.026
P1,IB5,P1-IB5-3.1-SI07,SACU-2,19,18,1,94.74,5.26,MBUS-7,On-grid,460.47,101.631,-0.001,1078.2,1078.2,1078.2,1078.2,1086.2,1086.2,1086.2,1086.2,1086.2,1090.9,1090.9,1090.9,1090.9,1090.9,1100.0,1100.0,1100.0,1100.0,1082.9,1082.9,1082.9,1082.9,1082.9,1079.8,1079.8,1079.8,1079.8,1079.8,5.56,5.14,5.21,5.21,5.33,5.23,5.27,0.0,0.0,5.37,5.27,5.21,0.0,0.0,5.54,5.1,5.28,0.0,0.0,5.25,5.17,0.0,0.0,5.45,5.16,5.29,0.0,0.0,836.7,831.8,827.4,71.274,70.486,70.455
P1,IB5,P1-IB5-3.1-SI08,SACU-2,19,19,0,100.0,0.0,MBUS-8,On-grid,484.75,107.074,0.055,1084.0,1084.0,1084.0,1084.0,1091.5,1091.5,1091.5,1091.5,1091.5,1073.6,1073.6,1073.6,1073.6,1073.6,1078.6,1078.6,1078.6,1078.6,1071.5,1071.5,1071.5,1071.5,1071.5,1076.3,1076.3,1076.3,1076.3,1076.3,5.56,5.17,5.25,5.19,5.35,5.23,5.21,0.0,0.0,5.44,5.29,5.27,0.0,0.0,5.5,5.14,5.28,0.0,5.44,5.35,5.24,0.0,0.0,5.54,5.11,5.34,0.0,0.0,836.8,829.1,831.2,74.525,74.263,74.297
P1,IB5,P1-IB5-3.2-SI09,SACU-2,19,10,9,52.63,47.37,MBUS-9,On-grid,253.91,56.036,0.03,1089.4,1089.4,1089.4,1089.4,386.4,386.4,386.4,386.4,386.4,1093.2,1093.2,1093.2,1093.2,1093.2,1079.4,1079.4,1079.4,1079.4,1082.6,1082.6,1082.6,1082.6,1082.6,1082.7,1082.7,1082.7,1082.7,1082.7,0.0,0.0,5.08,5.19,0.0,0.0,0.0,0.0,0.0,5.41,0.0,0.0,0.0,0.0,5.39,5.24,0.0,0.0,5.12,5.37,5.17,0.0,0.0,0.0,5.37,5.27,0.0,0.0,833.8,825.5,829.7,39.446,38.567,38.867
P1,IB5,P1-IB5-3.2-SI10,SACU-2,19,19,0,100.0,0.0,MBUS-10,On-grid,485.98,107.056,-0.016,1070.6,1070.6,1070.6,1070.6,1077.3,1077.3,1077.3,1077.3,1077.3,1083.7,1083.7,1083.7,1083.7,1083.7,1095.5,1095.5,1095.5,1095.5,1087.9,1087.9,1087.9,1087.9,1087.9,1093.7,1093.7,1093.7,1093.7,1093.7,5.48,5.35,5.27,5.33,4.96,5.38,5.23,0.0,0.0,5.44,5.12,5.27,0.0,0.0,5.36,5.21,5.11,0.0,5.46,5.3,5.24,0.0,0.0,5.02,5.22,5.11,0.0,0.0,835.4,825.9,830.4,74.668,74.471,74.681
P1,IB5,P1-IB5-3.2-SI11,SACU-2,19,19,0,100.0,0.0,MBUS-11,On-grid,488.09,107.312,0.017,1076.0,1076.0,1076.0,1076.0,1095.8,1095.8,1095.8,1095.8,1095.8,1084.9,1084.9,1084.9,1084.9,1084.9,1077.0,1077.0,1077.0,1077.0,1084.4,1084.4,1084.4,1084.4,1084.4,1080.9,1080.9,1080.9,1080.9,1080.9,5.39,5.24,5.21,5.35,5.02,5.31,5.11,0.0,0.0,5.4,5.15,5.32,0.0,0.0,5.44,5.26,5.14,0.0,5.48,5.25,5.23,0.0,0.0,5.07,5.32,5.27,0.0,0.0,836.8,827.4,833.0,74.748,74.452,74.392
P1,IB5,P1-IB5-3.2-SI12,SACU-2,19,17,2,89.47,10.53,MBUS-12,On-grid,431.51,95.32,-0.054,1085.3,1085.3,1085.3,1085.3,1082.8,1082.8,1082.8,1082.8,1082.8,1083.8,1083.8,1083.8,1083.8,1083.8,1083.8,1083.8,1083.8,1083.8,1074.1,1074.1,1074.1,1074.1,1074.1,1079.5,1079.5,1079.5,1079.5,1079.5,5.38,5.2,5.12,5.25,5.25,5.31,5.13,0.0,0.0,5.38,5.11,5.32,0.0,0.0,5.52,5.18,5.07,0.0,5.49,5.11,0.0,0.0,0.0,0.0,5.31,5.18,0.0,0.0,836.9,826.5,832.8,66.299,66.125,66.24
P1,IB5,P1-IB5-3.2-SI13,SACU-2,19,19,0,100.0,0.0,MBUS-13,On-grid,490.22,108.054,0.005,1091.0,1091.0,1091.0,1091.0,1079.0,1079.0,1079.0,1079.0,1079.0,1084.8,1084.8,1084.8,1084.8,1084.8,1084.6,1084.6,1084.6,1084.6,1087.2,1087.2,1087.2,1087.2,1087.2,1087.2,1087.2,1087.2,1087.2,1087.2,5.49,5.27,5.28,5.3,5.4,5.29,5.29,0.0,0.0,5.49,5.25,5.27,0.0,0.0,5.57,5.17,5.27,0.0,5.42,5.3,5.16,0.0,0.0,5.56,5.26,5.26,0.0,0.0,836.0,826.8,831.3,75.568,75.164,75.025
P1,IB5,P1-IB5-3.2-SI14,SACU-2,19,19,0,100.0,0.0,MBUS-14,On-grid,483.02,106.597,0.045,1092.9,1092.9,1092.9,1092.9,1087.6,1087.6,1087.6,1087.6,1087.6,1083.5,1083.5,1083.5,1083.5,1083.5,1075.6,1075.6,1075.6,1075.6,1082.6,1082.6,1082.6,1082.6,1082.6,1083.9,1083.9,1083.9,1083.9,1083.9,5.19,5.25,5.05,5.34,5.1,5.23,5.13,0.0,0.0,5.49,5.16,5.37,0.0,0.0,5.45,5.26,5.19,0.0,5.36,5.19,5.25,0.0,0.0,4.91,5.25,5.32,0.0,0.0,836.8,827.7,832.8,74.578,74.022,74.039
P1,IB5,P1-IB5-3.2-SI15,SACU-2,19,19,0,100.0,0.0,MBUS-15,On-grid,485.59,107.084,0.012,1091.0,1091.0,1091.0,1091.0,1084.1,1084.1,1084.1,1084.1,1084.1,1080.6,1080.6,1080.6,1080.6,1080.6,1091.8,1091.8,1091.8,1091.8,1080.0,1080.0,1080.0,1080.0,1080.0,1079.4,1079.4,1079.4,1079.4,1079.4,5.46,5.12,5.19,5.11,5.28,5.27,5.22,0.0,0.0,5.46,5.21,5.26,0.0,0.0,5.55,5.06,5.16,0.0,5.51,5.36,5.28,0.0,0.0,5.5,5.3,5.24,0.0,0.0,834.7,825.6,831.1,75.047,74.516,74.347
P1,IB5,P1-IB5-3.2-SI16,SACU-2,19,19,0,100.0,0.0,MBUS-16,On-grid,485.85,106.918,0.032,1082.6,1082.6,1082.6,1082.6,1076.8,1076.8,1076.8,1076.8,1076.8,1076.1,1076.1,1076.1,1076.1,1076.1,1085.5,1085.5,1085.5,1085.5,1080.3,1080.3,1080.3,1080.3,1080.3,1087.9,1087.9,1087.9,1087.9,1087.9,5.42,5.12,5.24,5.18,5.32,5.23,5.35,0.0,0.0,5.46,5.22,5.36,0.0,0.0,5.45,5.2,5.18,0.0,5.51,5.28,5.31,0.0,0.0,5.38,5.16,5.17,0.0,0.0,835.4,829.6,827.7,74.791,74.169,74.532
P1,IB5,P1-IB5-4.1-SI01,SACU-2,19,10,9,52.63,47.37,MBUS-17,On-grid,260.7,57.112,-0.005,1071.6,1071.6,1071.6,1071.6,1087.8,1087.8,1087.8,1087.8,1087.8,1087.8,1087.8,1087.8,1087.8,1087.8,1095.8,1095.8,1095.8,1095.8,386.5,386.5,386.5,386.5,386.5,1089.8,1089.8,1089.8,1089.8,1089.8,5.51,5.31,0.0,0.0,5.36,0.0,5.33,0.0,0.0,5.21,5.29,5.47,0.0,0.0,5.5,0.0,0.0,0.0,0.0,0.0,0.0,0.0,0.0,0.0,5.47,5.16,0.0,0.0,835.8,826.3,831.3,40.162,39.397,39.526
P1,IB5,P1-IB5-4.1-SI02,SACU-2,19,18,1,94.74,5.26,MBUS-18,On-grid,460.19,101.354,-0.031,1083.0,1083.0,1083.0,1083.0,1073.3,1073.3,1073.3,1073.3,1073.3,1088.2,1088.2,1088.2,1088.2,1088.2,1066.7,1066.7,1066.7,1066.7,1083.3,1083.3,1083.3,1083.3,1083.3,1078.1,1078.1,1078.1,1078.1,1078.1,0.0,5.3,5.13,5.22,5.24,5.41,5.29,0.0,0.0,5.61,0.0,5.25,5.21,0.0,5.42,5.3,5.18,0.0,5.42,5.18,5.22,0.0,0.0,5.42,5.25,5.28,0.0,0.0,837.0,829.3,829.8,70.387,70.417,70.037
P1,IB5,P1-IB5-4.1-SI03,SACU-2,19,18,1,94.74,5.26,MBUS-19,On-grid,460.93,101.473,0.036,1081.9,1081.9,1081.9,1081.9,1067.8,1067.8,1067.8,1067.8,1067.8,1075.7,1075.7,1075.7,1075.7,1075.7,1090.3,1090.3,1090.3,1090.3,1079.4,1079.4,1079.4,1079.4,1079.4,1083.3,1083.3,1083.3,1083.3,1083.3,5.33,5.24,5.17,5.31,5.24,5.41,5.17,0.0,0.0,5.58,5.18,5.37,0.0,0.0,5.5,0.0,5.2,0.0,5.46,5.25,5.3,0.0,0.0,5.41,5.25,5.34,0.0,0.0,836.6,831.6,826.3,70.64,70.561,70.322
P1,IB5,P1-IB5-4.1-SI04,SACU-2,19,19,0,100.0,0.0,MBUS-20,On-grid,485.67,107.237,0.033,1085.9,1085.9,1085.9,1085.9,1090.8,1090.8,1090.8,1090.8,1090.8,1072.9,1072.9,1072.9,1072.9,1072.9,1076.1,1076.1,1076.1,1076.1,1080.2,1080.2,1080.2,1080.2,1080.2,1071.0,1071.0,1071.0,1071.0,1071.0,5.49,5.15,5.28,5.26,5.36,5.23,5.21,0.0,0.0,5.44,5.38,5.3,0.0,0.0,5.6,5.11,5.33,0.0,5.52,5.31,5.15,0.0,0.0,5.57,5.12,5.38,0.0,0.0,837.1,831.2,828.3,74.528,74.39,74.455
P1,IB5,P1-IB5-4.1-SI05,SACU-2,19,19,0,100.0,0.0,MBUS-21,On-grid,486.33,106.972,0.048,1073.5,1073.5,1073.5,1073.5,1065.8,1065.8,1065.8,1065.8,1065.8,1077.7,1077.7,1077.7,1077.7,1077.7,1077.8,1077.8,1077.8,1077.8,1083.7,1083.7,1083.7,1083.7,1083.7,1076.0,1076.0,1076.0,1076.0,1076.0,5.49,5.26,5.14,5.35,5.15,5.43,5.26,0.0,0.0,5.42,5.33,5.29,0.0,0.0,5.48,5.3,5.16,0.0,5.41,5.16,5.34,0.0,0.0,5.07,5.37,5.28,0.0,0.0,837.5,833.0,828.0,74.571,73.984,74.485
P1,IB5,P1-IB5-4.1-SI06,SACU-2,19,14,5,73.68,26.32,MBUS-22,On-grid,359.05,78.722,0.019,1075.5,1075.5,1075.5,1075.5,1067.0,1067.0,1067.0,1067.0,1067.0,1085.5,1085.5,1085.5,1085.5,1085.5,404.9,404.9,404.9,404.9,1122.8,1122.8,1122.8,1122.8,1122.8,1085.1,1085.1,1085.1,1085.1,1085.1,0.0,5.26,5.41,5.28,5.12,5.46,5.52,0.0,0.0,5.31,5.36,5.36,0.0,0.0,0.0,0.0,0.0,0.0,0.0,5.1,4.97,0.0,0.0,5.03,5.31,5.42,0.0,0.0,837.5,827.5,831.7,55.147,54.517,54.729
P1,IB5,P1-IB5-4.1-SI07,SACU-2,19,14,5,73.68,26.32,MBUS-23,On-grid,363.46,79.748,-0.069,1089.2,1089.2,1089.2,1089.2,1086.3,1086.3,1086.3,1086.3,1086.3,1091.3,1091.3,1091.3,1091.3,1091.3,1078.5,1078.5,1078.5,1078.5,1074.6,1074.6,1074.6,1074.6,1074.6,1087.6,1087.6,1087.6,1087.6,1087.6,0.0,5.28,5.1,0.0,0.0,5.34,5.2,0.0,0.0,5.66,5.14,0.0,0.0,0.0,5.4,5.35,5.13,0.0,5.6,5.26,0.0,0.0,0.0,5.28,5.34,5.34,0.0,0.0,835.8,826.2,831.6,55.785,54.894,55.338
P1,IB5,P1-IB5-4.1-SI08,SACU-2,19,19,0,100.0,0.0,MBUS-24,On-grid,491.59,108.37,-0.072,1089.8,1089.8,1089.8,1089.8,1082.6,1082.6,1082.6,1082.6,1082.6,1078.6,1078.6,1078.6,1078.6,1078.6,1085.5,1085.5,1085.5,1085.5,1081.4,1081.4,1081.4,1081.4,1081.4,1081.3,1081.3,1081.3,1081.3,1081.3,5.44,5.24,5.27,5.24,5.34,5.31,5.35,0.0,0.0,5.45,5.3,5.34,0.0,0.0,5.47,5.28,5.16,0.0,5.47,5.25,5.37,0.0,0.0,5.41,5.28,5.37,0.0,0.0,835.6,825.6,832.0,75.657,75.092,75.193
P1,IB5,P1-IB5-4.2-SI09,SACU-2,19,19,0,100.0,0.0,MBUS-25,On-grid,487.16,107.785,-0.038,1078.8,1078.8,1078.8,1078.8,1090.3,1090.3,1090.3,1090.3,1090.3,1072.5,1072.5,1072.5,1072.5,1072.5,1089.0,1089.0,1089.0,1089.0,1086.4,1086.4,1086.4,1086.4,1086.4,1089.3,1089.3,1089.3,1089.3,1089.3,5.41,5.3,5.2,5.38,5.3,5.35,5.24,0.0,0.0,5.66,5.24,5.4,0.0,0.0,5.43,5.23,5.19,0.0,5.49,5.24,5.28,0.0,0.0,5.43,5.23,5.23,0.0,0.0,835.3,829.3,827.9,75.321,74.678,74.823
P1,IB5,P1-IB5-4.2-SI10,SACU-2,19,19,0,100.0,0.0,MBUS-26,On-grid,493.84,108.717,-0.017,1086.1,1086.1,1086.1,1086.1,1080.8,1080.8,1080.8,1080.8,1080.8,1089.8,1089.8,1089.8,1089.8,1089.8,1079.9,1079.9,1079.9,1079.9,1093.7,1093.7,1093.7,1093.7,1093.7,1089.6,1089.6,1089.6,1089.6,1089.6,5.34,5.19,5.43,5.21,5.36,5.22,5.32,0.0,0.0,5.48,5.25,5.22,0.0,0.0,5.62,5.19,5.37,0.0,5.62,5.22,5.13,0.0,0.0,5.59,5.26,5.32,0.0,0.0,836.9,827.2,833.0,75.458,75.365,75.333
P1,IB5,P1-IB5-4.2-SI11,SACU-2,19,9,10,47.37,52.63,MBUS-27,On-grid,234.07,51.169,0.027,1072.9,1072.9,1072.9,1072.9,1090.1,1090.1,1090.1,1090.1,1090.1,1094.5,1094.5,1094.5,1094.5,1094.5,1080.9,1080.9,1080.9,1080.9,1083.9,1083.9,1083.9,1083.9,1083.9,383.7,383.7,383.7,383.7,383.7,5.46,0.0,0.0,0.0,5.04,5.52,5.28,0.0,0.0,5.41,5.12,0.0,0.0,0.0,5.59,0.0,0.0,0.0,0.0,5.3,5.39,0.0,0.0,0.0,0.0,0.0,0.0,0.0,834.0,825.0,830.1,36.279,35.538,35.499
P1,IB5,P1-IB5-4.2-SI12,SACU-2,19,14,5,73.68,26.32,MBUS-28,On-grid,364.02,80.137,0.023,1092.1,1092.1,1092.1,1092.1,1076.1,1076.1,1076.1,1076.1,1076.1,1076.8,1076.8,1076.8,1076.8,1076.8,1074.4,1074.4,1074.4,1074.4,1094.5,1094.5,1094.5,1094.5,1094.5,1086.8,1086.8,1086.8,1086.8,1086.8,5.49,5.31,5.26,5.26,5.61,0.0,0.0,0.0,0.0,5.81,0.0,0.0,0.0,0.0,5.48,5.34,5.21,0.0,5.74,5.31,5.32,0.0,0.0,5.57,5.23,0.0,0.0,0.0,834.5,829.6,826.1,55.994,55.608,55.783
P1,IB5,P1-IB5-4.2-SI13,SACU-2,19,9,10,47.37,52.63,MBUS-29,On-grid,232.54,51.31,0.009,1075.6,1075.6,1075.6,1075.6,386.7,386.7,386.7,386.7,386.7,1080.7,1080.7,1080.7,1080.7,1080.7,1099.7,1099.7,1099.7,1099.7,1085.9,1085.9,1085.9,1085.9,1085.9,1073.1,1073.1,1073.1,1073.1,1073.1,5.45,0.0,0.0,0.0,0.0,0.0,0.0,0.0,0.0,5.49,0.0,0.0,0.0,0.0,5.41,5.29,0.0,0.0,0.0,5.47,5.28,0.0,0.0,5.28,5.29,5.45,0.0,0.0,834.2,828.2,826.9,35.798,35.334,35.476
P1,IB5,P1-IB5-4.2-SI14,SACU-2,19,13,6,68.42,31.58,MBUS-30,On-grid,331.77,73.242,-0.053,1076.2,1076.2,1076.2,1076.2,1086.0,1086.0,1086.0,1086.0,1086.0,1080.7,1080.7,1080.7,1080.7,1080.7,1072.7,1072.7,1072.7,1072.7,1077.4,1077.4,1077.4,1077.4,1077.4,1074.9,1074.9,1074.9,1074.9,1074.9,0.0,5.18,5.13,5.36,5.19,5.37,5.2,0.0,0.0,0.0,5.21,0.0,0.0,0.0,5.71,0.0,0.0,0.0,5.64,5.24,0.0,0.0,0.0,5.45,5.23,5.2,0.0,0.0,836.5,826.6,831.7,50.872,50.801,50.744
P1,IB5,P1-IB5-4.2-SI15,SACU-2,19,15,4,78.95,21.05,MBUS-31,On-grid,381.19,83.971,-0.069,1052.6,1052.6,1052.6,1052.6,1080.1,1080.1,1080.1,1080.1,1080.1,1092.1,1092.1,1092.1,1092.1,1092.1,1066.7,1066.7,1066.7,1066.7,1081.1,1081.1,1081.1,1081.1,1081.1,1089.1,1089.1,1089.1,1089.1,1089.1,5.38,4.96,5.22,5.45,5.31,5.35,5.16,0.0,0.0,5.5,5.28,0.0,0.0,0.0,0.0,5.29,5.2,0.0,5.76,5.17,0.0,0.0,0.0,5.56,0.0,5.08,0.0,0.0,837.7,829.0,833.4,58.545,57.969,58.123
P1,IB5,P1-IB5-4.2-SI16,SACU-2,19,18,1,94.74,5.26,MBUS-32,On-grid,463.55,102.232,0.0,1093.2,1093.2,1093.2,1093.2,1085.1,1085.1,1085.1,1085.1,1085.1,1089.2,1089.2,1089.2,1089.2,1089.2,1098.3,1098.3,1098.3,1098.3,1080.4,1080.4,1080.4,1080.4,1080.4,1087.6,1087.6,1087.6,1087.6,1087.6,0.0,5.29,5.14,5.28,5.23,5.36,5.17,0.0,0.0,5.63,5.08,5.29,0.0,0.0,5.38,5.26,5.14,0.0,5.56,5.28,5.3,0.0,0.0,5.36,5.26,5.18,0.0,0.0,838.9,830.1,834.2,70.8,70.466,71.124
P1,IB6,P1-IB6-1.1-SI01,SACU-1,19,18,1,94.74,5.26,MBUS-1,On-grid,468.83,103.174,-0.015,1094.8,1094.8,1094.8,1094.8,1090.6,1090.6,1090.6,1090.6,1090.6,1106.1,1106.1,1106.1,1106.1,1106.1,1112.9,1112.9,1112.9,1112.9,1089.5,1089.5,1089.5,1089.5,1089.5,1092.6,1092.6,1092.6,1092.6,1092.6,5.5,5.26,5.37,5.3,5.24,5.3,5.44,0.0,0.0,5.41,5.27,4.68,0.0,0.0,5.41,5.25,5.22,0.0,5.52,5.4,5.2,0.0,0.0,5.01,5.28,0.0,0.0,0.0,834.2,825.1,830.1,72.22,71.724,72.077
P1,IB6,P1-IB6-1.1-SI02,SACU-1,19,17,2,89.47,10.53,MBUS-2,On-grid,441.01,97.402,0.075,1074.1,1074.1,1074.1,1074.1,1089.9,1089.9,1089.9,1089.9,1089.9,1100.6,1100.6,1100.6,1100.6,1100.6,1095.2,1095.2,1095.2,1095.2,1091.9,1091.9,1091.9,1091.9,1091.9,1083.3,1083.3,1083.3,1083.3,1083.3,5.4,5.41,5.28,5.43,5.28,5.46,5.28,0.0,0.0,5.72,0.0,5.33,0.0,0.0,5.39,5.31,5.19,0.0,5.67,5.21,5.19,0.0,0.0,5.37,5.28,0.0,0.0,0.0,834.7,825.8,830.0,68.019,67.755,67.944
P1,IB6,P1-IB6-1.1-SI03,SACU-1,19,13,6,68.42,31.58,MBUS-3,On-grid,338.74,74.319,-0.028,1075.3,1075.3,1075.3,1075.3,369.9,369.9,369.9,369.9,369.9,1075.7,1075.7,1075.7,1075.7,1075.7,1086.2,1086.2,1086.2,1086.2,1082.4,1082.4,1082.4,1082.4,1082.4,1083.5,1083.5,1083.5,1083.5,1083.5,5.5,5.3,5.29,0.0,0.0,0.0,0.0,0.0,0.0,5.44,0.0,0.0,0.0,0.0,5.43,5.27,5.42,0.0,5.28,5.42,5.21,0.0,0.0,5.27,5.35,5.52,0.0,0.0,833.8,826.3,829.0,52.044,51.497,51.427
P1,IB6,P1-IB6-1.1-SI04,SACU-1,19,6,13,31.58,68.42,MBUS-4,On-grid,156.94,34.47,0.004,1085.3,1085.3,1085.3,1085.3,359.9,359.9,359.9,359.9,359.9,1081.4,1081.4,1081.4,1081.4,1081.4,360.9,360.9,360.9,360.9,1078.0,1078.0,1078.0,1078.0,1078.0,1088.1,1088.1,1088.1,1088.1,1088.1,5.65,0.0,0.0,0.0,0.0,0.0,0.0,0.0,0.0,5.54,0.0,0.0,0.0,0.0,0.0,0.0,0.0,0.0,0.0,5.61,5.43,0.0,0.0,0.0,5.47,5.37,0.0,0.0,833.8,829.5,825.3,24.534,23.907,23.831
P1,IB6,P1-IB6-1.1-SI05,SACU-1,19,7,12,36.84,63.16,MBUS-5,On-grid,180.42,39.736,-0.004,1074.8,1074.8,1074.8,1074.8,354.8,354.8,354.8,354.8,354.8,1080.4,1080.4,1080.4,1080.4,1080.4,358.1,358.1,358.1,358.1,1090.0,1090.0,1090.0,1090.0,1090.0,1078.6,1078.6,1078.6,1078.6,1078.6,5.68,0.0,0.0,0.0,0.0,0.0,0.0,0.0,0.0,5.54,0.0,0.0,0.0,0.0,0.0,0.0,0.0,0.0,5.07,5.47,5.27,0.0,0.0,5.43,0.0,5.38,0.0,0.0,833.5,824.5,829.3,28.082,27.54,27.914
P1,IB6,P1-IB6-1.1-SI06,SACU-1,19,12,7,63.16,36.84,MBUS-6,On-grid,308.16,67.768,0.036,1072.8,1072.8,1072.8,1072.8,1087.5,1087.5,1087.5,1087.5,1087.5,1087.1,1087.1,1087.1,1087.1,1087.1,1091.5,1091.5,1091.5,1091.5,1091.4,1091.4,1091.4,1091.4,1091.4,1083.3,1083.3,1083.3,1083.3,1083.3,5.61,0.0,5.18,0.0,0.0,5.3,5.24,0.0,0.0,5.67,0.0,0.0,0.0,0.0,0.0,0.0,5.21,0.0,5.57,5.17,5.39,0.0,0.0,5.58,5.23,5.27,0.0,0.0,834.9,830.2,827.7,47.446,47.07,47.016
P1,IB6,P1-IB6-1.1-SI07,SACU-1,19,12,7,63.16,36.84,MBUS-7,On-grid,308.8,68.029,-0.088,1074.4,1074.4,1074.4,1074.4,1083.1,1083.1,1083.1,1083.1,1083.1,1074.1,1074.1,1074.1,1074.1,1074.1,373.6,373.6,373.6,373.6,1089.1,1089.1,1089.1,1089.1,1089.1,1075.8,1075.8,1075.8,1075.8,1075.8,5.22,5.41,5.28,0.0,4.88,5.46,5.39,0.0,0.0,5.73,0.0,0.0,0.0,0.0,0.0,0.0,0.0,0.0,5.14,5.55,5.26,0.0,0.0,5.37,5.41,0.0,0.0,0.0,834.6,829.6,826.8,47.843,47.142,47.259
P1,IB6,P1-IB6-1.1-SI08,SACU-1,19,11,8,57.89,42.11,MBUS-8,On-grid,285.29,62.7,0.27,1082.1,1082.1,1082.1,1082.1,1098.0,1098.0,1098.0,1098.0,1098.0,1088.8,1088.8,1088.8,1088.8,1088.8,375.0,375.0,375.0,375.0,1091.8,1091.8,1091.8,1091.8,1091.8,1086.2,1086.2,1086.2,1086.2,1086.2,5.27,5.32,5.38,5.28,5.27,5.37,0.0,0.0,0.0,5.66,0.0,0.0,0.0,0.0,0.0,0.0,0.0,0.0,0.0,0.0,5.18,0.0,0.0,5.32,5.31,5.4,0.0,0.0,835.0,825.9,830.6,43.972,43.401,43.613
P1,IB6,P1-IB6-1.2-SI09,SACU-1,19,19,0,100.0,0.0,MBUS-9,On-grid,490.84,108.495,0.03,1093.1,1093.1,1093.1,1093.1,1092.1,1092.1,1092.1,1092.1,1092.1,1079.0,1079.0,1079.0,1079.0,1079.0,1090.0,1090.0,1090.0,1090.0,1088.6,1088.6,1088.6,1088.6,1088.6,1090.8,1090.8,1090.8,1090.8,1090.8,5.58,5.27,5.26,5.16,5.49,5.32,5.36,0.0,0.0,5.46,5.35,5.23,0.0,0.0,5.53,5.12,5.29,0.0,5.39,5.35,5.17,0.0,0.0,5.48,5.14,5.34,0.0,0.0,836.9,830.5,828.9,75.539,75.541,75.178
P1,IB6,P1-IB6-1.2-SI10,SACU-1,19,9,10,47.37,52.63,MBUS-10,On-grid,232.8,51.377,0.024,1083.5,1083.5,1083.5,1083.5,356.5,356.5,356.5,356.5,356.5,1084.7,1084.7,1084.7,1084.7,1084.7,357.1,357.1,357.1,357.1,1080.7,1080.7,1080.7,1080.7,1080.7,1095.7,1095.7,1095.7,1095.7,1095.7,5.31,5.33,5.2,0.0,0.0,0.0,0.0,0.0,0.0,5.6,0.0,0.0,0.0,0.0,0.0,0.0,0.0,0.0,5.09,5.36,5.55,0.0,0.0,0.0,5.53,5.34,0.0,0.0,834.3,828.3,827.2,36.006,35.516,35.595
P1,IB6,P1-IB6-1.2-SI11,SACU-1,19,17,2,89.47,10.53,MBUS-11,On-grid,440.42,97.03,-0.113,1080.5,1080.5,1080.5,1080.5,1072.4,1072.4,1072.4,1072.4,1072.4,1070.1,1070.1,1070.1,1070.1,1070.1,1088.5,1088.5,1088.5,1088.5,1101.7,1101.7,1101.7,1101.7,1101.7,1090.7,1090.7,1090.7,1090.7,1090.7,5.61,5.13,5.19,5.32,5.35,0.0,0.0,0.0,0.0,5.23,5.4,5.4,0.0,0.0,5.25,5.35,5.38,0.0,5.43,5.32,5.36,0.0,0.0,5.24,5.34,5.26,0.0,0.0,836.4,830.4,826.4,67.645,67.175,67.302
P1,IB6,P1-IB6-1.2-SI12,SACU-1,19,19,0,100.0,0.0,MBUS-12,On-grid,491.47,108.423,0.093,1088.0,1088.0,1088.0,1088.0,1094.6,1094.6,1094.6,1094.6,1094.6,1093.6,1093.6,1093.6,1093.6,1093.6,1078.4,1078.4,1078.4,1078.4,1081.1,1081.1,1081.1,1081.1,1081.1,1100.9,1100.9,1100.9,1100.9,1100.9,5.51,5.18,5.34,5.2,5.13,5.26,5.41,0.0,0.0,5.38,5.33,5.24,0.0,0.0,5.49,5.23,5.4,0.0,5.38,5.35,5.33,0.0,0.0,5.09,5.26,5.34,0.0,0.0,836.5,829.4,830.4,75.545,75.379,75.402
P1,IB6,P1-IB6-1.2-SI13,SACU-1,19,2,17,10.53,89.47,MBUS-13,On-grid,52.99,11.61,0.007,1091.7,1091.7,1091.7,1091.7,321.3,321.3,321.3,321.3,321.3,1080.7,1080.7,1080.7,1080.7,1080.7,318.3,318.3,318.3,318.3,315.7,315.7,315.7,315.7,315.7,317.8,317.8,317.8,317.8,317.8,5.42,0.0,0.0,0.0,0.0,0.0,0.0,0.0,0.0,5.37,0.0,0.0,0.0,0.0,0.0,0.0,0.0,0.0,0.0,0.0,0.0,0.0,0.0,0.0,0.0,0.0,0.0,0.0,832.9,823.0,828.4,8.071,8.136,8.119
P1,IB6,P1-IB6-1.2-SI14,SACU-1,19,19,0,100.0,0.0,MBUS-14,On-grid,493.66,108.429,0.025,1080.3,1080.3,1080.3,1080.3,1079.1,1079.1,1079.1,1079.1,1079.1,1088.0,1088.0,1088.0,1088.0,1088.0,1084.0,1084.0,1084.0,1084.0,1081.7,1081.7,1081.7,1081.7,1081.7,1079.5,1079.5,1079.5,1079.5,1079.5,5.71,5.24,5.32,5.23,5.46,5.36,5.18,0.0,0.0,5.61,5.27,5.16,0.0,0.0,5.6,5.26,5.3,0.0,5.62,5.34,5.4,0.0,0.0,5.67,5.31,5.38,0.0,0.0,835.9,829.7,827.6,75.765,75.226,75.414
P1,IB6,P1-IB6-1.2-SI15,SACU-1,19,11,8,57.89,42.11,MBUS-15,On-grid,287.92,63.167,0.043,1099.2,1099.2,1099.2,1099.2,362.3,362.3,362.3,362.3,362.3,1106.2,1106.2,1106.2,1106.2,1106.2,1073.6,1073.6,1073.6,1073.6,1099.6,1099.6,1099.6,1099.6,1099.6,356.6,356.6,356.6,356.6,356.6,5.19,5.45,5.17,0.0,0.0,0.0,0.0,0.0,0.0,5.07,5.34,0.0,0.0,0.0,5.18,5.44,5.56,0.0,5.11,5.48,5.39,0.0,0.0,0.0,0.0,0.0,0.0,0.0,835.4,831.0,825.1,44.339,43.766,44.077
P1,IB6,P1-IB6-1.2-SI16,SACU-1,19,4,15,21.05,78.95,MBUS-16,On-grid,104.4,22.861,0.081,1085.8,1085.8,1085.8,1085.8,341.1,341.1,341.1,341.1,341.1,1098.9,1098.9,1098.9,1098.9,1098.9,1078.3,1078.3,1078.3,1078.3,340.3,340.3,340.3,340.3,340.3,339.3,339.3,339.3,339.3,339.3,5.57,0.0,0.0,0.0,0.0,0.0,0.0,0.0,0.0,5.01,5.34,0.0,0.0,0.0,5.47,0.0,0.0,0.0,0.0,0.0,0.0,0.0,0.0,0.0,0.0,0.0,0.0,0.0,833.3,823.7,828.4,16.422,16.147,16.241
P1,IB6,P1-IB6-2.1-SI01,SACU-1,19,7,12,36.84,63.16,MBUS-17,On-grid,187.25,40.736,0.066,1097.7,1097.7,1097.7,1097.7,1091.1,1091.1,1091.1,1091.1,1091.1,1087.9,1087.9,1087.9,1087.9,1087.9,361.1,361.1,361.1,361.1,355.5,355.5,355.5,355.5,355.5,1098.4,1098.4,1098.4,1098.4,1098.4,5.5,0.0,5.36,0.0,5.49,0.0,0.0,0.0,0.0,5.52,0.0,0.0,0.0,0.0,0.0,0.0,0.0,0.0,0.0,0.0,0.0,0.0,0.0,5.22,5.49,5.48,0.0,0.0,833.9,828.9,825.2,28.832,28.24,28.375
P1,IB6,P1-IB6-2.1-SI02,SACU-1,19,8,11,42.11,57.89,MBUS-18,On-grid,212.19,46.158,0.125,1086.1,1086.1,1086.1,1086.1,1088.9,1088.9,1088.9,1088.9,1088.9,1087.7,1087.7,1087.7,1087.7,1087.7,342.3,342.3,342.3,342.3,338.6,338.6,338.6,338.6,338.6,339.4,339.4,339.4,339.4,339.4,5.32,0.0,5.47,5.4,5.12,5.57,0.0,0.0,0.0,5.15,5.61,5.49,0.0,0.0,0.0,0.0,0.0,0.0,0.0,0.0,0.0,0.0,0.0,0.0,0.0,0.0,0.0,0.0,835.0,829.5,827.0,32.677,32.033,32.048
P1,IB6,P1-IB6-2.1-SI03,SACU-1,19,11,8,57.89,42.11,MBUS-19,On-grid,290.78,63.218,0.063,1086.2,1086.2,1086.2,1086.2,1103.4,1103.4,1103.4,1103.4,1103.4,1076.8,1076.8,1076.8,1076.8,1076.8,1095.9,1095.9,1095.9,1095.9,1082.7,1082.7,1082.7,1082.7,1082.7,1089.1,1089.1,1089.1,1089.1,1089.1,5.5,5.25,5.16,5.44,5.6,0.0,0.0,0.0,0.0,5.85,0.0,0.0,0.0,0.0,0.0,0.0,5.21,0.0,5.44,5.36,0.0,0.0,0.0,0.0,5.42,5.31,0.0,0.0,835.9,827.1,831.5,44.59,44.042,44.031
P1,IB6,P1-IB6-2.1-SI04,SACU-1,19,13,6,68.42,31.58,MBUS-20,On-grid,343.66,75.192,-0.011,1099.3,1099.3,1099.3,1099.3,1086.6,1086.6,1086.6,1086.6,1086.6,1087.8,1087.8,1087.8,1087.8,1087.8,1097.9,1097.9,1097.9,1097.9,1088.4,1088.4,1088.4,1088.4,1088.4,1088.9,1088.9,1088.9,1088.9,1088.9,5.64,5.26,5.07,5.39,0.0,5.36,0.0,0.0,0.0,5.63,5.24,0.0,0.0,0.0,0.0,5.37,0.0,0.0,5.61,0.0,5.17,5.39,0.0,0.0,5.26,5.44,0.0,0.0,836.7,826.7,832.2,52.717,51.899,52.623
P1,IB6,P1-IB6-2.1-SI05,SACU-1,19,18,1,94.74,5.26,MBUS-21,On-grid,468.24,102.959,-0.012,1082.9,1082.9,1082.9,1082.9,1072.7,1072.7,1072.7,1072.7,1072.7,1074.2,1074.2,1074.2,1074.2,1074.2,1079.4,1079.4,1079.4,1079.4,1093.5,1093.5,1093.5,1093.5,1093.5,1075.2,1075.2,1075.2,1075.2,1075.2,5.65,0.0,5.38,5.31,5.23,5.43,5.26,0.0,0.0,5.51,5.38,5.36,0.0,0.0,5.54,5.23,5.4,0.0,5.31,5.48,5.23,0.0,0.0,5.32,5.27,5.46,0.0,0.0,837.2,832.9,828.2,71.898,71.515,71.548
P1,IB6,P1-IB6-2.1-SI06,SACU-1,19,18,1,94.74,5.26,MBUS-22,On-grid,474.35,103.693,-0.111,1091.1,1091.1,1091.1,1091.1,1085.8,1085.8,1085.8,1085.8,1085.8,1064.6,1064.6,1064.6,1064.6,1064.6,1099.4,1099.4,1099.4,1099.4,1076.3,1076.3,1076.3,1076.3,1076.3,1092.1,1092.1,1092.1,1092.1,1092.1,5.48,5.41,5.25,5.34,5.31,5.42,0.0,0.0,0.0,5.32,5.4,5.34,0.0,0.0,5.56,5.35,5.17,0.0,5.51,5.32,5.39,0.0,0.0,5.15,5.38,5.31,0.0,0.0,839.5,830.5,834.7,72.394,71.702,72.01
P1,IB6,P1-IB6-2.1-SI07,SACU-1,19,18,1,94.74,5.26,MBUS-23,On-grid,470.32,103.575,0.055,1093.9,1093.9,1093.9,1093.9,1086.0,1086.0,1086.0,1086.0,1086.0,1095.1,1095.1,1095.1,1095.1,1095.1,1094.3,1094.3,1094.3,1094.3,1089.2,1089.2,1089.2,1089.2,1089.2,1116.9,1116.9,1116.9,1116.9,1116.9,5.43,5.19,5.4,5.34,5.14,5.47,5.27,0.0,0.0,5.23,5.37,5.36,0.0,0.0,5.38,5.29,5.21,0.0,5.23,5.47,0.0,0.0,0.0,4.85,5.32,5.47,0.0,0.0,837.8,829.0,832.6,71.926,71.651,72.185
P1,IB6,P1-IB6-2.1-SI08,SACU-1,19,19,0,100.0,0.0,MBUS-24,On-grid,497.56,108.784,0.076,1090.1,1090.1,1090.1,1090.1,1081.5,1081.5,1081.5,1081.5,1081.5,1092.2,1092.2,1092.2,1092.2,1092.2,1095.0,1095.0,1095.0,1095.0,1083.6,1083.6,1083.6,1083.6,1083.6,1083.1,1083.1,1083.1,1083.1,1083.1,5.51,5.36,5.15,5.38,5.29,5.47,5.27,0.0,0.0,5.51,5.15,5.43,0.0,0.0,5.54,5.29,5.05,0.0,5.55,5.21,5.38,0.0,0.0,5.48,5.34,5.33,0.0,0.0,840.0,830.7,836.0,75.277,75.162,75.607
P1,IB6,P1-IB6-2.2-SI09,SACU-1,19,10,9,52.63,47.37,MBUS-25,On-grid,259.74,56.99,-0.035,1084.8,1084.8,1084.8,1084.8,1066.4,1066.4,1066.4,1066.4,1066.4,1072.1,1072.1,1072.1,1072.1,1072.1,1075.9,1075.9,1075.9,1075.9,354.8,354.8,354.8,354.8,354.8,354.2,354.2,354.2,354.2,354.2,5.2,5.42,5.42,5.37,0.0,5.63,5.51,0.0,0.0,5.32,5.36,5.34,0.0,0.0,5.39,0.0,0.0,0.0,0.0,0.0,0.0,0.0,0.0,0.0,0.0,0.0,0.0,0.0,833.6,828.0,825.0,40.405,39.591,39.759
P1,IB6,P1-IB6-2.2-SI10,SACU-1,19,4,15,21.05,78.95,MBUS-26,On-grid,106.53,23.223,0.051,1085.4,1085.4,1085.4,1085.4,361.4,361.4,361.4,361.4,361.4,1072.2,1072.2,1072.2,1072.2,1072.2,354.0,354.0,354.0,354.0,1086.7,1086.7,1086.7,1086.7,1086.7,1083.7,1083.7,1083.7,1083.7,1083.7,5.59,0.0,0.0,0.0,0.0,0.0,0.0,0.0,0.0,5.35,0.0,0.0,0.0,0.0,0.0,0.0,0.0,0.0,0.0,5.48,0.0,0.0,0.0,0.0,5.53,0.0,0.0,0.0,831.9,823.1,827.5,17.043,16.14,16.523
P1,IB6,P1-IB6-2.2-SI11,SACU-1,19,19,0,100.0,0.0,MBUS-27,On-grid,490.93,108.383,0.069,1081.8,1081.8,1081.8,1081.8,1091.9,1091.9,1091.9,1091.9,1091.9,1080.4,1080.4,1080.4,1080.4,1080.4,1090.9,1090.9,1090.9,1090.9,1085.3,1085.3,1085.3,1085.3,1085.3,1095.7,1095.7,1095.7,1095.7,1095.7,5.27,5.43,5.3,5.36,5.03,5.37,5.14,0.0,0.0,5.51,5.11,5.3,4.99,0.0,5.56,5.16,0.0,0.0,5.31,5.3,5.47,0.0,0.0,5.19,5.39,5.43,0.0,0.0,837.4,832.4,828.8,75.242,74.994,75.233
P1,IB6,P1-IB6-2.2-SI12,SACU-1,19,19,0,100.0,0.0,MBUS-28,On-grid,495.6,108.767,-0.061,1084.6,1084.6,1084.6,1084.6,1081.1,1081.1,1081.1,1081.1,1081.1,1089.0,1089.0,1089.0,1089.0,1089.0,1093.5,1093.5,1093.5,1093.5,1083.7,1083.7,1083.7,1083.7,1083.7,1076.6,1076.6,1076.6,1076.6,1076.6,5.46,5.14,5.28,5.21,5.33,5.24,5.42,0.0,0.0,5.49,5.46,5.36,0.0,0.0,5.5,5.33,5.3,0.0,5.55,5.23,5.4,0.0,0.0,5.43,5.42,5.38,0.0,0.0,835.8,826.7,831.3,75.791,75.897,75.722
P1,IB6,P1-IB6-2.2-SI13,SACU-1,19,7,12,36.84,63.16,MBUS-29,On-grid,183.1,40.177,-0.035,1085.9,1085.9,1085.9,1085.9,355.4,355.4,355.4,355.4,355.4,1067.4,1067.4,1067.4,1067.4,1067.4,357.2,357.2,357.2,357.2,1095.3,1095.3,1095.3,1095.3,1095.3,1092.7,1092.7,1092.7,1092.7,1092.7,5.34,5.35,0.0,0.0,0.0,0.0,0.0,0.0,0.0,5.5,0.0,0.0,0.0,0.0,0.0,0.0,0.0,0.0,5.06,5.28,0.0,5.54,0.0,5.55,0.0,0.0,0.0,0.0,835.2,830.2,825.6,28.375,27.766,28.026
P1,IB6,P1-IB6-2.2-SI14,SACU-1,19,9,10,47.37,52.63,MBUS-30,On-grid,235.41,51.467,-0.001,1081.5,1081.5,1081.5,1081.5,1091.2,1091.2,1091.2,1091.2,1091.2,1098.6,1098.6,1098.6,1098.6,1098.6,1086.1,1086.1,1086.1,1086.1,356.0,356.0,356.0,356.0,356.0,355.1,355.1,355.1,355.1,355.1,5.14,5.5,5.41,0.0,-0.55,5.46,5.42,0.0,0.0,5.32,5.44,0.0,0.0,0.0,5.28,5.42,0.0,0.0,0.0,0.0,0.0,0.0,0.0,0.0,0.0,0.0,0.0,0.0,836.0,828.5,828.7,36.166,35.458,35.66
P1,IB6,P1-IB6-2.2-SI15,SACU-1,19,15,4,78.95,21.05,MBUS-31,On-grid,392.23,85.81,-0.079,1094.7,1094.7,1094.7,1094.7,1094.0,1094.0,1094.0,1094.0,1094.0,1091.7,1091.7,1091.7,1091.7,1091.7,375.2,375.2,375.2,375.2,1086.6,1086.6,1086.6,1086.6,1086.6,1090.2,1090.2,1090.2,1090.2,1090.2,5.04,5.46,5.15,5.4,5.22,5.33,5.36,0.0,0.0,5.41,5.25,5.42,0.0,0.0,0.0,0.0,0.0,0.0,0.0,5.45,5.26,0.0,0.0,5.31,5.33,5.39,0.0,0.0,838.6,828.8,833.0,59.677,59.418,59.382
P1,IB6,P1-IB6-2.2-SI16,SACU-1,19,6,13,31.58,68.42,MBUS-32,On-grid,154.88,34.602,0.048,1093.3,1093.3,1093.3,1093.3,1084.1,1084.1,1084.1,1084.1,1084.1,1095.9,1095.9,1095.9,1095.9,1095.9,361.6,361.6,361.6,361.6,357.1,357.1,357.1,357.1,357.1,1093.3,1093.3,1093.3,1093.3,1093.3,5.54,0.0,0.0,0.0,5.16,5.49,0.0,0.0,0.0,5.51,0.0,0.0,0.0,0.0,0.0,0.0,0.0,0.0,0.0,0.0,0.0,0.0,0.0,5.28,5.24,0.0,0.0,0.0,835.1,827.2,831.7,24.382,23.827,23.935
P1,IB6,P1-IB6-3.1-SI01,SACU-2,19,7,12,36.84,63.16,MBUS-1,On-grid,185.57,40.381,-29.778,1123.0,1123.0,1123.0,1123.0,1091.2,1091.2,1091.2,1091.2,1091.2,1092.8,1092.8,1092.8,1092.8,1092.8,1084.6,1084.6,1084.6,1084.6,369.7,369.7,369.7,369.7,369.7,366.1,366.1,366.1,366.1,366.1,5.24,0.0,0.0,0.0,0.0,5.58,5.42,0.0,0.0,5.11,5.33,5.53,0.0,0.0,5.53,0.0,0.0,0.0,0.0,0.0,0.0,0.0,0.0,0.0,0.0,0.0,0.0,0.0,825.6,817.6,821.2,36.907,36.586,36.507
P1,IB6,P1-IB6-3.1-SI02,SACU-2,19,3,16,15.79,84.21,MBUS-2,On-grid,78.83,17.273,-29.635,1089.0,1089.0,1089.0,1089.0,352.1,352.1,352.1,352.1,352.1,1089.7,1089.7,1089.7,1089.7,1089.7,350.8,350.8,350.8,350.8,1071.6,1071.6,1071.6,1071.6,1071.6,350.1,350.1,350.1,350.1,350.1,5.49,0.0,0.0,0.0,0.0,0.0,0.0,0.0,0.0,5.42,0.0,0.0,0.0,0.0,0.0,0.0,0.0,0.0,5.52,0.0,0.0,0.0,0.0,0.0,0.0,0.0,0.0,0.0,824.4,814.5,819.9,26.733,26.341,25.978
P1,IB6,P1-IB6-3.1-SI03,SACU-2,19,2,17,10.53,89.47,MBUS-3,On-grid,49.4,11.15,-29.783,1086.2,1086.2,1086.2,1086.2,334.7,334.7,334.7,334.7,334.7,1105.6,1105.6,1105.6,1105.6,1105.6,335.8,335.8,335.8,335.8,333.4,333.4,333.4,333.4,333.4,334.8,334.8,334.8,334.8,334.8,0.0,5.55,0.0,0.0,0.0,0.0,0.0,0.0,0.0,5.42,0.0,0.0,0.0,0.0,0.0,0.0,0.0,0.0,0.0,0.0,0.0,0.0,0.0,0.0,0.0,0.0,0.0,0.0,823.7,819.1,815.6,24.673,24.09,23.981
P1,IB6,P1-IB6-3.1-SI04,SACU-2,19,11,8,57.89,42.11,MBUS-4,On-grid,288.85,63.47,-29.768,1101.5,1101.5,1101.5,1101.5,1089.0,1089.0,1089.0,1089.0,1089.0,1094.6,1094.6,1094.6,1094.6,1094.6,1085.5,1085.5,1085.5,1085.5,1090.4,1090.4,1090.4,1090.4,1090.4,1094.6,1094.6,1094.6,1094.6,1094.6,5.71,0.0,5.32,5.2,0.0,0.0,5.26,0.0,0.0,5.75,0.0,0.0,0.0,0.0,0.0,0.0,5.26,0.0,5.59,5.31,5.34,0.0,0.0,0.0,5.38,5.44,0.0,0.0,825.4,817.6,821.7,50.143,50.044,50.002
P1,IB6,P1-IB6-3.1-SI05,SACU-2,19,12,7,63.16,36.84,MBUS-5,On-grid,310.33,68.235,-29.749,1092.6,1092.6,1092.6,1092.6,1085.8,1085.8,1085.8,1085.8,1085.8,1112.6,1112.6,1112.6,1112.6,1112.6,1078.8,1078.8,1078.8,1078.8,1070.4,1070.4,1070.4,1070.4,1070.4,1100.5,1100.5,1100.5,1100.5,1100.5,0.0,0.0,5.2,5.23,5.49,5.42,0.0,0.0,0.0,5.8,0.0,5.14,0.0,0.0,0.0,5.26,5.18,0.0,0.0,5.36,5.16,0.0,0.0,5.73,5.09,0.0,0.0,0.0,826.0,822.3,816.6,53.232,53.076,53.149
P1,IB6,P1-IB6-3.1-SI06,SACU-2,19,19,0,100.0,0.0,MBUS-6,On-grid,488.99,107.374,-29.732,1087.2,1087.2,1087.2,1087.2,1083.4,1083.4,1083.4,1083.4,1083.4,1072.1,1072.1,1072.1,1072.1,1072.1,1079.1,1079.1,1079.1,1079.1,1071.1,1071.1,1071.1,1071.1,1071.1,1080.8,1080.8,1080.8,1080.8,1080.8,5.66,5.21,5.28,5.37,5.28,5.42,5.25,0.0,0.0,5.63,5.22,5.3,0.0,0.0,5.66,5.1,5.29,0.0,5.59,5.35,5.32,0.0,0.0,5.19,5.3,5.32,0.0,0.0,825.4,821.2,815.9,79.426,78.979,78.921
P1,IB6,P1-IB6-3.1-SI07,SACU-2,19,17,2,89.47,10.53,MBUS-7,On-grid,439.52,96.618,-29.64,1047.7,1047.7,1047.7,1047.7,1096.6,1096.6,1096.6,1096.6,1096.6,1084.8,1084.8,1084.8,1084.8,1084.8,1084.8,1084.8,1084.8,1084.8,1081.7,1081.7,1081.7,1081.7,1081.7,1092.3,1092.3,1092.3,1092.3,1092.3,5.6,5.17,5.31,5.16,5.25,5.38,5.11,0.0,0.0,5.67,5.34,5.38,0.0,0.0,5.54,5.21,5.31,0.0,5.6,5.42,0.0,0.0,0.0,0.0,5.37,5.31,0.0,0.0,826.1,817.6,821.9,72.023,71.584,71.647
P1,IB6,P1-IB6-3.1-SI08,SACU-2,19,13,6,68.42,31.58,MBUS-8,On-grid,333.36,73.226,-29.653,1054.1,1054.1,1054.1,1054.1,1092.0,1092.0,1092.0,1092.0,1092.0,1094.0,1094.0,1094.0,1094.0,1094.0,1083.5,1083.5,1083.5,1083.5,1085.5,1085.5,1085.5,1085.5,1085.5,382.7,382.7,382.7,382.7,382.7,5.11,5.37,5.36,0.0,5.11,5.51,5.3,0.0,0.0,5.66,0.0,0.0,0.0,0.0,5.2,5.35,5.25,0.0,5.39,5.3,5.28,0.0,0.0,0.0,0.0,0.0,0.0,0.0,826.6,816.6,821.5,56.179,56.192,56.329
P1,IB6,P1-IB6-3.2-SI09,SACU-2,19,8,11,42.11,57.89,MBUS-9,On-grid,207.37,45.419,-29.666,1100.6,1100.6,1100.6,1100.6,338.5,338.5,338.5,338.5,338.5,1090.9,1090.9,1090.9,1090.9,1090.9,336.7,336.7,336.7,336.7,333.9,333.9,333.9,333.9,333.9,334.4,334.4,334.4,334.4,334.4,4.77,5.35,5.54,5.44,0.0,0.0,0.0,0.0,0.0,4.76,5.43,5.7,5.19,0.0,0.0,0.0,0.0,0.0,0.0,0.0,0.0,0.0,0.0,0.0,0.0,0.0,0.0,0.0,824.6,818.2,818.2,39.637,39.172,39.268
P1,IB6,P1-IB6-3.2-SI10,SACU-2,19,8,11,42.11,57.89,MBUS-10,On-grid,209.44,45.872,-29.726,1094.9,1094.9,1094.9,1094.9,373.0,373.0,373.0,373.0,373.0,1098.9,1098.9,1098.9,1098.9,1098.9,1095.4,1095.4,1095.4,1095.4,1086.9,1086.9,1086.9,1086.9,1086.9,367.6,367.6,367.6,367.6,367.6,5.59,0.0,0.0,0.0,0.0,0.0,0.0,0.0,0.0,5.3,0.0,0.0,0.0,0.0,5.09,5.52,5.33,0.0,5.54,5.37,5.48,0.0,0.0,0.0,0.0,0.0,0.0,0.0,825.1,816.2,821.5,39.553,39.514,39.142
P1,IB6,P1-IB6-3.2-SI11,SACU-2,19,4,15,21.05,78.95,MBUS-11,On-grid,98.3,21.904,-29.706,1129.1,1129.1,1129.1,1129.1,351.8,351.8,351.8,351.8,351.8,1091.7,1091.7,1091.7,1091.7,1091.7,355.9,355.9,355.9,355.9,1051.7,1051.7,1051.7,1051.7,1051.7,349.6,349.6,349.6,349.6,349.6,5.22,0.0,0.0,0.0,0.0,0.0,0.0,0.0,0.0,5.5,0.0,0.0,0.0,0.0,0.0,0.0,0.0,0.0,5.25,0.0,5.54,0.0,0.0,0.0,0.0,0.0,0.0,0.0,824.7,815.6,820.4,27.832,27.485,27.263
P1,IB6,P1-IB6-3.2-SI12,SACU-2,19,18,1,94.74,5.26,MBUS-12,On-grid,469.63,102.943,-29.704,1094.2,1094.2,1094.2,1094.2,1088.8,1088.8,1088.8,1088.8,1088.8,1079.7,1079.7,1079.7,1079.7,1079.7,1101.5,1101.5,1101.5,1101.5,1101.2,1101.2,1101.2,1101.2,1101.2,1087.8,1087.8,1087.8,1087.8,1087.8,5.64,5.28,5.25,0.0,5.35,5.31,5.43,0.0,0.0,5.64,5.34,5.23,0.0,0.0,5.59,5.06,5.28,0.0,5.39,5.35,5.16,0.0,0.0,5.57,5.17,5.28,0.0,0.0,826.7,822.0,817.9,76.101,75.658,76.019
P1,IB6,P1-IB6-3.2-SI13,SACU-2,19,19,0,100.0,0.0,MBUS-13,On-grid,494.43,108.795,-29.658,1078.1,1078.1,1078.1,1078.1,1095.5,1095.5,1095.5,1095.5,1095.5,1081.8,1081.8,1081.8,1081.8,1081.8,1092.1,1092.1,1092.1,1092.1,1096.7,1096.7,1096.7,1096.7,1096.7,1101.4,1101.4,1101.4,1101.4,1101.4,5.58,5.19,5.27,5.28,5.59,5.18,0.0,0.0,0.0,5.56,5.3,5.21,5.17,0.0,5.56,5.2,5.24,5.25,0.0,5.43,5.18,0.0,0.0,5.39,5.22,5.32,0.0,0.0,825.4,817.1,821.7,79.351,80.276,79.799
P1,IB6,P1-IB6-3.2-SI14,SACU-2,19,12,7,63.16,36.84,MBUS-14,On-grid,317.67,69.491,-29.691,1108.7,1108.7,1108.7,1108.7,1097.0,1097.0,1097.0,1097.0,1097.0,1098.2,1098.2,1098.2,1098.2,1098.2,1097.9,1097.9,1097.9,1097.9,1094.7,1094.7,1094.7,1094.7,1094.7,1097.7,1097.7,1097.7,1097.7,1097.7,0.0,5.24,5.12,0.0,5.51,0.0,0.0,0.0,0.0,5.65,0.0,5.37,0.0,0.0,0.0,5.33,5.18,0.0,5.63,5.26,5.18,0.0,0.0,5.56,0.0,0.0,5.22,0.0,827.2,818.0,823.0,54.362,53.877,53.884
P1,IB6,P1-IB6-3.2-SI15,SACU-2,19,11,8,57.89,42.11,MBUS-15,On-grid,290.04,63.716,-29.67,1110.5,1110.5,1110.5,1110.5,368.7,368.7,368.7,368.7,368.7,1091.2,1091.2,1091.2,1091.2,1091.2,370.8,370.8,370.8,370.8,1096.9,1096.9,1096.9,1096.9,1096.9,1095.0,1095.0,1095.0,1095.0,1095.0,4.98,5.46,5.44,0.0,0.0,0.0,0.0,0.0,0.0,5.39,0.0,5.31,0.0,0.0,0.0,0.0,0.0,0.0,5.16,5.56,5.35,0.0,0.0,5.2,5.36,5.48,0.0,0.0,822.7,814.5,818.6,50.411,50.178,50.116
P1,IB6,P1-IB6-3.2-SI16,SACU-2,19,13,6,68.42,31.58,MBUS-16,On-grid,335.74,74.015,-29.694,1074.9,1074.9,1074.9,1074.9,1104.9,1104.9,1104.9,1104.9,1104.9,1103.5,1103.5,1103.5,1103.5,1103.5,1095.5,1095.5,1095.5,1095.5,1082.1,1082.1,1082.1,1082.1,1082.1,1073.2,1073.2,1073.2,1073.2,1073.2,5.61,5.33,5.21,5.22,5.49,5.31,0.0,0.0,0.0,5.77,0.0,0.0,0.0,0.0,5.65,5.17,0.0,0.0,5.68,5.34,0.0,0.0,0.0,5.58,5.37,0.0,0.0,0.0,824.6,821.2,815.6,56.759,56.74,56.616
P1,IB6,P1-IB6-4.1-SI01,SACU-2,19,15,4,78.95,21.05,MBUS-17,On-grid,388.6,85.945,-29.659,1098.0,1098.0,1098.0,1098.0,1084.6,1084.6,1084.6,1084.6,1084.6,1089.4,1089.4,1089.4,1089.4,1089.4,1071.2,1071.2,1071.2,1071.2,1093.1,1093.1,1093.1,1093.1,1093.1,1088.7,1088.7,1088.7,1088.7,1088.7,0.0,0.0,5.33,0.0,5.47,5.22,5.35,0.0,0.0,5.68,5.2,0.0,0.0,0.0,0.0,5.19,5.33,0.0,5.79,5.23,5.25,5.22,0.0,5.47,5.18,5.47,0.0,0.0,825.6,817.6,820.9,64.82,64.644,64.881
P1,IB6,P1-IB6-4.1-SI02,SACU-2,19,8,11,42.11,57.89,MBUS-18,On-grid,207.78,45.714,-29.624,1098.6,1098.6,1098.6,1098.6,356.2,356.2,356.2,356.2,356.2,1099.5,1099.5,1099.5,1099.5,1099.5,1084.7,1084.7,1084.7,1084.7,1089.4,1089.4,1089.4,1089.4,1089.4,357.3,357.3,357.3,357.3,357.3,5.45,0.0,0.0,0.0,0.0,0.0,0.0,0.0,0.0,5.34,0.0,0.0,0.0,0.0,5.17,0.0,5.38,5.32,5.29,5.51,5.36,0.0,0.0,0.0,0.0,0.0,0.0,0.0,827.0,817.2,822.2,39.558,39.267,39.039
P1,IB6,P1-IB6-4.1-SI03,SACU-2,19,7,12,36.84,63.16,MBUS-19,On-grid,182.0,39.968,-29.807,1093.8,1093.8,1093.8,1093.8,372.4,372.4,372.4,372.4,372.4,1080.7,1080.7,1080.7,1080.7,1080.7,1079.9,1079.9,1079.9,1079.9,1091.8,1091.8,1091.8,1091.8,1091.8,1079.3,1079.3,1079.3,1079.3,1079.3,5.54,0.0,0.0,0.0,0.0,0.0,0.0,0.0,0.0,5.43,0.0,0.0,0.0,0.0,0.0,5.32,0.0,5.39,0.0,5.26,5.42,0.0,0.0,0.0,0.0,5.36,0.0,0.0,824.0,815.1,820.0,36.761,36.39,36.084
P1,IB6,P1-IB6-4.1-SI04,SACU-2,19,2,17,10.53,89.47,MBUS-20,On-grid,47.55,10.81,-29.686,1080.4,1080.4,1080.4,1080.4,320.9,320.9,320.9,320.9,320.9,1080.4,1080.4,1080.4,1080.4,1080.4,321.6,321.6,321.6,321.6,316.1,316.1,316.1,316.1,316.1,317.5,317.5,317.5,317.5,317.5,5.47,0.0,0.0,0.0,0.0,0.0,0.0,0.0,0.0,5.36,0.0,0.0,0.0,0.0,0.0,0.0,0.0,0.0,0.0,0.0,0.0,0.0,0.0,0.0,0.0,0.0,0.0,0.0,823.3,817.1,814.9,23.691,23.797,24.037
P1,IB6,P1-IB6-4.1-SI05,SACU-2,19,6,13,31.58,68.42,MBUS-21,On-grid,153.32,33.995,-29.646,1101.0,1101.0,1101.0,1101.0,1085.1,1085.1,1085.1,1085.1,1085.1,1080.0,1080.0,1080.0,1080.0,1080.0,356.9,356.9,356.9,356.9,356.1,356.1,356.1,356.1,356.1,1089.0,1089.0,1089.0,1089.0,1089.0,5.38,0.0,0.0,0.0,0.0,5.53,0.0,0.0,0.0,5.43,0.0,0.0,0.0,0.0,0.0,0.0,0.0,0.0,0.0,0.0,0.0,0.0,0.0,4.69,5.54,5.52,0.0,0.0,824.6,820.9,815.1,33.252,32.982,33.026
P1,IB6,P1-IB6-4.1-SI06,SACU-2,19,9,10,47.37,52.63,MBUS-22,On-grid,229.82,50.849,-29.717,1088.0,1088.0,1088.0,1088.0,1082.4,1082.4,1082.4,1082.4,1082.4,1102.8,1102.8,1102.8,1102.8,1102.8,356.9,356.9,356.9,356.9,354.0,354.0,354.0,354.0,354.0,1088.7,1088.7,1088.7,1088.7,1088.7,5.13,5.35,5.26,0.0,0.0,5.6,5.4,0.0,0.0,5.19,5.46,0.0,0.0,0.0,0.0,0.0,0.0,0.0,0.0,0.0,0.0,0.0,0.0,0.0,5.56,5.44,0.0,0.0,825.5,816.2,820.5,42.413,42.258,42.318
P1,IB6,P1-IB6-4.1-SI07,SACU-2,19,15,4,78.95,21.05,MBUS-23,On-grid,387.69,85.696,-29.665,1091.1,1091.1,1091.1,1091.1,1084.6,1084.6,1084.6,1084.6,1084.6,1080.2,1080.2,1080.2,1080.2,1080.2,1101.4,1101.4,1101.4,1101.4,1088.4,1088.4,1088.4,1088.4,1088.4,1107.5,1107.5,1107.5,1107.5,1107.5,5.7,5.23,5.21,5.24,5.56,5.34,5.37,0.0,0.0,5.67,0.0,0.0,0.0,0.0,0.0,0.0,5.34,0.0,5.56,5.21,5.29,0.0,0.0,5.72,5.14,5.33,0.0,0.0,826.3,819.9,818.8,64.71,64.413,64.585
P1,IB6,P1-IB6-4.1-SI08,SACU-2,19,4,15,21.05,78.95,MBUS-24,On-grid,104.53,22.976,-29.794,1078.0,1078.0,1078.0,1078.0,338.6,338.6,338.6,338.6,338.6,1093.6,1093.6,1093.6,1093.6,1093.6,342.1,342.1,342.1,342.1,1092.9,1092.9,1092.9,1092.9,1092.9,337.2,337.2,337.2,337.2,337.2,5.57,0.0,0.0,0.0,0.0,0.0,0.0,0.0,0.0,5.28,0.0,0.0,0.0,0.0,0.0,0.0,0.0,0.0,5.12,5.45,0.0,0.0,0.0,0.0,0.0,0.0,0.0,0.0,824.0,818.9,816.3,28.831,28.453,28.116
P1,IB6,P1-IB6-4.2-SI09,SACU-2,19,2,17,10.53,89.47,MBUS-25,On-grid,52.17,11.487,-29.809,1106.0,1106.0,1106.0,1106.0,321.8,321.8,321.8,321.8,321.8,1100.6,1100.6,1100.6,1100.6,1100.6,320.3,320.3,320.3,320.3,320.1,320.1,320.1,320.1,320.1,320.0,320.0,320.0,320.0,320.0,0.0,0.0,5.44,0.0,0.0,0.0,0.0,0.0,0.0,5.35,0.0,0.0,0.0,0.0,0.0,0.0,0.0,0.0,0.0,0.0,0.0,0.0,0.0,0.0,0.0,0.0,0.0,0.0,821.9,817.1,814.5,25.224,24.771,24.608
P1,IB6,P1-IB6-4.2-SI10,SACU-2,19,8,11,42.11,57.89,MBUS-26,On-grid,205.24,45.284,-29.624,1106.6,1106.6,1106.6,1106.6,1101.7,1101.7,1101.7,1101.7,1101.7,1095.6,1095.6,1095.6,1095.6,1095.6,372.7,372.7,372.7,372.7,1086.5,1086.5,1086.5,1086.5,1086.5,1089.7,1089.7,1089.7,1089.7,1089.7,5.5,0.0,0.0,5.37,0.0,5.49,0.0,0.0,0.0,5.57,0.0,0.0,0.0,0.0,0.0,0.0,0.0,0.0,0.0,0.0,5.39,0.0,0.0,5.14,5.36,5.32,0.0,0.0,824.4,820.1,815.9,39.768,39.104,39.202
P1,IB6,P1-IB6-4.2-SI11,SACU-2,19,4,15,21.05,78.95,MBUS-27,On-grid,99.31,22.322,-29.593,1087.5,1087.5,1087.5,1087.5,320.3,320.3,320.3,320.3,320.3,1089.2,1089.2,1089.2,1089.2,1089.2,322.8,322.8,322.8,322.8,319.8,319.8,319.8,319.8,319.8,317.0,317.0,317.0,317.0,317.0,5.55,0.0,0.0,0.0,0.0,0.0,0.0,0.0,0.0,4.61,5.56,5.7,0.0,0.0,0.0,0.0,0.0,0.0,0.0,0.0,0.0,0.0,0.0,0.0,0.0,0.0,0.0,0.0,824.6,818.5,814.6,27.548,27.375,27.296
P1,IB6,P1-IB6-4.2-SI12,SACU-2,19,5,14,26.32,73.68,MBUS-28,On-grid,127.44,28.442,-29.687,1104.5,1104.5,1104.5,1104.5,341.7,341.7,341.7,341.7,341.7,1087.4,1087.4,1087.4,1087.4,1087.4,340.3,340.3,340.3,340.3,336.2,336.2,336.2,336.2,336.2,1106.6,1106.6,1106.6,1106.6,1106.6,5.06,5.31,5.43,0.0,0.0,0.0,0.0,0.0,0.0,5.47,0.0,0.0,0.0,0.0,0.0,0.0,0.0,0.0,0.0,0.0,0.0,0.0,0.0,0.0,5.59,0.0,0.0,0.0,823.7,815.9,818.1,30.278,30.06,30.088
P1,IB6,P1-IB6-4.2-SI13,SACU-2,19,11,8,57.89,42.11,MBUS-29,On-grid,287.83,63.186,-29.85,1084.5,1084.5,1084.5,1084.5,1096.9,1096.9,1096.9,1096.9,1096.9,1101.5,1101.5,1101.5,1101.5,1101.5,1091.1,1091.1,1091.1,1091.1,376.4,376.4,376.4,376.4,376.4,1095.5,1095.5,1095.5,1095.5,1095.5,5.41,5.29,0.0,5.39,0.0,0.0,5.45,0.0,0.0,5.1,5.39,0.0,0.0,0.0,0.0,0.0,5.51,5.41,0.0,0.0,0.0,0.0,0.0,5.0,5.27,5.52,0.0,0.0,824.6,821.9,816.6,49.798,49.935,49.887
P1,IB6,P1-IB6-4.2-SI14,SACU-2,19,8,11,42.11,57.89,MBUS-30,On-grid,209.87,46.266,-29.711,1103.2,1103.2,1103.2,1103.2,358.4,358.4,358.4,358.4,358.4,1101.9,1101.9,1101.9,1101.9,1101.9,1098.2,1098.2,1098.2,1098.2,1089.3,1089.3,1089.3,1089.3,1089.3,354.9,354.9,354.9,354.9,354.9,5.64,0.0,0.0,0.0,0.0,0.0,0.0,0.0,0.0,5.46,0.0,0.0,0.0,0.0,5.31,5.35,5.49,0.0,5.25,5.62,5.39,0.0,0.0,0.0,0.0,0.0,0.0,0.0,824.0,817.3,818.8,39.999,39.572,39.473
P1,IB6,P1-IB6-4.2-SI15,SACU-2,19,6,13,31.58,68.42,MBUS-31,On-grid,161.06,34.996,-29.648,1097.8,1097.8,1097.8,1097.8,1098.5,1098.5,1098.5,1098.5,1098.5,1100.3,1100.3,1100.3,1100.3,1100.3,372.9,372.9,372.9,372.9,1099.6,1099.6,1099.6,1099.6,1099.6,1093.5,1093.5,1093.5,1093.5,1093.5,5.71,0.0,0.0,0.0,5.24,5.55,0.0,0.0,0.0,5.68,0.0,0.0,0.0,0.0,0.0,0.0,0.0,0.0,0.0,0.0,5.38,0.0,0.0,5.63,0.0,0.0,0.0,0.0,824.4,820.2,816.2,34.663,34.115,33.922
P1,IB6,P1-IB6-4.2-SI16,SACU-2,19,11,8,57.89,42.11,MBUS-32,On-grid,288.87,63.589,-29.684,1102.4,1102.4,1102.4,1102.4,1092.3,1092.3,1092.3,1092.3,1092.3,1095.3,1095.3,1095.3,1095.3,1095.3,1083.0,1083.0,1083.0,1083.0,1104.1,1104.1,1104.1,1104.1,1104.1,1103.2,1103.2,1103.2,1103.2,1103.2,5.67,5.22,0.0,0.0,0.0,5.45,5.27,0.0,0.0,5.75,0.0,5.17,0.0,0.0,5.47,0.0,0.0,0.0,0.0,0.0,5.28,0.0,0.0,5.56,5.34,5.23,0.0,0.0,825.0,816.5,821.4,50.287,50.35,49.846
P1,IB7,P1-IB7-1.1-SI01,SACU-1,19,19,0,100.0,0.0,MBUS-1,On-grid,482.31,107.716,-0.071,1107.5,1107.5,1107.5,1107.5,1095.6,1095.6,1095.6,1095.6,1095.6,1103.9,1103.9,1103.9,1103.9,1103.9,1091.3,1091.3,1091.3,1091.3,1086.2,1086.2,1086.2,1086.2,1086.2,1098.3,1098.3,1098.3,1098.3,1098.3,5.41,5.21,5.17,5.1,5.25,5.19,5.18,5.32,0.0,5.17,5.12,0.0,0.0,0.0,5.57,5.16,5.16,0.0,5.48,5.3,5.08,0.0,0.0,5.52,5.17,5.33,0.0,0.0,837.0,826.9,831.5,75.304,74.858,74.861
P1,IB7,P1-IB7-1.1-SI02,SACU-1,19,19,0,100.0,0.0,MBUS-2,On-grid,484.32,107.788,0.025,1085.4,1085.4,1085.4,1085.4,1089.6,1089.6,1089.6,1089.6,1089.6,1104.7,1104.7,1104.7,1104.7,1104.7,1091.2,1091.2,1091.2,1091.2,1084.7,1084.7,1084.7,1084.7,1084.7,1104.5,1104.5,1104.5,1104.5,1104.5,5.46,5.32,4.85,5.39,4.99,5.41,5.18,0.0,0.0,5.15,5.32,5.57,0.0,0.0,5.23,5.14,5.28,0.0,5.39,5.29,5.41,0.0,0.0,5.01,5.28,5.28,0.0,0.0,834.3,828.5,825.8,75.452,74.79,75.272
P1,IB7,P1-IB7-1.1-SI03,SACU-1,19,19,0,100.0,0.0,MBUS-3,On-grid,485.58,108.266,0.001,1089.5,1089.5,1089.5,1089.5,1084.4,1084.4,1084.4,1084.4,1084.4,1090.8,1090.8,1090.8,1090.8,1090.8,1092.1,1092.1,1092.1,1092.1,1102.7,1102.7,1102.7,1102.7,1102.7,1095.6,1095.6,1095.6,1095.6,1095.6,5.44,5.16,5.17,5.12,5.58,5.31,5.26,0.0,5.17,5.49,5.29,0.0,0.0,0.0,5.69,5.18,5.3,0.0,5.4,5.37,5.12,0.0,0.0,5.57,5.17,5.24,0.0,0.0,836.7,826.7,831.9,75.686,74.939,74.916
P1,IB7,P1-IB7-1.1-SI04,SACU-1,19,19,0,100.0,0.0,MBUS-4,On-grid,482.22,107.274,-0.126,1079.3,1079.3,1079.3,1079.3,1084.3,1084.3,1084.3,1084.3,1084.3,1092.4,1092.4,1092.4,1092.4,1092.4,1102.8,1102.8,1102.8,1102.8,1108.2,1108.2,1108.2,1108.2,1108.2,1107.4,1107.4,1107.4,1107.4,1107.4,5.56,4.93,5.2,5.32,5.15,5.31,4.97,0.0,0.0,5.6,5.11,5.28,0.0,0.0,4.93,5.22,5.11,0.0,5.5,5.15,5.08,0.0,0.0,5.58,5.2,5.15,0.0,0.0,834.8,828.6,826.8,74.488,74.296,74.63
P1,IB7,P1-IB7-1.1-SI05,SACU-1,19,19,0,100.0,0.0,MBUS-5,On-grid,475.2,105.991,-0.074,1079.5,1079.5,1079.5,1079.5,1073.2,1073.2,1073.2,1073.2,1073.2,1082.2,1082.2,1082.2,1082.2,1082.2,1085.6,1085.6,1085.6,1085.6,1094.1,1094.1,1094.1,1094.1,1094.1,1072.2,1072.2,1072.2,1072.2,1072.2,5.41,5.15,5.25,5.18,5.47,5.25,5.33,0.0,0.0,5.35,5.25,5.18,0.0,0.0,5.48,5.08,5.18,0.0,5.31,5.25,5.04,0.0,0.0,5.47,5.19,5.35,0.0,0.0,834.9,824.6,830.0,74.28,73.999,73.929
P1,IB7,P1-IB7-1.1-SI06,SACU-1,19,19,0,100.0,0.0,MBUS-6,On-grid,479.78,107.05,0.016,1086.0,1086.0,1086.0,1086.0,1078.2,1078.2,1078.2,1078.2,1078.2,1069.9,1069.9,1069.9,1069.9,1069.9,1096.7,1096.7,1096.7,1096.7,1076.5,1076.5,1076.5,1076.5,1076.5,1085.6,1085.6,1085.6,1085.6,1085.6,5.6,5.21,5.25,5.16,5.1,5.16,5.28,0.0,0.0,5.5,5.06,5.3,0.0,0.0,5.48,5.03,5.21,0.0,5.44,5.31,5.18,0.0,0.0,5.19,5.14,5.29,0.0,0.0,836.5,827.9,831.5,74.536,74.251,74.298
P1,IB7,P1-IB7-1.1-SI07,SACU-1,19,19,0,100.0,0.0,MBUS-7,On-grid,484.29,108.163,0.035,1089.5,1089.5,1089.5,1089.5,1092.8,1092.8,1092.8,1092.8,1092.8,1101.1,1101.1,1101.1,1101.1,1101.1,1099.1,1099.1,1099.1,1099.1,1084.8,1084.8,1084.8,1084.8,1084.8,1097.7,1097.7,1097.7,1097.7,1097.7,5.58,5.2,5.15,5.06,5.36,5.22,5.31,0.0,0.0,5.32,5.33,5.22,0.0,0.0,5.56,5.14,5.22,0.0,5.43,5.09,5.26,0.0,0.0,0.0,5.24,5.29,5.15,0.0,837.5,832.0,829.1,75.1,74.75,74.767
P1,IB7,P1-IB7-1.1-SI08,SACU-1,19,19,0,100.0,0.0,MBUS-8,On-grid,480.66,106.971,0.112,1091.7,1091.7,1091.7,1091.7,1076.2,1076.2,1076.2,1076.2,1076.2,1076.7,1076.7,1076.7,1076.7,1076.7,1085.2,1085.2,1085.2,1085.2,1085.0,1085.0,1085.0,1085.0,1085.0,1084.7,1084.7,1084.7,1084.7,1084.7,5.58,5.22,5.19,5.26,5.22,5.3,5.17,0.0,0.0,5.48,5.14,5.27,0.0,0.0,5.61,5.12,5.02,0.0,5.53,5.21,5.26,0.0,0.0,5.55,5.14,5.21,0.0,0.0,837.5,827.8,832.6,74.801,74.227,74.332
P1,IB7,P1-IB7-1.2-SI09,SACU-1,19,19,0,100.0,0.0,MBUS-9,On-grid,481.37,107.289,-0.011,1082.0,1082.0,1082.0,1082.0,1079.8,1079.8,1079.8,1079.8,1079.8,1066.3,1066.3,1066.3,1066.3,1066.3,1087.3,1087.3,1087.3,1087.3,1092.4,1092.4,1092.4,1092.4,1092.4,1073.2,1073.2,1073.2,1073.2,1073.2,5.33,5.21,5.15,5.27,5.03,5.29,5.15,0.0,0.0,5.53,4.99,5.43,0.0,0.0,5.48,5.26,5.14,0.0,5.45,5.25,5.28,0.0,0.0,5.13,5.28,5.19,0.0,0.0,836.5,826.0,831.4,74.722,74.531,74.597
P1,IB7,P1-IB7-1.2-SI10,SACU-1,19,19,0,100.0,0.0,MBUS-10,On-grid,485.54,108.028,-0.065,1099.2,1099.2,1099.2,1099.2,1091.1,1091.1,1091.1,1091.1,1091.1,1082.7,1082.7,1082.7,1082.7,1082.7,1084.8,1084.8,1084.8,1084.8,1087.8,1087.8,1087.8,1087.8,1087.8,1073.8,1073.8,1073.8,1073.8,1073.8,5.6,5.13,5.27,5.21,5.42,5.26,5.33,0.0,0.0,5.42,5.26,5.27,0.0,0.0,5.49,5.11,5.2,0.0,5.5,5.36,5.18,0.0,0.0,5.63,5.26,5.38,0.0,0.0,837.5,832.0,828.6,75.32,74.834,74.835
P1,IB7,P1-IB7-1.2-SI11,SACU-1,19,19,0,100.0,0.0,MBUS-11,On-grid,484.83,108.148,0.031,1095.2,1095.2,1095.2,1095.2,1094.1,1094.1,1094.1,1094.1,1094.1,1076.0,1076.0,1076.0,1076.0,1076.0,1084.5,1084.5,1084.5,1084.5,1076.2,1076.2,1076.2,1076.2,1076.2,1087.2,1087.2,1087.2,1087.2,1087.2,5.64,5.19,5.3,5.23,5.32,5.28,5.32,0.0,0.0,5.6,5.23,5.17,0.0,0.0,5.63,5.24,0.0,0.0,5.38,5.28,5.32,5.2,0.0,5.58,5.17,5.3,0.0,0.0,837.3,832.7,828.1,75.111,74.976,74.716
P1,IB7,P1-IB7-1.2-SI12,SACU-1,19,17,2,89.47,10.53,MBUS-12,On-grid,433.89,96.522,-0.015,1069.0,1069.0,1069.0,1069.0,1088.9,1088.9,1088.9,1088.9,1088.9,1084.8,1084.8,1084.8,1084.8,1084.8,1089.7,1089.7,1089.7,1089.7,1080.9,1080.9,1080.9,1080.9,1080.9,1088.6,1088.6,1088.6,1088.6,1088.6,5.43,5.4,0.0,5.37,5.14,5.33,5.21,0.0,0.0,5.58,5.11,5.27,0.0,0.0,0.0,5.22,5.16,0.0,5.54,5.26,5.25,0.0,0.0,5.32,5.23,5.15,0.0,0.0,835.3,826.8,831.1,67.067,67.053,67.053
P1,IB7,P1-IB7-1.2-SI13,SACU-1,19,16,3,84.21,15.79,MBUS-13,On-grid,407.26,90.359,-0.002,1083.7,1083.7,1083.7,1083.7,1082.6,1082.6,1082.6,1082.6,1082.6,1076.3,1076.3,1076.3,1076.3,1076.3,1071.4,1071.4,1071.4,1071.4,1074.3,1074.3,1074.3,1074.3,1074.3,1090.0,1090.0,1090.0,1090.0,1090.0,5.5,5.21,5.16,5.3,5.22,0.0,5.17,0.0,0.0,5.51,0.0,0.0,0.0,0.0,5.47,5.21,5.16,0.0,5.55,5.23,5.28,0.0,0.0,5.11,5.19,5.19,0.0,0.0,837.0,826.5,833.6,63.166,62.378,62.391
P1,IB7,P1-IB7-1.2-SI14,SACU-1,19,15,4,78.95,21.05,MBUS-14,On-grid,382.18,84.963,-0.061,1096.0,1096.0,1096.0,1096.0,1083.4,1083.4,1083.4,1083.4,1083.4,1077.2,1077.2,1077.2,1077.2,1077.2,1078.9,1078.9,1078.9,1078.9,1087.6,1087.6,1087.6,1087.6,1087.6,1091.4,1091.4,1091.4,1091.4,1091.4,0.0,5.17,5.05,5.2,5.45,0.0,5.14,0.0,0.0,5.6,5.21,0.0,0.0,0.0,0.0,5.25,5.14,0.0,5.42,5.22,5.16,0.0,0.0,5.36,5.23,5.13,0.0,0.0,837.2,831.7,829.4,59.171,58.72,58.866
P1,IB7,P1-IB7-1.2-SI15,SACU-1,19,18,1,94.74,5.26,MBUS-15,On-grid,455.29,101.658,-0.049,1089.9,1089.9,1089.9,1089.9,1093.9,1093.9,1093.9,1093.9,1093.9,1094.3,1094.3,1094.3,1094.3,1094.3,1078.9,1078.9,1078.9,1078.9,1075.5,1075.5,1075.5,1075.5,1075.5,1074.1,1074.1,1074.1,1074.1,1074.1,5.56,0.0,5.22,5.19,5.27,5.2,5.23,0.0,0.0,5.39,5.36,5.08,0.0,0.0,5.68,5.13,5.19,0.0,5.53,5.27,5.13,0.0,0.0,5.57,5.16,5.32,0.0,0.0,838.6,828.5,833.7,70.947,70.014,70.222
P1,IB7,P1-IB7-1.2-SI16,SACU-1,19,19,0,100.0,0.0,MBUS-16,On-grid,478.31,106.594,0.112,1094.0,1094.0,1094.0,1094.0,1082.6,1082.6,1082.6,1082.6,1082.6,1095.0,1095.0,1095.0,1095.0,1095.0,1087.5,1087.5,1087.5,1087.5,1091.5,1091.5,1091.5,1091.5,1091.5,1101.4,1101.4,1101.4,1101.4,1101.4,5.55,5.12,5.18,5.15,5.26,5.19,5.18,0.0,0.0,5.32,5.02,5.18,0.0,0.0,5.39,5.11,5.16,0.0,5.32,5.26,5.19,0.0,0.0,5.16,4.99,5.1,0.0,0.0,840.3,830.2,835.9,73.832,73.505,73.789
P1,IB7,P1-IB7-2.1-SI01,SACU-1,19,18,1,94.74,5.26,MBUS-17,On-grid,465.39,103.151,0.008,1104.8,1104.8,1104.8,1104.8,1096.4,1096.4,1096.4,1096.4,1096.4,1084.5,1084.5,1084.5,1084.5,1084.5,1098.8,1098.8,1098.8,1098.8,1097.9,1097.9,1097.9,1097.9,1097.9,1089.7,1089.7,1089.7,1089.7,1089.7,5.58,5.2,5.27,5.19,5.37,5.3,5.23,0.0,0.0,5.48,5.14,5.23,0.0,0.0,0.0,5.13,5.32,0.0,5.39,5.35,5.19,0.0,0.0,5.58,5.22,5.32,0.0,0.0,838.0,832.1,829.2,71.778,71.306,71.373
P1,IB7,P1-IB7-2.1-SI02,SACU-1,19,17,2,89.47,10.53,MBUS-18,On-grid,434.51,96.945,-0.037,1090.7,1090.7,1090.7,1090.7,1089.6,1089.6,1089.6,1089.6,1089.6,1094.5,1094.5,1094.5,1094.5,1094.5,1089.3,1089.3,1089.3,1089.3,1088.8,1088.8,1088.8,1088.8,1088.8,1089.4,1089.4,1089.4,1089.4,1089.4,5.6,0.0,5.22,0.0,5.35,5.26,5.38,0.0,0.0,5.49,5.28,5.36,0.0,0.0,5.69,5.22,5.31,0.0,5.42,5.3,5.16,0.0,0.0,5.47,5.03,5.43,0.0,0.0,835.2,828.6,829.0,67.653,67.37,67.573
P1,IB7,P1-IB7-2.1-SI03,SACU-1,19,18,1,94.74,5.26,MBUS-19,On-grid,466.23,103.268,-0.031,1090.9,1090.9,1090.9,1090.9,1096.6,1096.6,1096.6,1096.6,1096.6,1104.4,1104.4,1104.4,1104.4,1104.4,1099.6,1099.6,1099.6,1099.6,1082.9,1082.9,1082.9,1082.9,1082.9,1097.8,1097.8,1097.8,1097.8,1097.8,5.59,5.21,5.07,5.35,5.33,5.36,5.18,0.0,0.0,5.57,5.12,5.33,0.0,0.0,5.48,5.18,5.15,0.0,5.68,5.34,0.0,0.0,0.0,5.46,5.31,5.22,0.0,0.0,836.8,827.3,833.0,71.922,71.424,71.658
P1,IB7,P1-IB7-2.1-SI04,SACU-1,19,19,0,100.0,0.0,MBUS-20,On-grid,486.27,108.269,-0.039,1108.7,1108.7,1108.7,1108.7,1085.1,1085.1,1085.1,1085.1,1085.1,1098.6,1098.6,1098.6,1098.6,1098.6,1085.3,1085.3,1085.3,1085.3,1099.2,1099.2,1099.2,1099.2,1099.2,1106.1,1106.1,1106.1,1106.1,1106.1,5.41,5.24,5.08,5.27,5.37,5.42,5.24,0.0,0.0,5.55,5.18,5.33,0.0,0.0,5.4,5.3,5.2,0.0,5.49,5.19,5.31,0.0,0.0,5.45,5.24,5.18,0.0,0.0,836.7,829.9,829.7,75.556,75.328,75.236
P1,IB7,P1-IB7-2.1-SI05,SACU-1,19,17,2,89.47,10.53,MBUS-21,On-grid,436.16,96.942,0.031,1094.0,1094.0,1094.0,1094.0,1100.1,1100.1,1100.1,1100.1,1100.1,1076.5,1076.5,1076.5,1076.5,1076.5,1090.1,1090.1,1090.1,1090.1,1096.1,1096.1,1096.1,1096.1,1096.1,1093.8,1093.8,1093.8,1093.8,1093.8,5.68,0.0,5.2,5.35,5.29,5.36,5.18,0.0,0.0,5.69,5.25,5.38,0.0,0.0,5.47,5.22,5.14,0.0,5.58,5.11,5.33,0.0,0.0,5.56,0.0,5.24,0.0,0.0,835.8,829.3,828.3,67.673,67.395,67.39
P1,IB7,P1-IB7-2.1-SI06,SACU-1,19,14,5,73.68,26.32,MBUS-22,On-grid,358.49,79.815,-0.091,1079.5,1079.5,1079.5,1079.5,1100.6,1100.6,1100.6,1100.6,1100.6,1094.6,1094.6,1094.6,1094.6,1094.6,1089.6,1089.6,1089.6,1089.6,1085.1,1085.1,1085.1,1085.1,1085.1,1102.3,1102.3,1102.3,1102.3,1102.3,5.64,5.18,5.28,5.2,0.0,5.15,5.3,0.0,0.0,5.5,5.25,5.28,0.0,0.0,0.0,0.0,5.25,0.0,5.64,0.0,0.0,0.0,0.0,5.55,5.04,5.38,0.0,0.0,835.7,831.2,825.0,55.845,55.527,55.414
P1,IB7,P1-IB7-2.1-SI07,SACU-1,19,19,0,100.0,0.0,MBUS-23,On-grid,488.7,108.567,-0.057,1088.5,1088.5,1088.5,1088.5,1092.0,1092.0,1092.0,1092.0,1092.0,1100.6,1100.6,1100.6,1100.6,1100.6,1078.8,1078.8,1078.8,1078.8,1080.9,1080.9,1080.9,1080.9,1080.9,1092.9,1092.9,1092.9,1092.9,1092.9,5.55,5.15,5.34,5.26,5.56,5.3,5.26,0.0,0.0,5.39,5.23,5.18,0.0,0.0,5.6,5.21,5.42,0.0,5.51,5.33,5.38,0.0,0.0,5.49,5.28,5.22,0.0,0.0,836.8,831.1,828.1,75.975,75.19,75.415
P1,IB7,P1-IB7-2.1-SI08,SACU-1,19,19,0,100.0,0.0,MBUS-24,On-grid,486.83,107.997,0.014,1091.2,1091.2,1091.2,1091.2,1084.5,1084.5,1084.5,1084.5,1084.5,1088.0,1088.0,1088.0,1088.0,1088.0,1079.5,1079.5,1079.5,1079.5,1093.4,1093.4,1093.4,1093.4,1093.4,1094.1,1094.1,1094.1,1094.1,1094.1,5.3,5.35,5.17,5.26,5.1,5.41,5.24,0.0,0.0,5.57,5.21,5.3,0.0,0.0,5.39,5.31,5.18,0.0,5.52,5.19,5.25,0.0,0.0,5.36,5.21,5.16,0.0,0.0,835.4,825.7,831.0,75.388,74.511,75.29
P1,IB7,P1-IB7-2.2-SI09,SACU-1,19,15,4,78.95,21.05,MBUS-25,On-grid,386.69,85.875,-0.027,1092.3,1092.3,1092.3,1092.3,1088.9,1088.9,1088.9,1088.9,1088.9,1089.6,1089.6,1089.6,1089.6,1089.6,1093.4,1093.4,1093.4,1093.4,1097.6,1097.6,1097.6,1097.6,1097.6,1080.3,1080.3,1080.3,1080.3,1080.3,5.58,5.21,5.21,5.18,5.43,5.25,5.33,0.0,0.0,5.45,5.26,5.27,0.0,0.0,5.58,5.2,5.29,0.0,5.74,0.0,0.0,0.0,0.0,0.0,0.0,5.32,0.0,0.0,835.6,829.5,826.9,60.023,59.576,59.544
P1,IB7,P1-IB7-2.2-SI10,SACU-1,19,19,0,100.0,0.0,MBUS-26,On-grid,480.46,107.072,-0.044,1079.4,1079.4,1079.4,1079.4,1062.5,1062.5,1062.5,1062.5,1062.5,1074.6,1074.6,1074.6,1074.6,1074.6,1077.3,1077.3,1077.3,1077.3,1075.9,1075.9,1075.9,1075.9,1075.9,1093.2,1093.2,1093.2,1093.2,1093.2,5.55,5.19,5.28,5.2,5.33,5.29,5.35,0.0,0.0,5.37,5.35,5.25,0.0,0.0,5.57,5.16,5.31,0.0,5.38,5.32,5.14,0.0,0.0,5.55,5.19,5.32,0.0,0.0,838.7,831.8,829.8,74.528,74.042,74.102
P1,IB7,P1-IB7-2.2-SI11,SACU-1,19,19,0,100.0,0.0,MBUS-27,On-grid,481.19,106.961,-0.032,1089.5,1089.5,1089.5,1089.5,1093.6,1093.6,1093.6,1093.6,1093.6,1097.5,1097.5,1097.5,1097.5,1097.5,1070.6,1070.6,1070.6,1070.6,1071.5,1071.5,1071.5,1071.5,1071.5,1077.3,1077.3,1077.3,1077.3,1077.3,5.56,5.18,5.2,5.1,5.33,5.14,5.29,0.0,0.0,5.44,5.2,5.16,0.0,0.0,5.45,5.19,5.26,0.0,5.47,5.37,5.17,0.0,0.0,5.59,5.12,5.35,0.0,0.0,838.4,832.2,829.3,74.583,73.753,74.417
P1,IB7,P1-IB7-2.2-SI12,SACU-1,19,19,0,100.0,0.0,MBUS-28,On-grid,483.56,107.462,0.014,1093.1,1093.1,1093.1,1093.1,1085.1,1085.1,1085.1,1085.1,1085.1,1084.9,1084.9,1084.9,1084.9,1084.9,1096.0,1096.0,1096.0,1096.0,1083.7,1083.7,1083.7,1083.7,1083.7,1093.0,1093.0,1093.0,1093.0,1093.0,5.56,5.15,5.2,4.99,5.32,5.22,5.27,0.0,0.0,5.32,5.45,5.16,0.0,0.0,5.48,5.06,5.34,0.0,5.57,5.26,5.23,0.0,0.0,5.54,5.28,5.19,0.0,0.0,838.0,831.5,829.6,75.052,74.452,74.388
P1,IB7,P1-IB7-2.2-SI13,SACU-1,19,19,0,100.0,0.0,MBUS-29,On-grid,480.63,106.784,0.012,1094.5,1094.5,1094.5,1094.5,1092.9,1092.9,1092.9,1092.9,1092.9,1092.5,1092.5,1092.5,1092.5,1092.5,1079.2,1079.2,1079.2,1079.2,1085.8,1085.8,1085.8,1085.8,1085.8,1091.5,1091.5,1091.5,1091.5,1091.5,5.35,5.09,5.03,5.24,5.1,5.38,5.12,0.0,0.0,5.49,5.1,5.28,0.0,0.0,5.37,5.24,5.09,0.0,5.44,5.11,5.31,0.0,0.0,5.35,5.29,5.19,0.0,0.0,839.1,828.1,834.3,74.449,73.888,74.016
P1,IB7,P1-IB7-2.2-SI14,SACU-1,19,19,0,100.0,0.0,MBUS-30,On-grid,479.37,106.797,-0.063,1072.8,1072.8,1072.8,1072.8,1087.9,1087.9,1087.9,1087.9,1087.9,1088.9,1088.9,1088.9,1088.9,1088.9,1086.1,1086.1,1086.1,1086.1,1080.5,1080.5,1080.5,1080.5,1080.5,1081.7,1081.7,1081.7,1081.7,1081.7,5.51,5.24,4.95,5.33,5.12,5.21,5.13,0.0,0.0,5.44,5.13,5.31,0.0,0.0,5.29,5.23,5.15,0.0,5.38,5.17,5.26,0.0,0.0,5.1,5.26,5.22,0.0,0.0,836.5,833.2,829.5,73.936,73.573,73.843
P1,IB7,P1-IB7-2.2-SI15,SACU-1,19,19,0,100.0,0.0,MBUS-31,On-grid,476.01,106.316,0.035,1081.5,1081.5,1081.5,1081.5,1080.1,1080.1,1080.1,1080.1,1080.1,1082.7,1082.7,1082.7,1082.7,1082.7,1080.1,1080.1,1080.1,1080.1,1085.8,1085.8,1085.8,1085.8,1085.8,1080.0,1080.0,1080.0,1080.0,1080.0,5.44,5.03,5.18,5.06,5.26,5.32,5.12,0.0,0.0,5.45,5.12,5.27,0.0,0.0,5.37,5.25,5.21,0.0,5.43,5.18,5.34,0.0,0.0,5.45,5.28,5.2,0.0,0.0,840.3,832.7,832.7,73.952,73.422,73.405
P1,IB7,P1-IB7-2.2-SI16,SACU-1,19,17,2,89.47,10.53,MBUS-32,On-grid,433.3,96.336,0.044,1101.0,1101.0,1101.0,1101.0,1083.5,1083.5,1083.5,1083.5,1083.5,1085.4,1085.4,1085.4,1085.4,1085.4,1079.9,1079.9,1079.9,1079.9,1087.1,1087.1,1087.1,1087.1,1087.1,1089.5,1089.5,1089.5,1089.5,1089.5,5.51,5.13,5.25,5.14,0.0,5.26,5.23,0.0,0.0,5.66,5.03,5.26,0.0,0.0,5.45,0.0,5.22,0.0,5.56,5.1,5.21,0.0,0.0,5.46,5.15,5.14,0.0,0.0,838.0,828.2,834.0,67.262,66.771,66.964
P1,IB7,P1-IB7-3.1-SI01,SACU-2,19,19,0,100.0,0.0,MBUS-1,On-grid,483.7,108.534,-30.705,1086.5,1086.5,1086.5,1086.5,1078.0,1078.0,1078.0,1078.0,1078.0,1094.5,1094.5,1094.5,1094.5,1094.5,1088.9,1088.9,1088.9,1088.9,1111.9,1111.9,1111.9,1111.9,1111.9,1101.8,1101.8,1101.8,1101.8,1101.8,5.57,5.25,5.36,5.2,5.41,5.43,5.4,0.0,0.0,5.41,5.16,5.38,0.0,0.0,5.67,5.21,5.25,0.0,5.51,5.29,5.14,0.0,0.0,5.43,5.28,5.32,0.0,0.0,826.3,820.6,818.6,80.222,79.999,79.803
P1,IB7,P1-IB7-3.1-SI02,SACU-2,19,19,0,100.0,0.0,MBUS-2,On-grid,482.64,107.547,-30.73,1089.1,1089.1,1089.1,1089.1,1071.5,1071.5,1071.5,1071.5,1071.5,1084.5,1084.5,1084.5,1084.5,1084.5,1105.2,1105.2,1105.2,1105.2,1091.0,1091.0,1091.0,1091.0,1091.0,1087.7,1087.7,1087.7,1087.7,1087.7,5.48,5.27,5.17,5.2,5.27,5.34,5.16,0.0,0.0,5.55,5.27,5.25,0.0,0.0,5.61,5.09,5.08,0.0,5.56,5.29,5.25,0.0,0.0,5.35,5.28,5.21,0.0,0.0,826.0,818.4,823.1,79.307,79.236,78.947
P1,IB7,P1-IB7-3.1-SI03,SACU-2,19,19,0,100.0,0.0,MBUS-3,On-grid,483.23,108.186,-30.649,1073.3,1073.3,1073.3,1073.3,1095.1,1095.1,1095.1,1095.1,1095.1,1089.9,1089.9,1089.9,1089.9,1089.9,1088.0,1088.0,1088.0,1088.0,1094.0,1094.0,1094.0,1094.0,1094.0,1098.9,1098.9,1098.9,1098.9,1098.9,5.41,5.33,5.23,5.43,5.02,5.34,5.22,0.0,0.0,5.48,5.35,5.36,0.0,0.0,5.38,5.29,5.18,0.0,5.36,5.17,5.36,0.0,0.0,5.0,5.35,5.18,0.0,0.0,827.3,818.2,823.1,79.446,79.561,79.455
P1,IB7,P1-IB7-3.1-SI04,SACU-2,19,19,0,100.0,0.0,MBUS-4,On-grid,483.12,108.095,-30.664,1082.4,1082.4,1082.4,1082.4,1092.3,1092.3,1092.3,1092.3,1092.3,1088.2,1088.2,1088.2,1088.2,1088.2,1096.5,1096.5,1096.5,1096.5,1098.2,1098.2,1098.2,1098.2,1098.2,1094.6,1094.6,1094.6,1094.6,1094.6,5.56,5.15,5.22,5.31,5.28,5.25,5.33,0.0,0.0,5.49,5.14,5.42,0.0,0.0,5.54,5.17,5.02,0.0,5.49,5.38,5.1,0.0,0.0,5.42,5.31,5.23,0.0,0.0,825.0,817.2,820.6,79.773,79.472,79.63
P1,IB7,P1-IB7-3.1-SI05,SACU-2,19,19,0,100.0,0.0,MBUS-5,On-grid,481.39,107.346,-30.714,1078.1,1078.1,1078.1,1078.1,1091.1,1091.1,1091.1,1091.1,1091.1,1084.0,1084.0,1084.0,1084.0,1084.0,1093.4,1093.4,1093.4,1093.4,1082.8,1082.8,1082.8,1082.8,1082.8,1085.3,1085.3,1085.3,1085.3,1085.3,5.47,5.16,5.34,5.28,5.34,5.21,5.21,0.0,0.0,5.31,5.38,5.28,0.0,0.0,5.51,5.16,5.36,5.2,0.0,5.35,5.17,0.0,0.0,5.47,5.08,5.37,0.0,0.0,828.8,822.8,819.1,79.022,79.032,78.793
P1,IB7,P1-IB7-3.1-SI06,SACU-2,19,19,0,100.0,0.0,MBUS-6,On-grid,482.13,107.823,-30.686,1095.1,1095.1,1095.1,1095.1,1102.3,1102.3,1102.3,1102.3,1102.3,1077.4,1077.4,1077.4,1077.4,1077.4,1088.3,1088.3,1088.3,1088.3,1081.1,1081.1,1081.1,1081.1,1081.1,1091.6,1091.6,1091.6,1091.6,1091.6,5.63,5.19,5.34,5.24,5.38,5.19,5.34,0.0,0.0,5.57,5.32,5.24,0.0,0.0,5.52,5.04,5.27,0.0,5.34,5.32,5.15,0.0,0.0,5.59,5.13,5.28,0.0,0.0,827.3,821.9,817.9,79.201,79.428,79.426
P1,IB7,P1-IB7-3.1-SI07,SACU-2,19,19,0,100.0,0.0,MBUS-7,On-grid,482.71,108.544,-30.674,1087.2,1087.2,1087.2,1087.2,1098.2,1098.2,1098.2,1098.2,1098.2,1095.4,1095.4,1095.4,1095.4,1095.4,1090.1,1090.1,1090.1,1090.1,1089.9,1089.9,1089.9,1089.9,1089.9,1085.5,1085.5,1085.5,1085.5,1085.5,5.5,5.24,5.29,5.43,5.29,5.39,5.3,0.0,0.0,5.43,5.25,5.36,0.0,0.0,5.61,5.18,5.22,0.0,5.58,5.33,5.14,0.0,0.0,5.56,5.16,5.38,0.0,0.0,825.7,815.9,821.7,80.266,79.614,80.055
P1,IB7,P1-IB7-3.1-SI08,SACU-2,19,19,0,100.0,0.0,MBUS-8,On-grid,483.95,107.901,-30.639,1090.3,1090.3,1090.3,1090.3,1101.8,1101.8,1101.8,1101.8,1101.8,1083.6,1083.6,1083.6,1083.6,1083.6,1091.6,1091.6,1091.6,1091.6,1082.1,1082.1,1082.1,1082.1,1082.1,1088.0,1088.0,1088.0,1088.0,1088.0,5.46,5.34,5.22,5.27,5.26,5.36,5.17,0.0,0.0,5.62,5.17,5.42,0.0,0.0,5.43,5.28,5.17,0.0,5.59,5.3,5.33,0.0,0.0,5.21,5.36,5.29,0.0,0.0,828.9,819.2,824.9,79.187,79.377,79.376
P1,IB7,P1-IB7-3.2-SI09,SACU-2,19,19,0,100.0,0.0,MBUS-9,On-grid,479.69,107.335,-30.781,1084.6,1084.6,1084.6,1084.6,1079.6,1079.6,1079.6,1079.6,1079.6,1077.6,1077.6,1077.6,1077.6,1077.6,1087.8,1087.8,1087.8,1087.8,1079.7,1079.7,1079.7,1079.7,1079.7,1078.8,1078.8,1078.8,1078.8,1078.8,5.36,5.31,5.17,5.39,5.25,5.33,5.16,0.0,0.0,5.47,5.18,5.36,0.0,0.0,5.32,5.23,5.07,0.0,5.48,5.28,5.33,0.0,0.0,5.38,5.38,5.29,0.0,0.0,826.8,817.9,823.3,78.912,78.742,79.212
P1,IB7,P1-IB7-3.2-SI10,SACU-2,19,19,0,100.0,0.0,MBUS-10,On-grid,485.26,108.559,-30.757,1093.7,1093.7,1093.7,1093.7,1095.7,1095.7,1095.7,1095.7,1095.7,1089.1,1089.1,1089.1,1089.1,1089.1,1086.9,1086.9,1086.9,1086.9,1090.7,1090.7,1090.7,1090.7,1090.7,1089.1,1089.1,1089.1,1089.1,1089.1,5.46,5.36,5.38,5.26,5.23,5.39,5.25,0.0,0.0,5.59,5.21,5.31,0.0,0.0,5.67,5.18,5.27,0.0,5.34,5.34,5.15,0.0,0.0,5.6,5.29,5.28,0.0,0.0,825.8,818.4,817.8,79.974,80.017,79.964
P1,IB7,P1-IB7-3.2-SI11,SACU-2,19,18,1,94.74,5.26,MBUS-11,On-grid,461.11,102.72,-30.64,1092.7,1092.7,1092.7,1092.7,1082.0,1082.0,1082.0,1082.0,1082.0,1086.4,1086.4,1086.4,1086.4,1086.4,1078.5,1078.5,1078.5,1078.5,1103.5,1103.5,1103.5,1103.5,1103.5,1088.7,1088.7,1088.7,1088.7,1088.7,5.48,5.15,5.36,5.22,5.41,5.18,5.34,0.0,0.0,5.39,5.34,0.0,0.0,0.0,5.59,5.15,5.28,0.0,5.2,5.35,5.17,0.0,0.0,5.45,5.27,5.36,0.0,0.0,828.6,818.5,824.2,75.792,75.565,75.727
P1,IB7,P1-IB7-3.2-SI12,SACU-2,19,19,0,100.0,0.0,MBUS-12,On-grid,483.97,108.197,-30.708,1092.4,1092.4,1092.4,1092.4,1094.0,1094.0,1094.0,1094.0,1094.0,1082.0,1082.0,1082.0,1082.0,1082.0,1085.2,1085.2,1085.2,1085.2,1088.7,1088.7,1088.7,1088.7,1088.7,1088.6,1088.6,1088.6,1088.6,1088.6,5.53,5.23,5.29,5.21,5.44,5.24,5.26,0.0,0.0,5.46,5.32,5.27,0.0,0.0,5.61,5.19,5.31,0.0,5.37,5.36,5.17,0.0,0.0,5.58,5.2,5.31,0.0,0.0,827.8,818.0,823.2,79.245,79.493,79.348
P1,IB7,P1-IB7-3.2-SI13,SACU-2,19,17,2,89.47,10.53,MBUS-13,On-grid,433.19,96.771,-30.643,1087.9,1087.9,1087.9,1087.9,1086.7,1086.7,1086.7,1086.7,1086.7,1092.4,1092.4,1092.4,1092.4,1092.4,1079.6,1079.6,1079.6,1079.6,1083.1,1083.1,1083.1,1083.1,1083.1,1077.6,1068.7,1068.7,1068.7,1068.7,5.53,5.31,0.0,5.28,5.42,5.43,0.0,0.0,0.0,5.47,5.36,5.25,0.0,0.0,5.44,5.32,5.32,0.0,5.48,5.24,5.31,0.0,0.0,5.48,5.34,5.4,0.0,0.0,826.0,817.3,819.7,71.794,71.928,71.789
P1,IB7,P1-IB7-3.2-SI14,SACU-2,19,18,1,94.74,5.26,MBUS-14,On-grid,453.67,101.373,-30.692,1081.7,1081.7,1081.7,1081.7,1088.3,1088.3,1088.3,1088.3,1088.3,1091.2,1091.2,1091.2,1091.2,1091.2,1076.5,1076.5,1076.5,1076.5,1070.6,1070.6,1070.6,1070.6,1070.6,1071.1,1071.1,1071.1,1071.1,1071.1,5.52,5.32,5.06,5.41,5.41,5.35,5.19,0.0,0.0,5.39,5.26,5.33,0.0,0.0,5.56,5.27,5.15,0.0,5.63,5.21,5.4,0.0,0.0,5.51,0.0,5.16,0.0,0.0,828.8,818.5,823.9,75.145,74.666,74.827
P1,IB7,P1-IB7-3.2-SI15,SACU-2,19,11,8,57.89,42.11,MBUS-15,On-grid,280.82,62.558,-30.683,1091.4,1091.4,1091.4,1091.4,1078.3,1078.3,1078.3,1078.3,1078.3,357.2,357.2,357.2,357.2,357.2,356.2,356.2,356.2,356.2,1092.8,1092.8,1092.8,1092.8,1092.8,1099.4,1099.4,1099.4,1099.4,1099.4,5.02,5.55,5.35,5.41,4.89,5.53,5.34,0.0,0.0,0.0,0.0,0.0,0.0,0.0,0.0,0.0,0.0,0.0,5.14,5.4,0.0,0.0,0.0,0.0,5.4,5.5,0.0,0.0,825.2,819.9,819.1,50.311,50.068,49.369
P1,IB7,P1-IB7-3.2-SI16,SACU-2,19,17,2,89.47,10.53,MBUS-16,On-grid,433.63,97.019,-30.707,1079.6,1079.6,1079.6,1079.6,1074.9,1074.9,1074.9,1074.9,1074.9,1090.7,1090.7,1090.7,1090.7,1090.7,1093.7,1093.7,1093.7,1093.7,1093.4,1093.4,1093.4,1093.4,1093.4,1083.6,1083.6,1083.6,1083.6,1083.6,5.47,5.35,5.24,5.39,5.44,5.38,5.32,0.0,0.0,5.6,5.2,5.38,0.0,0.0,5.52,5.29,5.26,0.0,5.71,5.2,5.27,0.0,0.0,5.66,0.0,0.0,0.0,0.0,826.2,821.6,816.8,72.144,72.19,71.992
P1,IB7,P1-IB7-4.1-SI01,SACU-2,19,19,0,100.0,0.0,MBUS-17,On-grid,482.83,107.829,-30.828,1094.8,1094.8,1094.8,1094.8,1089.7,1089.7,1089.7,1089.7,1089.7,1083.3,1083.3,1083.3,1083.3,1083.3,1099.3,1099.3,1099.3,1099.3,1094.6,1094.6,1094.6,1094.6,1094.6,1093.1,1093.1,1093.1,1093.1,1093.1,5.41,5.24,5.29,5.18,5.31,5.27,5.29,0.0,0.0,5.42,5.25,5.41,0.0,0.0,5.42,5.26,5.11,0.0,5.4,5.34,5.3,0.0,0.0,5.38,5.34,5.25,0.0,0.0,829.5,820.8,825.4,79.239,78.944,79.204
P1,IB7,P1-IB7-4.1-SI02,SACU-2,19,19,0,100.0,0.0,MBUS-18,On-grid,485.03,108.029,-30.645,1094.3,1094.3,1094.3,1094.3,1104.7,1104.7,1104.7,1104.7,1104.7,1083.8,1083.8,1083.8,1083.8,1083.8,1083.3,1083.3,1083.3,1083.3,1093.7,1093.7,1093.7,1093.7,1093.7,1084.4,1084.4,1084.4,1084.4,1084.4,5.52,5.3,5.17,5.27,5.31,5.32,5.16,0.0,0.0,5.57,5.28,5.2,0.0,0.0,5.55,5.15,5.33,0.0,5.53,5.31,5.15,0.0,0.0,5.62,5.17,5.32,0.0,0.0,829.3,824.2,822.1,79.303,79.271,79.034
P1,IB7,P1-IB7-4.1-SI03,SACU-2,19,19,0,100.0,0.0,MBUS-19,On-grid,485.45,108.505,-30.633,1092.1,1092.1,1092.1,1092.1,1099.1,1099.1,1099.1,1099.1,1099.1,1098.0,1098.0,1098.0,1098.0,1098.0,1095.7,1095.7,1095.7,1095.7,1099.0,1099.0,1099.0,1099.0,1099.0,1089.9,1089.9,1089.9,1089.9,1089.9,5.49,5.2,5.27,5.16,5.23,5.27,5.29,0.0,0.0,5.33,5.28,5.23,0.0,0.0,5.45,5.17,5.32,0.0,5.35,5.38,5.23,0.0,0.0,5.17,5.25,5.41,0.0,0.0,830.7,824.5,821.3,79.144,79.389,79.512
P1,IB7,P1-IB7-4.1-SI04,SACU-2,19,19,0,100.0,0.0,MBUS-20,On-grid,485.82,108.8,-30.602,1097.0,1097.0,1097.0,1097.0,1092.7,1092.7,1092.7,1092.7,1092.7,1095.6,1095.6,1095.6,1095.6,1095.6,1103.3,1103.3,1103.3,1103.3,1098.3,1098.3,1098.3,1098.3,1098.3,1095.1,1095.1,1095.1,1095.1,1095.1,5.5,5.13,5.25,5.2,5.34,5.23,5.28,0.0,0.0,5.47,5.37,5.3,0.0,0.0,5.55,5.16,5.26,0.0,5.57,5.37,5.19,0.0,0.0,5.6,5.11,5.3,0.0,0.0,828.0,822.9,818.6,79.497,79.781,79.94
P1,IB7,P1-IB7-4.1-SI05,SACU-2,19,18,1,94.74,5.26,MBUS-21,On-grid,463.94,102.877,-30.697,1094.9,1094.9,1094.9,1094.9,1095.1,1095.1,1095.1,1095.1,1095.1,1093.5,1093.5,1093.5,1093.5,1093.5,1091.4,1091.4,1091.4,1091.4,1099.0,1099.0,1099.0,1099.0,1099.0,1112.1,1112.1,1112.1,1112.1,1112.1,5.45,5.31,5.17,5.25,5.23,5.36,5.16,0.0,0.0,5.59,5.18,5.32,0.0,0.0,5.63,5.32,0.0,0.0,5.54,5.24,5.27,0.0,0.0,5.45,5.21,5.1,0.0,0.0,829.0,818.7,825.1,75.723,75.861,75.72
P1,IB7,P1-IB7-4.1-SI06,SACU-2,19,19,0,100.0,0.0,MBUS-22,On-grid,482.23,108.036,-30.647,1095.2,1095.2,1095.2,1095.2,1097.1,1097.1,1097.1,1097.1,1097.1,1090.0,1090.0,1090.0,1090.0,1090.0,1094.9,1094.9,1094.9,1094.9,1098.4,1098.4,1098.4,1098.4,1098.4,1091.2,1091.2,1091.2,1091.2,1091.2,5.45,5.29,5.15,5.35,5.25,5.35,5.17,0.0,0.0,5.56,5.13,5.29,0.0,0.0,5.45,5.25,5.13,0.0,5.53,5.17,5.19,0.0,0.0,5.43,5.27,5.2,0.0,0.0,829.1,818.0,823.9,79.278,79.327,79.427
P1,IB7,P1-IB7-4.1-SI07,SACU-2,19,18,1,94.74,5.26,MBUS-23,On-grid,455.13,101.42,-30.75,1097.7,1097.7,1097.7,1097.7,1087.2,1087.2,1087.2,1087.2,1087.2,1077.1,1077.1,1077.1,1077.1,1077.1,1086.4,1086.4,1086.4,1086.4,1078.4,1078.4,1078.4,1078.4,1078.4,1081.2,1081.2,1081.2,1081.2,1081.2,5.39,5.09,5.24,5.12,5.32,5.16,5.27,0.0,0.0,5.39,5.32,5.22,0.0,0.0,5.67,5.18,0.0,0.0,5.5,5.38,5.2,0.0,0.0,5.28,5.17,5.34,0.0,0.0,829.5,818.6,823.5,75.165,75.02,74.826
P1,IB7,P1-IB7-4.1-SI08,SACU-2,19,16,3,84.21,15.79,MBUS-24,On-grid,406.43,91.034,-30.742,1096.4,1096.4,1096.4,1096.4,376.3,376.3,376.3,376.3,376.3,1106.0,1106.0,1106.0,1106.0,1106.0,1106.4,1106.4,1106.4,1106.4,1098.9,1098.9,1098.9,1098.9,1098.9,1105.8,1105.8,1105.8,1105.8,1105.8,5.2,5.18,5.25,5.26,0.0,0.0,0.0,0.0,0.0,5.09,5.4,5.28,0.0,0.0,5.34,5.23,5.29,0.0,5.24,5.46,5.27,0.0,0.0,5.2,5.21,5.35,0.0,0.0,827.5,822.8,818.0,68.226,67.898,67.847
P1,IB7,P1-IB7-4.2-SI09,SACU-2,19,19,0,100.0,0.0,MBUS-25,On-grid,480.32,107.557,-30.564,1103.1,1103.1,1103.1,1103.1,1090.0,1090.0,1090.0,1090.0,1090.0,1105.9,1105.9,1105.9,1105.9,1105.9,1097.3,1097.3,1097.3,1097.3,1102.9,1102.9,1102.9,1102.9,1102.9,1087.3,1087.3,1087.3,1087.3,1087.3,5.49,5.07,5.25,5.15,5.41,5.16,5.34,0.0,0.0,5.49,5.16,5.15,0.0,0.0,5.63,5.15,5.2,0.0,5.42,5.32,5.15,0.0,0.0,5.31,5.32,5.24,0.0,0.0,827.2,816.6,822.6,79.433,79.277,79.149
P1,IB7,P1-IB7-4.2-SI10,SACU-2,19,19,0,100.0,0.0,MBUS-26,On-grid,481.6,107.988,-30.704,1085.6,1085.6,1085.6,1085.6,1100.8,1100.8,1100.8,1100.8,1100.8,1091.1,1091.1,1091.1,1091.1,1091.1,1085.8,1085.8,1085.8,1085.8,1084.0,1084.0,1084.0,1084.0,1084.0,1086.2,1086.2,1086.2,1086.2,1086.2,5.51,5.19,5.31,5.25,5.43,5.26,5.23,0.0,0.0,5.48,5.33,5.22,0.0,0.0,5.68,5.15,5.18,0.0,5.6,5.37,5.36,0.0,0.0,5.58,5.31,5.24,0.0,0.0,826.6,816.6,822.7,79.601,79.706,79.554
P1,IB7,P1-IB7-4.2-SI11,SACU-2,19,19,0,100.0,0.0,MBUS-27,On-grid,479.67,107.054,-30.667,1079.0,1079.0,1079.0,1079.0,1090.5,1090.5,1090.5,1090.5,1090.5,1073.7,1073.7,1073.7,1073.7,1073.7,1079.0,1079.0,1079.0,1079.0,1100.0,1100.0,1100.0,1100.0,1100.0,1087.7,1087.7,1087.7,1087.7,1087.7,5.39,5.32,5.17,5.36,5.33,5.31,5.18,0.0,0.0,5.57,5.16,5.31,0.0,0.0,5.4,5.19,5.13,0.0,5.52,5.25,5.3,0.0,0.0,5.08,5.28,5.24,0.0,0.0,828.1,820.8,820.1,78.62,78.647,78.849
P1,IB7,P1-IB7-4.2-SI12,SACU-2,19,18,1,94.74,5.26,MBUS-28,On-grid,455.12,101.812,-30.618,1091.6,1091.6,1091.6,1091.6,1093.5,1093.5,1093.5,1093.5,1093.5,1088.6,1088.6,1088.6,1088.6,1088.6,1088.8,1088.8,1088.8,1088.8,1088.4,1088.4,1088.4,1088.4,1088.4,1081.2,1081.2,1081.2,1081.2,1081.2,5.39,5.25,5.12,5.36,5.1,5.27,5.33,0.0,0.0,5.63,0.0,5.18,0.0,0.0,5.57,5.28,5.09,0.0,5.5,5.23,5.25,0.0,0.0,5.45,5.16,5.28,0.0,0.0,826.8,817.8,823.1,75.41,75.202,75.059
P1,IB7,P1-IB7-4.2-SI13,SACU-2,19,19,0,100.0,0.0,MBUS-29,On-grid,480.99,107.602,-30.687,1093.6,1093.6,1093.6,1093.6,1090.2,1090.2,1090.2,1090.2,1090.2,1081.5,1081.5,1081.5,1081.5,1081.5,1082.3,1082.3,1082.3,1082.3,1087.2,1087.2,1087.2,1087.2,1087.2,1091.4,1091.4,1091.4,1091.4,1091.4,5.47,5.27,5.12,5.4,5.31,5.29,5.27,0.0,0.0,5.37,5.21,5.35,0.0,0.0,5.52,5.31,5.16,0.0,5.56,5.15,5.25,0.0,0.0,5.36,5.29,5.24,0.0,0.0,827.4,816.2,821.9,79.342,79.02,79.027
P1,IB7,P1-IB7-4.2-SI14,SACU-2,19,19,0,100.0,0.0,MBUS-30,On-grid,482.39,107.679,-30.714,1091.9,1091.9,1091.9,1091.9,1105.4,1105.4,1105.4,1105.4,1105.4,1086.3,1086.3,1086.3,1086.3,1086.3,1094.0,1094.0,1094.0,1094.0,1085.8,1085.8,1085.8,1085.8,1085.8,1088.3,1088.3,1088.3,1088.3,1088.3,5.52,5.16,5.13,5.1,5.34,5.2,5.29,0.0,0.0,5.58,5.22,5.22,0.0,0.0,5.48,5.07,5.13,0.0,5.4,5.39,5.23,0.0,0.0,5.56,5.26,5.32,0.0,0.0,828.6,817.9,823.1,79.216,79.174,78.994
P1,IB7,P1-IB7-4.2-SI15,SACU-2,19,19,0,100.0,0.0,MBUS-31,On-grid,484.72,108.164,-30.685,1082.5,1082.5,1082.5,1082.5,1099.5,1099.5,1099.5,1099.5,1099.5,1092.4,1092.4,1092.4,1092.4,1092.4,1077.1,1077.1,1077.1,1077.1,1106.5,1106.5,1106.5,1106.5,1106.5,1094.6,1094.6,1094.6,1094.6,1094.6,5.52,5.09,5.35,5.27,5.34,5.38,5.15,0.0,0.0,5.54,5.25,5.25,0.0,0.0,5.69,5.2,5.26,0.0,5.35,5.28,5.11,0.0,0.0,5.63,5.28,5.21,0.0,0.0,827.2,817.3,822.7,79.78,79.716,79.209
P1,IB7,P1-IB7-4.2-SI16,SACU-2,19,19,0,100.0,0.0,MBUS-32,On-grid,484.44,108.722,-30.652,1094.1,1094.1,1094.1,1094.1,1080.7,1080.7,1080.7,1080.7,1080.7,1103.8,1103.8,1103.8,1103.8,1103.8,1090.7,1090.7,1090.7,1090.7,1095.6,1095.6,1095.6,1095.6,1095.6,1094.1,1094.1,1094.1,1094.1,1094.1,5.46,5.36,5.23,5.26,5.33,5.43,5.28,0.0,0.0,5.53,5.18,5.29,0.0,0.0,5.45,5.18,5.35,0.0,5.53,5.23,5.32,0.0,0.0,5.47,5.29,5.36,0.0,0.0,825.6,816.6,819.1,80.017,80.178,79.951
P1,IB8,P1-IB8-1.1-SI01,SACU-1,19,13,6,68.42,31.58,MBUS-1,On-grid,337.82,75.072,-0.027,1095.1,1095.1,1095.1,1095.1,1096.8,1096.8,1096.8,1096.8,1096.8,1098.6,1098.6,1098.6,1098.6,1098.6,1084.3,1084.3,1084.3,1084.3,1095.2,1095.2,1095.2,1095.2,1095.2,1088.9,1088.9,1088.9,1088.9,1088.9,0.0,0.0,5.25,5.24,5.34,5.27,0.0,0.0,0.0,5.69,5.27,5.22,0.0,0.0,5.78,0.0,0.0,0.0,0.0,5.41,5.24,0.0,0.0,5.54,5.22,5.36,0.0,0.0,836.7,827.5,831.8,52.494,51.768,51.935
P1,IB8,P1-IB8-1.1-SI02,SACU-1,19,11,8,57.89,42.11,MBUS-2,On-grid,290.18,63.737,0.087,1084.7,1084.7,1084.7,1084.7,386.1,386.1,386.1,386.1,386.1,1071.0,1071.0,1071.0,1071.0,1071.0,1093.9,1093.9,1093.9,1093.9,1094.5,1094.5,1094.5,1094.5,1094.5,1091.3,1091.3,1091.3,1091.3,1091.3,5.66,0.0,0.0,0.0,0.0,0.0,0.0,0.0,0.0,5.52,0.0,0.0,0.0,0.0,5.29,5.23,5.44,0.0,5.33,5.45,5.28,0.0,0.0,5.23,5.33,5.53,0.0,0.0,835.7,825.4,831.6,44.397,43.91,44.137
P1,IB8,P1-IB8-1.1-SI03,SACU-1,19,7,12,36.84,63.16,MBUS-3,On-grid,177.5,39.663,-0.006,1101.3,1101.3,1101.3,1101.3,384.9,384.9,384.9,384.9,384.9,1099.8,1099.8,1099.8,1099.8,1099.8,1100.4,1100.4,1100.4,1100.4,1087.0,1087.0,1087.0,1087.0,1087.0,1097.8,1097.8,1097.8,1097.8,1097.8,5.62,0.0,0.0,0.0,0.0,0.0,0.0,0.0,0.0,5.45,0.0,0.0,0.0,0.0,0.0,0.0,5.34,0.0,0.0,5.42,5.19,0.0,0.0,0.0,5.27,5.26,0.0,0.0,834.3,825.3,829.9,27.802,27.384,27.706
P1,IB8,P1-IB8-1.1-SI04,SACU-1,19,13,6,68.42,31.58,MBUS-4,On-grid,332.76,74.164,0.017,384.5,384.5,384.5,384.5,1092.7,1092.7,1092.7,1092.7,1092.7,1097.8,1097.8,1097.8,1097.8,1097.8,1093.2,1093.2,1093.2,1093.2,1082.5,1082.5,1082.5,1082.5,1082.5,1100.5,1100.5,1100.5,1100.5,1100.5,0.0,0.0,0.0,0.0,5.07,5.29,5.42,0.0,0.0,5.17,5.49,5.28,0.0,0.0,0.0,0.0,5.27,0.0,5.15,5.53,5.28,0.0,0.0,5.36,5.25,5.38,0.0,0.0,834.8,828.4,827.2,51.788,51.631,51.497
P1,IB8,P1-IB8-1.1-SI05,SACU-1,19,12,7,63.16,36.84,MBUS-5,On-grid,309.93,68.951,0.022,1096.4,1096.4,1096.4,1096.4,1087.6,1087.6,1087.6,1087.6,1087.6,1087.8,1087.8,1087.8,1087.8,1087.8,1096.7,1096.7,1096.7,1096.7,1099.4,1099.4,1099.4,1099.4,1099.4,1096.4,1096.4,1096.4,1096.4,1096.4,5.57,0.0,0.0,0.0,0.0,5.37,5.21,0.0,0.0,5.74,0.0,0.0,0.0,0.0,5.53,5.27,5.15,0.0,5.63,5.25,5.31,0.0,0.0,5.61,0.0,5.21,0.0,0.0,836.5,827.5,833.5,48.46,47.651,47.701
P1,IB8,P1-IB8-1.1-SI06,SACU-1,19,15,4,78.95,21.05,MBUS-6,On-grid,390.64,86.56,-0.007,1094.2,1094.2,1094.2,1094.2,1083.4,1083.4,1083.4,1083.4,1083.4,1091.9,1091.9,1091.9,1091.9,1091.9,1086.5,1086.5,1086.5,1086.5,1093.4,1093.4,1093.4,1093.4,1093.4,1104.5,1104.5,1104.5,1104.5,1104.5,5.47,5.33,5.16,5.38,5.47,0.0,0.0,0.0,0.0,5.74,0.0,0.0,0.0,0.0,5.41,5.29,5.21,0.0,5.49,5.24,5.41,0.0,0.0,5.35,5.3,5.32,0.0,0.0,836.7,831.0,826.9,60.604,59.891,59.858
P1,IB8,P1-IB8-1.1-SI07,SACU-1,19,10,9,52.63,47.37,MBUS-7,On-grid,259.86,57.444,-0.009,1090.5,1090.5,1090.5,1090.5,1091.3,1091.3,1091.3,1091.3,1091.3,1076.7,1076.7,1076.7,1076.7,1076.7,1086.9,1086.9,1086.9,1086.9,386.8,386.8,386.8,386.8,386.8,1080.2,1080.2,1080.2,1080.2,1080.2,5.32,0.0,0.0,5.31,0.0,5.52,5.38,0.0,0.0,5.35,5.41,5.48,0.0,0.0,5.53,0.0,0.0,0.0,0.0,0.0,0.0,0.0,0.0,0.0,5.48,5.48,0.0,0.0,835.4,830.5,826.4,40.328,39.638,40.034
P1,IB8,P1-IB8-1.1-SI08,SACU-1,19,13,6,68.42,31.58,MBUS-8,On-grid,333.7,74.305,-0.001,1080.9,1080.9,1080.9,1080.9,1076.6,1076.6,1076.6,1076.6,1076.6,1083.6,1083.6,1083.6,1083.6,1083.6,1065.5,1065.5,1065.5,1065.5,1091.1,1091.1,1091.1,1091.1,1091.1,1104.7,1104.7,1104.7,1104.7,1104.7,5.44,5.18,0.0,0.0,0.0,5.35,5.32,0.0,0.0,5.46,0.0,5.22,0.0,0.0,0.0,5.15,5.34,0.0,5.28,5.42,0.0,0.0,0.0,5.22,5.26,5.36,0.0,0.0,836.9,826.2,831.0,51.965,51.551,51.139
P1,IB8,P1-IB8-1.2-SI09,SACU-1,19,19,0,100.0,0.0,MBUS-9,On-grid,487.99,108.599,-0.01,1092.9,1092.9,1092.9,1092.9,1092.7,1092.7,1092.7,1092.7,1092.7,1075.6,1075.6,1075.6,1075.6,1075.6,1084.0,1084.0,1084.0,1084.0,1082.2,1082.2,1082.2,1082.2,1082.2,1089.7,1089.7,1089.7,1089.7,1089.7,5.54,5.25,5.32,5.28,5.38,5.36,5.29,0.0,0.0,5.47,5.31,5.31,0.0,0.0,5.63,5.18,5.2,0.0,5.47,5.38,5.18,0.0,0.0,5.4,5.4,5.47,0.0,0.0,836.8,828.2,832.1,75.784,75.259,75.66
P1,IB8,P1-IB8-1.2-SI10,SACU-1,19,13,6,68.42,31.58,MBUS-10,On-grid,333.04,74.0,0.007,1092.8,1092.8,1092.8,1092.8,1067.8,1067.8,1067.8,1067.8,1067.8,1086.1,1086.1,1086.1,1086.1,1086.1,1068.3,1068.3,1068.3,1068.3,1085.2,1085.2,1085.2,1085.2,1085.2,1085.8,1085.8,1085.8,1085.8,1085.8,5.57,5.11,5.22,0.0,0.0,5.38,5.22,0.0,0.0,5.86,0.0,0.0,0.0,0.0,5.66,0.0,0.0,0.0,5.62,5.28,5.32,0.0,0.0,5.66,5.26,5.36,0.0,0.0,836.2,829.6,828.9,51.829,51.356,51.191
P1,IB8,P1-IB8-1.2-SI11,SACU-1,19,19,0,100.0,0.0,MBUS-11,On-grid,489.11,108.772,0.022,1101.4,1101.4,1101.4,1101.4,1090.0,1090.0,1090.0,1090.0,1090.0,1074.9,1074.9,1074.9,1074.9,1074.9,1079.8,1079.8,1079.8,1079.8,1094.3,1094.3,1094.3,1094.3,1094.3,1083.9,1083.9,1083.9,1083.9,1083.9,5.35,5.34,5.27,5.35,5.51,5.33,5.15,0.0,0.0,5.65,5.14,5.37,0.0,0.0,5.42,5.28,5.23,0.0,5.46,5.18,5.28,0.0,0.0,5.58,5.26,5.39,0.0,0.0,836.1,830.9,827.8,75.935,75.189,75.299
P1,IB8,P1-IB8-1.2-SI12,SACU-1,19,19,0,100.0,0.0,MBUS-12,On-grid,488.43,108.736,-0.007,1079.7,1079.7,1079.7,1079.7,1079.5,1079.5,1079.5,1079.5,1079.5,1109.1,1109.1,1109.1,1109.1,1109.1,1092.8,1092.8,1092.8,1092.8,1086.5,1086.5,1086.5,1086.5,1086.5,1092.6,1092.6,1092.6,1092.6,1092.6,5.55,5.32,5.11,5.37,5.37,5.41,5.17,0.0,0.0,5.53,5.23,5.33,0.0,0.0,5.56,5.24,5.17,0.0,5.58,5.22,5.34,0.0,0.0,5.48,5.24,5.3,0.0,0.0,835.7,829.8,827.0,75.848,75.617,75.258
P1,IB8,P1-IB8-1.2-SI13,SACU-1,19,19,0,100.0,0.0,MBUS-13,On-grid,483.73,107.998,-0.022,1094.6,1094.6,1094.6,1094.6,1082.0,1082.0,1082.0,1082.0,1082.0,1086.3,1086.3,1086.3,1086.3,1086.3,1090.4,1090.4,1090.4,1090.4,1063.1,1063.1,1063.1,1063.1,1063.1,1094.1,1094.1,1094.1,1094.1,1094.1,5.44,5.15,5.31,5.21,5.38,5.25,5.4,0.0,0.0,5.44,5.32,5.18,0.0,0.0,5.52,5.09,5.36,0.0,5.5,5.45,5.18,0.0,0.0,5.67,5.15,5.35,0.0,0.0,837.1,832.4,827.6,75.485,74.74,75.129
P1,IB8,P1-IB8-1.2-SI14,SACU-1,19,19,0,100.0,0.0,MBUS-14,On-grid,483.84,107.852,-0.013,1071.4,1071.4,1071.4,1071.4,1084.6,1084.6,1084.6,1084.6,1084.6,1097.6,1097.6,1097.6,1097.6,1097.6,1096.0,1096.0,1096.0,1096.0,1077.5,1077.5,1077.5,1077.5,1077.5,1081.4,1081.4,1081.4,1081.4,1081.4,5.47,5.33,5.13,5.32,5.25,5.33,5.13,0.0,0.0,5.63,5.12,5.33,0.0,0.0,5.49,5.27,5.1,0.0,5.54,5.22,5.31,0.0,0.0,5.36,5.34,5.24,0.0,0.0,836.5,827.2,831.6,75.292,74.454,74.735
P1,IB8,P1-IB8-1.2-SI15,SACU-1,19,19,0,100.0,0.0,MBUS-15,On-grid,484.24,108.017,-0.001,1098.4,1098.4,1098.4,1098.4,1087.2,1087.2,1087.2,1087.2,1087.2,1085.6,1085.6,1085.6,1085.6,1085.6,1080.4,1080.4,1080.4,1080.4,1082.1,1082.1,1082.1,1082.1,1082.1,1089.6,1089.6,1089.6,1089.6,1089.6,5.33,5.28,5.18,5.28,5.21,5.43,5.21,0.0,0.0,5.49,5.21,5.35,0.0,0.0,5.46,5.26,5.16,0.0,5.46,5.24,5.3,0.0,0.0,5.28,5.25,5.28,0.0,0.0,832.9,823.2,827.5,75.227,75.071,74.99
P1,IB8,P1-IB8-1.2-SI16,SACU-1,19,19,0,100.0,0.0,MBUS-16,On-grid,485.25,108.468,0.04,1082.6,1082.6,1082.6,1082.6,1106.3,1106.3,1106.3,1106.3,1106.3,1100.6,1100.6,1100.6,1100.6,1100.6,1085.9,1085.9,1085.9,1085.9,1096.9,1096.9,1096.9,1096.9,1096.9,1105.4,1105.4,1105.4,1105.4,1105.4,5.7,5.29,5.33,5.1,5.37,5.13,5.26,0.0,0.0,5.43,5.29,5.11,0.0,0.0,5.55,5.17,5.27,0.0,5.38,5.4,5.17,5.34,0.0,5.64,5.14,0.0,0.0,0.0,835.9,828.4,828.6,75.729,75.477,75.496
P1,IB8,P1-IB8-2.1-SI01,SACU-1,19,19,0,100.0,0.0,MBUS-17,On-grid,484.19,108.278,-0.085,1087.7,1087.7,1087.7,1087.7,1084.3,1084.3,1084.3,1084.3,1084.3,1088.6,1088.6,1088.6,1088.6,1088.6,1088.1,1088.1,1088.1,1088.1,1087.7,1087.7,1087.7,1087.7,1087.7,1092.9,1092.9,1092.9,1092.9,1092.9,5.39,5.31,5.17,5.36,5.4,5.34,5.19,0.0,0.0,5.53,5.13,5.4,0.0,0.0,5.59,5.24,5.1,0.0,5.52,5.17,5.3,0.0,0.0,5.44,5.27,5.3,0.0,0.0,837.6,826.4,832.2,75.422,75.148,75.109
P1,IB8,P1-IB8-2.1-SI02,SACU-1,19,16,3,84.21,15.79,MBUS-18,On-grid,404.99,90.538,-0.043,1097.9,1097.9,1097.9,1097.9,1083.2,1083.2,1083.2,1083.2,1083.2,1074.5,1074.5,1074.5,1074.5,1074.5,1065.0,1065.0,1065.0,1065.0,1089.2,1089.2,1089.2,1089.2,1089.2,1088.0,1088.0,1088.0,1088.0,1088.0,0.0,0.0,5.25,5.13,5.37,5.22,5.27,0.0,0.0,5.64,5.36,5.38,0.0,0.0,5.51,5.28,5.23,0.0,5.6,5.15,5.21,0.0,0.0,5.44,5.22,0.0,0.0,0.0,839.1,830.5,830.9,62.585,62.607,62.29
P1,IB8,P1-IB8-2.1-SI03,SACU-1,19,19,0,100.0,0.0,MBUS-19,On-grid,488.0,108.857,-0.046,1104.0,1104.0,1104.0,1104.0,1081.6,1081.6,1081.6,1081.6,1081.6,1090.3,1090.3,1090.3,1090.3,1090.3,1091.1,1091.1,1091.1,1091.1,1098.2,1098.2,1098.2,1098.2,1098.2,1103.8,1103.8,1103.8,1103.8,1103.8,5.53,5.12,5.25,5.06,5.39,5.23,5.28,0.0,0.0,5.41,5.29,5.23,0.0,0.0,5.62,5.2,5.2,0.0,5.54,5.27,5.3,0.0,0.0,5.37,5.13,5.18,0.0,0.0,840.5,829.3,833.9,75.67,75.21,75.106
P1,IB8,P1-IB8-2.1-SI04,SACU-1,19,19,0,100.0,0.0,MBUS-20,On-grid,478.95,107.315,0.022,1081.1,1081.1,1081.1,1081.1,1075.0,1075.0,1075.0,1075.0,1075.0,1089.8,1089.8,1089.8,1089.8,1089.8,1087.4,1087.4,1087.4,1087.4,1094.9,1094.9,1094.9,1094.9,1094.9,1091.7,1091.7,1091.7,1091.7,1091.7,5.45,5.24,5.09,5.28,5.44,5.19,5.15,0.0,0.0,5.65,5.07,5.29,0.0,0.0,5.56,5.22,5.1,0.0,5.47,5.16,5.24,0.0,0.0,5.54,5.29,5.3,0.0,0.0,839.0,828.3,834.1,74.674,74.646,74.553
P1,IB8,P1-IB8-2.1-SI05,SACU-1,19,19,0,100.0,0.0,MBUS-21,On-grid,477.55,106.965,-0.01,1079.3,1079.3,1079.3,1079.3,1083.2,1083.2,1083.2,1083.2,1083.2,1082.7,1082.7,1082.7,1082.7,1082.7,1099.6,1099.6,1099.6,1099.6,1076.6,1076.6,1076.6,1076.6,1076.6,1078.5,1078.5,1078.5,1078.5,1078.5,5.55,5.02,5.27,5.17,5.38,5.18,5.27,0.0,0.0,5.48,5.24,5.17,0.0,0.0,5.53,5.11,5.22,5.16,0.0,5.34,5.11,5.25,0.0,0.0,5.18,5.27,0.0,0.0,840.9,830.5,835.7,74.122,73.948,73.71
P1,IB8,P1-IB8-2.1-SI06,SACU-1,19,19,0,100.0,0.0,MBUS-22,On-grid,472.59,105.998,-0.118,1060.7,1060.7,1060.7,1060.7,1080.8,1080.8,1080.8,1080.8,1080.8,1085.8,1085.8,1085.8,1085.8,1085.8,1081.3,1081.3,1081.3,1081.3,1087.3,1087.3,1087.3,1087.3,1087.3,1082.7,1082.7,1082.7,1082.7,1082.7,5.48,5.06,5.31,5.26,5.45,5.16,5.28,0.0,0.0,5.42,5.27,5.16,0.0,0.0,5.52,5.1,5.14,0.0,5.46,5.17,5.23,0.0,0.0,5.44,5.23,5.21,0.0,0.0,841.5,833.6,833.4,73.488,73.153,73.2
P1,IB8,P1-IB8-2.1-SI07,SACU-1,19,19,0,100.0,0.0,MBUS-23,On-grid,473.38,106.38,-0.049,1079.8,1079.8,1079.8,1079.8,1084.6,1084.6,1084.6,1084.6,1084.6,1086.8,1086.8,1086.8,1086.8,1086.8,1090.3,1090.3,1090.3,1090.3,1097.3,1097.3,1097.3,1097.3,1097.3,1085.0,1085.0,1085.0,1085.0,1085.0,5.47,5.29,5.16,5.2,5.41,5.15,5.25,0.0,0.0,5.36,5.24,5.11,0.0,0.0,5.5,5.09,5.24,0.0,5.24,5.29,5.14,0.0,0.0,5.49,5.1,5.33,0.0,0.0,840.7,834.4,830.2,74.321,73.378,73.684
P1,IB8,P1-IB8-2.1-SI08,SACU-1,19,19,0,100.0,0.0,MBUS-24,On-grid,477.78,107.257,-0.041,1085.8,1085.8,1085.8,1085.8,1072.5,1072.5,1072.5,1072.5,1072.5,1082.9,1082.9,1082.9,1082.9,1082.9,1082.3,1082.3,1082.3,1082.3,1082.3,1082.3,1082.3,1082.3,1082.3,1087.9,1087.9,1087.9,1087.9,1087.9,5.37,5.24,5.1,5.18,5.4,5.12,5.29,0.0,0.0,5.53,5.31,5.14,0.0,0.0,5.37,5.06,5.38,5.36,5.47,5.3,5.29,0.0,0.0,5.53,5.22,0.0,0.0,0.0,841.9,833.3,832.1,74.563,73.913,74.204
P1,IB8,P1-IB8-2.2-SI09,SACU-1,19,19,0,100.0,0.0,MBUS-25,On-grid,484.53,108.132,-0.043,1083.5,1083.5,1083.5,1083.5,1085.1,1085.1,1085.1,1085.1,1085.1,1075.0,1075.0,1075.0,1075.0,1075.0,1088.3,1088.3,1088.3,1088.3,1081.7,1081.7,1081.7,1081.7,1081.7,1094.9,1094.9,1094.9,1094.9,1094.9,5.54,5.29,5.15,5.32,5.36,5.37,5.22,0.0,0.0,5.61,5.17,5.44,0.0,0.0,5.47,5.29,5.22,0.0,5.53,5.27,5.32,5.23,0.0,0.0,5.3,5.17,0.0,0.0,837.3,829.9,827.4,75.454,74.845,75.25
P1,IB8,P1-IB8-2.2-SI10,SACU-1,19,19,0,100.0,0.0,MBUS-26,On-grid,487.92,108.736,-0.048,1091.5,1091.5,1091.5,1091.5,1076.9,1076.9,1076.9,1076.9,1076.9,1085.1,1085.1,1085.1,1085.1,1085.1,1077.1,1077.1,1077.1,1077.1,1092.0,1092.0,1092.0,1092.0,1092.0,1091.5,1091.5,1091.5,1091.5,1091.5,5.38,5.33,5.21,5.31,5.09,5.39,5.26,0.0,0.0,5.52,5.24,5.33,0.0,0.0,5.4,5.3,5.13,0.0,5.52,5.45,5.35,0.0,0.0,5.14,5.27,5.27,0.0,0.0,839.0,830.3,829.6,75.605,75.166,75.178
P1,IB8,P1-IB8-2.2-SI11,SACU-1,19,19,0,100.0,0.0,MBUS-27,On-grid,483.56,107.597,-0.003,1081.3,1081.3,1081.3,1081.3,1080.8,1080.8,1080.8,1080.8,1080.8,1087.7,1087.7,1087.7,1087.7,1087.7,1078.3,1078.3,1078.3,1078.3,1084.6,1084.6,1084.6,1084.6,1084.6,1076.9,1076.9,1076.9,1076.9,1076.9,5.48,5.35,5.15,5.36,5.33,5.43,5.26,0.0,0.0,5.59,5.24,5.32,0.0,0.0,5.57,5.23,5.2,0.0,5.57,5.23,5.22,0.0,0.0,5.5,5.32,5.27,0.0,0.0,839.3,834.0,828.6,75.205,74.289,74.819
P1,IB8,P1-IB8-2.2-SI12,SACU-1,19,19,0,100.0,0.0,MBUS-28,On-grid,481.2,107.853,0.005,1080.0,1080.0,1080.0,1080.0,1092.7,1092.7,1092.7,1092.7,1092.7,1101.5,1101.5,1101.5,1101.5,1101.5,1094.4,1094.4,1094.4,1094.4,1079.6,1079.6,1079.6,1079.6,1079.6,1086.8,1086.8,1086.8,1086.8,1086.8,5.55,5.19,5.06,5.18,5.28,5.18,5.28,0.0,0.0,5.4,5.32,5.28,0.0,0.0,5.56,5.2,5.23,0.0,5.43,5.34,5.23,0.0,0.0,5.42,5.17,5.36,0.0,0.0,837.1,829.8,827.5,75.293,75.165,74.499
P1,IB8,P1-IB8-2.2-SI13,SACU-1,19,19,0,100.0,0.0,MBUS-29,On-grid,483.16,107.817,-0.05,1094.7,1094.7,1094.7,1094.7,1071.9,1071.9,1071.9,1071.9,1071.9,1085.3,1085.3,1085.3,1085.3,1085.3,1082.1,1082.1,1082.1,1082.1,1086.0,1086.0,1086.0,1086.0,1086.0,1089.9,1089.9,1089.9,1089.9,1089.9,5.4,4.96,5.23,5.15,5.24,5.26,5.33,0.0,0.0,5.37,5.34,5.27,0.0,0.0,5.62,5.12,5.27,0.0,5.31,5.35,5.21,0.0,0.0,5.19,5.24,5.35,0.0,0.0,837.6,827.5,832.7,75.366,74.551,74.564
P1,IB8,P1-IB8-2.2-SI14,SACU-1,19,19,0,100.0,0.0,MBUS-30,On-grid,481.41,107.729,0.021,1075.4,1075.4,1075.4,1075.4,1088.2,1088.2,1088.2,1088.2,1088.2,1086.8,1086.8,1086.8,1086.8,1086.8,1089.0,1089.0,1089.0,1089.0,1097.7,1097.7,1097.7,1097.7,1097.7,1094.4,1094.4,1094.4,1094.4,1094.4,5.35,5.18,5.27,5.22,5.16,5.19,5.3,0.0,0.0,5.28,5.28,5.28,0.0,0.0,5.59,5.17,5.23,0.0,5.18,5.31,5.22,0.0,0.0,5.18,5.16,5.28,0.0,0.0,839.9,828.3,834.6,75.042,74.258,74.576
P1,IB8,P1-IB8-2.2-SI15,SACU-1,19,19,0,100.0,0.0,MBUS-31,On-grid,480.5,107.725,0.03,1087.6,1087.6,1087.6,1087.6,1092.4,1092.4,1092.4,1092.4,1092.4,1085.0,1085.0,1085.0,1085.0,1085.0,1089.2,1089.2,1089.2,1089.2,1071.6,1071.6,1071.6,1071.6,1071.6,1084.3,1084.3,1084.3,1084.3,1084.3,5.26,5.19,5.34,5.24,5.09,5.23,5.3,0.0,0.0,5.3,5.36,5.31,0.0,0.0,5.51,5.16,5.31,0.0,5.34,5.43,5.32,0.0,0.0,5.15,5.21,5.25,0.0,0.0,840.7,831.4,832.3,74.834,74.566,74.431
P1,IB8,P1-IB8-2.2-SI16,SACU-1,19,18,1,94.74,5.26,MBUS-32,On-grid,454.23,101.993,-0.081,1085.1,1085.1,1085.1,1085.1,1090.0,1090.0,1090.0,1090.0,1090.0,1079.1,1079.1,1079.1,1079.1,1079.1,1083.5,1083.5,1083.5,1083.5,1093.8,1093.8,1093.8,1093.8,1093.8,1091.2,1091.2,1091.2,1091.2,1091.2,5.64,0.0,5.21,5.25,5.3,5.37,5.17,0.0,0.0,5.47,5.19,5.27,0.0,0.0,5.45,5.26,5.07,0.0,5.54,5.21,5.22,0.0,0.0,5.49,5.26,5.25,0.0,0.0,839.7,828.2,834.5,71.017,70.361,70.286
P1,IB8,P1-IB8-3.1-SI01,SACU-2,19,18,1,94.74,5.26,MBUS-1,On-grid,459.55,103.192,-30.617,1086.6,1086.6,1086.6,1086.6,1073.8,1073.8,1073.8,1073.8,1073.8,1094.6,1094.6,1094.6,1094.6,1094.6,1080.8,1080.8,1080.8,1080.8,1089.5,1089.5,1089.5,1089.5,1089.5,1086.0,1086.0,1086.0,1086.0,1086.0,5.59,5.31,5.31,5.25,5.46,5.33,5.36,0.0,0.0,5.48,5.34,0.0,0.0,0.0,5.67,5.33,5.36,0.0,5.57,5.32,5.37,0.0,0.0,5.64,5.37,5.28,0.0,0.0,826.3,818.3,822.0,76.265,76.204,76.074
P1,IB8,P1-IB8-3.1-SI02,SACU-2,19,19,0,100.0,0.0,MBUS-2,On-grid,481.05,107.882,-30.636,1088.4,1088.4,1088.4,1088.4,1077.6,1077.6,1077.6,1077.6,1077.6,1082.4,1082.4,1082.4,1082.4,1082.4,1088.1,1088.1,1088.1,1088.1,1082.4,1082.4,1082.4,1082.4,1082.4,1089.1,1089.1,1089.1,1089.1,1089.1,5.59,5.2,5.29,5.25,5.46,5.33,5.35,0.0,0.0,5.52,5.3,5.25,0.0,0.0,5.62,5.23,5.36,0.0,5.53,5.36,5.29,0.0,0.0,5.61,5.24,5.38,0.0,0.0,827.8,823.5,818.4,79.454,79.137,79.593
P1,IB8,P1-IB8-3.1-SI03,SACU-2,19,19,0,100.0,0.0,MBUS-3,On-grid,480.75,108.041,-30.584,1083.7,1083.7,1083.7,1083.7,1079.2,1079.2,1079.2,1079.2,1079.2,1077.3,1077.3,1077.3,1077.3,1077.3,1086.7,1086.7,1086.7,1086.7,1086.8,1086.8,1086.8,1086.8,1086.8,1073.9,1073.9,1073.9,1073.9,1073.9,5.5,5.28,5.42,5.3,5.3,5.32,5.33,0.0,0.0,5.44,5.3,5.25,0.0,0.0,5.57,5.25,5.27,0.0,5.33,5.43,5.2,0.0,0.0,5.21,5.27,5.44,0.0,0.0,829.7,818.4,823.6,79.504,79.112,79.033
P1,IB8,P1-IB8-3.1-SI04,SACU-2,19,18,1,94.74,5.26,MBUS-4,On-grid,455.19,102.119,-30.68,1079.8,1079.8,1079.8,1079.8,1079.5,1079.5,1079.5,1079.5,1079.5,1085.3,1085.3,1085.3,1085.3,1085.3,1070.8,1070.8,1070.8,1070.8,1085.1,1085.1,1085.1,1085.1,1085.1,1089.1,1089.1,1089.1,1089.1,1089.1,5.62,5.21,5.12,5.2,5.51,5.3,5.28,0.0,0.0,5.64,0.0,5.17,0.0,0.0,5.69,5.25,5.31,0.0,5.5,5.37,5.27,0.0,0.0,5.62,5.23,5.37,0.0,0.0,826.8,819.0,822.0,75.598,75.056,75.065
P1,IB8,P1-IB8-3.1-SI05,SACU-2,19,19,0,100.0,0.0,MBUS-5,On-grid,487.06,108.702,-30.591,1094.7,1094.7,1094.7,1094.7,1098.9,1098.9,1098.9,1098.9,1098.9,1100.7,1100.7,1100.7,1100.7,1100.7,1112.4,1112.4,1112.4,1112.4,1088.0,1088.0,1088.0,1088.0,1088.0,1092.3,1092.3,1092.3,1092.3,1092.3,5.51,5.31,5.18,5.4,5.47,5.29,5.18,0.0,0.0,5.56,5.25,5.33,0.0,0.0,5.34,5.26,5.17,0.0,5.55,5.16,5.34,0.0,0.0,5.45,5.27,5.24,0.0,0.0,827.2,821.2,819.7,80.128,79.628,79.53
P1,IB8,P1-IB8-3.1-SI06,SACU-2,19,19,0,100.0,0.0,MBUS-6,On-grid,478.22,107.265,-30.74,1077.9,1077.9,1077.9,1077.9,1080.1,1080.1,1080.1,1080.1,1080.1,1085.7,1085.7,1085.7,1085.7,1085.7,1069.7,1069.7,1069.7,1069.7,1080.6,1080.6,1080.6,1080.6,1080.6,1077.6,1077.6,1077.6,1077.6,1077.6,5.62,5.28,5.22,5.33,5.32,5.38,5.21,0.0,0.0,5.54,5.21,5.17,0.0,0.0,5.6,5.28,5.16,0.0,5.52,5.44,5.25,0.0,0.0,5.47,5.31,5.3,0.0,0.0,828.2,818.2,822.8,78.881,78.868,78.808
P1,IB8,P1-IB8-3.1-SI07,SACU-2,19,19,0,100.0,0.0,MBUS-7,On-grid,481.0,107.895,-30.61,1091.9,1091.9,1091.9,1091.9,1076.6,1076.6,1076.6,1076.6,1076.6,1081.7,1081.7,1081.7,1081.7,1081.7,1081.0,1081.0,1081.0,1081.0,1095.0,1095.0,1095.0,1095.0,1095.0,1083.3,1083.3,1083.3,1083.3,1083.3,5.41,5.35,5.2,5.32,5.13,5.41,5.34,0.0,0.0,5.49,5.22,5.41,0.0,0.0,5.44,5.32,5.25,0.0,5.4,5.3,5.33,0.0,0.0,5.13,5.26,5.31,0.0,0.0,829.1,822.8,821.0,79.361,79.182,79.102
P1,IB8,P1-IB8-3.1-SI08,SACU-2,19,19,0,100.0,0.0,MBUS-8,On-grid,480.04,107.827,-30.694,1090.4,1090.4,1090.4,1090.4,1074.3,1074.3,1074.3,1074.3,1074.3,1079.7,1079.7,1079.7,1079.7,1079.7,1088.6,1088.6,1088.6,1088.6,1077.0,1077.0,1077.0,1077.0,1077.0,1079.5,1079.5,1079.5,1079.5,1079.5,5.35,5.36,5.28,5.23,5.0,5.42,5.27,0.0,0.0,5.38,5.35,5.27,0.0,0.0,5.42,5.27,5.17,0.0,5.34,5.29,5.33,0.0,0.0,5.07,5.18,5.28,0.0,0.0,830.2,820.0,825.9,79.446,79.208,78.921
P1,IB8,P1-IB8-3.2-SI09,SACU-2,19,19,0,100.0,0.0,MBUS-9,On-grid,483.7,108.165,-30.789,1083.2,1083.2,1083.2,1083.2,1096.2,1096.2,1096.2,1096.2,1096.2,1083.4,1083.4,1083.4,1083.4,1083.4,1089.0,1089.0,1089.0,1089.0,1077.6,1077.6,1077.6,1077.6,1077.6,1095.6,1095.6,1095.6,1095.6,1095.6,5.58,5.27,5.35,5.26,5.27,5.33,5.35,0.0,0.0,5.47,5.37,5.25,0.0,0.0,5.59,5.13,5.38,0.0,5.27,5.42,5.25,0.0,0.0,5.29,5.2,5.45,0.0,0.0,828.0,823.4,819.2,79.527,79.404,79.199
P1,IB8,P1-IB8-3.2-SI10,SACU-2,19,19,0,100.0,0.0,MBUS-10,On-grid,479.68,107.357,-30.74,1086.9,1086.9,1086.9,1086.9,1082.9,1082.9,1082.9,1082.9,1082.9,1065.7,1065.7,1065.7,1065.7,1065.7,1092.3,1092.3,1092.3,1092.3,1081.7,1081.7,1081.7,1081.7,1081.7,1094.2,1094.2,1094.2,1094.2,1094.2,5.53,5.38,5.21,5.33,5.37,5.31,5.28,0.0,0.0,5.5,5.32,5.29,0.0,0.0,5.68,5.22,5.2,0.0,5.44,5.39,5.21,0.0,0.0,5.53,5.08,5.08,0.0,0.0,827.6,821.6,821.4,79.095,79.002,78.675
P1,IB8,P1-IB8-3.2-SI11,SACU-2,19,19,0,100.0,0.0,MBUS-11,On-grid,480.9,107.852,-30.702,1073.9,1073.9,1073.9,1073.9,1093.2,1093.2,1093.2,1093.2,1093.2,1084.1,1084.1,1084.1,1084.1,1084.1,1090.5,1090.5,1090.5,1090.5,1065.2,1065.2,1065.2,1065.2,1065.2,1078.8,1078.8,1078.8,1078.8,1078.8,5.46,5.28,5.32,5.3,5.12,5.29,5.28,0.0,0.0,5.44,5.31,5.3,0.0,0.0,5.44,5.22,5.22,0.0,5.41,5.42,5.29,0.0,0.0,5.13,5.22,5.33,0.0,0.0,829.5,820.7,825.5,78.914,79.245,78.935
P1,IB8,P1-IB8-3.2-SI12,SACU-2,19,19,0,100.0,0.0,MBUS-12,On-grid,486.22,108.374,-30.539,1094.4,1094.4,1094.4,1094.4,1089.7,1089.7,1089.7,1089.7,1089.7,1088.7,1088.7,1088.7,1088.7,1088.7,1083.7,1083.7,1083.7,1083.7,1077.4,1077.4,1077.4,1077.4,1077.4,1087.0,1087.0,1087.0,1087.0,1087.0,5.47,5.35,5.11,5.39,5.36,5.23,5.13,0.0,0.0,5.59,5.28,5.43,0.0,0.0,5.57,5.32,5.13,0.0,5.71,5.36,5.4,0.0,0.0,5.52,5.38,5.22,0.0,0.0,827.2,818.9,823.1,79.517,79.634,79.526
P1,IB8,P1-IB8-3.2-SI13,SACU-2,19,19,0,100.0,0.0,MBUS-13,On-grid,484.03,108.06,-30.623,1097.1,1097.1,1097.1,1097.1,1083.6,1083.6,1083.6,1083.6,1083.6,1075.5,1075.5,1075.5,1075.5,1075.5,1084.3,1084.3,1084.3,1084.3,1095.4,1095.4,1095.4,1095.4,1095.4,1089.6,1089.6,1089.6,1089.6,1089.6,5.6,5.16,5.21,5.36,5.47,5.29,5.07,0.0,0.0,5.57,5.24,5.32,0.0,0.0,5.5,5.21,5.31,0.0,5.63,5.25,5.29,0.0,0.0,5.46,5.38,5.32,0.0,0.0,829.6,820.2,824.4,79.575,79.332,79.278
P1,IB8,P1-IB8-3.2-SI14,SACU-2,19,19,0,100.0,0.0,MBUS-14,On-grid,476.47,107.151,-30.734,1084.7,1084.7,1084.7,1084.7,1086.1,1086.1,1086.1,1086.1,1086.1,1086.5,1086.5,1086.5,1086.5,1086.5,1070.6,1070.6,1070.6,1070.6,1079.9,1079.9,1079.9,1079.9,1079.9,1073.1,1073.1,1073.1,1073.1,1073.1,5.35,5.3,5.3,5.32,5.35,5.37,5.35,0.0,0.0,5.53,5.22,5.27,0.0,0.0,5.52,5.26,5.18,0.0,5.42,5.2,5.31,0.0,0.0,5.59,5.26,5.21,0.0,0.0,831.5,824.0,823.4,78.391,78.669,78.956
P1,IB8,P1-IB8-3.2-SI15,SACU-2,19,18,1,94.74,5.26,MBUS-15,On-grid,453.87,101.939,-30.698,1080.5,1080.5,1080.5,1080.5,1078.5,1078.5,1078.5,1078.5,1078.5,1085.4,1085.4,1085.4,1085.4,1085.4,1077.0,1077.0,1077.0,1077.0,1074.6,1074.6,1074.6,1074.6,1074.6,1077.1,1077.1,1077.1,1077.1,1077.1,5.54,5.2,5.34,5.31,5.44,5.42,5.37,0.0,0.0,5.45,5.25,5.26,0.0,0.0,5.59,5.15,5.32,0.0,5.48,5.25,5.19,0.0,0.0,5.74,0.0,5.27,0.0,0.0,830.2,825.5,824.0,74.925,75.091,74.705
P1,IB8,P1-IB8-3.2-SI16,SACU-2,19,16,3,84.21,15.79,MBUS-16,On-grid,399.81,89.972,-30.654,1082.6,1082.6,1082.6,1082.6,1080.9,1080.9,1080.9,1080.9,1080.9,1064.1,1064.1,1064.1,1064.1,1064.1,1070.1,1070.1,1070.1,1070.1,1091.8,1091.8,1091.8,1091.8,1091.8,1076.0,1076.0,1076.0,1076.0,1076.0,5.56,5.09,0.0,5.24,5.24,5.37,5.16,0.0,0.0,5.65,5.24,5.31,0.0,0.0,5.64,0.0,0.0,0.0,5.38,5.17,5.32,0.0,0.0,5.38,5.29,5.2,0.0,0.0,830.9,820.3,825.5,67.211,66.72,67.113
P1,IB8,P1-IB8-4.1-SI01,SACU-2,19,19,0,100.0,0.0,MBUS-17,On-grid,483.73,107.422,-30.72,1072.2,1072.2,1072.2,1072.2,1077.4,1077.4,1077.4,1077.4,1077.4,1073.4,1073.4,1073.4,1073.4,1073.4,1080.7,1080.7,1080.7,1080.7,1084.9,1084.9,1084.9,1084.9,1084.9,1084.3,1084.3,1084.3,1084.3,1084.3,5.48,5.27,5.33,5.27,5.17,5.3,5.35,0.0,0.0,5.43,5.37,5.33,0.0,0.0,5.56,5.2,5.29,0.0,5.33,5.34,5.28,0.0,0.0,5.24,5.19,5.29,0.0,0.0,827.5,821.1,821.0,79.048,79.073,78.626
P1,IB8,P1-IB8-4.1-SI02,SACU-2,19,19,0,100.0,0.0,MBUS-18,On-grid,482.12,107.232,-30.758,1076.1,1076.1,1076.1,1076.1,1083.9,1083.9,1083.9,1083.9,1083.9,1069.1,1069.1,1069.1,1069.1,1069.1,1092.2,1092.2,1092.2,1092.2,1087.7,1087.7,1087.7,1087.7,1087.7,1079.9,1079.9,1079.9,1079.9,1079.9,5.46,5.24,5.33,5.25,5.16,5.19,5.35,0.0,0.0,5.39,5.34,5.36,0.0,0.0,5.55,5.15,5.28,0.0,5.31,5.33,5.18,0.0,0.0,5.17,5.24,5.37,0.0,0.0,826.9,816.7,822.2,79.534,78.84,78.765
P1,IB8,P1-IB8-4.1-SI03,SACU-2,19,19,0,100.0,0.0,MBUS-19,On-grid,483.06,108.051,-30.747,1082.5,1082.5,1082.5,1082.5,1084.0,1084.0,1084.0,1084.0,1084.0,1090.1,1090.1,1090.1,1090.1,1090.1,1084.2,1084.2,1084.2,1084.2,1089.7,1089.7,1089.7,1089.7,1089.7,1086.5,1086.5,1086.5,1086.5,1086.5,5.42,5.25,5.29,5.22,5.17,5.28,5.4,0.0,0.0,5.38,5.32,5.27,0.0,0.0,5.54,5.27,5.3,0.0,5.3,5.38,5.3,0.0,0.0,5.27,5.27,5.4,0.0,0.0,827.4,820.5,818.4,79.397,79.306,79.316
P1,IB8,P1-IB8-4.1-SI04,SACU-2,19,19,0,100.0,0.0,MBUS-20,On-grid,481.02,107.629,-30.653,1079.2,1079.2,1079.2,1079.2,1082.7,1082.7,1082.7,1082.7,1082.7,1077.7,1077.7,1077.7,1077.7,1077.7,1095.3,1095.3,1095.3,1095.3,1097.1,1097.1,1097.1,1097.1,1097.1,1082.7,1082.7,1082.7,1082.7,1082.7,5.47,5.3,5.18,5.35,5.3,5.31,5.16,0.0,0.0,5.6,5.22,5.33,0.0,0.0,5.43,5.29,5.18,0.0,5.48,5.23,5.27,0.0,0.0,5.51,5.34,5.26,0.0,0.0,827.6,817.3,822.5,78.755,79.357,79.47
P1,IB8,P1-IB8-4.1-SI05,SACU-2,19,5,14,26.32,73.68,MBUS-21,On-grid,127.81,28.397,-30.675,1084.5,1084.5,1084.5,1084.5,1087.6,1087.6,1087.6,1087.6,1087.6,1080.7,1080.7,1080.7,1080.7,1080.7,337.9,337.9,337.9,337.9,335.0,335.0,335.0,335.0,335.0,337.1,337.1,337.1,337.1,337.1,4.99,5.5,0.0,5.5,5.35,0.0,0.0,0.0,0.0,5.37,0.0,0.0,0.0,0.0,0.0,0.0,0.0,0.0,0.0,0.0,0.0,0.0,0.0,0.0,0.0,0.0,0.0,0.0,827.9,817.7,822.4,31.438,30.987,30.807
P1,IB8,P1-IB8-4.1-SI06,SACU-2,19,14,5,73.68,26.32,MBUS-22,On-grid,358.31,79.954,-30.699,1073.3,1073.3,1073.3,1073.3,1087.4,1087.4,1087.4,1087.4,1087.4,1083.9,1083.9,1083.9,1083.9,1083.9,1110.6,1110.6,1110.6,1110.6,1109.3,1109.3,1109.3,1109.3,1109.3,1076.3,1076.3,1076.3,1076.3,1076.3,5.45,5.28,5.32,5.27,5.23,5.34,0.0,0.0,0.0,5.4,0.0,0.0,0.0,0.0,5.54,5.21,5.21,0.0,5.6,0.0,0.0,0.0,0.0,5.26,5.29,5.48,0.0,0.0,826.0,816.5,822.1,60.971,60.826,60.699
P1,IB8,P1-IB8-4.1-SI07,SACU-2,19,19,0,100.0,0.0,MBUS-23,On-grid,490.16,109.491,-30.603,1082.0,1082.0,1082.0,1082.0,1085.8,1085.8,1085.8,1085.8,1085.8,1089.3,1089.3,1089.3,1089.3,1089.3,1089.4,1089.4,1089.4,1089.4,1109.7,1109.7,1109.7,1109.7,1109.7,1104.2,1104.2,1104.2,1104.2,1104.2,5.57,5.32,5.24,5.31,5.34,5.41,5.3,0.0,0.0,5.61,5.22,5.46,0.0,0.0,5.62,5.33,5.28,0.0,5.59,5.25,5.27,0.0,0.0,5.56,5.28,5.36,0.0,0.0,826.9,820.2,817.4,80.415,80.474,80.27
P1,IB8,P1-IB8-4.1-SI08,SACU-2,19,3,16,15.79,84.21,MBUS-24,On-grid,72.8,16.613,-30.609,1089.5,1089.5,1089.5,1089.5,1070.6,1070.6,1070.6,1070.6,1070.6,1089.3,1089.3,1089.3,1089.3,1089.3,341.7,341.7,341.7,341.7,336.6,336.6,336.6,336.6,336.6,336.6,336.6,336.6,336.6,336.6,0.0,0.0,5.53,0.0,0.0,0.0,5.52,0.0,0.0,5.39,0.0,0.0,0.0,0.0,0.0,0.0,0.0,0.0,0.0,0.0,0.0,0.0,0.0,0.0,0.0,0.0,0.0,0.0,823.5,818.8,815.4,26.615,26.359,25.961
P1,IB8,P1-IB8-4.2-SI09,SACU-2,19,5,14,26.32,73.68,MBUS-25,On-grid,126.58,28.282,-30.676,1095.1,1095.1,1095.1,1095.1,340.1,340.1,340.1,340.1,340.1,1078.6,1078.6,1078.6,1078.6,1078.6,340.7,340.7,340.7,340.7,339.9,339.9,339.9,339.9,339.9,1083.0,1083.0,1083.0,1083.0,1083.0,0.0,5.45,0.0,0.0,0.0,0.0,0.0,0.0,0.0,4.96,5.49,5.48,0.0,0.0,0.0,0.0,0.0,0.0,0.0,0.0,0.0,0.0,0.0,0.0,0.0,5.5,0.0,0.0,825.0,815.5,820.0,31.037,30.997,30.811
P1,IB8,P1-IB8-4.2-SI10,SACU-2,19,13,6,68.42,31.58,MBUS-26,On-grid,337.4,74.759,-30.711,1101.5,1101.5,1101.5,1101.5,374.3,374.3,374.3,374.3,374.3,1092.6,1092.6,1092.6,1092.6,1092.6,1082.6,1082.6,1082.6,1082.6,1085.3,1085.3,1085.3,1085.3,1085.3,1102.1,1102.1,1102.1,1102.1,1102.1,5.59,0.0,0.0,5.33,0.0,0.0,0.0,0.0,0.0,5.49,5.35,0.0,0.0,0.0,5.52,5.34,0.0,0.0,5.38,5.53,5.31,5.36,0.0,5.38,5.28,5.36,0.0,0.0,827.6,818.6,821.2,58.443,57.671,57.882
P1,IB8,P1-IB8-4.2-SI11,SACU-2,19,19,0,100.0,0.0,MBUS-27,On-grid,493.59,109.446,-30.68,1105.4,1105.4,1105.4,1105.4,1085.4,1085.4,1085.4,1085.4,1085.4,1091.2,1091.2,1091.2,1091.2,1091.2,1100.9,1100.9,1100.9,1100.9,1097.1,1097.1,1097.1,1097.1,1097.1,1094.0,1094.0,1094.0,1094.0,1094.0,5.42,5.29,5.37,5.33,5.22,5.37,5.46,0.0,0.0,5.48,5.38,5.32,0.0,0.0,5.55,5.18,5.25,0.0,5.2,5.42,5.2,0.0,0.0,5.2,5.19,5.38,0.0,0.0,827.5,817.0,823.8,80.597,80.454,80.29
P1,IB8,P1-IB8-4.2-SI12,SACU-2,19,19,0,100.0,0.0,MBUS-28,On-grid,489.11,109.097,-30.708,1102.5,1102.5,1102.5,1102.5,1096.3,1096.3,1096.3,1096.3,1096.3,1090.0,1090.0,1090.0,1090.0,1090.0,1096.2,1096.2,1096.2,1096.2,1098.0,1098.0,1098.0,1098.0,1098.0,1104.3,1104.3,1104.3,1104.3,1104.3,5.62,5.32,5.17,5.34,5.42,5.35,5.21,0.0,0.0,5.65,5.26,5.4,0.0,0.0,5.52,5.34,5.24,0.0,5.65,5.25,5.31,0.0,0.0,5.46,5.26,5.22,0.0,0.0,828.5,821.3,820.4,80.538,80.251,79.782
P1,IB8,P1-IB8-4.2-SI13,SACU-2,19,15,4,78.95,21.05,MBUS-29,On-grid,385.8,86.246,-30.666,1088.5,1088.5,1088.5,1088.5,1085.8,1085.8,1085.8,1085.8,1085.8,1098.2,1098.2,1098.2,1098.2,1098.2,1093.2,1093.2,1093.2,1093.2,1101.9,1101.9,1101.9,1101.9,1101.9,1099.2,1099.2,1099.2,1099.2,1099.2,5.49,5.39,5.26,5.23,5.72,0.0,0.0,0.0,0.0,5.69,5.21,5.35,0.0,0.0,5.73,0.0,0.0,0.0,5.6,5.21,5.37,0.0,0.0,5.49,5.33,5.25,0.0,0.0,828.2,818.1,824.0,65.041,64.96,64.631
P1,IB8,P1-IB8-4.2-SI14,SACU-2,19,14,5,73.68,26.32,MBUS-30,On-grid,362.23,80.545,-30.832,1100.4,1100.4,1100.4,1100.4,376.2,376.2,376.2,376.2,376.2,1094.6,1094.6,1094.6,1094.6,1094.6,1089.8,1089.8,1089.8,1089.8,1105.0,1105.0,1105.0,1105.0,1105.0,1094.4,1094.4,1094.4,1094.4,1094.4,5.56,0.0,5.42,5.37,0.0,0.0,0.0,0.0,0.0,5.17,5.46,5.39,0.0,0.0,0.0,5.51,5.39,0.0,5.19,5.29,5.33,0.0,0.0,5.15,5.45,5.41,0.0,0.0,827.3,818.4,822.5,61.796,61.169,61.202
P1,IB8,P1-IB8-4.2-SI15,SACU-2,19,19,0,100.0,0.0,MBUS-31,On-grid,490.97,108.814,-30.705,1104.4,1104.4,1104.4,1104.4,1099.0,1099.0,1099.0,1099.0,1099.0,1097.7,1097.7,1097.7,1097.7,1097.7,1099.3,1099.3,1099.3,1099.3,1090.8,1090.8,1090.8,1090.8,1090.8,1093.8,1093.8,1093.8,1093.8,1093.8,5.31,5.33,5.16,5.28,5.1,5.4,5.16,0.0,0.0,5.58,5.28,5.35,0.0,0.0,5.55,5.38,0.0,0.0,5.4,5.44,5.34,5.33,0.0,5.04,5.2,5.26,0.0,0.0,828.2,821.9,820.3,79.964,80.162,80.078
P1,IB8,P1-IB8-4.2-SI16,SACU-2,19,19,0,100.0,0.0,MBUS-32,On-grid,490.1,109.098,-30.699,1092.7,1092.7,1092.7,1092.7,1078.5,1078.5,1078.5,1078.5,1078.5,1098.6,1098.6,1098.6,1098.6,1098.6,1099.0,1099.0,1099.0,1099.0,1098.4,1098.4,1098.4,1098.4,1098.4,1091.0,1091.0,1091.0,1091.0,1091.0,5.61,5.3,5.26,5.31,5.4,5.46,5.23,0.0,0.0,5.65,5.19,5.45,0.0,0.0,5.45,5.33,5.17,0.0,5.63,5.29,5.32,0.0,0.0,5.34,5.34,5.24,0.0,0.0,827.3,817.6,822.7,80.535,80.093,80.117
P1,IB9,P1-IB9-1.1-SI01,SACU-1,19,4,15,21.05,78.95,MBUS-1,On-grid,107.85,23.485,-0.024,1089.4,1089.4,1089.4,1089.4,370.7,370.7,370.7,370.7,370.7,1096.4,1096.4,1096.4,1096.4,1096.4,369.6,369.6,369.6,369.6,1091.2,1091.2,1091.2,1091.2,1091.2,1088.7,1088.7,1088.7,1088.7,1088.7,5.45,0.0,0.0,0.0,0.0,0.0,0.0,0.0,0.0,5.6,0.0,0.0,0.0,0.0,0.0,0.0,0.0,0.0,5.43,0.0,0.0,0.0,0.0,0.0,0.0,5.45,0.0,0.0,832.8,828.0,823.2,17.262,15.993,16.554
P1,IB9,P1-IB9-1.1-SI02,SACU-1,19,14,5,73.68,26.32,MBUS-2,On-grid,365.46,80.62,0.026,1124.5,1124.5,1124.5,1124.5,1075.8,1075.8,1075.8,1075.8,1075.8,1095.6,1095.6,1095.6,1095.6,1095.6,1093.1,1093.1,1093.1,1093.1,1091.1,1091.1,1091.1,1091.1,1091.1,1096.2,1096.2,1096.2,1096.2,1096.2,5.81,0.0,0.0,0.0,5.49,5.33,0.0,0.0,0.0,5.56,0.0,5.34,0.0,0.0,5.59,5.24,5.07,0.0,5.66,5.25,5.36,0.0,0.0,5.43,5.32,5.28,0.0,0.0,833.0,824.1,828.6,56.441,55.903,55.821
P1,IB9,P1-IB9-1.1-SI03,SACU-1,19,19,0,100.0,0.0,MBUS-3,On-grid,496.13,109.09,-0.05,1084.4,1084.4,1084.4,1084.4,1089.9,1089.9,1089.9,1089.9,1089.9,1092.9,1092.9,1092.9,1092.9,1092.9,1090.4,1090.4,1090.4,1090.4,1084.6,1084.6,1084.6,1084.6,1084.6,1087.6,1087.6,1087.6,1087.6,1087.6,5.62,5.25,5.33,5.28,5.19,5.28,5.3,0.0,0.0,5.37,5.28,5.33,0.0,0.0,5.59,5.16,5.28,0.0,5.32,5.39,5.24,0.0,0.0,5.22,5.37,5.33,0.0,0.0,836.1,826.7,831.4,76.148,75.882,75.672
P1,IB9,P1-IB9-1.1-SI04,SACU-1,19,10,9,52.63,47.37,MBUS-4,On-grid,261.71,57.713,0.085,1071.1,1071.1,1071.1,1071.1,367.2,367.2,367.2,367.2,367.2,1082.9,1082.9,1082.9,1082.9,1082.9,1092.6,1092.6,1092.6,1092.6,1089.6,1089.6,1089.6,1089.6,1089.6,366.9,366.9,366.9,366.9,366.9,0.0,0.0,0.0,5.4,0.0,0.0,0.0,0.0,0.0,5.05,5.52,5.48,0.0,0.0,5.27,5.43,5.41,0.0,5.18,5.52,5.38,0.0,0.0,0.0,0.0,0.0,0.0,0.0,833.1,823.7,828.7,40.593,39.806,40.021
P1,IB9,P1-IB9-1.1-SI05,SACU-1,19,11,8,57.89,42.11,MBUS-5,On-grid,291.69,63.584,-0.053,1080.0,1080.0,1080.0,1080.0,386.5,386.5,386.5,386.5,386.5,1079.7,1079.7,1079.7,1079.7,1079.7,1086.0,1086.0,1086.0,1086.0,1111.3,1111.3,1111.3,1111.3,1111.3,1082.8,1082.8,1082.8,1082.8,1082.8,5.5,0.0,5.27,0.0,0.0,0.0,0.0,0.0,0.0,5.61,0.0,0.0,0.0,0.0,0.0,5.46,5.27,0.0,5.36,5.37,5.3,0.0,0.0,5.23,5.36,5.38,0.0,0.0,834.5,824.4,830.2,44.515,43.862,44.084
P1,IB9,P1-IB9-1.1-SI06,SACU-1,19,17,2,89.47,10.53,MBUS-6,On-grid,442.44,97.521,-0.003,1086.6,1086.6,1086.6,1086.6,1099.0,1099.0,1099.0,1099.0,1099.0,1097.9,1097.9,1097.9,1097.9,1097.9,1090.9,1090.9,1090.9,1090.9,1082.3,1082.3,1082.3,1082.3,1082.3,1086.9,1086.9,1086.9,1086.9,1086.9,5.5,5.34,5.11,5.38,5.29,5.38,5.16,0.0,0.0,5.71,5.27,0.0,0.0,0.0,0.0,5.37,5.22,0.0,5.61,5.24,5.36,0.0,0.0,5.53,5.34,5.21,0.0,0.0,833.8,829.7,825.0,68.423,67.737,67.818
P1,IB9,P1-IB9-1.1-SI07,SACU-1,19,19,0,100.0,0.0,MBUS-7,On-grid,492.37,108.906,-0.09,1073.8,1073.8,1073.8,1073.8,1070.1,1070.1,1070.1,1070.1,1070.1,1087.6,1087.6,1087.6,1087.6,1087.6,1084.5,1084.5,1084.5,1084.5,1096.4,1096.4,1096.4,1096.4,1096.4,1081.7,1081.7,1081.7,1081.7,1081.7,5.63,5.21,5.33,5.19,5.48,5.35,5.39,0.0,0.0,5.49,5.33,5.34,0.0,0.0,5.58,5.31,5.32,0.0,5.45,5.24,5.27,0.0,0.0,5.63,5.27,5.36,0.0,0.0,835.0,825.8,831.7,76.095,75.337,75.898
P1,IB9,P1-IB9-1.1-SI08,SACU-1,19,17,2,89.47,10.53,MBUS-8,On-grid,440.07,97.227,0.078,1083.8,1083.8,1083.8,1083.8,1094.4,1094.4,1094.4,1094.4,1094.4,1088.2,1088.2,1088.2,1088.2,1088.2,1088.9,1088.9,1088.9,1088.9,1091.0,1091.0,1091.0,1091.0,1091.0,1084.8,1084.8,1084.8,1084.8,1084.8,5.7,0.0,5.21,5.32,5.28,5.4,5.21,0.0,0.0,5.48,5.55,5.29,0.0,0.0,5.62,5.33,0.0,0.0,5.5,5.35,5.38,0.0,0.0,5.67,5.04,5.27,0.0,0.0,834.9,828.8,827.4,67.88,67.509,67.558
P1,IB9,P1-IB9-1.2-SI09,SACU-1,19,15,4,78.95,21.05,MBUS-9,On-grid,388.61,85.565,0.079,1078.1,1078.1,1078.1,1078.1,1084.4,1084.4,1084.4,1084.4,1084.4,1082.0,1082.0,1082.0,1082.0,1082.0,1080.5,1080.5,1080.5,1080.5,1075.6,1075.6,1075.6,1075.6,1075.6,1078.4,1078.4,1078.4,1078.4,1078.4,5.38,5.24,5.51,5.31,5.14,5.28,5.42,0.0,0.0,5.43,5.31,5.25,0.0,0.0,5.47,5.37,5.32,0.0,5.43,0.0,0.0,0.0,0.0,0.0,0.0,5.3,0.0,0.0,835.4,829.4,825.5,59.571,59.39,59.494
P1,IB9,P1-IB9-1.2-SI10,SACU-1,19,19,0,100.0,0.0,MBUS-10,On-grid,493.81,109.26,-0.031,1085.5,1085.5,1085.5,1085.5,1087.0,1087.0,1087.0,1087.0,1087.0,1075.3,1075.3,1075.3,1075.3,1075.3,1097.7,1097.7,1097.7,1097.7,1088.9,1088.9,1088.9,1088.9,1088.9,1092.7,1092.7,1092.7,1092.7,1092.7,5.43,5.29,5.36,5.22,5.36,5.44,5.29,0.0,0.0,5.6,5.39,5.3,0.0,0.0,5.37,5.27,5.18,0.0,5.54,5.38,5.23,0.0,0.0,5.48,5.29,5.2,0.0,0.0,836.8,828.0,832.0,76.015,75.703,75.92
P1,IB9,P1-IB9-1.2-SI11,SACU-1,19,19,0,100.0,0.0,MBUS-11,On-grid,493.25,108.96,-0.026,1074.5,1074.5,1074.5,1074.5,1081.2,1081.2,1081.2,1081.2,1081.2,1078.1,1078.1,1078.1,1078.1,1078.1,1091.7,1091.7,1091.7,1091.7,1077.3,1077.3,1077.3,1077.3,1077.3,1081.8,1081.8,1081.8,1081.8,1081.8,5.44,5.44,5.3,5.39,5.24,5.37,5.36,0.0,0.0,5.54,5.26,5.4,0.0,0.0,5.52,5.29,5.18,0.0,5.56,5.13,5.31,0.0,0.0,5.3,5.26,5.38,0.0,0.0,834.1,824.4,829.6,75.81,75.816,76.008
P1,IB9,P1-IB9-1.2-SI12,SACU-1,19,13,6,68.42,31.58,MBUS-12,On-grid,335.85,74.185,0.03,1092.9,1092.9,1092.9,1092.9,1089.2,1089.2,1089.2,1089.2,1089.2,1090.0,1090.0,1090.0,1090.0,1090.0,1085.1,1085.1,1085.1,1085.1,371.0,371.0,371.0,371.0,371.0,367.8,367.8,367.8,367.8,367.8,4.68,5.57,5.49,5.48,4.63,5.66,5.45,0.0,0.0,5.1,5.37,5.33,0.0,0.0,5.02,5.31,5.41,0.0,0.0,0.0,0.0,0.0,0.0,0.0,0.0,0.0,0.0,0.0,834.2,824.5,830.3,51.96,51.379,51.485
P1,IB9,P1-IB9-1.2-SI13,SACU-1,19,16,3,84.21,15.79,MBUS-13,On-grid,413.72,91.262,0.044,1087.9,1087.9,1087.9,1087.9,1092.9,1092.9,1092.9,1092.9,1092.9,1091.1,1091.1,1091.1,1091.1,1091.1,1075.9,1075.9,1075.9,1075.9,1084.8,1084.8,1084.8,1084.8,1084.8,1080.4,1080.4,1080.4,1080.4,1080.4,5.44,5.4,5.31,5.4,5.14,5.43,5.36,0.0,0.0,5.33,5.29,5.37,0.0,0.0,5.39,5.31,5.26,0.0,5.65,5.12,0.0,0.0,0.0,5.29,0.0,0.0,0.0,0.0,834.6,828.4,827.6,63.974,63.323,63.321
P1,IB9,P1-IB9-1.2-SI14,SACU-1,19,11,8,57.89,42.11,MBUS-14,On-grid,288.07,63.469,-0.037,367.5,367.5,367.5,367.5,1082.9,1082.9,1082.9,1082.9,1082.9,1104.1,1104.1,1104.1,1104.1,1104.1,1099.9,1099.9,1099.9,1099.9,372.2,372.2,372.2,372.2,372.2,1094.5,1094.5,1094.5,1094.5,1094.5,0.0,0.0,0.0,0.0,4.99,5.52,5.62,0.0,0.0,5.08,5.45,5.55,0.0,0.0,5.26,5.52,0.0,0.0,0.0,0.0,0.0,0.0,0.0,5.15,5.6,5.03,0.0,0.0,834.4,825.3,830.4,44.528,44.064,44.169
P1,IB9,P1-IB9-1.2-SI15,SACU-1,19,15,4,78.95,21.05,MBUS-15,On-grid,389.98,85.952,0.029,1083.2,1083.2,1083.2,1083.2,1072.0,1072.0,1072.0,1072.0,1072.0,1082.8,1082.8,1082.8,1082.8,1082.8,1077.6,1077.6,1077.6,1077.6,1086.5,1086.5,1086.5,1086.5,1086.5,382.9,382.9,382.9,382.9,382.9,5.37,0.0,5.37,5.39,5.17,5.53,5.34,0.0,0.0,5.46,5.36,5.54,0.0,0.0,5.32,5.42,5.37,0.0,5.52,5.34,5.28,0.0,0.0,0.0,0.0,0.0,0.0,0.0,832.5,827.2,824.4,60.467,59.947,59.864
P1,IB9,P1-IB9-1.2-SI16,SACU-1,19,19,0,100.0,0.0,MBUS-16,On-grid,494.01,109.283,0.131,1094.8,1094.8,1094.8,1094.8,1096.9,1096.9,1096.9,1096.9,1096.9,1099.7,1099.7,1099.7,1099.7,1099.7,1083.9,1083.9,1083.9,1083.9,1084.7,1084.7,1084.7,1084.7,1084.7,1083.4,1083.4,1083.4,1083.4,1083.4,5.6,5.17,5.34,5.23,5.43,5.28,5.34,0.0,0.0,5.48,5.38,5.24,0.0,0.0,5.58,5.18,5.32,0.0,5.46,5.39,5.21,0.0,0.0,5.6,5.21,5.33,0.0,0.0,833.4,829.3,824.4,76.485,75.792,76.041
P1,IB9,P1-IB9-2.1-SI01,SACU-1,19,19,0,100.0,0.0,MBUS-17,On-grid,487.9,107.88,-0.075,1075.9,1075.9,1075.9,1075.9,1075.0,1075.0,1075.0,1075.0,1075.0,1086.2,1086.2,1086.2,1086.2,1086.2,1082.1,1082.1,1082.1,1082.1,1077.6,1077.6,1077.6,1077.6,1077.6,1088.2,1088.2,1088.2,1088.2,1088.2,5.55,5.29,5.24,5.32,5.36,5.4,5.19,0.0,0.0,5.61,5.13,5.3,0.0,0.0,5.46,5.26,5.16,0.0,5.6,5.32,5.34,0.0,0.0,5.55,5.31,5.27,0.0,0.0,834.9,824.4,829.3,75.468,75.193,74.669
P1,IB9,P1-IB9-2.1-SI02,SACU-1,19,16,3,84.21,15.79,MBUS-18,On-grid,411.07,91.113,0.101,1086.1,1086.1,1086.1,1086.1,1083.9,1083.9,1083.9,1083.9,1083.9,1083.3,1083.3,1083.3,1083.3,1083.3,1086.3,1086.3,1086.3,1086.3,1066.9,1066.9,1066.9,1066.9,1066.9,1097.7,1097.7,1097.7,1097.7,1097.7,5.55,5.19,5.26,5.33,5.17,5.3,5.33,0.0,0.0,5.38,5.28,5.27,0.0,0.0,5.5,5.29,5.28,0.0,5.61,5.22,0.0,0.0,0.0,5.32,0.0,0.0,0.0,0.0,836.0,829.3,827.9,63.634,63.309,62.741
P1,IB9,P1-IB9-2.1-SI03,SACU-1,19,19,0,100.0,0.0,MBUS-19,On-grid,483.45,107.449,-0.072,1087.3,1087.3,1087.3,1087.3,1084.0,1084.0,1084.0,1084.0,1084.0,1083.2,1083.2,1083.2,1083.2,1083.2,1090.3,1090.3,1090.3,1090.3,1076.4,1076.4,1076.4,1076.4,1076.4,1077.2,1077.2,1077.2,1077.2,1077.2,5.2,5.08,5.26,5.13,5.18,5.31,5.29,0.0,0.0,5.32,5.24,5.26,0.0,0.0,5.5,5.28,5.18,0.0,5.47,5.3,5.29,0.0,0.0,5.16,5.29,5.29,0.0,0.0,837.1,827.1,832.6,74.632,74.226,74.132
P1,IB9,P1-IB9-2.1-SI04,SACU-1,19,19,0,100.0,0.0,MBUS-20,On-grid,475.93,106.299,-0.105,1078.9,1078.9,1078.9,1078.9,1075.1,1075.1,1075.1,1075.1,1075.1,1083.8,1083.8,1083.8,1083.8,1083.8,1078.5,1078.5,1078.5,1078.5,1079.4,1079.4,1079.4,1079.4,1079.4,1064.2,1064.2,1064.2,1064.2,1064.2,5.22,5.31,5.12,5.26,5.02,5.38,5.18,0.0,0.0,5.48,5.15,5.37,0.0,0.0,5.36,5.29,5.2,0.0,5.59,5.23,5.25,0.0,0.0,5.13,5.35,5.29,0.0,0.0,836.7,831.4,828.2,73.952,74.023,73.751
P1,IB9,P1-IB9-2.1-SI05,SACU-1,19,17,2,89.47,10.53,MBUS-21,On-grid,439.07,97.281,-0.044,1086.2,1086.2,1086.2,1086.2,1096.6,1096.6,1096.6,1096.6,1096.6,1081.7,1081.7,1081.7,1081.7,1081.7,1093.2,1093.2,1093.2,1093.2,1078.3,1078.3,1078.3,1078.3,1078.3,1068.1,1068.1,1068.1,1068.1,1068.1,5.54,5.26,5.36,5.26,5.2,5.29,5.42,0.0,0.0,5.6,5.37,5.37,0.0,0.0,0.0,0.0,5.31,0.0,5.4,5.37,5.24,0.0,0.0,5.24,5.36,5.3,0.0,0.0,834.8,829.8,825.4,68.111,67.419,67.815
P1,IB9,P1-IB9-2.1-SI06,SACU-1,19,19,0,100.0,0.0,MBUS-22,On-grid,483.9,107.772,-0.03,1071.8,1071.8,1071.8,1071.8,1082.4,1082.4,1082.4,1082.4,1082.4,1077.4,1077.4,1077.4,1077.4,1077.4,1068.8,1068.8,1068.8,1068.8,1080.4,1080.4,1080.4,1080.4,1080.4,1067.3,1067.3,1067.3,1067.3,1067.3,5.5,5.33,5.27,5.37,5.36,5.38,5.22,0.0,0.0,5.58,5.29,5.25,0.0,0.0,5.63,5.25,5.3,0.0,5.47,5.34,5.2,0.0,0.0,5.57,5.2,5.41,0.0,0.0,836.2,827.1,831.3,75.109,74.708,74.754
P1,IB9,P1-IB9-2.1-SI07,SACU-1,19,19,0,100.0,0.0,MBUS-23,On-grid,480.85,107.11,0.013,1081.0,1081.0,1081.0,1081.0,1075.5,1075.5,1075.5,1075.5,1075.5,1090.9,1090.9,1090.9,1090.9,1090.9,1085.1,1085.1,1085.1,1085.1,1071.4,1071.4,1071.4,1071.4,1071.4,1074.7,1074.7,1074.7,1074.7,1074.7,5.41,5.29,5.27,5.13,5.4,5.22,5.32,0.0,0.0,5.4,5.29,5.17,0.0,0.0,5.54,5.1,5.28,0.0,5.44,5.38,5.16,0.0,0.0,5.63,5.16,5.34,0.0,0.0,837.4,831.0,828.8,74.185,74.03,74.424
P1,IB9,P1-IB9-2.1-SI08,SACU-1,19,19,0,100.0,0.0,MBUS-24,On-grid,493.79,109.628,0.063,1096.2,1096.2,1096.2,1096.2,1088.7,1088.7,1088.7,1088.7,1088.7,1089.5,1089.5,1089.5,1089.5,1089.5,1090.1,1090.1,1090.1,1090.1,1092.4,1092.4,1092.4,1092.4,1092.4,1101.6,1101.6,1101.6,1101.6,1101.6,5.52,5.37,5.23,5.33,5.33,5.41,5.28,0.0,0.0,5.58,5.26,5.35,0.0,0.0,5.46,5.34,5.29,0.0,5.61,5.36,5.31,0.0,0.0,5.44,5.26,5.29,0.0,0.0,835.7,830.3,826.8,76.735,76.144,75.948
P1,IB9,P1-IB9-2.2-SI09,SACU-1,19,19,0,100.0,0.0,MBUS-25,On-grid,486.35,108.737,-0.079,1078.7,1078.7,1078.7,1078.7,1085.3,1085.3,1085.3,1085.3,1085.3,1093.0,1093.0,1093.0,1093.0,1093.0,1086.7,1086.7,1086.7,1086.7,1086.9,1086.9,1086.9,1086.9,1086.9,1083.5,1083.5,1083.5,1083.5,1083.5,5.56,5.34,5.25,5.31,5.32,5.46,5.31,0.0,0.0,5.55,5.15,5.29,0.0,0.0,5.57,5.24,5.28,0.0,5.5,5.45,5.31,0.0,0.0,5.64,5.13,5.32,0.0,0.0,836.1,830.2,828.7,75.69,75.351,75.63
P1,IB9,P1-IB9-2.2-SI10,SACU-1,19,19,0,100.0,0.0,MBUS-26,On-grid,482.0,107.465,0.038,1069.4,1069.4,1069.4,1069.4,1079.3,1079.3,1079.3,1079.3,1079.3,1082.1,1082.1,1082.1,1082.1,1082.1,1072.1,1072.1,1072.1,1072.1,1080.0,1080.0,1080.0,1080.0,1080.0,1098.3,1098.3,1098.3,1098.3,1098.3,5.55,5.46,5.52,4.87,5.07,5.47,5.21,0.0,0.0,5.43,5.11,5.25,0.0,0.0,5.19,5.42,5.39,0.0,4.93,5.43,5.49,0.0,0.0,5.97,4.85,4.91,0.0,0.0,839.1,831.2,832.6,74.764,74.439,74.282
P1,IB9,P1-IB9-2.2-SI11,SACU-1,19,19,0,100.0,0.0,MBUS-27,On-grid,481.36,107.067,0.003,1074.8,1074.8,1074.8,1074.8,1070.5,1070.5,1070.5,1070.5,1070.5,1076.0,1076.0,1076.0,1076.0,1076.0,1088.9,1088.9,1088.9,1088.9,1080.3,1080.3,1080.3,1080.3,1080.3,1061.4,1061.4,1061.4,1061.4,1061.4,5.39,5.27,5.28,5.17,5.47,5.25,5.36,0.0,0.0,5.33,5.29,5.24,0.0,0.0,5.6,5.01,5.11,0.0,5.59,5.32,5.1,0.0,0.0,5.61,5.17,5.38,0.0,0.0,838.8,827.9,834.4,74.467,73.953,73.944
P1,IB9,P1-IB9-2.2-SI12,SACU-1,19,19,0,100.0,0.0,MBUS-28,On-grid,492.95,109.441,-0.072,1099.2,1099.2,1099.2,1099.2,1091.9,1091.9,1091.9,1091.9,1091.9,1082.2,1082.2,1082.2,1082.2,1082.2,1083.1,1083.1,1083.1,1083.1,1085.4,1085.4,1085.4,1085.4,1085.4,1099.3,1099.3,1099.3,1099.3,1099.3,5.59,5.19,5.29,5.14,5.38,5.42,5.35,0.0,0.0,5.59,5.38,5.22,0.0,0.0,5.64,5.21,5.37,0.0,5.49,5.43,5.24,0.0,0.0,5.56,5.21,5.35,0.0,0.0,834.8,825.5,831.0,76.315,76.024,76.126
P1,IB9,P1-IB9-2.2-SI13,SACU-1,19,18,1,94.74,5.26,MBUS-29,On-grid,457.89,102.637,0.019,1076.4,1076.4,1076.4,1076.4,1084.0,1084.0,1084.0,1084.0,1084.0,1090.2,1090.2,1090.2,1090.2,1090.2,1082.3,1082.3,1082.3,1082.3,1084.3,1084.3,1084.3,1084.3,1084.3,1089.5,1089.5,1089.5,1089.5,1089.5,5.53,5.31,5.39,5.23,5.51,5.29,5.42,0.0,0.0,5.47,5.41,5.27,0.0,0.0,0.0,5.11,5.39,0.0,5.36,5.42,5.11,0.0,0.0,5.43,5.34,5.23,0.0,0.0,835.6,825.5,831.4,71.975,71.152,71.34
P1,IB9,P1-IB9-2.2-SI14,SACU-1,19,19,0,100.0,0.0,MBUS-30,On-grid,479.98,107.066,-0.076,1079.7,1079.7,1079.7,1079.7,1076.3,1076.3,1076.3,1076.3,1076.3,1081.5,1081.5,1081.5,1081.5,1081.5,1062.7,1062.7,1062.7,1062.7,1079.9,1079.9,1079.9,1079.9,1079.9,1071.6,1071.6,1071.6,1071.6,1071.6,5.57,5.19,5.32,5.23,5.38,5.26,5.36,0.0,0.0,5.5,5.3,5.22,0.0,0.0,5.65,5.18,5.31,0.0,5.35,5.31,5.02,0.0,0.0,5.39,5.33,5.38,0.0,0.0,837.8,828.7,833.4,74.725,74.067,74.073
P1,IB9,P1-IB9-2.2-SI15,SACU-1,19,19,0,100.0,0.0,MBUS-31,On-grid,489.99,108.743,-0.024,1089.6,1089.6,1089.6,1089.6,1085.9,1085.9,1085.9,1085.9,1085.9,1092.6,1092.6,1092.6,1092.6,1092.6,1089.1,1089.1,1089.1,1089.1,1088.6,1088.6,1088.6,1088.6,1088.6,1093.1,1093.1,1093.1,1093.1,1093.1,5.63,5.2,5.33,5.19,5.5,5.27,5.37,0.0,0.0,5.41,5.37,5.27,0.0,0.0,5.55,5.2,5.38,0.0,5.46,5.39,5.25,0.0,0.0,5.61,5.15,5.45,0.0,0.0,834.0,828.6,825.0,76.042,75.596,75.355
P1,IB9,P1-IB9-2.2-SI16,SACU-1,19,19,0,100.0,0.0,MBUS-32,On-grid,492.68,109.14,0.098,1098.8,1098.8,1098.8,1098.8,1081.6,1081.6,1081.6,1081.6,1081.6,1095.6,1095.6,1095.6,1095.6,1095.6,1088.3,1088.3,1088.3,1088.3,1079.2,1079.2,1079.2,1079.2,1079.2,1076.0,1076.0,1076.0,1076.0,1076.0,5.33,5.29,5.16,5.37,5.05,5.47,5.36,0.0,0.0,5.47,5.23,5.45,0.0,0.0,5.57,5.28,5.14,0.0,5.44,5.29,5.33,0.0,0.0,5.14,5.36,5.28,0.0,0.0,835.2,824.4,829.9,76.203,75.76,76.029
P1,IB9,P1-IB9-3.1-SI01,SACU-2,19,16,3,84.21,15.79,MBUS-1,On-grid,407.69,90.555,-30.701,1086.3,1086.3,1086.3,1086.3,1081.8,1081.8,1081.8,1081.8,1081.8,1094.8,1094.8,1094.8,1094.8,1094.8,1091.5,1091.5,1091.5,1091.5,1077.6,1077.6,1077.6,1077.6,1077.6,1067.9,1067.9,1067.9,1067.9,1067.9,5.35,5.24,5.1,5.26,5.21,5.36,5.23,0.0,0.0,5.61,5.09,5.32,0.0,0.0,5.49,5.29,5.13,0.0,5.81,0.0,0.0,0.0,0.0,5.65,5.35,0.0,0.0,0.0,826.6,817.4,822.0,67.906,67.86,67.56
P1,IB9,P1-IB9-3.1-SI02,SACU-2,19,10,9,52.63,47.37,MBUS-2,On-grid,252.66,56.505,-30.649,1096.2,1096.2,1096.2,1096.2,1076.9,1076.9,1076.9,1076.9,1076.9,1082.8,1082.8,1082.8,1082.8,1082.8,1094.3,1094.3,1094.3,1094.3,355.9,355.9,355.9,355.9,355.9,353.3,353.3,353.3,353.3,353.3,4.97,5.45,0.0,5.2,5.1,5.38,5.51,0.0,0.0,5.32,5.34,5.33,0.0,0.0,5.36,0.0,0.0,0.0,0.0,0.0,0.0,0.0,0.0,0.0,0.0,0.0,0.0,0.0,826.5,816.1,821.1,45.844,46.057,46.041
P1,IB9,P1-IB9-3.1-SI03,SACU-2,19,8,11,42.11,57.89,MBUS-3,On-grid,203.5,45.505,-30.722,1086.5,1086.5,1086.5,1086.5,1084.9,1084.9,1084.9,1084.9,1084.9,1087.9,1087.9,1087.9,1087.9,1087.9,341.5,341.5,341.5,341.5,338.4,338.4,338.4,338.4,338.4,337.7,337.7,337.7,337.7,337.7,4.99,5.39,5.47,5.49,5.0,5.54,5.5,0.0,0.0,5.51,0.0,0.0,0.0,0.0,0.0,0.0,0.0,0.0,0.0,0.0,0.0,0.0,0.0,0.0,0.0,0.0,0.0,0.0,824.1,818.9,817.0,39.982,39.81,39.541
P1,IB9,P1-IB9-3.1-SI04,SACU-2,19,13,6,68.42,31.58,MBUS-4,On-grid,330.18,73.663,-30.617,1087.8,1087.8,1087.8,1087.8,1075.3,1075.3,1075.3,1075.3,1075.3,1084.8,1084.8,1084.8,1084.8,1084.8,374.9,374.9,374.9,374.9,1078.5,1078.5,1078.5,1078.5,1078.5,1071.6,1071.6,1071.6,1071.6,1071.6,5.26,5.27,5.33,5.23,0.0,5.34,5.53,0.0,0.0,5.2,5.45,5.41,0.0,0.0,0.0,0.0,0.0,0.0,0.0,5.44,0.0,0.0,0.0,5.36,5.38,5.46,0.0,0.0,826.1,822.4,816.5,56.794,56.583,57.035
P1,IB9,P1-IB9-3.1-SI05,SACU-2,19,10,9,52.63,47.37,MBUS-5,On-grid,255.18,56.565,-30.635,1071.1,1071.1,1071.1,1071.1,1081.4,1081.4,1081.4,1081.4,1081.4,1089.6,1089.6,1089.6,1089.6,1089.6,376.1,376.1,376.1,376.1,1083.8,1083.8,1083.8,1083.8,1083.8,1085.2,1085.2,1085.2,1085.2,1085.2,5.42,0.0,5.4,0.0,0.0,5.44,0.0,0.0,0.0,5.68,0.0,0.0,0.0,0.0,0.0,0.0,0.0,0.0,5.33,5.45,5.37,0.0,0.0,5.27,5.28,5.38,0.0,0.0,827.9,817.2,821.8,46.482,46.306,46.12
P1,IB9,P1-IB9-3.1-SI06,SACU-2,19,6,13,31.58,68.42,MBUS-6,On-grid,150.51,33.628,-30.702,1073.2,1073.2,1073.2,1073.2,338.0,338.0,338.0,338.0,338.0,1085.6,1085.6,1085.6,1085.6,1085.6,1080.3,1080.3,1080.3,1080.3,337.5,337.5,337.5,337.5,337.5,337.5,337.5,337.5,337.5,337.5,5.44,0.0,0.0,0.0,0.0,0.0,0.0,0.0,0.0,5.05,5.37,5.46,0.0,0.0,5.29,5.41,0.0,0.0,0.0,0.0,0.0,0.0,0.0,0.0,0.0,0.0,0.0,0.0,825.1,815.6,820.3,33.191,33.447,33.146
P1,IB9,P1-IB9-3.1-SI07,SACU-2,19,13,6,68.42,31.58,MBUS-7,On-grid,329.62,73.076,-30.689,1068.0,1068.0,1068.0,1068.0,1081.9,1081.9,1081.9,1081.9,1081.9,1074.6,1074.6,1074.6,1074.6,1074.6,1081.6,1081.6,1081.6,1081.6,1066.7,1066.7,1066.7,1066.7,1066.7,1091.6,1091.6,1091.6,1091.6,1091.6,5.71,0.0,5.2,5.32,0.0,5.34,5.22,0.0,0.0,5.71,5.12,0.0,0.0,0.0,0.0,5.1,5.27,0.0,5.61,5.33,5.07,0.0,0.0,5.65,0.0,0.0,0.0,0.0,826.7,816.6,822.5,56.666,56.569,56.227
P1,IB9,P1-IB9-3.1-SI08,SACU-2,19,7,12,36.84,63.16,MBUS-8,On-grid,175.68,39.195,-30.677,1086.2,1086.2,1086.2,1086.2,359.7,359.7,359.7,359.7,359.7,1073.9,1073.9,1073.9,1073.9,1073.9,354.4,354.4,354.4,354.4,1073.6,1073.6,1073.6,1073.6,1073.6,1085.2,1085.2,1085.2,1085.2,1085.2,5.4,0.0,5.18,0.0,0.0,0.0,0.0,0.0,0.0,5.6,0.0,0.0,0.0,0.0,0.0,0.0,0.0,0.0,5.16,5.48,5.5,0.0,0.0,5.38,0.0,0.0,0.0,0.0,824.4,818.3,817.4,36.0,36.089,35.782
P1,IB9,P1-IB9-3.2-SI09,SACU-2,19,19,0,100.0,0.0,MBUS-9,On-grid,480.81,107.091,-30.681,1085.7,1085.7,1085.7,1085.7,1080.9,1080.9,1080.9,1080.9,1080.9,1082.3,1082.3,1082.3,1082.3,1082.3,1065.7,1065.7,1065.7,1065.7,1079.9,1079.9,1079.9,1079.9,1079.9,1084.2,1084.2,1084.2,1084.2,1084.2,5.5,5.15,5.29,5.24,5.37,5.29,5.35,0.0,0.0,5.47,5.3,5.2,0.0,0.0,5.67,5.21,5.32,0.0,5.39,5.38,5.19,0.0,0.0,5.59,5.11,5.31,0.0,0.0,828.4,819.3,823.9,78.813,78.657,78.758
P1,IB9,P1-IB9-3.2-SI10,SACU-2,19,18,1,94.74,5.26,MBUS-10,On-grid,454.46,101.195,-30.61,1081.8,1081.8,1081.8,1081.8,1089.4,1089.4,1089.4,1089.4,1089.4,1074.0,1074.0,1074.0,1074.0,1074.0,1082.1,1082.1,1082.1,1082.1,1072.8,1072.8,1072.8,1072.8,1072.8,1083.5,1083.5,1083.5,1083.5,1083.5,5.43,5.03,5.15,5.37,5.5,5.31,5.07,0.0,0.0,5.47,5.34,0.0,0.0,0.0,5.52,5.25,5.09,0.0,5.61,5.25,5.28,0.0,0.0,5.28,5.36,5.3,0.0,0.0,824.8,815.7,820.7,75.485,74.989,74.988
P1,IB9,P1-IB9-3.2-SI11,SACU-2,19,16,3,84.21,15.79,MBUS-11,On-grid,405.04,90.09,-30.717,1078.8,1078.8,1078.8,1078.8,1076.1,1076.1,1076.1,1076.1,1076.1,1072.9,1072.9,1072.9,1072.9,1072.9,1090.6,1090.6,1090.6,1090.6,1073.0,1073.0,1073.0,1073.0,1073.0,1073.8,1073.8,1073.8,1073.8,1073.8,5.76,0.0,0.0,5.24,0.0,5.42,5.3,0.0,0.0,5.35,5.31,5.35,0.0,0.0,5.44,5.18,5.13,0.0,5.54,5.32,5.3,0.0,0.0,5.5,5.12,5.36,0.0,0.0,827.0,822.3,818.3,68.063,67.503,67.092
P1,IB9,P1-IB9-3.2-SI12,SACU-2,19,19,0,100.0,0.0,MBUS-12,On-grid,483.19,107.906,-30.703,1082.0,1082.0,1082.0,1082.0,1086.5,1086.5,1086.5,1086.5,1086.5,1086.3,1086.3,1086.3,1086.3,1086.3,1065.1,1065.1,1065.1,1065.1,1083.8,1083.8,1083.8,1083.8,1083.8,1079.2,1079.2,1079.2,1079.2,1079.2,5.44,5.36,5.39,5.41,5.1,5.3,5.31,0.0,0.0,5.4,5.3,5.4,0.0,0.0,5.59,5.33,5.25,0.0,5.33,5.44,5.37,0.0,0.0,5.15,5.34,5.35,0.0,0.0,825.6,816.5,821.0,79.696,79.53,79.204
P1,IB9,P1-IB9-3.2-SI13,SACU-2,19,19,0,100.0,0.0,MBUS-13,On-grid,484.05,107.983,-30.745,1071.2,1071.2,1071.2,1071.2,1066.6,1066.6,1066.6,1066.6,1066.6,1086.9,1086.9,1086.9,1086.9,1086.9,1095.8,1095.8,1095.8,1095.8,1078.2,1078.2,1078.2,1078.2,1078.2,1076.6,1076.6,1076.6,1076.6,1076.6,5.6,5.23,5.35,5.28,5.43,5.34,5.39,0.0,0.0,5.51,5.18,5.45,0.0,0.0,5.56,5.26,5.14,0.0,5.68,5.32,5.29,0.0,0.0,5.47,5.35,5.32,0.0,0.0,825.5,815.8,821.5,79.83,79.893,79.129
P1,IB9,P1-IB9-3.2-SI14,SACU-2,19,18,1,94.74,5.26,MBUS-14,On-grid,452.27,101.219,-30.745,1083.5,1083.5,1083.5,1083.5,1087.4,1087.4,1087.4,1087.4,1087.4,1080.6,1080.6,1080.6,1080.6,1080.6,1075.1,1075.1,1075.1,1075.1,1077.9,1077.9,1077.9,1077.9,1077.9,1068.8,1068.8,1068.8,1068.8,1068.8,5.7,0.0,5.24,5.17,5.27,5.28,5.21,0.0,0.0,5.55,5.27,5.38,0.0,0.0,5.52,5.31,5.19,0.0,5.49,5.35,5.21,0.0,0.0,5.59,5.19,5.31,0.0,0.0,826.6,820.3,818.6,74.824,74.846,74.939
P1,IB9,P1-IB9-3.2-SI15,SACU-2,19,19,0,100.0,0.0,MBUS-15,On-grid,479.13,107.356,-30.62,1070.3,1070.3,1070.3,1070.3,1079.5,1079.5,1079.5,1079.5,1079.5,1079.4,1079.4,1079.4,1079.4,1079.4,1079.4,1079.4,1079.4,1079.4,1077.2,1077.2,1077.2,1077.2,1077.2,1083.0,1083.0,1083.0,1083.0,1083.0,5.64,5.25,5.34,5.27,5.47,5.32,5.35,0.0,0.0,5.51,5.34,5.35,0.0,0.0,5.63,5.2,5.25,0.0,5.47,5.33,5.15,0.0,0.0,5.41,5.23,5.2,0.0,0.0,829.1,819.5,823.1,79.166,78.819,78.875
P1,IB9,P1-IB9-3.2-SI16,SACU-2,19,19,0,100.0,0.0,MBUS-16,On-grid,486.61,108.368,-30.697,1090.6,1090.6,1090.6,1090.6,1070.9,1070.9,1070.9,1070.9,1070.9,1088.1,1088.1,1088.1,1088.1,1088.1,1091.6,1091.6,1091.6,1091.6,1088.6,1088.6,1088.6,1088.6,1088.6,1084.9,1084.9,1084.9,1084.9,1084.9,5.54,5.25,5.32,5.28,5.57,5.37,5.34,0.0,0.0,5.55,5.27,5.24,0.0,0.0,5.62,5.23,5.23,0.0,5.45,5.33,5.15,0.0,0.0,5.55,5.26,5.38,0.0,0.0,824.8,815.2,819.7,80.311,79.557,79.729
P1,IB9,P1-IB9-4.1-SI01,SACU-2,19,13,6,68.42,31.58,MBUS-17,On-grid,326.91,72.29,-30.742,1091.4,1091.4,1091.4,1091.4,1095.6,1095.6,1095.6,1095.6,1095.6,1068.3,1068.3,1068.3,1068.3,1068.3,1093.9,1093.9,1093.9,1093.9,1062.5,1062.5,1062.5,1062.5,1062.5,1036.3,1036.3,1036.3,1036.3,1036.3,5.51,0.0,5.06,5.37,5.3,5.34,5.39,0.0,0.0,5.73,0.0,0.0,0.0,0.0,0.0,5.18,0.0,0.0,0.0,5.29,0.0,0.0,0.0,5.64,4.83,5.03,5.46,0.0,827.4,820.7,817.7,56.259,55.96,55.735
P1,IB9,P1-IB9-4.1-SI02,SACU-2,19,16,3,84.21,15.79,MBUS-18,On-grid,416.08,92.023,-30.706,1077.8,1077.8,1077.8,1077.8,1105.9,1105.9,1105.9,1105.9,1105.9,1115.0,1115.0,1115.0,1115.0,1115.0,1096.2,1096.2,1096.2,1096.2,1095.6,1095.6,1095.6,1095.6,1095.6,1088.5,1088.5,1088.5,1088.5,1088.5,0.0,5.26,5.26,5.2,4.94,5.41,5.25,0.0,0.0,5.52,0.0,0.0,0.0,0.0,5.25,5.29,5.38,0.0,5.51,5.34,5.35,0.0,0.0,5.27,5.23,5.33,0.0,0.0,827.5,821.4,818.5,68.613,68.662,68.523
P1,IB9,P1-IB9-4.1-SI03,SACU-2,19,16,3,84.21,15.79,MBUS-19,On-grid,415.18,91.976,-30.651,1083.9,1083.9,1083.9,1083.9,1092.8,1092.8,1092.8,1092.8,1092.8,1093.7,1093.7,1093.7,1093.7,1093.7,1102.4,1102.4,1102.4,1102.4,1103.3,1103.3,1103.3,1103.3,1103.3,1086.7,1086.7,1086.7,1086.7,1086.7,5.35,5.33,0.0,5.26,5.07,5.35,5.31,0.0,0.0,5.46,5.33,5.34,0.0,0.0,5.69,5.28,0.0,0.0,5.47,0.0,0.0,0.0,0.0,5.02,5.31,5.47,5.35,0.0,824.1,817.8,817.4,69.067,68.76,68.785
P1,IB9,P1-IB9-4.1-SI04,SACU-2,19,11,8,57.89,42.11,MBUS-20,On-grid,286.04,63.076,-30.653,1088.1,1088.1,1088.1,1088.1,359.4,359.4,359.4,359.4,359.4,1081.4,1081.4,1081.4,1081.4,1081.4,357.6,357.6,357.6,357.6,1090.2,1090.2,1090.2,1090.2,1090.2,1083.2,1083.2,1083.2,1083.2,1083.2,5.34,0.0,5.38,5.55,0.0,0.0,0.0,0.0,0.0,5.49,0.0,0.0,0.0,0.0,0.0,0.0,0.0,0.0,0.0,5.69,5.31,5.47,0.0,5.03,5.44,5.55,5.41,0.0,826.6,816.7,822.2,50.494,50.245,50.124
P1,IB9,P1-IB9-4.1-SI05,SACU-2,19,19,0,100.0,0.0,MBUS-21,On-grid,489.43,108.454,-30.706,1082.2,1082.2,1082.2,1082.2,1081.9,1081.9,1081.9,1081.9,1081.9,1090.4,1090.4,1090.4,1090.4,1090.4,1076.9,1076.9,1076.9,1076.9,1072.1,1072.1,1072.1,1072.1,1072.1,1088.8,1088.8,1088.8,1088.8,1088.8,5.64,5.44,5.25,5.42,5.36,5.43,5.27,0.0,0.0,5.67,5.4,5.18,0.0,0.0,5.73,5.17,5.32,0.0,5.7,5.36,5.38,0.0,0.0,5.64,5.28,5.28,0.0,0.0,827.1,821.9,818.1,79.827,79.677,79.753
P1,IB9,P1-IB9-4.1-SI06,SACU-2,19,19,0,100.0,0.0,MBUS-22,On-grid,496.06,109.796,-30.758,1092.0,1092.0,1092.0,1092.0,1073.4,1073.4,1073.4,1073.4,1073.4,1088.6,1088.6,1088.6,1088.6,1088.6,1096.8,1096.8,1096.8,1096.8,1087.6,1087.6,1087.6,1087.6,1087.6,1086.5,1086.5,1086.5,1086.5,1086.5,5.66,5.32,5.35,5.23,5.52,5.52,5.27,0.0,0.0,5.53,5.28,5.47,0.0,0.0,5.52,5.36,5.24,0.0,5.32,5.4,5.4,0.0,0.0,5.7,5.31,5.42,0.0,0.0,827.8,821.3,819.8,80.386,80.612,80.667
P1,IB9,P1-IB9-4.1-SI07,SACU-2,19,19,0,100.0,0.0,MBUS-23,On-grid,493.84,109.455,-30.652,1089.0,1089.0,1089.0,1089.0,1081.4,1081.4,1081.4,1081.4,1081.4,1092.1,1092.1,1092.1,1092.1,1092.1,1086.0,1086.0,1086.0,1086.0,1094.2,1094.2,1094.2,1094.2,1094.2,1088.7,1088.7,1088.7,1088.7,1088.7,5.6,5.33,5.28,5.2,5.5,5.44,5.37,0.0,0.0,5.47,5.25,5.26,0.0,0.0,5.63,5.29,5.27,0.0,5.47,5.34,5.39,0.0,0.0,5.52,5.27,5.4,0.0,0.0,824.2,816.7,817.8,80.89,80.5,80.457
P1,IB9,P1-IB9-4.1-SI08,SACU-2,19,11,8,57.89,42.11,MBUS-24,On-grid,284.25,62.615,-30.684,1077.9,1077.9,1077.9,1077.9,1077.7,1077.7,1077.7,1077.7,1077.7,1091.3,1091.3,1091.3,1091.3,1091.3,1099.0,1099.0,1099.0,1099.0,1070.1,1070.1,1070.1,1070.1,1070.1,1067.1,1067.1,1067.1,1067.1,1067.1,5.47,5.35,0.0,0.0,0.0,5.41,0.0,0.0,0.0,5.47,5.27,0.0,0.0,0.0,5.63,5.06,5.15,0.0,0.0,5.46,0.0,0.0,0.0,0.0,5.32,5.39,0.0,0.0,826.0,816.4,821.6,50.204,49.929,49.742
P1,IB9,P1-IB9-4.2-SI09,SACU-2,19,18,1,94.74,5.26,MBUS-25,On-grid,466.06,102.931,-30.598,1096.4,1096.4,1096.4,1096.4,1092.5,1092.5,1092.5,1092.5,1092.5,1073.5,1073.5,1073.5,1073.5,1073.5,1075.5,1075.5,1075.5,1075.5,1100.3,1100.3,1100.3,1100.3,1100.3,1079.8,1079.8,1079.8,1079.8,1079.8,5.65,5.29,5.14,5.4,5.46,5.47,5.3,0.0,0.0,5.68,5.26,5.42,0.0,0.0,5.34,5.21,5.38,0.0,0.0,5.42,5.34,0.0,0.0,5.53,5.31,5.24,0.0,0.0,828.2,824.0,819.7,76.05,75.714,75.701
P1,IB9,P1-IB9-4.2-SI10,SACU-2,19,18,1,94.74,5.26,MBUS-26,On-grid,467.53,102.86,-30.679,1099.2,1099.2,1099.2,1099.2,1094.0,1094.0,1094.0,1094.0,1094.0,1103.0,1103.0,1103.0,1103.0,1103.0,1081.3,1081.3,1081.3,1081.3,1097.2,1097.2,1097.2,1097.2,1097.2,1096.2,1096.2,1096.2,1096.2,1096.2,5.52,5.25,5.32,5.19,5.09,5.41,5.15,0.0,0.0,5.42,5.13,0.0,0.0,0.0,5.46,5.23,5.33,5.27,5.46,5.29,0.0,0.0,0.0,5.2,5.16,5.42,0.0,0.0,828.7,823.8,818.3,75.861,76.126,75.802
P1,IB9,P1-IB9-4.2-SI11,SACU-2,19,17,2,89.47,10.53,MBUS-27,On-grid,436.34,96.57,-30.715,1083.3,1083.3,1083.3,1083.3,1089.0,1089.0,1089.0,1089.0,1089.0,1084.5,1084.5,1084.5,1084.5,1084.5,1081.8,1081.8,1081.8,1081.8,1077.8,1077.8,1077.8,1077.8,1077.8,1089.0,1089.0,1089.0,1089.0,1089.0,5.45,5.5,5.32,5.42,5.24,5.27,5.14,0.0,0.0,5.54,5.23,5.38,0.0,0.0,5.47,5.15,5.4,0.0,5.32,5.33,0.0,0.0,0.0,0.0,5.36,5.17,0.0,0.0,829.1,823.9,820.7,71.836,71.391,71.392
P1,IB9,P1-IB9-4.2-SI12,SACU-2,19,15,4,78.95,21.05,MBUS-28,On-grid,383.32,85.345,-30.665,1079.8,1079.8,1079.8,1079.8,1093.7,1093.7,1093.7,1093.7,1093.7,1075.8,1075.8,1075.8,1075.8,1075.8,1078.4,1078.4,1078.4,1078.4,1083.1,1083.1,1083.1,1083.1,1083.1,1077.0,1077.0,1077.0,1077.0,1077.0,5.35,5.39,5.22,5.38,4.93,5.36,5.18,0.0,0.0,5.57,5.38,0.0,0.0,0.0,0.0,5.33,0.0,0.0,0.0,5.46,5.37,0.0,0.0,5.08,5.41,5.3,0.0,0.0,825.8,816.8,821.4,64.653,64.338,64.185
P1,IB9,P1-IB9-4.2-SI13,SACU-2,19,19,0,100.0,0.0,MBUS-29,On-grid,481.76,107.387,-30.725,1082.1,1082.1,1082.1,1082.1,1078.1,1078.1,1078.1,1078.1,1078.1,1080.4,1080.4,1080.4,1080.4,1080.4,1082.4,1082.4,1082.4,1082.4,1085.3,1085.3,1085.3,1085.3,1085.3,1079.1,1079.1,1079.1,1079.1,1079.1,5.65,5.2,5.29,5.21,5.41,5.31,5.38,0.0,0.0,5.48,5.27,5.21,0.0,0.0,5.66,5.25,5.3,0.0,5.48,5.29,5.14,0.0,0.0,5.53,5.18,5.39,0.0,0.0,826.9,816.1,822.1,79.366,79.218,78.911
P1,IB9,P1-IB9-4.2-SI14,SACU-2,19,19,0,100.0,0.0,MBUS-30,On-grid,483.17,107.634,-30.671,1073.8,1073.8,1073.8,1073.8,1085.4,1085.4,1085.4,1085.4,1085.4,1076.9,1076.9,1076.9,1076.9,1076.9,1073.4,1073.4,1073.4,1073.4,1080.8,1080.8,1080.8,1080.8,1080.8,1084.4,1084.4,1084.4,1084.4,1084.4,5.56,5.25,5.36,5.33,5.47,5.32,5.31,0.0,0.0,5.66,5.29,5.29,0.0,0.0,5.61,5.17,5.26,0.0,5.43,5.3,5.15,0.0,0.0,5.5,5.14,5.35,0.0,0.0,827.8,819.0,821.8,79.374,79.076,79.245
P1,IB9,P1-IB9-4.2-SI15,SACU-2,19,19,0,100.0,0.0,MBUS-31,On-grid,487.08,108.543,-30.68,1071.8,1071.8,1071.8,1071.8,1086.1,1086.1,1086.1,1086.1,1086.1,1078.6,1078.6,1078.6,1078.6,1078.6,1088.6,1088.6,1088.6,1088.6,1074.5,1074.5,1074.5,1074.5,1074.5,1087.4,1087.4,1087.4,1087.4,1087.4,5.63,5.38,5.26,5.4,5.35,5.42,5.31,0.0,0.0,5.59,5.31,5.51,0.0,0.0,5.69,5.31,5.31,0.0,5.63,5.33,5.34,0.0,0.0,5.53,5.24,5.31,0.0,0.0,826.3,820.3,818.0,79.705,79.898,79.808
P1,IB9,P1-IB9-4.2-SI16,SACU-2,19,19,0,100.0,0.0,MBUS-32,On-grid,487.91,108.56,-30.716,1084.9,1084.9,1084.9,1084.9,1092.9,1092.9,1092.9,1092.9,1092.9,1081.9,1081.9,1081.9,1081.9,1081.9,1082.8,1082.8,1082.8,1082.8,1076.2,1076.2,1076.2,1076.2,1076.2,1075.5,1075.5,1075.5,1075.5,1075.5,5.61,5.22,5.35,5.31,5.47,5.29,5.27,0.0,0.0,5.45,5.36,5.31,0.0,0.0,5.65,5.19,5.23,0.0,5.4,5.38,5.25,0.0,0.0,5.55,5.22,5.41,0.0,0.0,825.3,816.1,822.0,79.874,79.936,79.628
P1,IB10,P1-IB10-1.1-SI01,SACU-1,19,19,0,100.0,0.0,MBUS-1,On-grid,481.56,109.413,0.078,1091.2,1091.2,1091.2,1091.2,1092.6,1092.6,1092.6,1092.6,1092.6,1092.8,1092.8,1092.8,1092.8,1092.8,1090.6,1090.6,1090.6,1090.6,1087.6,1087.6,1087.6,1087.6,1087.6,1090.2,1090.2,1090.2,1090.2,1090.2,5.71,5.09,5.35,5.3,5.47,5.14,5.38,0.0,0.0,5.53,5.34,5.24,0.0,0.0,5.63,5.12,5.34,0.0,5.52,5.43,5.17,0.0,0.0,5.52,5.22,5.39,0.0,0.0,846.9,837.1,842.3,75.222,74.82,75.227
P1,IB10,P1-IB10-1.1-SI02,SACU-1,19,17,2,89.47,10.53,MBUS-2,On-grid,434.01,98.292,0.004,1102.3,1102.3,1102.3,1102.3,1082.0,1082.0,1082.0,1082.0,1082.0,1099.8,1099.8,1099.8,1099.8,1099.8,1082.7,1082.7,1082.7,1082.7,1078.8,1078.8,1078.8,1078.8,1078.8,1071.8,1071.8,1071.8,1071.8,1071.8,5.77,0.0,5.23,5.16,5.54,5.25,5.36,0.0,0.0,5.63,5.3,0.0,0.0,0.0,5.66,5.26,5.25,0.0,5.48,5.42,5.3,0.0,0.0,5.6,5.32,5.43,0.0,0.0,845.8,836.5,840.9,67.507,67.134,67.563
P1,IB10,P1-IB10-1.1-SI03,SACU-1,19,18,1,94.74,5.26,MBUS-3,On-grid,455.06,103.475,-0.079,1096.0,1096.0,1096.0,1096.0,1104.0,1104.0,1104.0,1104.0,1104.0,1096.1,1096.1,1096.1,1096.1,1096.1,1092.5,1092.5,1092.5,1092.5,1086.6,1086.6,1086.6,1086.6,1086.6,1083.2,1083.2,1083.2,1083.2,1083.2,5.43,5.38,5.3,5.4,5.13,5.42,5.14,0.0,0.0,5.5,5.3,5.36,0.0,0.0,5.43,5.21,5.23,0.0,5.29,5.4,0.0,0.0,0.0,5.18,0.0,5.23,5.28,0.0,846.2,840.3,838.3,70.976,70.934,71.092
P1,IB10,P1-IB10-1.1-SI04,SACU-1,19,18,1,94.74,5.26,MBUS-4,On-grid,455.62,103.135,0.033,1097.3,1097.3,1097.3,1097.3,1087.6,1087.6,1087.6,1087.6,1087.6,1081.4,1081.4,1081.4,1081.4,1081.4,1095.1,1095.1,1095.1,1095.1,1086.0,1086.0,1086.0,1086.0,1086.0,1076.4,1076.4,1076.4,1076.4,1076.4,5.55,0.0,5.34,5.26,5.33,5.3,5.36,0.0,0.0,5.55,5.39,5.13,0.0,0.0,5.61,5.25,5.34,0.0,5.41,5.48,5.2,0.0,0.0,5.25,5.27,5.28,0.0,0.0,846.0,836.1,841.2,71.299,70.986,70.687
P1,IB10,P1-IB10-1.1-SI05,SACU-1,19,19,0,100.0,0.0,MBUS-5,On-grid,485.26,109.966,0.032,1088.0,1088.0,1088.0,1088.0,1099.6,1099.6,1099.6,1099.6,1099.6,1103.4,1103.4,1103.4,1103.4,1103.4,1094.8,1094.8,1094.8,1094.8,1082.4,1082.4,1082.4,1082.4,1082.4,1091.2,1091.2,1091.2,1091.2,1091.2,5.55,5.32,5.22,5.41,5.35,5.32,5.41,0.0,0.0,5.54,5.41,5.25,0.0,0.0,5.67,5.3,5.31,0.0,5.68,5.4,5.2,0.0,0.0,5.72,5.22,5.29,0.0,0.0,845.0,839.1,837.3,75.853,75.23,75.538
P1,IB10,P1-IB10-1.1-SI06,SACU-1,19,19,0,100.0,0.0,MBUS-6,On-grid,482.34,109.298,0.012,1087.2,1087.2,1087.2,1087.2,1074.4,1074.4,1074.4,1074.4,1074.4,1088.6,1088.6,1088.6,1088.6,1088.6,1088.5,1088.5,1088.5,1088.5,1095.9,1095.9,1095.9,1095.9,1095.9,1089.2,1089.2,1089.2,1089.2,1089.2,5.69,5.18,5.28,5.21,5.45,5.44,5.31,0.0,0.0,5.66,5.16,0.0,0.0,0.0,5.54,5.3,5.19,5.27,5.6,5.26,5.3,0.0,0.0,5.59,5.38,5.4,0.0,0.0,846.1,836.0,841.8,75.542,75.176,75.068
P1,IB10,P1-IB10-1.1-SI07,SACU-1,19,18,1,94.74,5.26,MBUS-7,On-grid,459.66,104.571,0.002,1090.6,1090.6,1090.6,1090.6,1099.3,1099.3,1099.3,1099.3,1099.3,1088.2,1088.2,1088.2,1088.2,1088.2,1090.0,1090.0,1090.0,1090.0,1100.0,1100.0,1100.0,1100.0,1100.0,1102.8,1102.8,1102.8,1102.8,1102.8,5.53,5.21,5.27,5.4,5.23,5.45,5.23,0.0,0.0,5.81,5.12,0.0,0.0,0.0,5.64,5.33,5.17,0.0,5.58,5.2,5.4,0.0,0.0,5.48,5.41,5.43,0.0,0.0,843.5,834.0,839.4,72.226,71.734,71.959
P1,IB10,P1-IB10-1.1-SI08,SACU-1,19,19,0,100.0,0.0,MBUS-8,On-grid,482.01,109.605,-0.046,1087.2,1087.2,1087.2,1087.2,1099.7,1099.7,1099.7,1099.7,1099.7,1093.2,1093.2,1093.2,1093.2,1093.2,1080.1,1080.1,1080.1,1080.1,1086.8,1086.8,1086.8,1086.8,1086.8,1103.3,1103.3,1103.3,1103.3,1103.3,5.58,5.34,5.24,5.33,5.48,5.26,5.19,0.0,0.0,5.62,5.32,5.45,0.0,0.0,5.5,5.35,5.34,0.0,5.65,5.3,5.24,0.0,0.0,5.53,5.35,5.42,0.0,0.0,841.4,835.0,833.8,76.086,75.629,75.445
P1,IB10,P1-IB10-1.2-SI09,SACU-1,19,19,0,100.0,0.0,MBUS-9,On-grid,480.64,108.412,0.101,1085.0,1085.0,1085.0,1085.0,1092.4,1092.4,1092.4,1092.4,1092.4,1082.1,1082.1,1082.1,1082.1,1082.1,1082.3,1082.3,1082.3,1082.3,1070.8,1070.8,1070.8,1070.8,1070.8,1066.5,1066.5,1066.5,1066.5,1066.5,5.65,5.29,5.26,5.21,5.38,5.26,5.32,0.0,0.0,5.62,5.37,5.37,0.0,0.0,5.42,5.18,5.31,5.3,5.59,5.35,0.0,0.0,0.0,0.0,5.36,5.33,5.36,0.0,845.9,840.7,837.0,75.004,74.169,74.32
P1,IB10,P1-IB10-1.2-SI10,SACU-1,19,19,0,100.0,0.0,MBUS-10,On-grid,479.02,108.6,0.029,1093.3,1093.3,1093.3,1093.3,1087.0,1087.0,1087.0,1087.0,1087.0,1094.9,1094.9,1094.9,1094.9,1094.9,1085.0,1085.0,1085.0,1085.0,1092.1,1092.1,1092.1,1092.1,1092.1,1088.6,1088.6,1088.6,1088.6,1088.6,5.58,5.14,5.14,5.41,5.43,5.29,5.28,0.0,0.0,5.41,5.23,5.33,0.0,0.0,5.76,5.05,0.0,0.0,5.47,5.43,5.24,5.27,0.0,5.58,5.31,5.22,0.0,0.0,844.7,834.2,840.1,75.385,74.516,74.922
P1,IB10,P1-IB10-1.2-SI11,SACU-1,19,19,0,100.0,0.0,MBUS-11,On-grid,479.14,108.738,0.016,1074.8,1074.8,1074.8,1074.8,1065.6,1065.6,1065.6,1065.6,1065.6,1090.5,1090.5,1090.5,1090.5,1090.5,1080.1,1080.1,1080.1,1080.1,1073.4,1073.4,1073.4,1073.4,1073.4,1079.5,1079.5,1079.5,1079.5,1079.5,5.51,5.4,5.25,5.38,5.48,5.46,5.33,0.0,0.0,5.62,5.27,5.33,0.0,0.0,5.6,5.32,5.24,0.0,5.69,5.36,5.34,0.0,0.0,5.58,5.3,5.36,0.0,0.0,844.2,837.4,837.2,74.931,74.38,74.777
P1,IB10,P1-IB10-1.2-SI12,SACU-1,19,19,0,100.0,0.0,MBUS-12,On-grid,479.49,108.017,-0.03,1081.2,1081.2,1081.2,1081.2,1072.1,1072.1,1072.1,1072.1,1072.1,1059.1,1059.1,1059.1,1059.1,1059.1,1080.6,1080.6,1080.6,1080.6,1074.8,1074.8,1074.8,1074.8,1074.8,1081.3,1081.3,1081.3,1081.3,1081.3,5.47,5.33,5.28,5.29,5.14,5.43,5.27,0.0,0.0,5.57,5.33,5.28,0.0,0.0,5.51,5.3,5.23,0.0,5.52,5.39,5.31,0.0,0.0,5.17,5.35,5.37,0.0,0.0,843.9,834.6,839.8,74.47,74.182,74.318
P1,IB10,P1-IB10-1.2-SI13,SACU-1,19,19,0,100.0,0.0,MBUS-13,On-grid,478.33,108.104,-0.01,1082.6,1082.6,1082.6,1082.6,1077.1,1077.1,1077.1,1077.1,1077.1,1077.4,1077.4,1077.4,1077.4,1077.4,1079.3,1079.3,1079.3,1079.3,1076.7,1076.7,1076.7,1076.7,1076.7,1081.7,1081.7,1081.7,1081.7,1081.7,5.58,5.25,5.28,5.25,5.5,5.3,5.33,0.0,0.0,5.49,5.38,5.37,0.0,0.0,5.51,5.28,5.42,0.0,5.52,5.42,5.33,0.0,0.0,5.65,5.24,5.35,0.0,0.0,842.7,837.9,832.6,75.008,74.291,74.53
P1,IB10,P1-IB10-1.2-SI14,SACU-1,19,19,0,100.0,0.0,MBUS-14,On-grid,478.11,108.203,0.036,1086.5,1086.5,1086.5,1086.5,1075.8,1075.8,1075.8,1075.8,1075.8,1079.8,1079.8,1079.8,1079.8,1079.8,1065.9,1065.9,1065.9,1065.9,1077.5,1077.5,1077.5,1077.5,1077.5,1084.8,1084.8,1084.8,1084.8,1084.8,5.51,5.29,5.18,5.23,5.44,5.43,5.31,0.0,0.0,5.6,5.3,5.41,0.0,0.0,5.65,5.24,5.28,0.0,5.62,5.36,5.33,0.0,0.0,5.59,5.29,5.33,0.0,0.0,843.2,837.9,835.0,75.01,74.582,74.523
P1,IB10,P1-IB10-1.2-SI15,SACU-1,19,19,0,100.0,0.0,MBUS-15,On-grid,474.44,107.539,-0.017,1093.8,1093.8,1093.8,1093.8,1082.8,1082.8,1082.8,1082.8,1082.8,1031.9,1031.9,1031.9,1031.9,1031.9,1081.2,1081.2,1081.2,1081.2,1075.3,1075.3,1075.3,1075.3,1075.3,1087.0,1087.0,1087.0,1087.0,1087.0,5.44,5.38,5.27,5.29,5.42,5.39,5.25,0.0,0.0,5.76,5.1,5.23,0.0,0.0,5.57,5.32,5.25,0.0,5.6,5.35,5.43,0.0,0.0,5.54,5.28,5.31,0.0,0.0,842.4,837.1,832.6,74.704,74.135,73.978
P1,IB10,P1-IB10-1.2-SI16,SACU-1,19,18,1,94.74,5.26,MBUS-16,On-grid,451.57,102.726,0.073,1079.7,1079.7,1079.7,1079.7,1079.9,1079.9,1079.9,1079.9,1079.9,1094.7,1094.7,1094.7,1094.7,1094.7,1082.6,1082.6,1082.6,1082.6,1084.3,1084.3,1084.3,1084.3,1084.3,1079.6,1079.6,1079.6,1079.6,1079.6,5.52,5.25,5.35,5.13,5.29,5.34,0.0,0.0,0.0,5.4,5.4,5.25,0.0,0.0,5.53,5.22,5.37,5.25,5.5,5.33,0.0,0.0,0.0,5.33,5.26,5.41,0.0,0.0,842.7,837.1,834.4,71.008,70.692,70.78
P1,IB10,P1-IB10-2.1-SI01,SACU-1,19,16,3,84.21,15.79,MBUS-17,On-grid,409.79,92.729,0.002,1099.6,1099.6,1099.6,1099.6,1108.3,1108.3,1108.3,1108.3,1108.3,1098.7,1098.7,1098.7,1098.7,1098.7,1103.2,1103.2,1103.2,1103.2,1093.7,1093.7,1093.7,1093.7,1093.7,1088.1,1088.1,1088.1,1088.1,1088.1,5.45,5.23,5.2,5.44,5.18,5.37,5.18,0.0,0.0,5.59,0.0,5.31,0.0,0.0,5.56,5.39,5.27,0.0,0.0,0.0,5.34,0.0,0.0,5.1,5.24,5.42,0.0,0.0,842.6,832.5,838.8,64.606,63.897,63.833
P1,IB10,P1-IB10-2.1-SI02,SACU-1,19,19,0,100.0,0.0,MBUS-18,On-grid,484.41,110.858,0.047,1106.1,1106.1,1106.1,1106.1,1099.8,1099.8,1099.8,1099.8,1099.8,1098.5,1098.5,1098.5,1098.5,1098.5,1097.9,1097.9,1097.9,1097.9,1093.6,1093.6,1093.6,1093.6,1093.6,1094.6,1094.6,1094.6,1094.6,1094.6,5.61,5.2,5.3,5.15,5.47,5.42,5.38,0.0,0.0,5.53,5.42,5.28,0.0,0.0,5.59,5.28,5.36,0.0,5.68,5.36,5.46,0.0,0.0,5.61,5.36,5.26,0.0,0.0,842.3,837.4,834.1,76.652,76.328,76.755
P1,IB10,P1-IB10-2.1-SI03,SACU-1,19,19,0,100.0,0.0,MBUS-19,On-grid,480.39,109.312,0.043,1087.9,1087.9,1087.9,1087.9,1087.4,1087.4,1087.4,1087.4,1087.4,1090.5,1090.5,1090.5,1090.5,1090.5,1088.9,1088.9,1088.9,1088.9,1092.8,1092.8,1092.8,1092.8,1092.8,1075.1,1075.1,1075.1,1075.1,1075.1,5.64,5.23,5.39,5.32,5.43,5.37,5.35,0.0,0.0,5.43,5.38,5.21,0.0,0.0,5.48,5.39,5.45,5.3,5.72,5.4,5.28,0.0,0.0,0.0,5.47,5.28,0.0,0.0,842.9,838.0,833.0,75.956,75.495,75.54
P1,IB10,P1-IB10-2.1-SI04,SACU-1,19,18,1,94.74,5.26,MBUS-20,On-grid,455.9,103.946,-0.025,1098.1,1098.1,1098.1,1098.1,1099.9,1099.9,1099.9,1099.9,1099.9,1105.1,1105.1,1105.1,1105.1,1105.1,1093.8,1093.8,1093.8,1093.8,1098.3,1098.3,1098.3,1098.3,1098.3,1089.7,1089.7,1089.7,1089.7,1089.7,5.61,5.33,5.29,5.21,5.33,5.21,5.39,0.0,0.0,5.55,5.33,5.2,0.0,0.0,5.59,5.2,5.28,0.0,5.5,5.42,5.19,0.0,0.0,5.69,5.35,0.0,0.0,0.0,842.1,836.1,834.1,72.161,71.497,71.85
P1,IB10,P1-IB10-2.1-SI05,SACU-1,19,19,0,100.0,0.0,MBUS-21,On-grid,481.1,109.565,0.015,1090.1,1090.1,1090.1,1090.1,1083.7,1083.7,1083.7,1083.7,1083.7,1086.5,1086.5,1086.5,1086.5,1086.5,1093.9,1093.9,1093.9,1093.9,1082.2,1082.2,1082.2,1082.2,1082.2,1099.7,1099.7,1099.7,1099.7,1099.7,5.56,5.25,5.37,5.27,5.51,5.3,5.42,0.0,0.0,5.59,5.35,5.37,0.0,0.0,5.67,5.14,5.34,0.0,5.6,5.38,5.25,0.0,0.0,5.66,5.23,5.42,0.0,0.0,840.6,834.0,832.9,76.04,75.675,75.609
P1,IB10,P1-IB10-2.1-SI06,SACU-1,19,19,0,100.0,0.0,MBUS-22,On-grid,483.36,109.967,-0.033,1083.5,1083.5,1083.5,1083.5,1095.4,1095.4,1095.4,1095.4,1095.4,1090.5,1090.5,1090.5,1090.5,1090.5,1096.9,1096.9,1096.9,1096.9,1091.7,1091.7,1091.7,1091.7,1091.7,1085.7,1085.7,1085.7,1085.7,1085.7,5.66,5.37,5.21,5.36,5.34,5.35,5.34,0.0,0.0,5.64,5.35,5.49,0.0,0.0,5.54,5.34,5.28,0.0,5.68,5.26,5.38,0.0,0.0,5.56,5.4,5.25,0.0,0.0,840.6,833.2,833.9,76.453,75.667,75.741
P1,IB10,P1-IB10-2.1-SI07,SACU-1,19,19,0,100.0,0.0,MBUS-23,On-grid,479.82,109.405,-0.009,1086.1,1086.1,1086.1,1086.1,1097.2,1097.2,1097.2,1097.2,1097.2,1076.7,1076.7,1076.7,1076.7,1076.7,1082.3,1082.3,1082.3,1082.3,1092.8,1092.8,1092.8,1092.8,1092.8,1089.6,1089.6,1089.6,1089.6,1089.6,5.31,5.42,5.41,5.46,5.29,5.4,5.25,0.0,0.0,5.64,5.34,5.46,0.0,0.0,5.63,5.37,5.27,0.0,5.69,5.35,5.29,0.0,0.0,5.48,5.34,5.29,0.0,0.0,843.4,832.9,838.3,75.976,75.502,75.244
P1,IB10,P1-IB10-2.1-SI08,SACU-1,19,9,10,47.37,52.63,MBUS-24,On-grid,226.7,51.492,0.005,1103.3,1103.3,1103.3,1103.3,1102.9,1102.9,1102.9,1102.9,1102.9,1076.2,1076.2,1076.2,1076.2,1076.2,1089.4,1089.4,1089.4,1089.4,1085.5,1085.5,1085.5,1085.5,1085.5,1076.4,1076.4,1076.4,1076.4,1076.4,0.0,0.0,5.19,0.0,5.35,5.34,0.0,0.0,0.0,5.74,0.0,0.0,0.0,0.0,5.81,0.0,0.0,0.0,5.65,0.0,0.0,0.0,0.0,5.67,5.11,5.33,0.0,0.0,841.9,831.7,837.4,35.986,35.388,35.279
P1,IB10,P1-IB10-2.2-SI09,SACU-1,19,11,8,57.89,42.11,MBUS-25,On-grid,277.42,63.161,0.036,1058.1,1058.1,1058.1,1058.1,1077.4,1077.4,1077.4,1077.4,1077.4,1091.5,1091.5,1091.5,1091.5,1091.5,1097.7,1097.7,1097.7,1097.7,1088.2,1088.2,1088.2,1088.2,1088.2,374.3,374.3,374.3,374.3,374.3,5.55,5.1,0.0,5.51,5.5,0.0,0.0,0.0,0.0,5.15,5.5,5.36,0.0,0.0,5.35,5.31,5.37,0.0,5.53,0.0,0.0,0.0,0.0,0.0,0.0,0.0,0.0,0.0,840.8,834.7,832.1,43.742,43.211,43.526
P1,IB10,P1-IB10-2.2-SI10,SACU-1,19,12,7,63.16,36.84,MBUS-26,On-grid,305.49,69.077,0.02,1097.9,1097.9,1097.9,1097.9,1074.7,1074.7,1074.7,1074.7,1074.7,1085.1,1085.1,1085.1,1085.1,1085.1,1106.2,1106.2,1106.2,1106.2,1083.0,1083.0,1083.0,1083.0,1083.0,372.1,372.1,372.1,372.1,372.1,5.25,5.3,5.35,5.34,4.97,5.41,5.55,0.0,0.0,5.4,0.0,0.0,0.0,0.0,5.45,5.39,0.0,0.0,0.0,5.43,5.31,0.0,0.0,0.0,0.0,0.0,0.0,0.0,839.2,830.4,835.4,48.087,47.837,47.643
P1,IB10,P1-IB10-2.2-SI11,SACU-1,19,10,9,52.63,47.37,MBUS-27,On-grid,251.4,57.196,0.025,1082.8,1082.8,1082.8,1082.8,1079.1,1079.1,1079.1,1079.1,1079.1,1091.0,1091.0,1091.0,1091.0,1091.0,1074.2,1074.2,1074.2,1074.2,356.0,356.0,356.0,356.0,356.0,358.5,358.5,358.5,358.5,358.5,5.09,5.42,0.0,5.58,4.64,5.6,5.45,0.0,0.0,5.21,5.47,5.42,0.0,0.0,5.46,0.0,0.0,0.0,0.0,0.0,0.0,0.0,0.0,0.0,0.0,0.0,0.0,0.0,839.7,829.4,835.3,40.287,39.2,39.605
P1,IB10,P1-IB10-2.2-SI12,SACU-1,19,8,11,42.11,57.89,MBUS-28,On-grid,199.52,45.409,0.028,1083.0,1083.0,1083.0,1083.0,375.1,375.1,375.1,375.1,375.1,1071.2,1071.2,1071.2,1071.2,1071.2,1071.8,1071.8,1071.8,1071.8,1083.2,1083.2,1083.2,1083.2,1083.2,1075.2,1075.2,1075.2,1075.2,1075.2,5.53,0.0,0.0,0.0,0.0,0.0,0.0,0.0,0.0,5.53,0.0,0.0,0.0,0.0,5.54,5.45,0.0,0.0,5.34,5.34,5.35,0.0,0.0,5.56,0.0,0.0,0.0,0.0,840.2,830.1,836.3,31.882,31.045,31.458
P1,IB10,P1-IB10-2.2-SI13,SACU-1,19,11,8,57.89,42.11,MBUS-29,On-grid,274.26,62.55,-0.012,1080.2,1080.2,1080.2,1080.2,1092.3,1092.3,1092.3,1092.3,1092.3,1086.9,1086.9,1086.9,1086.9,1086.9,373.8,373.8,373.8,373.8,1079.3,1079.3,1079.3,1079.3,1079.3,1079.4,1079.4,1079.4,1079.4,1079.4,5.15,5.5,5.3,0.0,4.71,5.52,5.27,0.0,0.0,5.66,0.0,0.0,0.0,0.0,0.0,0.0,0.0,0.0,0.0,0.0,5.4,0.0,0.0,4.86,5.43,5.42,0.0,0.0,841.6,835.6,833.2,43.498,42.914,43.008
P1,IB10,P1-IB10-2.2-SI14,SACU-1,19,8,11,42.11,57.89,MBUS-30,On-grid,205.07,46.157,-0.026,1084.4,1084.4,1084.4,1084.4,1078.3,1078.3,1078.3,1078.3,1078.3,1083.6,1083.6,1083.6,1083.6,1083.6,343.9,343.9,343.9,343.9,341.5,341.5,341.5,341.5,341.5,342.6,342.6,342.6,342.6,342.6,4.92,5.5,5.61,5.42,5.04,5.56,5.58,0.0,0.0,5.46,0.0,0.0,0.0,0.0,0.0,0.0,0.0,0.0,0.0,0.0,0.0,0.0,0.0,0.0,0.0,0.0,0.0,0.0,840.9,831.3,836.0,32.459,31.654,31.904
P1,IB10,P1-IB10-2.2-SI15,SACU-1,19,8,11,42.11,57.89,MBUS-31,On-grid,202.07,45.727,-0.004,1094.8,1094.8,1094.8,1094.8,361.7,361.7,361.7,361.7,361.7,1082.4,1082.4,1082.4,1082.4,1082.4,1078.5,1078.5,1078.5,1078.5,1077.0,1077.0,1077.0,1077.0,1077.0,357.0,357.0,357.0,357.0,357.0,5.62,0.0,0.0,0.0,0.0,0.0,0.0,0.0,0.0,4.9,5.56,5.47,0.0,0.0,5.24,5.31,5.47,0.0,5.5,0.0,0.0,0.0,0.0,0.0,0.0,0.0,0.0,0.0,840.5,830.6,836.9,31.773,31.172,31.441
P1,IB10,P1-IB10-2.2-SI16,SACU-1,19,7,12,36.84,63.16,MBUS-32,On-grid,179.13,40.501,0.038,1090.9,1090.9,1090.9,1090.9,338.4,338.4,338.4,338.4,338.4,1083.5,1083.5,1083.5,1083.5,1083.5,341.5,341.5,341.5,341.5,340.6,340.6,340.6,340.6,340.6,1097.6,1097.6,1097.6,1097.6,1097.6,5.22,0.0,5.53,5.33,0.0,0.0,0.0,0.0,0.0,5.26,0.0,0.0,0.0,0.0,0.0,0.0,0.0,0.0,0.0,0.0,0.0,0.0,0.0,5.01,5.35,5.53,0.0,0.0,841.5,833.5,834.4,28.422,27.666,27.791
P1,IB10,P1-IB10-3.1-SI01,SACU-2,19,10,9,52.63,47.37,MBUS-1,On-grid,251.58,57.502,-30.705,1096.2,1096.2,1096.2,1096.2,1097.5,1097.5,1097.5,1097.5,1097.5,1100.8,1100.8,1100.8,1100.8,1100.8,361.0,361.0,361.0,361.0,359.5,359.5,359.5,359.5,359.5,1099.1,1099.1,1099.1,1099.1,1099.1,5.41,0.0,5.34,5.59,4.97,5.67,5.43,0.0,0.0,5.43,5.35,0.0,0.0,0.0,0.0,0.0,0.0,0.0,0.0,0.0,0.0,0.0,0.0,0.0,5.52,5.36,0.0,0.0,830.7,827.2,822.0,46.618,46.322,46.269
P1,IB10,P1-IB10-3.1-SI02,SACU-2,19,8,11,42.11,57.89,MBUS-2,On-grid,197.7,45.479,-30.651,1090.4,1090.4,1090.4,1090.4,1087.1,1087.1,1087.1,1087.1,1087.1,1101.0,1101.0,1101.0,1101.0,1101.0,1094.5,1094.5,1094.5,1094.5,1102.4,1102.4,1102.4,1102.4,1102.4,369.9,369.9,369.9,369.9,369.9,5.61,0.0,0.0,0.0,0.0,5.4,0.0,0.0,0.0,5.64,0.0,0.0,0.0,0.0,5.24,5.4,5.19,0.0,5.48,5.29,0.0,0.0,0.0,0.0,0.0,0.0,0.0,0.0,832.6,822.9,828.1,39.565,39.184,39.354
P1,IB10,P1-IB10-3.1-SI03,SACU-2,19,11,8,57.89,42.11,MBUS-3,On-grid,275.54,62.723,-30.699,1091.5,1091.5,1091.5,1091.5,1096.8,1096.8,1096.8,1096.8,1096.8,1102.7,1102.7,1102.7,1102.7,1102.7,376.9,376.9,376.9,376.9,1090.3,1090.3,1090.3,1090.3,1090.3,1080.7,1080.7,1080.7,1080.7,1080.7,5.32,5.46,5.17,0.0,5.4,0.0,0.0,0.0,0.0,5.72,0.0,0.0,0.0,0.0,0.0,0.0,0.0,0.0,5.37,5.24,5.37,0.0,0.0,5.32,5.33,5.35,0.0,0.0,831.0,822.8,825.8,50.217,49.47,49.045
P1,IB10,P1-IB10-3.1-SI04,SACU-2,19,12,7,63.16,36.84,MBUS-4,On-grid,299.17,68.568,-30.692,1102.5,1102.5,1102.5,1102.5,1096.4,1096.4,1096.4,1096.4,1096.4,1079.1,1079.1,1079.1,1079.1,1079.1,1062.7,1062.7,1062.7,1062.7,1093.9,1093.9,1093.9,1093.9,1093.9,1095.7,1095.7,1095.7,1095.7,1095.7,5.63,5.31,5.18,0.0,0.0,5.41,0.0,0.0,0.0,5.48,5.38,5.48,0.0,0.0,5.17,0.0,5.34,5.55,5.77,0.0,0.0,0.0,0.0,5.61,0.0,0.0,0.0,0.0,833.9,830.2,825.0,53.294,52.992,53.094
P1,IB10,P1-IB10-3.1-SI05,SACU-2,19,15,4,78.95,21.05,MBUS-5,On-grid,380.23,86.296,-30.686,1087.8,1087.8,1087.8,1087.8,1091.9,1091.9,1091.9,1091.9,1091.9,1097.6,1097.6,1097.6,1097.6,1097.6,1098.9,1098.9,1098.9,1098.9,1100.3,1100.3,1100.3,1100.3,1100.3,1078.6,1078.6,1078.6,1078.6,1078.6,5.67,5.19,5.3,0.0,5.26,5.24,5.21,5.4,0.0,5.62,0.0,0.0,0.0,0.0,5.69,5.16,0.0,0.0,0.0,5.37,5.2,0.0,0.0,5.72,5.26,5.35,0.0,0.0,830.7,825.8,825.4,65.093,64.787,64.344
P1,IB10,P1-IB10-3.1-SI06,SACU-2,19,9,10,47.37,52.63,MBUS-6,On-grid,220.92,50.839,-30.797,1096.7,1096.7,1096.7,1096.7,1078.2,1078.2,1078.2,1078.2,1078.2,1080.3,1080.3,1080.3,1080.3,1080.3,1091.8,1091.8,1091.8,1091.8,1079.7,1079.7,1079.7,1079.7,1079.7,372.4,372.4,372.4,372.4,372.4,5.63,0.0,0.0,0.0,0.0,5.36,5.41,0.0,5.4,5.29,5.22,0.0,0.0,0.0,5.44,5.24,0.0,0.0,0.0,0.0,5.36,0.0,0.0,0.0,0.0,0.0,0.0,0.0,831.3,822.9,827.8,42.55,42.232,42.349
P1,IB10,P1-IB10-3.1-SI07,SACU-2,19,6,13,31.58,68.42,MBUS-7,On-grid,149.71,34.172,-30.572,1082.7,1082.7,1082.7,1082.7,359.2,359.2,359.2,359.2,359.2,1089.5,1089.5,1089.5,1089.5,1089.5,358.9,358.9,358.9,358.9,1072.4,1072.4,1072.4,1072.4,1072.4,1076.5,1076.5,1076.5,1076.5,1076.5,5.62,0.0,0.0,0.0,0.0,0.0,0.0,0.0,0.0,5.53,0.0,0.0,0.0,0.0,0.0,0.0,0.0,0.0,0.0,0.0,5.47,0.0,0.0,5.13,5.55,5.39,0.0,0.0,831.8,823.6,828.7,34.232,33.569,33.369
P1,IB10,P1-IB10-3.1-SI08,SACU-2,19,16,3,84.21,15.79,MBUS-8,On-grid,402.17,92.351,-30.671,1087.3,1087.3,1087.3,1087.3,1095.4,1095.4,1095.4,1095.4,1095.4,1100.7,1100.7,1100.7,1100.7,1100.7,1079.5,1079.5,1079.5,1079.5,1086.4,1086.4,1086.4,1086.4,1086.4,1093.1,1093.1,1093.1,1093.1,1093.1,5.63,5.32,5.39,5.27,5.56,5.44,5.38,0.0,5.4,5.58,5.19,0.0,0.0,0.0,0.0,0.0,5.43,0.0,5.63,0.0,5.33,0.0,0.0,5.51,5.23,5.36,0.0,0.0,834.8,829.3,828.9,68.458,68.298,68.047
P1,IB10,P1-IB10-3.2-SI09,SACU-2,19,19,0,100.0,0.0,MBUS-9,On-grid,479.52,109.246,-30.684,1084.6,1084.6,1084.6,1084.6,1101.4,1101.4,1101.4,1101.4,1101.4,1071.5,1071.5,1071.5,1071.5,1071.5,1085.4,1085.4,1085.4,1085.4,1085.9,1085.9,1085.9,1085.9,1085.9,1079.7,1079.7,1079.7,1079.7,1079.7,5.51,5.2,5.32,5.48,5.47,5.34,5.22,0.0,0.0,5.47,5.41,5.41,0.0,0.0,5.54,5.34,5.38,5.3,0.0,5.43,5.26,0.0,0.0,5.55,5.3,5.41,0.0,0.0,833.8,824.2,830.5,79.713,79.446,79.5
P1,IB10,P1-IB10-3.2-SI10,SACU-2,19,19,0,100.0,0.0,MBUS-10,On-grid,482.54,109.517,-30.714,1094.1,1094.1,1094.1,1094.1,1099.0,1099.0,1099.0,1099.0,1099.0,1097.7,1097.7,1097.7,1097.7,1097.7,1074.3,1074.3,1074.3,1074.3,1094.4,1094.4,1094.4,1094.4,1094.4,1084.1,1084.1,1084.1,1084.1,1084.1,5.66,0.0,5.23,5.47,5.46,5.5,5.36,0.0,5.34,5.64,5.23,5.42,0.0,0.0,5.63,0.0,0.0,0.0,5.49,5.38,5.38,5.19,0.0,5.51,5.25,5.36,5.01,0.0,835.6,827.0,829.9,80.09,79.978,79.498
P1,IB10,P1-IB10-3.2-SI11,SACU-2,19,13,6,68.42,31.58,MBUS-11,On-grid,328.24,74.667,-30.703,1095.8,1095.8,1095.8,1095.8,1084.9,1084.9,1084.9,1084.9,1084.9,1087.8,1087.8,1087.8,1087.8,1087.8,1083.0,1083.0,1083.0,1083.0,1077.7,1077.7,1077.7,1077.7,1077.7,1091.3,1091.3,1091.3,1091.3,1091.3,5.54,5.21,5.38,5.14,5.48,5.34,5.38,0.0,0.0,5.68,0.0,0.0,0.0,0.0,5.84,5.23,0.0,0.0,0.0,5.42,5.3,0.0,0.0,0.0,5.43,0.0,0.0,0.0,831.4,822.6,828.1,56.99,56.8,57.0
P1,IB10,P1-IB10-3.2-SI12,SACU-2,19,9,10,47.37,52.63,MBUS-12,On-grid,225.41,51.445,-30.595,1107.4,1107.4,1107.4,1107.4,1089.7,1089.7,1089.7,1089.7,1089.7,1092.3,1092.3,1092.3,1092.3,1092.3,1089.8,1089.8,1089.8,1089.8,359.3,359.3,359.3,359.3,359.3,356.5,356.5,356.5,356.5,356.5,5.06,5.33,5.35,0.0,4.63,5.71,5.38,0.0,0.0,5.29,5.56,0.0,0.0,0.0,5.56,0.0,0.0,0.0,0.0,0.0,0.0,0.0,0.0,0.0,0.0,0.0,0.0,0.0,832.4,828.6,824.8,42.801,42.64,42.558
P1,IB10,P1-IB10-3.2-SI13,SACU-2,19,12,7,63.16,36.84,MBUS-13,On-grid,298.25,68.176,-30.687,1093.3,1093.3,1093.3,1093.3,1084.8,1084.8,1084.8,1084.8,1084.8,1088.1,1088.1,1088.1,1088.1,1088.1,1083.2,1083.2,1083.2,1083.2,362.6,362.6,362.6,362.6,362.6,360.2,360.2,360.2,360.2,360.2,0.0,5.63,5.37,5.65,4.98,5.66,5.37,0.0,5.19,5.31,5.58,0.0,0.0,0.0,5.02,5.52,5.37,0.0,0.0,0.0,0.0,0.0,0.0,0.0,0.0,0.0,0.0,0.0,833.0,826.8,826.4,52.982,52.641,52.895
P1,IB10,P1-IB10-3.2-SI14,SACU-2,19,15,4,78.95,21.05,MBUS-14,On-grid,373.24,85.362,-30.724,1090.1,1090.1,1090.1,1090.1,379.1,379.1,379.1,379.1,379.1,1093.4,1093.4,1093.4,1093.4,1093.4,1083.5,1083.5,1083.5,1083.5,1074.3,1074.3,1074.3,1074.3,1074.3,1099.1,1099.1,1099.1,1099.1,1099.1,5.4,5.31,5.35,5.21,0.0,0.0,0.0,0.0,0.0,5.27,5.38,0.0,0.0,0.0,5.36,5.41,5.21,0.0,5.41,5.38,5.54,0.0,0.0,5.17,5.46,5.33,0.0,0.0,834.2,826.4,831.0,64.017,63.665,63.631
P1,IB10,P1-IB10-3.2-SI15,SACU-2,19,4,15,21.05,78.95,MBUS-15,On-grid,101.06,22.984,-30.666,1101.0,1101.0,1101.0,1101.0,343.7,343.7,343.7,343.7,343.7,1082.8,1082.8,1082.8,1082.8,1082.8,342.5,342.5,342.5,342.5,339.2,339.2,339.2,339.2,339.2,1093.8,1093.8,1093.8,1093.8,1093.8,5.4,0.0,0.0,0.0,0.0,0.0,0.0,0.0,0.0,5.45,0.0,0.0,0.0,0.0,0.0,0.0,0.0,0.0,0.0,0.0,0.0,0.0,0.0,5.14,0.0,5.45,0.0,0.0,830.3,827.8,822.3,29.284,28.603,28.599
P1,IB10,P1-IB10-3.2-SI16,SACU-2,19,4,15,21.05,78.95,MBUS-16,On-grid,98.1,22.521,-30.812,1081.8,1081.8,1081.8,1081.8,344.6,344.6,344.6,344.6,344.6,1074.0,1074.0,1074.0,1074.0,1074.0,343.1,343.1,343.1,343.1,338.0,338.0,338.0,338.0,338.0,1078.7,1078.7,1078.7,1078.7,1078.7,5.47,0.0,0.0,0.0,0.0,0.0,0.0,0.0,0.0,5.36,0.0,0.0,0.0,0.0,0.0,0.0,0.0,0.0,0.0,0.0,0.0,0.0,0.0,0.0,5.65,5.48,0.0,0.0,830.3,826.1,822.4,28.571,28.157,28.123
P1,IB10,P1-IB10-4.1-SI01,SACU-2,19,19,0,100.0,0.0,MBUS-17,On-grid,477.44,108.322,-30.719,1080.3,1080.3,1080.3,1080.3,1089.8,1089.8,1089.8,1089.8,1089.8,1071.4,1071.4,1071.4,1071.4,1071.4,1078.6,1078.6,1078.6,1078.6,1086.5,1086.5,1086.5,1086.5,1086.5,1074.7,1074.7,1074.7,1074.7,1074.7,5.62,5.38,5.38,5.43,5.46,5.27,5.28,0.0,0.0,5.56,5.36,5.42,0.0,0.0,5.7,5.26,5.28,0.0,5.48,5.35,5.23,0.0,0.0,5.55,5.26,5.39,0.0,0.0,833.7,824.4,830.0,79.074,78.89,78.972
P1,IB10,P1-IB10-4.1-SI02,SACU-2,19,19,0,100.0,0.0,MBUS-18,On-grid,479.26,108.942,-30.616,1075.9,1075.9,1075.9,1075.9,1083.8,1083.8,1083.8,1083.8,1083.8,1087.0,1087.0,1087.0,1087.0,1087.0,1077.4,1077.4,1077.4,1077.4,1077.2,1077.2,1077.2,1077.2,1077.2,1088.5,1088.5,1088.5,1088.5,1088.5,5.65,5.35,5.31,5.37,5.38,5.31,5.35,0.0,0.0,5.55,5.37,5.38,0.0,0.0,5.57,5.14,5.49,0.0,5.59,5.46,5.35,0.0,0.0,5.66,5.19,5.38,0.0,0.0,834.4,829.5,825.6,79.324,79.131,79.197
P1,IB10,P1-IB10-4.1-SI03,SACU-2,19,19,0,100.0,0.0,MBUS-19,On-grid,477.97,107.993,-30.675,1076.9,1076.9,1076.9,1076.9,1073.1,1073.1,1073.1,1073.1,1073.1,1072.9,1072.9,1072.9,1072.9,1072.9,1082.1,1082.1,1082.1,1082.1,1075.2,1075.2,1075.2,1075.2,1075.2,1079.9,1079.9,1079.9,1079.9,1079.9,5.55,5.34,5.25,5.4,5.25,5.47,5.26,0.0,0.0,5.59,5.26,5.42,0.0,0.0,5.53,5.3,5.18,0.0,5.56,5.32,0.0,0.0,0.0,5.43,5.34,5.24,5.3,0.0,834.5,823.3,829.4,79.185,78.852,78.549
P1,IB10,P1-IB10-4.1-SI04,SACU-2,19,17,2,89.47,10.53,MBUS-20,On-grid,427.48,96.715,-30.565,1073.3,1073.3,1073.3,1073.3,1089.4,1089.4,1089.4,1089.4,1089.4,1069.6,1069.6,1069.6,1069.6,1069.6,1087.2,1087.2,1087.2,1087.2,1072.4,1072.4,1072.4,1072.4,1072.4,1088.5,1088.5,1088.5,1088.5,1088.5,5.67,0.0,5.27,0.0,5.35,5.35,5.18,0.0,0.0,5.66,5.18,5.46,0.0,0.0,5.45,5.25,5.21,0.0,5.65,5.29,5.38,0.0,0.0,5.37,5.41,5.22,0.0,0.0,835.1,824.2,830.8,70.816,71.214,71.118
P1,IB10,P1-IB10-4.1-SI05,SACU-2,19,19,0,100.0,0.0,MBUS-21,On-grid,480.09,108.279,-30.678,1083.7,1083.7,1083.7,1083.7,1084.0,1084.0,1084.0,1084.0,1084.0,1084.1,1084.1,1084.1,1084.1,1084.1,1072.1,1072.1,1072.1,1072.1,1092.8,1092.8,1092.8,1092.8,1092.8,1087.9,1087.9,1087.9,1087.9,1087.9,5.59,5.24,5.15,5.35,5.39,5.26,5.41,0.0,0.0,5.49,5.4,5.3,0.0,0.0,5.53,5.22,5.45,5.16,0.0,5.24,5.33,0.0,0.0,5.66,5.24,5.43,0.0,0.0,834.3,828.1,826.0,79.119,78.808,79.122
P1,IB10,P1-IB10-4.1-SI06,SACU-2,19,19,0,100.0,0.0,MBUS-22,On-grid,483.55,108.95,-30.671,1090.7,1090.7,1090.7,1090.7,1085.1,1085.1,1085.1,1085.1,1085.1,1098.9,1098.9,1098.9,1098.9,1098.9,1093.5,1093.5,1093.5,1093.5,1078.6,1078.6,1078.6,1078.6,1078.6,1087.6,1087.6,1087.6,1087.6,1087.6,5.64,5.28,5.17,5.4,5.28,5.41,5.22,0.0,0.0,5.72,0.0,5.29,5.31,0.0,5.49,5.38,5.15,0.0,5.62,5.27,5.39,0.0,0.0,5.28,5.36,5.27,0.0,0.0,835.7,828.8,828.4,79.518,79.222,79.024
P1,IB10,P1-IB10-4.1-SI07,SACU-2,19,19,0,100.0,0.0,MBUS-23,On-grid,474.53,106.955,-30.734,1073.9,1073.9,1073.9,1073.9,1078.9,1078.9,1078.9,1078.9,1078.9,1077.6,1077.6,1077.6,1077.6,1077.6,1080.8,1080.8,1080.8,1080.8,1069.4,1069.4,1069.4,1069.4,1069.4,1071.7,1071.7,1071.7,1071.7,1071.7,5.57,5.19,5.35,5.25,5.54,5.17,5.32,0.0,0.0,5.47,5.35,5.21,0.0,0.0,5.61,5.15,5.29,0.0,5.47,5.42,5.12,0.0,0.0,5.59,5.19,5.36,0.0,0.0,836.0,830.2,827.7,78.135,78.053,77.922
P1,IB10,P1-IB10-4.1-SI08,SACU-2,19,19,0,100.0,0.0,MBUS-24,On-grid,479.77,109.07,-30.69,1082.1,1082.1,1082.1,1082.1,1086.2,1086.2,1086.2,1086.2,1086.2,1087.3,1087.3,1087.3,1087.3,1087.3,1089.8,1089.8,1089.8,1089.8,1079.0,1079.0,1079.0,1079.0,1079.0,1076.1,1076.1,1076.1,1076.1,1076.1,5.57,5.3,5.37,5.41,5.47,5.35,5.32,0.0,0.0,5.55,5.44,5.33,0.0,0.0,5.71,5.17,5.26,0.0,5.55,5.42,5.2,0.0,0.0,5.42,5.27,5.44,0.0,0.0,833.7,823.6,830.1,79.737,79.433,79.562
P1,IB10,P1-IB10-4.2-SI09,SACU-2,19,19,0,100.0,0.0,MBUS-25,On-grid,479.07,107.981,-30.588,1088.3,1088.3,1088.3,1088.3,1067.4,1067.4,1067.4,1067.4,1067.4,1078.8,1078.8,1078.8,1078.8,1078.8,1085.3,1085.3,1085.3,1085.3,1070.2,1070.2,1070.2,1070.2,1070.2,1077.9,1077.9,1077.9,1077.9,1077.9,5.6,5.19,5.32,5.19,5.56,5.32,5.47,0.0,0.0,5.59,5.25,5.23,0.0,0.0,5.6,5.17,5.32,0.0,5.55,5.51,5.23,0.0,0.0,5.67,5.18,5.5,0.0,0.0,835.8,829.2,826.0,78.953,78.626,78.624
P1,IB10,P1-IB10-4.2-SI10,SACU-2,19,18,1,94.74,5.26,MBUS-26,On-grid,451.56,102.219,-30.627,1084.1,1084.1,1084.1,1084.1,1085.3,1085.3,1085.3,1085.3,1085.3,1080.7,1080.7,1080.7,1080.7,1080.7,1077.0,1077.0,1077.0,1077.0,1080.5,1080.5,1080.5,1080.5,1080.5,1085.9,1085.9,1085.9,1085.9,1085.9,5.53,5.35,5.19,0.0,5.27,5.52,5.38,0.0,0.0,5.59,5.23,5.4,0.0,0.0,5.54,5.31,5.22,0.0,5.57,5.26,5.32,0.0,0.0,5.52,5.27,5.28,0.0,0.0,836.1,828.8,827.7,74.725,75.021,74.654
P1,IB10,P1-IB10-4.2-SI11,SACU-2,19,19,0,100.0,0.0,MBUS-27,On-grid,479.71,108.308,-30.7,1082.4,1082.4,1082.4,1082.4,1078.7,1078.7,1078.7,1078.7,1078.7,1069.5,1069.5,1069.5,1069.5,1069.5,1079.0,1079.0,1079.0,1079.0,1073.5,1073.5,1073.5,1073.5,1073.5,1081.3,1081.3,1081.3,1081.3,1081.3,5.7,5.33,5.34,5.34,5.5,5.38,5.33,0.0,0.0,5.59,5.38,5.11,0.0,0.0,5.59,5.22,5.28,0.0,5.55,5.45,5.23,0.0,0.0,5.57,5.27,5.42,0.0,0.0,837.0,825.8,831.4,78.882,78.87,78.521
P1,IB10,P1-IB10-4.2-SI12,SACU-2,19,19,0,100.0,0.0,MBUS-28,On-grid,480.29,107.776,-30.757,1074.9,1074.9,1074.9,1074.9,1077.8,1077.8,1077.8,1077.8,1077.8,1072.2,1072.2,1072.2,1072.2,1072.2,1086.9,1086.9,1086.9,1086.9,1079.8,1079.8,1079.8,1079.8,1079.8,1068.6,1068.6,1068.6,1068.6,1068.6,5.44,5.41,5.29,5.41,5.28,5.4,5.25,0.0,0.0,5.69,5.29,5.44,0.0,0.0,5.42,5.25,5.15,0.0,5.56,5.29,5.33,0.0,0.0,5.54,5.35,5.34,0.0,0.0,836.6,830.7,828.4,78.591,78.462,78.437
P1,IB10,P1-IB10-4.2-SI13,SACU-2,19,19,0,100.0,0.0,MBUS-29,On-grid,468.92,105.212,-30.702,1069.6,1069.6,1069.6,1069.6,1077.2,1077.2,1077.2,1077.2,1077.2,1005.3,1005.3,1005.3,1005.3,1005.3,1049.3,1049.3,1049.3,1049.3,1067.6,1067.6,1067.6,1067.6,1067.6,1071.7,1071.7,1071.7,1071.7,1071.7,5.67,5.23,5.25,5.36,5.35,5.31,5.33,0.0,0.0,5.79,5.33,5.08,0.0,0.0,4.66,5.39,5.23,0.0,5.4,5.29,5.1,0.0,0.0,5.6,5.39,5.37,0.0,0.0,835.6,826.5,831.6,76.942,76.991,76.853
P1,IB10,P1-IB10-4.2-SI14,SACU-2,19,19,0,100.0,0.0,MBUS-30,On-grid,479.85,108.84,-30.65,1094.1,1094.1,1094.1,1094.1,1081.8,1081.8,1081.8,1081.8,1081.8,1092.4,1092.4,1092.4,1092.4,1092.4,1080.4,1080.4,1080.4,1080.4,1081.4,1081.4,1081.4,1081.4,1081.4,1087.6,1087.6,1087.6,1087.6,1087.6,5.36,5.37,5.3,5.21,5.49,5.43,5.33,0.0,0.0,5.61,5.17,5.43,0.0,0.0,5.55,5.21,5.32,0.0,5.58,5.32,5.41,0.0,0.0,5.5,5.42,5.26,0.0,0.0,834.4,823.1,829.3,79.381,79.175,79.252
P1,IB10,P1-IB10-4.2-SI15,SACU-2,19,19,0,100.0,0.0,MBUS-31,On-grid,474.64,107.693,-30.746,1080.7,1080.7,1080.7,1080.7,1077.0,1077.0,1077.0,1077.0,1077.0,1076.1,1076.1,1076.1,1076.1,1076.1,1074.9,1074.9,1074.9,1074.9,1074.9,1074.9,1074.9,1074.9,1074.9,1080.7,1080.7,1080.7,1080.7,1080.7,5.51,5.28,5.41,5.24,5.19,5.29,5.4,0.0,0.0,5.37,5.33,5.31,0.0,0.0,5.52,5.23,5.45,0.0,5.49,5.44,5.26,0.0,0.0,5.21,5.22,5.42,0.0,0.0,834.9,828.9,825.6,78.647,78.738,78.339
P1,IB10,P1-IB10-4.2-SI16,SACU-2,19,19,0,100.0,0.0,MBUS-32,On-grid,480.05,108.959,-30.674,1081.7,1081.7,1081.7,1081.7,1081.5,1081.5,1081.5,1081.5,1081.5,1068.1,1068.1,1068.1,1068.1,1068.1,1081.6,1081.6,1081.6,1081.6,1081.7,1081.7,1081.7,1081.7,1081.7,1080.5,1080.5,1080.5,1080.5,1080.5,5.46,5.43,5.23,5.28,5.47,5.41,5.25,0.0,0.0,5.67,5.31,5.49,0.0,0.0,5.5,5.36,5.17,0.0,5.66,5.24,5.35,0.0,0.0,5.35,5.31,5.46,0.0,0.0,836.1,825.0,831.8,79.186,79.024,79.185
P1,IB11,P1-IB11-1.1-SI01,SACU-1,19,17,2,89.47,10.53,MBUS-1,On-grid,428.08,96.632,0.0,1063.5,1063.5,1063.5,1063.5,1072.4,1072.4,1072.4,1072.4,1072.4,1077.1,1077.1,1077.1,1077.1,1077.1,1072.7,1072.7,1072.7,1072.7,1072.8,1072.8,1072.8,1072.8,1072.8,1087.2,1087.2,1087.2,1087.2,1087.2,5.57,5.39,5.21,0.0,5.31,5.43,5.22,0.0,0.0,5.71,5.16,5.42,0.0,0.0,5.68,0.0,5.21,0.0,6.16,5.29,5.47,0.0,0.0,5.43,5.48,5.3,0.0,0.0,843.0,833.5,839.0,67.138,66.277,66.775
P1,IB11,P1-IB11-1.1-SI02,SACU-1,19,19,0,100.0,0.0,MBUS-2,On-grid,478.76,108.174,-0.045,1069.3,1069.3,1069.3,1069.3,1074.1,1074.1,1074.1,1074.1,1074.1,1077.0,1077.0,1077.0,1077.0,1077.0,1078.6,1078.6,1078.6,1078.6,1081.0,1081.0,1081.0,1081.0,1081.0,1074.9,1074.9,1074.9,1074.9,1074.9,5.72,5.19,5.37,5.35,5.39,5.32,5.41,0.0,0.0,5.46,5.34,5.28,0.0,0.0,5.64,5.19,5.38,0.0,5.43,5.48,5.23,0.0,0.0,5.57,5.38,5.33,0.0,0.0,845.9,841.2,838.2,74.364,74.084,74.556
P1,IB11,P1-IB11-1.1-SI03,SACU-1,19,18,1,94.74,5.26,MBUS-3,On-grid,459.54,103.882,-0.037,1096.1,1096.1,1096.1,1096.1,1069.9,1069.9,1069.9,1069.9,1069.9,1088.8,1088.8,1088.8,1088.8,1088.8,1089.1,1089.1,1089.1,1089.1,1069.0,1069.0,1069.0,1069.0,1069.0,1079.9,1079.9,1079.9,1079.9,1079.9,5.51,5.26,5.3,5.31,5.6,5.37,5.42,0.0,0.0,5.54,5.49,0.0,0.0,0.0,5.76,5.29,5.33,0.0,5.56,5.41,5.27,0.0,0.0,5.63,5.21,5.47,0.0,0.0,843.8,837.6,836.0,71.78,71.512,71.405
P1,IB11,P1-IB11-1.1-SI04,SACU-1,19,19,0,100.0,0.0,MBUS-4,On-grid,479.95,107.855,-0.024,1084.0,1084.0,1084.0,1084.0,1073.7,1073.7,1073.7,1073.7,1073.7,1074.6,1074.6,1074.6,1074.6,1074.6,1078.8,1078.8,1078.8,1078.8,1076.4,1076.4,1076.4,1076.4,1076.4,1081.8,1081.8,1081.8,1081.8,1081.8,5.42,5.17,5.5,5.18,5.44,5.26,5.39,0.0,0.0,5.45,5.36,5.28,0.0,0.0,5.64,5.13,5.37,0.0,5.45,5.47,5.26,0.0,0.0,5.59,5.26,5.42,0.0,0.0,845.9,841.7,835.3,73.96,74.442,74.263
P1,IB11,P1-IB11-1.1-SI05,SACU-1,19,18,1,94.74,5.26,MBUS-5,On-grid,458.34,102.549,-0.066,1064.5,1064.5,1064.5,1064.5,1073.7,1073.7,1073.7,1073.7,1073.7,1075.8,1075.8,1075.8,1075.8,1075.8,1074.5,1074.5,1074.5,1074.5,1097.6,1097.6,1097.6,1097.6,1097.6,1091.6,1091.6,1091.6,1091.6,1091.6,5.57,5.42,5.11,5.43,5.36,5.43,0.0,0.0,0.0,5.61,5.15,5.45,0.0,0.0,5.51,5.32,5.15,0.0,5.61,5.17,5.16,0.0,0.0,5.68,5.36,5.34,0.0,0.0,843.8,834.8,839.9,71.294,70.219,70.464
P1,IB11,P1-IB11-1.1-SI06,SACU-1,19,18,1,94.74,5.26,MBUS-6,On-grid,456.54,102.72,0.085,1074.0,1074.0,1074.0,1074.0,1079.7,1079.7,1079.7,1079.7,1079.7,1062.7,1062.7,1062.7,1062.7,1062.7,1072.7,1072.7,1072.7,1072.7,1081.9,1081.9,1081.9,1081.9,1081.9,1087.7,1087.7,1087.7,1087.7,1087.7,5.7,5.24,5.34,5.11,5.38,5.29,5.37,0.0,0.0,5.32,5.38,5.38,0.0,0.0,5.53,5.23,5.47,0.0,5.39,5.47,5.27,0.0,0.0,0.0,5.36,5.19,0.0,0.0,843.5,833.6,839.3,70.758,70.58,70.557
P1,IB11,P1-IB11-1.1-SI07,SACU-1,19,19,0,100.0,0.0,MBUS-7,On-grid,490.82,109.961,0.001,1075.6,1075.6,1075.6,1075.6,1092.7,1092.7,1092.7,1092.7,1092.7,1082.6,1082.6,1082.6,1082.6,1082.6,1088.9,1088.9,1088.9,1088.9,1095.0,1095.0,1095.0,1095.0,1095.0,1072.7,1072.7,1072.7,1072.7,1072.7,5.65,5.29,5.4,5.27,5.13,5.3,5.35,0.0,0.0,5.55,5.4,5.35,0.0,0.0,5.59,5.15,5.47,0.0,5.37,5.51,5.12,0.0,0.0,5.37,5.31,5.44,0.0,0.0,845.6,835.9,840.5,76.036,75.599,75.315
P1,IB11,P1-IB11-1.1-SI08,SACU-1,19,19,0,100.0,0.0,MBUS-8,On-grid,484.03,109.317,0.023,1082.1,1082.1,1082.1,1082.1,1067.7,1067.7,1067.7,1067.7,1067.7,1079.0,1079.0,1079.0,1079.0,1079.0,1087.1,1087.1,1087.1,1087.1,1083.2,1083.2,1083.2,1083.2,1083.2,1071.5,1071.5,1071.5,1071.5,1071.5,5.61,5.31,5.32,5.36,5.37,5.54,5.38,0.0,0.0,5.55,5.4,5.35,0.0,0.0,5.47,5.34,5.24,0.0,5.56,5.28,5.31,0.0,0.0,5.58,5.4,5.37,0.0,0.0,843.1,837.3,835.1,75.871,75.133,75.341
P1,IB11,P1-IB11-1.2-SI09,SACU-1,19,18,1,94.74,5.26,MBUS-9,On-grid,460.76,103.75,0.008,1071.0,1071.0,1071.0,1071.0,1093.8,1093.8,1093.8,1093.8,1093.8,1092.5,1092.5,1092.5,1092.5,1092.5,1071.0,1071.0,1071.0,1071.0,1078.0,1078.0,1078.0,1078.0,1078.0,1077.9,1077.9,1077.9,1077.9,1077.9,5.42,5.41,5.69,5.3,5.41,5.4,5.33,0.0,0.0,5.49,5.42,5.38,0.0,0.0,5.71,5.37,5.26,0.0,5.67,5.24,5.37,0.0,0.0,5.69,0.0,5.25,0.0,0.0,842.5,832.9,839.1,72.071,71.332,71.357
P1,IB11,P1-IB11-1.2-SI10,SACU-1,19,18,1,94.74,5.26,MBUS-10,On-grid,457.5,102.949,0.012,1069.7,1069.7,1069.7,1069.7,1070.4,1070.4,1070.4,1070.4,1070.4,1090.4,1090.4,1090.4,1090.4,1090.4,1091.9,1091.9,1091.9,1091.9,1056.2,1056.2,1056.2,1056.2,1056.2,1085.9,1085.9,1085.9,1085.9,1085.9,5.53,5.45,5.26,5.4,5.42,5.48,5.31,0.0,0.0,5.62,5.21,5.37,0.0,0.0,5.48,5.22,5.34,0.0,5.74,5.44,0.0,0.0,0.0,5.54,5.34,5.3,0.0,0.0,843.7,838.6,834.6,71.182,70.759,70.685
P1,IB11,P1-IB11-1.2-SI11,SACU-1,19,19,0,100.0,0.0,MBUS-11,On-grid,487.69,109.866,0.01,1082.9,1082.9,1082.9,1082.9,1072.6,1072.6,1072.6,1072.6,1072.6,1087.8,1087.8,1087.8,1087.8,1087.8,1080.1,1080.1,1080.1,1080.1,1081.8,1081.8,1081.8,1081.8,1081.8,1091.5,1091.5,1091.5,1091.5,1091.5,5.7,5.2,5.37,5.29,5.51,5.44,5.42,0.0,0.0,5.56,5.44,5.39,0.0,0.0,5.69,5.0,5.46,0.0,5.61,5.56,5.27,0.0,0.0,5.64,5.29,5.22,0.0,0.0,844.2,839.9,834.3,75.934,75.264,75.436
P1,IB11,P1-IB11-1.2-SI12,SACU-1,19,19,0,100.0,0.0,MBUS-12,On-grid,482.49,108.397,0.026,1078.7,1078.7,1078.7,1078.7,1070.4,1070.4,1070.4,1070.4,1070.4,1074.3,1074.3,1074.3,1074.3,1074.3,1072.7,1072.7,1072.7,1072.7,1088.7,1088.7,1088.7,1088.7,1088.7,1070.0,1070.0,1070.0,1070.0,1070.0,5.47,5.44,5.14,5.4,5.36,5.47,5.23,0.0,0.0,5.66,5.25,5.39,0.0,0.0,5.55,5.44,5.27,0.0,5.58,5.19,5.37,0.0,0.0,5.59,5.4,5.32,0.0,0.0,845.0,839.1,835.9,74.828,74.241,74.277
P1,IB11,P1-IB11-1.2-SI13,SACU-1,19,19,0,100.0,0.0,MBUS-13,On-grid,485.24,109.579,0.039,1063.5,1063.5,1063.5,1063.5,1090.7,1090.7,1090.7,1090.7,1090.7,1087.7,1087.7,1087.7,1087.7,1087.7,1081.8,1081.8,1081.8,1081.8,1078.7,1078.7,1078.7,1078.7,1078.7,1091.0,1091.0,1091.0,1091.0,1091.0,5.74,5.35,5.45,5.27,5.39,5.26,5.42,0.0,0.0,5.6,5.35,5.4,0.0,0.0,5.83,5.18,5.26,0.0,5.6,5.44,5.17,0.0,0.0,5.51,5.28,5.47,0.0,0.0,841.7,831.2,838.4,76.098,75.398,75.784
P1,IB11,P1-IB11-1.2-SI14,SACU-1,19,13,6,68.42,31.58,MBUS-14,On-grid,334.93,74.842,-0.053,1083.2,1083.2,1083.2,1083.2,1070.7,1070.7,1070.7,1070.7,1070.7,1070.0,1070.0,1070.0,1070.0,1070.0,1081.1,1081.1,1081.1,1081.1,373.4,373.4,373.4,373.4,373.4,1085.4,1085.4,1085.4,1085.4,1085.4,5.17,5.55,5.29,5.54,4.88,5.56,5.42,0.0,0.0,5.33,5.36,0.0,0.0,0.0,0.0,5.47,5.28,0.0,0.0,0.0,0.0,0.0,0.0,0.0,5.57,5.34,0.0,0.0,842.0,831.7,838.1,51.965,51.304,51.417
P1,IB11,P1-IB11-1.2-SI15,SACU-1,19,19,0,100.0,0.0,MBUS-15,On-grid,489.41,109.714,0.071,1081.7,1081.7,1081.7,1081.7,1085.6,1085.6,1085.6,1085.6,1085.6,1085.7,1085.7,1085.7,1085.7,1085.7,1079.4,1079.4,1079.4,1079.4,1089.6,1089.6,1089.6,1089.6,1089.6,1089.3,1089.3,1089.3,1089.3,1089.3,5.56,5.26,5.47,5.41,5.53,5.43,5.45,0.0,0.0,5.52,5.33,5.35,0.0,0.0,5.65,5.17,5.33,0.0,5.48,5.4,5.3,0.0,0.0,5.48,5.29,5.48,0.0,0.0,843.2,832.7,839.8,75.965,75.515,75.539
P1,IB11,P1-IB11-1.2-SI16,SACU-1,19,18,1,94.74,5.26,MBUS-16,On-grid,464.71,104.007,-0.005,1081.9,1081.9,1081.9,1081.9,1097.2,1097.2,1097.2,1097.2,1097.2,1097.3,1097.3,1097.3,1097.3,1097.3,1091.9,1091.9,1091.9,1091.9,1083.0,1083.0,1083.0,1083.0,1083.0,1059.4,1059.4,1059.4,1059.4,1059.4,5.68,5.35,5.23,5.35,5.39,5.49,5.38,0.0,0.0,5.63,5.33,5.38,0.0,0.0,5.54,5.34,5.3,0.0,5.76,5.2,5.31,0.0,0.0,5.71,0.0,5.32,0.0,0.0,840.8,831.7,836.1,71.862,71.619,71.617
P1,IB11,P1-IB11-2.1-SI01,SACU-1,19,19,0,100.0,0.0,MBUS-17,On-grid,485.12,110.013,-0.037,1079.6,1079.6,1079.6,1079.6,1098.0,1098.0,1098.0,1098.0,1098.0,1101.3,1101.3,1101.3,1101.3,1101.3,1094.1,1094.1,1094.1,1094.1,1076.8,1076.8,1076.8,1076.8,1076.8,1083.1,1083.1,1083.1,1083.1,1083.1,5.68,5.24,5.37,5.38,5.48,5.33,5.4,0.0,0.0,5.58,5.3,5.35,0.0,0.0,5.7,5.27,5.37,0.0,5.6,5.43,5.25,0.0,0.0,5.58,5.31,5.48,0.0,0.0,843.9,836.1,836.9,75.994,75.701,75.668
P1,IB11,P1-IB11-2.1-SI02,SACU-1,19,19,0,100.0,0.0,MBUS-18,On-grid,481.13,108.732,0.01,1078.4,1078.4,1078.4,1078.4,1083.9,1083.9,1083.9,1083.9,1083.9,1076.8,1076.8,1076.8,1076.8,1076.8,1079.7,1079.7,1079.7,1079.7,1072.2,1072.2,1072.2,1072.2,1072.2,1080.2,1080.2,1080.2,1080.2,1080.2,5.53,5.39,5.28,5.37,5.36,5.37,5.21,0.0,0.0,5.69,5.24,5.44,0.0,0.0,5.54,5.35,5.23,0.0,5.55,5.3,5.41,0.0,0.0,5.45,5.38,5.35,0.0,0.0,843.7,832.7,839.0,75.23,74.884,74.688
P1,IB11,P1-IB11-2.1-SI03,SACU-1,19,19,0,100.0,0.0,MBUS-19,On-grid,482.32,109.035,0.02,1077.7,1077.7,1077.7,1077.7,1072.9,1072.9,1072.9,1072.9,1072.9,1092.2,1092.2,1092.2,1092.2,1092.2,1092.2,1092.2,1092.2,1092.2,1089.4,1089.4,1089.4,1089.4,1089.4,1070.0,1070.0,1070.0,1070.0,1070.0,5.59,5.24,5.35,5.3,5.47,5.39,5.38,0.0,0.0,5.53,5.2,5.43,0.0,0.0,5.46,5.33,5.2,0.0,5.55,5.23,5.34,0.0,0.0,5.61,5.38,5.34,0.0,0.0,841.3,836.5,832.6,75.665,75.105,74.964
P1,IB11,P1-IB11-2.1-SI04,SACU-1,19,19,0,100.0,0.0,MBUS-20,On-grid,478.52,109.05,0.017,1072.5,1072.5,1072.5,1072.5,1063.4,1063.4,1063.4,1063.4,1063.4,1084.8,1084.8,1084.8,1084.8,1084.8,1074.4,1074.4,1074.4,1074.4,1077.9,1077.9,1077.9,1077.9,1077.9,1092.1,1092.1,1092.1,1092.1,1092.1,5.59,5.32,5.33,5.34,5.41,5.47,5.39,0.0,0.0,5.53,5.3,5.39,0.0,0.0,5.66,5.21,5.43,0.0,5.56,5.43,5.33,0.0,0.0,5.55,5.42,5.31,0.0,0.0,843.3,833.7,839.0,75.55,74.947,75.304
P1,IB11,P1-IB11-2.1-SI05,SACU-1,19,19,0,100.0,0.0,MBUS-21,On-grid,483.81,109.288,-0.003,1080.0,1080.0,1080.0,1080.0,1082.3,1082.3,1082.3,1082.3,1082.3,1073.0,1073.0,1073.0,1073.0,1073.0,1083.6,1083.6,1083.6,1083.6,1098.0,1098.0,1098.0,1098.0,1098.0,1084.4,1084.4,1084.4,1084.4,1084.4,5.58,5.22,5.39,5.16,5.56,5.37,5.33,0.0,0.0,5.47,5.54,5.3,0.0,0.0,5.67,5.11,5.46,0.0,5.4,5.46,5.15,0.0,0.0,5.55,5.29,5.52,0.0,0.0,845.4,839.6,836.9,75.216,74.953,75.131
P1,IB11,P1-IB11-2.1-SI06,SACU-1,19,18,1,94.74,5.26,MBUS-22,On-grid,451.53,102.886,0.052,1069.8,1069.8,1069.8,1069.8,1073.0,1073.0,1073.0,1073.0,1073.0,1084.0,1084.0,1084.0,1084.0,1084.0,1089.3,1089.3,1089.3,1089.3,1073.8,1073.8,1073.8,1073.8,1073.8,1101.3,1101.3,1101.3,1101.3,1101.3,5.72,5.3,5.41,4.94,5.43,5.32,5.42,0.0,0.0,5.43,5.43,5.22,0.0,0.0,5.84,5.19,0.0,0.0,5.4,5.4,5.23,0.0,0.0,5.48,5.19,5.39,0.0,0.0,847.1,837.0,843.0,71.139,70.291,70.574
P1,IB11,P1-IB11-2.1-SI07,SACU-1,19,19,0,100.0,0.0,MBUS-23,On-grid,483.53,109.439,-0.069,1082.3,1082.3,1082.3,1082.3,1083.2,1083.2,1083.2,1083.2,1083.2,1065.4,1065.4,1065.4,1065.4,1065.4,1091.8,1091.8,1091.8,1091.8,1077.7,1077.7,1077.7,1077.7,1077.7,1080.2,1080.2,1080.2,1080.2,1080.2,5.53,5.34,5.2,5.48,5.46,5.4,5.24,0.0,0.0,5.72,5.31,5.48,0.0,0.0,5.41,5.31,5.25,0.0,5.68,5.38,5.44,0.0,0.0,5.6,5.44,5.34,0.0,0.0,844.1,837.8,836.5,75.514,75.125,75.131
P1,IB11,P1-IB11-2.1-SI08,SACU-1,19,18,1,94.74,5.26,MBUS-24,On-grid,454.17,103.419,0.039,1088.1,1088.1,1088.1,1088.1,1093.9,1093.9,1093.9,1093.9,1093.9,1090.1,1090.1,1090.1,1090.1,1090.1,1080.4,1080.4,1080.4,1080.4,1071.3,1071.3,1071.3,1071.3,1071.3,1079.8,1079.8,1079.8,1079.8,1079.8,5.66,5.36,5.25,5.41,5.18,5.46,5.28,0.0,0.0,5.59,5.16,5.39,0.0,0.0,5.64,5.26,5.27,0.0,5.41,5.47,5.28,0.0,0.0,0.0,5.24,5.42,0.0,0.0,843.7,834.1,840.4,71.792,71.058,70.978
P1,IB11,P1-IB11-2.2-SI09,SACU-1,19,19,0,100.0,0.0,MBUS-25,On-grid,480.85,108.568,0.081,1065.8,1065.8,1065.8,1065.8,1075.2,1075.2,1075.2,1075.2,1075.2,1064.9,1064.9,1064.9,1064.9,1064.9,1086.2,1086.2,1086.2,1086.2,1088.1,1088.1,1088.1,1088.1,1088.1,1089.6,1089.6,1089.6,1089.6,1089.6,5.67,5.26,5.23,5.28,5.56,5.29,5.35,0.0,0.0,5.4,5.51,5.43,0.0,0.0,5.56,5.23,5.36,0.0,5.51,5.5,5.22,0.0,0.0,5.65,5.18,5.39,0.0,0.0,843.9,837.6,834.9,75.39,74.516,74.635
P1,IB11,P1-IB11-2.2-SI10,SACU-1,19,19,0,100.0,0.0,MBUS-26,On-grid,479.83,108.861,-0.052,1085.4,1085.4,1085.4,1085.4,1086.2,1086.2,1086.2,1086.2,1086.2,1084.0,1084.0,1084.0,1084.0,1084.0,1074.5,1074.5,1074.5,1074.5,1074.2,1074.2,1074.2,1074.2,1074.2,1080.8,1080.8,1080.8,1080.8,1080.8,5.49,5.28,5.4,5.25,5.39,5.39,5.29,0.0,0.0,5.62,5.26,5.48,0.0,0.0,5.58,5.38,5.23,0.0,5.48,5.36,5.34,0.0,0.0,5.39,5.32,5.3,0.0,0.0,844.4,834.4,839.5,75.396,74.527,74.952
P1,IB11,P1-IB11-2.2-SI11,SACU-1,19,19,0,100.0,0.0,MBUS-27,On-grid,477.04,108.166,-0.078,1071.7,1071.7,1071.7,1071.7,1079.0,1079.0,1079.0,1079.0,1079.0,1078.5,1078.5,1078.5,1078.5,1078.5,1069.2,1069.2,1069.2,1069.2,1079.6,1079.6,1079.6,1079.6,1079.6,1074.8,1074.8,1074.8,1074.8,1074.8,5.66,5.2,5.23,5.45,5.33,5.43,5.23,0.0,0.0,5.65,5.28,5.42,0.0,0.0,5.48,5.35,5.32,0.0,5.54,5.3,5.32,0.0,0.0,5.51,5.34,5.31,0.0,0.0,842.7,837.0,834.2,74.674,74.397,74.661
P1,IB11,P1-IB11-2.2-SI12,SACU-1,19,19,0,100.0,0.0,MBUS-28,On-grid,476.56,108.367,-0.084,1085.8,1085.8,1085.8,1085.8,1074.6,1074.6,1074.6,1074.6,1074.6,1072.1,1072.1,1072.1,1072.1,1072.1,1068.6,1068.6,1068.6,1068.6,1081.1,1081.1,1081.1,1081.1,1081.1,1076.2,1076.2,1076.2,1076.2,1076.2,5.67,5.23,5.31,5.27,5.48,5.32,5.44,0.0,0.0,5.51,5.31,5.43,0.0,0.0,5.61,5.29,5.4,0.0,5.48,5.4,5.17,0.0,0.0,5.59,5.31,5.26,0.0,0.0,845.2,839.6,836.6,74.783,74.588,74.223
P1,IB11,P1-IB11-2.2-SI13,SACU-1,19,19,0,100.0,0.0,MBUS-29,On-grid,475.85,108.284,-0.03,1081.7,1081.7,1081.7,1081.7,1086.0,1086.0,1086.0,1086.0,1086.0,1074.5,1074.5,1074.5,1074.5,1074.5,1073.7,1073.7,1073.7,1073.7,1062.0,1062.0,1062.0,1062.0,1062.0,1073.1,1073.1,1073.1,1073.1,1073.1,5.78,5.19,5.3,5.21,5.38,5.23,5.45,0.0,0.0,5.65,5.34,5.28,0.0,0.0,5.69,5.2,5.27,0.0,5.57,5.47,5.3,0.0,0.0,5.56,5.23,5.41,0.0,0.0,845.7,834.9,841.6,74.826,73.902,74.191
P1,IB11,P1-IB11-2.2-SI14,SACU-1,19,19,0,100.0,0.0,MBUS-30,On-grid,479.87,108.271,-0.003,1076.6,1076.6,1076.6,1076.6,1080.2,1080.2,1080.2,1080.2,1080.2,1066.7,1066.7,1066.7,1066.7,1066.7,1082.7,1082.7,1082.7,1082.7,1081.1,1081.1,1081.1,1081.1,1081.1,1070.4,1070.4,1070.4,1070.4,1070.4,5.63,5.28,5.35,5.3,5.51,5.38,5.36,0.0,0.0,5.57,5.31,5.52,0.0,0.0,5.51,5.33,5.15,0.0,5.78,5.31,5.28,0.0,0.0,5.52,5.38,5.32,0.0,0.0,842.0,833.6,835.5,75.1,74.5,74.58
P1,IB11,P1-IB11-2.2-SI15,SACU-1,19,18,1,94.74,5.26,MBUS-31,On-grid,448.03,101.679,0.001,1078.2,1078.2,1078.2,1078.2,1062.5,1062.5,1062.5,1062.5,1062.5,1078.2,1078.2,1078.2,1078.2,1078.2,1067.7,1067.7,1067.7,1067.7,1077.5,1077.5,1077.5,1077.5,1077.5,1095.3,1095.3,1095.3,1095.3,1095.3,5.62,5.17,5.29,5.27,5.62,5.3,5.37,0.0,0.0,5.49,5.3,5.25,0.0,0.0,5.73,5.2,5.37,0.0,5.44,5.32,5.18,0.0,0.0,0.0,5.31,5.16,0.0,0.0,843.4,837.1,834.7,70.398,70.098,70.183
P1,IB11,P1-IB11-2.2-SI16,SACU-1,19,19,0,100.0,0.0,MBUS-32,On-grid,479.81,108.5,-0.065,1071.8,1071.8,1071.8,1071.8,1087.4,1087.4,1087.4,1087.4,1087.4,1084.9,1084.9,1084.9,1084.9,1084.9,1084.7,1084.7,1084.7,1084.7,1078.3,1078.3,1078.3,1078.3,1078.3,1078.5,1078.5,1078.5,1078.5,1078.5,5.59,5.34,5.23,5.39,5.33,5.48,5.22,0.0,0.0,5.62,5.24,5.51,0.0,0.0,5.5,5.41,5.11,0.0,5.75,5.25,5.34,0.0,0.0,5.53,5.33,5.24,0.0,0.0,842.8,836.9,833.2,75.374,74.447,74.775
P1,IB11,P1-IB11-3.1-SI01,SACU-2,19,11,8,57.89,42.11,MBUS-1,On-grid,273.99,62.516,0.006,1076.2,1076.2,1076.2,1076.2,1073.4,1073.4,1073.4,1073.4,1073.4,1077.2,1077.2,1077.2,1077.2,1077.2,1070.1,1070.1,1070.1,1070.1,358.2,358.2,358.2,358.2,358.2,356.0,356.0,356.0,356.0,356.0,4.99,5.58,5.41,5.56,4.93,5.62,5.56,0.0,0.0,5.29,5.34,5.58,0.0,0.0,5.46,0.0,0.0,0.0,0.0,0.0,0.0,0.0,0.0,0.0,0.0,0.0,0.0,0.0,842.2,831.9,837.6,43.459,42.945,43.08
P1,IB11,P1-IB11-3.1-SI02,SACU-2,19,15,4,78.95,21.05,MBUS-2,On-grid,374.72,85.242,-0.004,1074.0,1074.0,1074.0,1074.0,1073.2,1073.2,1073.2,1073.2,1073.2,1074.2,1074.2,1074.2,1074.2,1074.2,1079.3,1079.3,1079.3,1079.3,373.0,373.0,373.0,373.0,373.0,1076.9,1076.9,1076.9,1076.9,1076.9,5.11,5.49,5.32,5.49,5.08,5.58,5.33,0.0,0.0,5.38,5.34,5.52,0.0,0.0,5.17,5.47,5.29,0.0,0.0,0.0,0.0,0.0,0.0,5.35,0.0,5.39,0.0,0.0,842.2,832.8,837.4,59.182,58.648,58.756
P1,IB11,P1-IB11-3.1-SI03,SACU-2,19,8,11,42.11,57.89,MBUS-3,On-grid,206.07,46.505,0.009,1084.5,1084.5,1084.5,1084.5,374.1,374.1,374.1,374.1,374.1,1078.3,1078.3,1078.3,1078.3,1078.3,1076.6,1076.6,1076.6,1076.6,1075.8,1075.8,1075.8,1075.8,1075.8,1089.6,1089.6,1089.6,1089.6,1089.6,5.39,5.41,0.0,0.0,0.0,0.0,0.0,0.0,0.0,5.53,0.0,0.0,0.0,0.0,0.0,0.0,5.52,0.0,0.0,5.71,5.43,0.0,0.0,0.0,5.55,5.58,0.0,0.0,840.3,831.4,836.5,32.764,32.025,32.082
P1,IB11,P1-IB11-3.1-SI04,SACU-2,19,17,2,89.47,10.53,MBUS-4,On-grid,434.61,98.928,-0.025,1082.8,1082.8,1082.8,1082.8,1091.2,1091.2,1091.2,1091.2,1091.2,1099.4,1099.4,1099.4,1099.4,1099.4,1079.7,1079.7,1079.7,1079.7,1104.6,1104.6,1104.6,1104.6,1104.6,1094.4,1094.4,1094.4,1094.4,1094.4,5.93,0.0,0.0,5.24,5.59,5.37,5.36,0.0,0.0,5.3,5.39,5.59,0.0,0.0,5.78,5.08,5.35,0.0,5.7,5.35,5.36,0.0,0.0,5.69,5.4,5.34,0.0,0.0,843.6,834.7,836.0,68.445,68.229,68.134
P1,IB11,P1-IB11-3.1-SI05,SACU-2,19,19,0,100.0,0.0,MBUS-5,On-grid,486.11,110.047,-0.013,1096.3,1096.3,1096.3,1096.3,1082.7,1082.7,1082.7,1082.7,1082.7,1086.4,1086.4,1086.4,1086.4,1086.4,1093.4,1093.4,1093.4,1093.4,1077.6,1077.6,1077.6,1077.6,1077.6,1089.4,1089.4,1089.4,1089.4,1089.4,5.45,5.39,5.37,5.38,5.11,5.61,5.47,0.0,0.0,5.75,5.39,5.52,0.0,0.0,5.56,5.42,5.2,0.0,5.5,5.4,5.43,0.0,0.0,5.22,5.43,5.32,0.0,0.0,841.1,836.1,831.8,76.436,75.841,75.75
P1,IB11,P1-IB11-3.1-SI06,SACU-2,19,19,0,100.0,0.0,MBUS-6,On-grid,481.38,109.483,-0.023,1089.4,1089.4,1089.4,1089.4,1092.0,1092.0,1092.0,1092.0,1092.0,1073.9,1073.9,1073.9,1073.9,1073.9,1086.6,1086.6,1086.6,1086.6,1078.5,1078.5,1078.5,1078.5,1078.5,1082.0,1082.0,1082.0,1082.0,1082.0,5.32,5.48,5.29,5.48,5.39,5.51,5.34,0.0,0.0,5.67,5.27,5.42,0.0,0.0,5.46,5.25,5.2,0.0,5.67,5.43,5.39,0.0,0.0,5.54,5.39,5.37,0.0,0.0,843.4,837.7,833.4,75.801,75.21,75.295
P1,IB11,P1-IB11-3.1-SI07,SACU-2,19,18,1,94.74,5.26,MBUS-7,On-grid,455.15,103.392,0.058,1099.1,1099.1,1099.1,1099.1,1075.3,1075.3,1075.3,1075.3,1075.3,1096.7,1096.7,1096.7,1096.7,1096.7,1088.2,1088.2,1088.2,1088.2,1061.8,1061.8,1061.8,1061.8,1061.8,1070.2,1070.2,1070.2,1070.2,1070.2,5.53,5.23,5.4,5.29,5.26,5.34,5.39,0.0,0.0,5.41,5.41,5.36,0.0,0.0,5.62,5.1,5.25,0.0,5.52,5.46,5.19,0.0,0.0,5.25,5.33,0.0,0.0,0.0,843.6,836.5,834.9,71.571,71.078,71.077
P1,IB11,P1-IB11-3.1-SI08,SACU-2,19,19,0,100.0,0.0,MBUS-8,On-grid,487.08,110.157,-0.049,1084.6,1084.6,1084.6,1084.6,1066.6,1066.6,1066.6,1066.6,1066.6,1070.8,1070.8,1070.8,1070.8,1070.8,1081.8,1081.8,1081.8,1081.8,1076.1,1076.1,1076.1,1076.1,1076.1,1085.9,1085.9,1085.9,1085.9,1085.9,5.66,5.36,5.33,5.27,5.3,5.37,5.47,0.0,0.0,5.44,5.39,5.41,0.0,0.0,5.58,5.3,5.36,0.0,5.53,5.48,5.42,0.0,0.0,5.22,5.31,5.49,0.0,0.0,841.6,832.7,837.5,76.646,75.534,75.842
P1,IB11,P1-IB11-3.2-SI09,SACU-2,19,17,2,89.47,10.53,MBUS-9,On-grid,430.75,97.9,0.083,1074.7,1074.7,1074.7,1074.7,1078.3,1078.3,1078.3,1078.3,1078.3,1093.8,1093.8,1093.8,1093.8,1093.8,1073.6,1073.6,1073.6,1073.6,1084.8,1084.8,1084.8,1084.8,1084.8,1084.8,1084.8,1084.8,1084.8,1084.8,5.81,5.29,5.4,5.3,5.6,5.34,5.46,0.0,0.0,5.59,5.38,5.27,0.0,0.0,5.87,5.22,0.0,0.0,5.47,5.39,5.21,0.0,0.0,5.92,0.0,5.43,0.0,0.0,841.0,834.9,832.1,67.7,67.844,67.688
P1,IB11,P1-IB11-3.2-SI10,SACU-2,19,18,1,94.74,5.26,MBUS-10,On-grid,456.48,103.114,-0.013,1076.9,1076.9,1076.9,1076.9,1087.8,1087.8,1087.8,1087.8,1087.8,1067.8,1067.8,1067.8,1067.8,1067.8,1074.2,1074.2,1074.2,1074.2,1083.9,1083.9,1083.9,1083.9,1083.9,1077.0,1077.0,1077.0,1077.0,1077.0,5.68,5.4,5.3,5.31,5.51,5.48,5.19,0.0,0.0,5.71,5.3,5.32,0.0,0.0,5.6,5.29,5.27,0.0,5.6,5.29,5.31,0.0,0.0,5.58,5.27,0.0,0.0,0.0,841.1,835.1,832.9,71.274,71.353,71.083
P1,IB11,P1-IB11-3.2-SI11,SACU-2,19,19,0,100.0,0.0,MBUS-11,On-grid,482.15,109.625,-0.038,1072.9,1072.9,1072.9,1072.9,1092.9,1092.9,1092.9,1092.9,1092.9,1073.7,1073.7,1073.7,1073.7,1073.7,1082.4,1082.4,1082.4,1082.4,1084.6,1084.6,1084.6,1084.6,1084.6,1073.9,1073.9,1073.9,1073.9,1073.9,5.7,5.25,5.38,5.33,5.55,5.41,5.32,0.0,0.0,5.58,5.42,5.38,0.0,0.0,5.78,5.23,5.39,0.0,5.41,5.34,5.29,0.0,0.0,5.51,5.49,5.26,0.0,0.0,843.1,833.2,838.5,75.865,75.265,75.295
P1,IB11,P1-IB11-3.2-SI12,SACU-2,19,19,0,100.0,0.0,MBUS-12,On-grid,479.87,108.897,-0.003,1087.5,1087.5,1087.5,1087.5,1079.9,1079.9,1079.9,1079.9,1079.9,1072.3,1072.3,1072.3,1072.3,1072.3,1063.1,1063.1,1063.1,1063.1,1071.6,1071.6,1071.6,1071.6,1071.6,1076.7,1076.7,1076.7,1076.7,1076.7,5.51,5.32,5.23,5.4,5.4,5.51,5.28,0.0,0.0,5.62,5.35,5.46,0.0,0.0,5.57,5.39,5.36,0.0,5.65,5.39,5.39,0.0,0.0,5.48,5.39,5.34,0.0,0.0,844.3,839.3,835.2,75.518,74.781,74.962
P1,IB11,P1-IB11-3.2-SI13,SACU-2,19,17,2,89.47,10.53,MBUS-13,On-grid,431.99,97.677,0.028,1079.6,1079.6,1079.6,1079.6,1085.4,1085.4,1085.4,1085.4,1085.4,1072.3,1072.3,1072.3,1072.3,1072.3,1070.7,1070.7,1070.7,1070.7,1074.1,1074.1,1074.1,1074.1,1074.1,1079.7,1079.7,1079.7,1079.7,1079.7,5.72,5.49,5.28,0.0,0.0,5.42,5.33,0.0,0.0,5.49,5.41,5.35,0.0,0.0,5.75,5.36,5.24,0.0,5.66,5.31,5.41,0.0,0.0,5.59,5.23,5.44,0.0,0.0,841.7,832.0,837.6,68.054,67.078,67.616
P1,IB11,P1-IB11-3.2-SI14,SACU-2,19,16,3,84.21,15.79,MBUS-14,On-grid,406.18,91.875,0.007,1072.1,1072.1,1072.1,1072.1,1069.9,1069.9,1069.9,1069.9,1069.9,1083.2,1083.2,1083.2,1083.2,1083.2,1075.9,1075.9,1075.9,1075.9,1071.5,1071.5,1071.5,1071.5,1071.5,1083.9,1083.9,1083.9,1083.9,1083.9,5.8,0.0,0.0,0.0,5.5,5.38,5.44,0.0,0.0,5.5,5.39,5.37,0.0,0.0,5.7,5.18,5.42,0.0,5.38,5.36,5.36,0.0,0.0,5.56,5.33,5.27,0.0,0.0,843.9,832.8,839.0,63.479,62.999,63.247
P1,IB11,P1-IB11-3.2-SI15,SACU-2,19,13,6,68.42,31.58,MBUS-15,On-grid,326.6,74.307,-0.001,1085.0,1085.0,1085.0,1085.0,1086.7,1086.7,1086.7,1086.7,1086.7,1083.7,1083.7,1083.7,1083.7,1083.7,1076.5,1076.5,1076.5,1076.5,1074.1,1074.1,1074.1,1074.1,1074.1,1083.7,1083.7,1083.7,1083.7,1083.7,5.66,0.0,0.0,0.0,0.0,5.43,5.32,0.0,0.0,5.74,0.0,0.0,0.0,0.0,5.47,5.41,5.16,5.38,5.27,5.32,0.0,0.0,0.0,5.49,5.48,5.26,0.0,0.0,843.3,832.8,838.0,51.467,51.12,51.071
P1,IB11,P1-IB11-3.2-SI16,SACU-2,19,18,1,94.74,5.26,MBUS-16,On-grid,456.37,103.653,0.012,1096.2,1096.2,1096.2,1096.2,1084.6,1084.6,1084.6,1084.6,1084.6,1068.1,1068.1,1068.1,1068.1,1068.1,1076.1,1076.1,1076.1,1076.1,1077.9,1077.9,1077.9,1077.9,1077.9,1079.9,1079.9,1079.9,1079.9,1079.9,5.62,5.26,5.27,0.0,5.52,5.29,5.34,0.0,0.0,5.6,5.48,5.4,0.0,0.0,5.71,5.19,5.3,0.0,5.62,5.33,5.5,0.0,0.0,5.51,5.4,5.45,0.0,0.0,843.9,836.4,835.6,71.276,71.211,71.498
P1,IB11,P1-IB11-4.1-SI01,SACU-2,19,8,11,42.11,57.89,MBUS-17,On-grid,208.76,46.815,-0.005,1073.3,1073.3,1073.3,1073.3,1077.4,1077.4,1077.4,1077.4,1077.4,1073.5,1073.5,1073.5,1073.5,1073.5,1084.1,1084.1,1084.1,1084.1,1090.5,1090.5,1090.5,1090.5,1090.5,1096.3,1096.3,1096.3,1096.3,1096.3,5.52,5.25,0.0,0.0,5.45,0.0,0.0,0.0,0.0,5.65,0.0,0.0,0.0,0.0,0.0,0.0,5.43,0.0,5.52,0.0,0.0,0.0,0.0,5.27,5.33,0.0,0.0,0.0,839.3,830.9,835.3,33.012,32.131,32.268
P1,IB11,P1-IB11-4.1-SI02,SACU-2,19,13,6,68.42,31.58,MBUS-18,On-grid,334.62,75.37,0.035,1088.8,1088.8,1088.8,1088.8,1086.8,1086.8,1086.8,1086.8,1086.8,1095.8,1095.8,1095.8,1095.8,1095.8,1075.6,1075.6,1075.6,1075.6,1076.7,1076.7,1076.7,1076.7,1076.7,1072.9,1072.9,1072.9,1072.9,1072.9,5.63,0.0,5.35,5.4,5.43,5.49,5.4,0.0,0.0,6.06,0.0,5.21,0.0,0.0,5.77,0.0,0.0,0.0,5.61,5.38,0.0,0.0,0.0,0.0,5.39,5.31,0.0,0.0,841.6,834.4,835.0,52.162,51.927,51.809
P1,IB11,P1-IB11-4.1-SI03,SACU-2,19,18,1,94.74,5.26,MBUS-19,On-grid,466.08,105.276,0.039,1095.9,1095.9,1095.9,1095.9,1090.1,1090.1,1090.1,1090.1,1090.1,1097.2,1097.2,1097.2,1097.2,1097.2,1080.8,1080.8,1080.8,1080.8,1099.3,1099.3,1099.3,1099.3,1099.3,1087.3,1087.3,1087.3,1087.3,1087.3,5.44,5.37,5.28,5.43,5.35,5.5,5.4,0.0,0.0,5.65,5.32,5.49,0.0,0.0,0.0,5.44,5.43,0.0,5.57,5.4,5.35,0.0,0.0,5.5,5.43,5.24,0.0,0.0,842.1,837.4,833.3,72.413,72.461,72.899
P1,IB11,P1-IB11-4.1-SI04,SACU-2,19,2,17,10.53,89.47,MBUS-20,On-grid,53.35,11.881,0.075,1079.1,1079.1,1079.1,1079.1,336.2,336.2,336.2,336.2,336.2,1077.5,1077.5,1077.5,1077.5,1077.5,337.2,337.2,337.2,337.2,332.9,332.9,332.9,332.9,332.9,330.5,330.5,330.5,330.5,330.5,5.69,0.0,0.0,0.0,0.0,0.0,0.0,0.0,0.0,5.28,0.0,0.0,0.0,0.0,0.0,0.0,0.0,0.0,0.0,0.0,0.0,0.0,0.0,0.0,0.0,0.0,0.0,0.0,838.6,832.3,831.0,8.355,8.327,8.267
P1,IB11,P1-IB11-4.1-SI05,SACU-2,19,15,4,78.95,21.05,MBUS-21,On-grid,387.35,86.966,-0.037,1059.8,1059.8,1059.8,1059.8,1078.5,1078.5,1078.5,1078.5,1078.5,1073.1,1073.1,1073.1,1073.1,1073.1,1084.9,1084.9,1084.9,1084.9,1091.2,1091.2,1091.2,1091.2,1091.2,1082.5,1082.5,1082.5,1082.5,1082.5,5.8,0.0,0.0,5.39,5.43,5.49,5.42,0.0,0.0,5.73,0.0,0.0,0.0,0.0,5.61,5.22,5.46,0.0,5.58,5.46,5.26,0.0,0.0,5.53,5.37,5.34,0.0,0.0,842.9,833.4,838.2,60.25,59.575,59.795
P1,IB11,P1-IB11-4.1-SI06,SACU-2,19,19,0,100.0,0.0,MBUS-22,On-grid,484.2,109.429,0.036,1075.2,1075.2,1075.2,1075.2,1075.1,1075.1,1075.1,1075.1,1075.1,1074.2,1074.2,1074.2,1074.2,1074.2,1069.1,1069.1,1069.1,1069.1,1075.7,1075.7,1075.7,1075.7,1075.7,1079.3,1079.3,1079.3,1079.3,1079.3,5.58,5.33,5.4,5.31,5.23,5.35,5.45,0.0,0.0,5.44,5.38,5.36,0.0,0.0,5.64,5.27,5.4,0.0,5.47,5.52,5.51,0.0,0.0,5.28,5.49,5.51,0.0,0.0,842.5,832.6,837.5,76.172,75.318,75.431
P1,IB11,P1-IB11-4.1-SI07,SACU-2,19,19,0,100.0,0.0,MBUS-23,On-grid,488.74,110.369,-0.038,1097.8,1097.8,1097.8,1097.8,1080.9,1080.9,1080.9,1080.9,1080.9,1072.9,1072.9,1072.9,1072.9,1072.9,1073.6,1073.6,1073.6,1073.6,1077.8,1077.8,1077.8,1077.8,1077.8,1081.8,1081.8,1081.8,1081.8,1081.8,5.51,5.31,5.43,5.46,5.46,5.52,5.35,0.0,0.0,5.51,5.36,5.39,0.0,0.0,5.69,5.42,5.35,0.0,5.53,5.54,5.36,0.0,0.0,5.48,5.5,5.57,0.0,0.0,843.8,833.0,839.1,76.412,75.987,75.99
P1,IB11,P1-IB11-4.1-SI08,SACU-2,19,8,11,42.11,57.89,MBUS-24,On-grid,209.17,46.831,-0.011,1096.3,1096.3,1096.3,1096.3,1100.8,1100.8,1100.8,1100.8,1100.8,1087.2,1087.2,1087.2,1087.2,1087.2,1093.6,1093.6,1093.6,1093.6,1088.1,1088.1,1088.1,1088.1,1088.1,386.6,386.6,386.6,386.6,386.6,5.77,0.0,0.0,0.0,0.0,5.44,0.0,0.0,0.0,5.43,5.39,5.57,0.0,0.0,5.43,5.4,0.0,0.0,0.0,5.54,0.0,0.0,0.0,0.0,0.0,0.0,0.0,0.0,840.9,830.4,837.6,32.567,32.11,32.389
P1,IB11,P1-IB11-4.2-SI09,SACU-2,19,13,6,68.42,31.58,MBUS-25,On-grid,336.9,75.829,-0.01,1096.6,1096.6,1096.6,1096.6,1081.4,1081.4,1081.4,1081.4,1081.4,1077.7,1077.7,1077.7,1077.7,1077.7,1095.1,1095.1,1095.1,1095.1,1082.4,1082.4,1082.4,1082.4,1082.4,385.7,385.7,385.7,385.7,385.7,5.54,0.0,5.55,0.0,5.15,5.37,5.57,0.0,0.0,5.52,5.51,0.0,0.0,0.0,5.34,5.43,5.53,0.0,5.53,5.44,5.33,0.0,0.0,0.0,0.0,0.0,0.0,0.0,842.5,836.8,834.4,52.509,52.234,52.108
P1,IB11,P1-IB11-4.2-SI10,SACU-2,19,16,3,84.21,15.79,MBUS-26,On-grid,404.19,90.663,-0.001,1084.2,1084.2,1084.2,1084.2,1072.3,1072.3,1072.3,1072.3,1072.3,1078.5,1078.5,1078.5,1078.5,1078.5,1077.4,1077.4,1077.4,1077.4,1076.3,1076.3,1076.3,1076.3,1076.3,1078.6,1078.6,1078.6,1078.6,1078.6,5.44,5.33,5.16,0.0,5.57,0.0,5.33,0.0,0.0,5.62,5.15,5.47,0.0,0.0,5.62,0.0,5.11,0.0,5.52,5.29,5.39,0.0,0.0,5.29,5.34,5.01,0.0,0.0,843.6,833.2,839.6,62.911,62.283,62.371
P1,IB11,P1-IB11-4.2-SI11,SACU-2,19,19,0,100.0,0.0,MBUS-27,On-grid,483.93,108.916,0.018,1089.8,1089.8,1089.8,1089.8,1099.5,1099.5,1099.5,1099.5,1099.5,1080.4,1080.4,1080.4,1080.4,1080.4,1098.7,1098.7,1098.7,1098.7,1081.2,1081.2,1081.2,1081.2,1081.2,1071.6,1071.6,1071.6,1071.6,1071.6,5.51,5.28,5.28,5.05,5.46,5.29,5.37,0.0,0.0,5.57,5.12,5.44,0.0,0.0,5.71,5.15,5.34,0.0,5.64,5.2,5.29,0.0,0.0,5.25,5.39,5.33,0.0,0.0,846.5,836.5,839.6,75.108,75.04,75.094
P1,IB11,P1-IB11-4.2-SI12,SACU-2,19,16,3,84.21,15.79,MBUS-28,On-grid,406.06,91.98,-0.048,1071.6,1071.6,1071.6,1071.6,1074.3,1074.3,1074.3,1074.3,1074.3,1087.8,1087.8,1087.8,1087.8,1087.8,1082.9,1082.9,1082.9,1082.9,1095.4,1095.4,1095.4,1095.4,1095.4,1079.5,1079.5,1079.5,1079.5,1079.5,5.59,0.0,0.0,5.45,5.35,5.55,5.51,0.0,0.0,5.47,5.42,5.25,0.0,0.0,5.59,5.43,5.21,5.4,0.0,5.23,0.0,0.0,0.0,5.69,5.33,5.29,0.0,0.0,842.3,837.9,832.3,63.571,63.468,63.382
P1,IB11,P1-IB11-4.2-SI13,SACU-2,19,19,0,100.0,0.0,MBUS-29,On-grid,483.89,109.551,0.007,1082.2,1082.2,1082.2,1082.2,1089.4,1089.4,1089.4,1089.4,1089.4,1083.6,1083.6,1083.6,1083.6,1083.6,1071.4,1071.4,1071.4,1071.4,1078.8,1078.8,1078.8,1078.8,1078.8,1091.8,1097.9,1097.9,1097.9,1097.9,5.62,5.24,5.33,5.25,5.49,5.4,5.39,0.0,0.0,5.52,5.48,5.36,0.0,0.0,5.64,5.34,5.42,0.0,5.63,5.4,5.29,0.0,0.0,5.55,5.27,5.44,0.0,0.0,842.6,836.9,833.6,76.139,75.282,75.521
P1,IB11,P1-IB11-4.2-SI14,SACU-2,19,19,0,100.0,0.0,MBUS-30,On-grid,482.69,108.82,0.054,1077.7,1077.7,1077.7,1077.7,1075.3,1075.3,1075.3,1075.3,1075.3,1070.8,1070.8,1070.8,1070.8,1070.8,1078.9,1078.9,1078.9,1078.9,1081.0,1081.0,1081.0,1081.0,1081.0,1088.7,1088.7,1088.7,1088.7,1088.7,5.52,5.32,5.16,5.36,5.27,5.5,5.34,0.0,0.0,5.63,5.23,5.54,0.0,0.0,5.8,5.25,5.09,0.0,5.49,5.44,5.42,0.0,0.0,5.63,5.36,5.35,0.0,0.0,843.3,832.9,839.1,75.778,74.834,75.1
P1,IB11,P1-IB11-4.2-SI15,SACU-2,19,19,0,100.0,0.0,MBUS-31,On-grid,485.66,109.855,-0.052,1090.2,1090.2,1090.2,1090.2,1090.1,1090.1,1090.1,1090.1,1090.1,1084.4,1084.4,1084.4,1084.4,1084.4,1074.0,1074.0,1074.0,1074.0,1087.3,1087.3,1087.3,1087.3,1087.3,1067.5,1067.5,1067.5,1067.5,1067.5,5.62,5.31,5.32,5.35,5.55,5.39,5.29,0.0,0.0,5.59,5.27,5.39,0.0,0.0,5.59,5.37,5.32,0.0,5.58,5.32,5.38,0.0,0.0,5.48,5.39,5.45,0.0,0.0,845.6,836.2,838.2,75.784,75.348,75.309
P1,IB11,P1-IB11-4.2-SI16,SACU-2,19,17,2,89.47,10.53,MBUS-32,On-grid,430.78,97.252,0.073,1083.8,1083.8,1083.8,1083.8,1088.4,1088.4,1088.4,1088.4,1088.4,1074.9,1074.9,1074.9,1074.9,1074.9,1072.8,1072.8,1072.8,1072.8,1078.2,1078.2,1078.2,1078.2,1078.2,1070.8,1070.8,1070.8,1070.8,1070.8,5.46,5.38,5.31,5.37,5.21,5.28,5.3,0.0,0.0,5.83,5.32,5.45,0.0,0.0,5.5,5.37,5.29,0.0,5.74,5.35,5.32,0.0,0.0,5.77,0.0,0.0,0.0,0.0,843.8,841.2,833.4,67.203,66.778,67.045
P1,IB12,P1-IB12-1.1-SI01,SACU-1,19,19,0,100.0,0.0,MBUS-1,On-grid,484.16,108.866,0.021,1095.8,1095.8,1095.8,1095.8,1091.8,1091.8,1091.8,1091.8,1091.8,1086.2,1086.2,1086.2,1086.2,1086.2,1095.2,1095.2,1095.2,1095.2,1090.8,1090.8,1090.8,1090.8,1090.8,1087.9,1087.9,1087.9,1087.9,1087.9,5.81,5.22,5.23,5.4,5.45,5.22,5.51,0.0,0.0,5.53,5.25,5.43,0.0,0.0,5.52,5.32,5.26,0.0,5.56,5.33,5.35,0.0,0.0,5.47,5.25,5.34,0.0,0.0,844.7,839.6,836.5,75.209,74.763,74.649
P1,IB12,P1-IB12-1.1-SI02,SACU-1,19,19,0,100.0,0.0,MBUS-2,On-grid,484.61,109.977,-0.024,1092.7,1092.7,1092.7,1092.7,1096.3,1096.3,1096.3,1096.3,1096.3,1074.6,1074.6,1074.6,1074.6,1074.6,1075.9,1075.9,1075.9,1075.9,1088.8,1088.8,1088.8,1088.8,1088.8,1090.6,1090.6,1090.6,1090.6,1090.6,5.45,5.41,5.32,5.46,5.6,5.38,5.29,0.0,0.0,5.7,5.43,5.34,0.0,0.0,5.95,5.25,5.4,0.0,5.6,5.4,5.21,0.0,0.0,5.66,5.29,5.38,0.0,0.0,843.0,834.7,839.3,76.036,75.565,75.527
P1,IB12,P1-IB12-1.1-SI03,SACU-1,19,19,0,100.0,0.0,MBUS-3,On-grid,485.74,110.012,0.102,1088.1,1088.1,1088.1,1088.1,1101.8,1101.8,1101.8,1101.8,1101.8,1084.7,1084.7,1084.7,1084.7,1084.7,1085.3,1085.3,1085.3,1085.3,1086.9,1086.9,1086.9,1086.9,1086.9,1099.0,1099.0,1099.0,1099.0,1099.0,5.62,5.42,5.29,5.41,5.31,5.39,5.21,0.0,0.0,5.73,5.24,5.48,0.0,0.0,5.8,5.33,5.18,0.0,5.92,5.28,5.31,0.0,0.0,5.44,5.35,5.25,0.0,0.0,845.6,836.0,841.1,75.76,75.432,75.639
P1,IB12,P1-IB12-1.1-SI04,SACU-1,19,19,0,100.0,0.0,MBUS-4,On-grid,483.03,109.838,0.082,1089.0,1089.0,1089.0,1089.0,1076.5,1076.5,1076.5,1076.5,1076.5,1080.4,1080.4,1080.4,1080.4,1080.4,1077.7,1077.7,1077.7,1077.7,1082.0,1082.0,1082.0,1082.0,1082.0,1076.9,1076.9,1076.9,1076.9,1076.9,5.7,5.46,5.27,5.44,5.36,5.54,5.28,0.0,0.0,5.8,5.25,5.55,0.0,0.0,5.85,5.39,5.22,0.0,5.73,5.3,5.39,0.0,0.0,5.55,5.43,5.34,0.0,0.0,842.0,832.3,837.8,76.381,75.353,75.713
P1,IB12,P1-IB12-1.1-SI05,SACU-1,19,19,0,100.0,0.0,MBUS-5,On-grid,483.1,110.401,0.015,1097.3,1097.3,1097.3,1097.3,1091.6,1091.6,1091.6,1091.6,1091.6,1091.2,1091.2,1091.2,1091.2,1091.2,1080.8,1080.8,1080.8,1080.8,1096.4,1096.4,1096.4,1096.4,1096.4,1093.2,1093.2,1093.2,1093.2,1093.2,5.64,5.25,5.37,5.35,5.4,5.3,5.44,0.0,0.0,5.52,5.5,5.31,0.0,0.0,5.73,5.38,5.46,0.0,5.31,5.56,5.37,0.0,0.0,5.36,5.43,5.42,0.0,0.0,843.5,835.7,835.7,76.31,75.841,76.123
P1,IB12,P1-IB12-1.1-SI06,SACU-1,19,19,0,100.0,0.0,MBUS-6,On-grid,489.29,110.666,0.005,1091.4,1091.4,1091.4,1091.4,1091.3,1091.3,1091.3,1091.3,1091.3,1104.5,1104.5,1104.5,1104.5,1104.5,1087.1,1087.1,1087.1,1087.1,1092.4,1092.4,1092.4,1092.4,1092.4,1095.7,1095.7,1095.7,1095.7,1095.7,5.78,5.29,5.42,5.26,5.55,5.52,5.34,0.0,0.0,5.51,5.39,5.26,0.0,0.0,5.69,5.22,5.48,0.0,5.65,5.46,5.25,0.0,0.0,5.73,5.26,5.45,0.0,0.0,845.8,838.5,836.7,76.52,75.988,75.699
P1,IB12,P1-IB12-1.1-SI07,SACU-1,19,19,0,100.0,0.0,MBUS-7,On-grid,490.76,110.785,0.008,1101.8,1101.8,1101.8,1101.8,1105.5,1105.5,1105.5,1105.5,1105.5,1095.7,1095.7,1095.7,1095.7,1095.7,1090.8,1090.8,1090.8,1090.8,1098.6,1098.6,1098.6,1098.6,1098.6,1094.9,1094.9,1094.9,1094.9,1094.9,5.87,5.3,5.38,5.44,5.48,5.45,5.28,0.0,0.0,5.63,5.38,5.33,0.0,0.0,5.63,5.34,5.29,0.0,5.65,5.31,5.39,0.0,0.0,5.6,5.32,5.36,0.0,0.0,845.5,839.9,836.6,76.512,76.019,75.82
P1,IB12,P1-IB12-1.1-SI08,SACU-1,19,19,0,100.0,0.0,MBUS-8,On-grid,492.44,111.308,-0.027,1092.5,1092.5,1092.5,1092.5,1093.4,1093.4,1093.4,1093.4,1093.4,1097.9,1097.9,1097.9,1097.9,1097.9,1102.8,1102.8,1102.8,1102.8,1098.8,1098.8,1098.8,1098.8,1098.8,1092.4,1092.4,1092.4,1092.4,1092.4,5.9,5.32,5.45,5.35,5.57,5.32,5.51,0.0,0.0,5.44,5.44,5.35,0.0,0.0,5.79,5.24,5.44,0.0,5.53,5.32,5.43,0.0,0.0,5.55,5.42,5.36,0.0,0.0,847.2,840.5,837.8,76.497,76.709,76.305
P1,IB12,P1-IB12-1.2-SI09,SACU-1,19,19,0,100.0,0.0,MBUS-9,On-grid,482.73,109.52,-0.05,1081.3,1081.3,1081.3,1081.3,1083.9,1083.9,1083.9,1083.9,1083.9,1090.1,1090.1,1090.1,1090.1,1090.1,1079.9,1079.9,1079.9,1079.9,1078.9,1078.9,1078.9,1078.9,1078.9,1093.8,1093.8,1093.8,1093.8,1093.8,5.74,5.37,5.27,5.31,5.66,5.37,5.31,0.0,0.0,5.66,5.23,5.3,0.0,0.0,5.82,5.27,5.3,5.48,5.62,5.34,5.3,0.0,0.0,0.0,5.33,5.45,0.0,0.0,844.5,834.4,839.2,75.772,75.103,75.43
P1,IB12,P1-IB12-1.2-SI10,SACU-1,19,19,0,100.0,0.0,MBUS-10,On-grid,489.41,111.175,0.054,1074.6,1074.6,1074.6,1074.6,1099.1,1099.1,1099.1,1099.1,1099.1,1093.8,1093.8,1093.8,1093.8,1093.8,1087.5,1087.5,1087.5,1087.5,1082.3,1082.3,1082.3,1082.3,1082.3,1104.1,1104.1,1104.1,1104.1,1104.1,5.73,5.42,5.49,5.44,5.32,5.35,5.52,0.0,0.0,5.62,5.41,5.39,0.0,0.0,5.82,5.3,5.46,0.0,5.26,5.55,5.37,0.0,0.0,5.34,5.47,5.37,0.0,0.0,840.7,832.4,834.9,77.094,76.68,76.799
P1,IB12,P1-IB12-1.2-SI11,SACU-1,19,19,0,100.0,0.0,MBUS-11,On-grid,481.57,110.449,0.002,1088.8,1088.8,1088.8,1088.8,1086.1,1086.1,1086.1,1086.1,1086.1,1080.0,1080.0,1080.0,1080.0,1080.0,1098.5,1098.5,1098.5,1098.5,1077.5,1077.5,1077.5,1077.5,1077.5,1090.6,1090.6,1090.6,1090.6,1090.6,5.76,5.52,5.36,5.43,5.58,5.39,5.34,0.0,0.0,5.51,5.38,5.56,0.0,0.0,5.75,5.44,5.37,0.0,5.7,5.3,5.39,0.0,0.0,5.52,5.36,5.27,0.0,0.0,841.2,833.8,834.3,76.653,76.148,76.371
P1,IB12,P1-IB12-1.2-SI12,SACU-1,19,19,0,100.0,0.0,MBUS-12,On-grid,483.0,111.082,0.019,1089.6,1089.6,1089.6,1089.6,1099.2,1099.2,1099.2,1099.2,1099.2,1099.4,1099.4,1099.4,1099.4,1099.4,1077.6,1077.6,1077.6,1077.6,1073.4,1073.4,1073.4,1073.4,1073.4,1069.9,1069.9,1069.9,1069.9,1069.9,5.77,5.46,5.26,5.54,5.69,5.51,5.22,0.0,0.0,5.99,5.4,5.39,0.0,0.0,6.05,5.35,5.39,0.0,5.88,5.51,5.27,0.0,0.0,6.07,5.56,5.38,0.0,0.0,840.4,830.0,836.2,77.278,76.785,76.824
P1,IB12,P1-IB12-1.2-SI13,SACU-1,19,18,1,94.74,5.26,MBUS-13,On-grid,433.47,100.109,0.037,1088.7,1088.7,1088.7,1088.7,1107.4,1107.4,1107.4,1107.4,1107.4,1098.3,1098.3,1098.3,1098.3,1098.3,1102.4,1102.4,1102.4,1102.4,1077.4,1077.4,1077.4,1077.4,1077.4,1126.1,1126.1,1126.1,1126.1,1126.1,5.61,5.2,5.29,4.63,5.17,5.3,4.79,0.0,0.0,5.49,5.17,5.31,0.0,0.0,5.81,5.11,5.22,0.0,4.92,5.4,0.0,0.0,0.0,5.23,4.91,4.53,0.0,0.0,843.3,832.3,838.6,69.571,68.843,69.161
P1,IB12,P1-IB12-1.2-SI14,SACU-1,19,19,0,100.0,0.0,MBUS-14,On-grid,468.53,107.53,-0.008,1097.1,1097.1,1097.1,1097.1,1098.3,1098.3,1098.3,1098.3,1098.3,1098.9,1098.9,1098.9,1098.9,1098.9,1089.8,1089.8,1089.8,1089.8,1091.4,1091.4,1091.4,1091.4,1091.4,1110.9,1110.9,1110.9,1110.9,1110.9,4.58,5.33,5.18,5.35,5.43,5.44,5.18,0.0,0.0,5.67,5.18,5.37,0.0,0.0,5.48,5.35,5.16,0.0,5.65,5.26,5.33,0.0,0.0,5.4,5.09,4.53,0.0,0.0,843.0,833.3,839.0,74.644,73.992,74.186
P1,IB12,P1-IB12-1.2-SI15,SACU-1,19,19,0,100.0,0.0,MBUS-15,On-grid,474.9,109.152,-0.053,1084.9,1084.9,1084.9,1084.9,1099.3,1099.3,1099.3,1099.3,1099.3,1095.0,1095.0,1095.0,1095.0,1095.0,1086.4,1086.4,1086.4,1086.4,1094.9,1094.9,1094.9,1094.9,1094.9,1103.8,1103.8,1103.8,1103.8,1103.8,5.71,5.22,5.35,5.55,5.57,5.38,5.41,0.0,0.0,5.66,5.06,5.29,0.0,0.0,5.72,5.16,0.0,5.46,5.36,5.34,5.4,0.0,0.0,5.2,5.33,4.84,0.0,0.0,842.5,835.9,833.2,75.661,75.108,75.005
P1,IB12,P1-IB12-1.2-SI16,SACU-1,19,19,0,100.0,0.0,MBUS-16,On-grid,477.12,109.808,0.031,1090.1,1090.1,1090.1,1090.1,1093.2,1093.2,1093.2,1093.2,1093.2,1086.4,1086.4,1086.4,1086.4,1086.4,1098.5,1098.5,1098.5,1098.5,1084.1,1084.1,1084.1,1084.1,1084.1,1098.5,1098.5,1098.5,1098.5,1098.5,5.58,5.35,5.11,5.26,5.58,5.27,5.35,0.0,0.0,5.59,5.32,5.31,0.0,0.0,5.66,5.32,5.29,0.0,5.54,5.45,5.22,0.0,0.0,5.56,5.37,5.24,0.0,0.0,843.3,835.2,838.9,75.8,75.35,75.443
P1,IB12,P1-IB12-2.1-SI01,SACU-1,19,18,1,94.74,5.26,MBUS-17,On-grid,454.22,104.341,0.051,1068.9,1068.9,1068.9,1068.9,1082.0,1082.0,1082.0,1082.0,1082.0,1091.8,1091.8,1091.8,1091.8,1091.8,1091.6,1091.6,1091.6,1091.6,1091.3,1091.3,1091.3,1091.3,1091.3,1092.3,1092.3,1092.3,1092.3,1092.3,5.6,5.35,5.35,5.45,5.34,5.42,5.42,0.0,0.0,5.58,5.11,5.47,0.0,0.0,0.0,5.4,5.25,0.0,5.53,5.36,5.33,0.0,0.0,5.29,5.37,5.46,0.0,0.0,843.4,833.0,839.7,72.216,71.567,71.816
P1,IB12,P1-IB12-2.1-SI02,SACU-1,19,19,0,100.0,0.0,MBUS-18,On-grid,480.94,110.082,0.04,1078.7,1078.7,1078.7,1078.7,1090.5,1090.5,1090.5,1090.5,1090.5,1080.5,1080.5,1080.5,1080.5,1080.5,1077.6,1077.6,1077.6,1077.6,1071.0,1071.0,1071.0,1071.0,1071.0,1088.8,1088.8,1088.8,1088.8,1088.8,5.77,5.32,5.37,5.42,5.67,5.34,5.49,0.0,0.0,5.41,5.56,5.48,0.0,0.0,5.77,5.21,5.43,0.0,5.62,5.51,5.32,0.0,0.0,5.86,5.3,5.36,0.0,0.0,842.6,834.2,836.1,75.817,75.854,76.018
P1,IB12,P1-IB12-2.1-SI03,SACU-1,19,19,0,100.0,0.0,MBUS-19,On-grid,479.38,109.808,0.046,1074.0,1074.0,1074.0,1074.0,1071.9,1071.9,1071.9,1071.9,1071.9,1074.9,1074.9,1074.9,1074.9,1074.9,1083.8,1083.8,1083.8,1083.8,1089.5,1089.5,1089.5,1089.5,1089.5,1082.0,1082.0,1082.0,1082.0,1082.0,5.74,5.3,5.46,5.36,5.64,5.39,5.41,0.0,0.0,5.51,5.39,5.33,0.0,0.0,5.75,5.2,5.49,0.0,5.62,5.36,5.49,0.0,0.0,5.64,5.37,5.34,0.0,0.0,843.4,836.6,837.4,75.954,75.636,75.33
P1,IB12,P1-IB12-2.1-SI04,SACU-1,19,18,1,94.74,5.26,MBUS-20,On-grid,457.28,104.574,-0.006,1094.7,1094.7,1094.7,1094.7,1063.5,1063.5,1063.5,1063.5,1063.5,1075.8,1075.8,1075.8,1075.8,1075.8,1088.9,1088.9,1088.9,1088.9,1083.8,1083.8,1083.8,1083.8,1083.8,1080.1,1080.1,1080.1,1080.1,1080.1,5.61,5.35,5.42,0.0,5.28,5.54,5.42,0.0,0.0,5.59,5.33,5.5,0.0,0.0,5.76,5.32,5.35,0.0,5.6,5.44,5.49,0.0,0.0,5.4,5.41,5.57,0.0,0.0,841.1,835.5,833.9,72.659,72.033,72.27
P1,IB12,P1-IB12-2.1-SI05,SACU-1,19,19,0,100.0,0.0,MBUS-21,On-grid,482.33,110.5,0.033,1086.7,1086.7,1086.7,1086.7,1098.6,1098.6,1098.6,1098.6,1098.6,1090.0,1090.0,1090.0,1090.0,1090.0,1089.7,1089.7,1089.7,1089.7,1094.2,1094.2,1094.2,1094.2,1094.2,1092.6,1092.6,1092.6,1092.6,1092.6,5.67,5.25,5.24,5.54,5.19,5.53,5.33,0.0,0.0,5.65,5.39,5.48,0.0,0.0,5.59,5.47,5.41,0.0,5.53,5.37,5.51,0.0,0.0,5.13,5.32,5.33,0.0,0.0,841.1,836.2,833.5,76.61,76.163,76.467
P1,IB12,P1-IB12-2.1-SI06,SACU-1,19,19,0,100.0,0.0,MBUS-22,On-grid,482.95,109.963,0.006,1083.4,1083.4,1083.4,1083.4,1041.2,1041.2,1041.2,1041.2,1041.2,1089.2,1089.2,1089.2,1089.2,1089.2,1077.8,1077.8,1077.8,1077.8,1081.1,1081.1,1081.1,1081.1,1081.1,1097.3,1097.3,1097.3,1097.3,1097.3,5.81,5.39,5.3,5.41,5.7,5.45,5.32,0.0,0.0,5.76,5.42,5.36,0.0,0.0,5.94,5.4,5.33,5.36,5.62,5.24,0.0,0.0,0.0,5.69,5.41,5.48,0.0,0.0,840.3,835.5,831.3,76.437,75.648,76.117
P1,IB12,P1-IB12-2.1-SI07,SACU-1,19,19,0,100.0,0.0,MBUS-23,On-grid,480.92,109.921,0.019,1090.4,1090.4,1090.4,1090.4,1083.3,1083.3,1083.3,1083.3,1083.3,1069.3,1069.3,1069.3,1069.3,1069.3,1079.3,1079.3,1079.3,1079.3,1079.1,1079.1,1079.1,1079.1,1079.1,1073.7,1073.7,1073.7,1073.7,1073.7,5.81,5.28,5.35,5.43,5.43,5.56,5.38,0.0,0.0,5.73,5.45,5.34,0.0,0.0,5.91,5.17,5.46,0.0,5.6,5.44,5.32,0.0,0.0,5.79,5.43,5.28,0.0,0.0,841.6,832.2,839.3,76.133,75.516,75.799
P1,IB12,P1-IB12-2.1-SI08,SACU-1,19,0,19,0.0,100.0,MBUS-24,Communication disconnected,0.0,0.0,0.0,0.0,0.0,0.0,0.0,0.0,0.0,0.0,0.0,0.0,0.0,0.0,0.0,0.0,0.0,0.0,0.0,0.0,0.0,0.0,0.0,0.0,0.0,0.0,0.0,0.0,0.0,0.0,0.0,0.0,0.0,0.0,0.0,0.0,0.0,0.0,0.0,0.0,0.0,0.0,0.0,0.0,0.0,0.0,0.0,0.0,0.0,0.0,0.0,0.0,0.0,0.0,0.0,0.0,0.0,0.0,0.0,0.0,0.0,0.0,0.0,0.0,0.0
P1,IB12,P1-IB12-2.2-SI09,SACU-1,19,19,0,100.0,0.0,MBUS-25,On-grid,481.37,109.572,0.017,1063.7,1063.7,1063.7,1063.7,1085.1,1085.1,1085.1,1085.1,1085.1,1077.9,1077.9,1077.9,1077.9,1077.9,1087.0,1087.0,1087.0,1087.0,1102.5,1102.5,1102.5,1102.5,1102.5,1076.4,1076.4,1076.4,1076.4,1076.4,5.81,5.37,5.51,5.38,5.65,5.29,5.43,0.0,0.0,5.43,5.31,5.45,0.0,0.0,5.75,5.14,5.39,0.0,5.47,5.32,5.34,0.0,0.0,5.54,5.31,5.49,0.0,0.0,842.3,834.5,835.9,75.957,75.188,75.322
P1,IB12,P1-IB12-2.2-SI10,SACU-1,19,19,0,100.0,0.0,MBUS-26,On-grid,489.51,111.966,-0.005,1089.5,1089.5,1089.5,1089.5,1095.5,1095.5,1095.5,1095.5,1095.5,1101.6,1101.6,1101.6,1101.6,1101.6,1094.1,1094.1,1094.1,1094.1,1093.6,1093.6,1093.6,1093.6,1093.6,1086.8,1086.8,1086.8,1086.8,1086.8,5.83,5.42,5.38,5.48,5.52,5.39,5.29,0.0,0.0,5.61,5.36,5.47,0.0,0.0,5.8,5.44,5.2,0.0,5.6,5.53,5.36,0.0,0.0,5.71,5.4,5.4,0.0,0.0,840.5,829.7,836.7,77.85,77.471,77.156
P1,IB12,P1-IB12-2.2-SI11,SACU-1,19,19,0,100.0,0.0,MBUS-27,On-grid,488.16,111.033,0.022,1092.7,1092.7,1092.7,1092.7,1097.7,1097.7,1097.7,1097.7,1097.7,1104.2,1104.2,1104.2,1104.2,1104.2,1093.8,1093.8,1093.8,1093.8,1090.0,1090.0,1090.0,1090.0,1090.0,1085.2,1085.2,1085.2,1085.2,1085.2,5.8,5.34,5.3,5.47,5.54,5.49,5.4,0.0,0.0,5.53,5.35,5.24,0.0,0.0,5.98,5.18,5.36,0.0,5.56,5.44,5.21,0.0,0.0,5.61,5.16,5.45,0.0,0.0,840.8,830.2,838.1,76.567,76.27,76.721
P1,IB12,P1-IB12-2.2-SI12,SACU-1,19,17,2,89.47,10.53,MBUS-28,On-grid,435.08,99.326,-0.074,1089.6,1089.6,1089.6,1089.6,1095.9,1095.9,1095.9,1095.9,1095.9,1089.7,1089.7,1089.7,1089.7,1089.7,1089.1,1089.1,1089.1,1089.1,1083.9,1083.9,1083.9,1083.9,1083.9,1088.4,1088.4,1088.4,1088.4,1088.4,5.74,5.46,5.45,5.24,5.95,5.35,5.37,0.0,0.0,5.81,5.51,5.46,0.0,0.0,6.03,5.29,5.43,0.0,0.0,5.52,5.3,0.0,0.0,6.02,5.36,0.0,0.0,0.0,842.7,838.2,834.6,68.669,68.286,68.1
P1,IB12,P1-IB12-2.2-SI13,SACU-1,19,16,3,84.21,15.79,MBUS-29,On-grid,409.39,93.376,0.004,1082.8,1082.8,1082.8,1082.8,1092.4,1092.4,1092.4,1092.4,1092.4,1107.4,1107.4,1107.4,1107.4,1107.4,1084.7,1084.7,1084.7,1084.7,1093.0,1093.0,1093.0,1093.0,1093.0,1094.1,1094.1,1094.1,1094.1,1094.1,5.89,0.0,0.0,5.27,5.52,5.38,5.43,0.0,0.0,5.49,5.36,5.38,0.0,0.0,0.0,5.42,5.3,0.0,5.71,5.47,5.37,0.0,0.0,5.75,5.33,5.42,0.0,0.0,841.3,831.2,838.1,64.67,64.439,64.236
P1,IB12,P1-IB12-2.2-SI14,SACU-1,19,19,0,100.0,0.0,MBUS-30,On-grid,485.72,111.0,-0.092,1095.9,1095.9,1095.9,1095.9,1081.4,1081.4,1081.4,1081.4,1081.4,1092.0,1092.0,1092.0,1092.0,1092.0,1090.7,1090.7,1090.7,1090.7,1091.9,1091.9,1091.9,1091.9,1091.9,1098.8,1098.8,1098.8,1098.8,1098.8,5.68,5.5,5.29,5.42,5.55,5.32,5.4,0.0,0.0,5.66,5.3,5.42,0.0,0.0,5.74,5.38,5.34,0.0,5.64,5.33,5.44,0.0,0.0,5.57,5.41,5.46,0.0,0.0,841.7,835.3,835.1,77.054,76.499,76.276
P1,IB12,P1-IB12-2.2-SI15,SACU-1,19,18,1,94.74,5.26,MBUS-31,On-grid,460.59,105.152,0.015,1091.8,1091.8,1091.8,1091.8,1091.8,1091.8,1091.8,1091.8,1091.8,1086.0,1086.0,1086.0,1086.0,1086.0,1095.3,1095.3,1095.3,1095.3,1090.7,1090.7,1090.7,1090.7,1090.7,1081.8,1081.8,1081.8,1081.8,1081.8,5.81,5.33,5.34,0.0,5.75,5.45,5.3,0.0,0.0,5.93,5.3,5.54,0.0,0.0,6.06,5.33,5.25,0.0,5.91,5.49,5.35,5.49,0.0,6.09,5.35,0.0,0.0,0.0,842.4,831.4,838.7,72.907,72.3,72.323
P1,IB12,P1-IB12-2.2-SI16,SACU-1,19,16,3,84.21,15.79,MBUS-32,On-grid,412.23,93.809,-0.048,1102.4,1102.4,1102.4,1102.4,1095.9,1095.9,1095.9,1095.9,1095.9,1089.5,1089.5,1089.5,1089.5,1089.5,1079.2,1079.2,1079.2,1079.2,1081.0,1081.0,1081.0,1081.0,1081.0,1073.3,1073.3,1073.3,1073.3,1073.3,5.61,5.39,5.46,5.38,5.49,5.46,5.45,0.0,0.0,5.78,5.41,5.41,0.0,0.0,5.83,5.35,0.0,0.0,5.52,5.47,0.0,0.0,0.0,0.0,5.52,5.04,0.0,0.0,843.3,832.3,841.1,64.473,64.512,64.583
P1,IB12,P1-IB12-3.1-SI01,SACU-2,19,14,5,73.68,26.32,MBUS-1,On-grid,352.12,81.596,-30.636,1102.2,1102.2,1102.2,1102.2,1089.2,1089.2,1089.2,1089.2,1089.2,1090.6,1090.6,1090.6,1090.6,1090.6,1090.6,1090.6,1090.6,1090.6,1079.0,1079.0,1079.0,1079.0,1079.0,1076.4,1076.4,1076.4,1076.4,1076.4,5.85,0.0,5.29,5.39,5.37,5.54,5.36,0.0,0.0,5.83,5.32,5.47,0.0,0.0,5.91,0.0,0.0,0.0,5.67,5.34,0.0,0.0,0.0,5.38,0.0,5.32,0.0,0.0,833.7,827.6,827.1,61.965,61.517,61.318
P1,IB12,P1-IB12-3.1-SI02,SACU-2,19,19,0,100.0,0.0,MBUS-2,On-grid,473.0,110.669,-30.692,1077.6,1077.6,1077.6,1077.6,1075.3,1075.3,1075.3,1075.3,1075.3,1076.2,1076.2,1076.2,1076.2,1076.2,1086.4,1086.4,1086.4,1086.4,1086.7,1086.7,1086.7,1086.7,1086.7,1082.1,1082.1,1082.1,1082.1,1082.1,5.81,5.5,5.46,5.52,5.61,5.56,5.37,0.0,0.0,5.67,5.34,5.59,0.0,0.0,5.9,5.4,5.29,0.0,5.73,5.4,5.42,0.0,0.0,5.58,5.45,5.37,0.0,0.0,834.1,824.4,829.6,80.255,80.548,80.559
P1,IB12,P1-IB12-3.1-SI03,SACU-2,19,19,0,100.0,0.0,MBUS-3,On-grid,474.68,110.308,-30.705,1074.7,1074.7,1074.7,1074.7,1077.8,1077.8,1077.8,1077.8,1077.8,1070.0,1070.0,1070.0,1070.0,1070.0,1091.3,1091.3,1091.3,1091.3,1077.9,1077.9,1077.9,1077.9,1077.9,1095.0,1095.0,1095.0,1095.0,1095.0,5.82,5.3,5.44,5.35,5.57,5.36,5.48,0.0,0.0,5.65,5.47,5.59,0.0,0.0,5.79,5.18,5.53,0.0,5.71,5.53,5.37,0.0,0.0,5.82,5.33,5.59,0.0,0.0,835.8,830.2,825.8,80.206,80.324,80.142
P1,IB12,P1-IB12-3.1-SI04,SACU-2,19,19,0,100.0,0.0,MBUS-4,On-grid,472.32,110.117,-30.818,1083.9,1083.9,1083.9,1083.9,1076.1,1076.1,1076.1,1076.1,1076.1,1083.5,1083.5,1083.5,1083.5,1083.5,1098.1,1098.1,1098.1,1098.1,1071.9,1071.9,1071.9,1071.9,1071.9,1074.4,1074.4,1074.4,1074.4,1074.4,5.61,5.48,5.3,5.48,5.36,5.48,5.39,0.0,0.0,5.53,5.34,5.53,0.0,0.0,5.65,5.47,5.42,0.0,5.76,5.32,5.52,0.0,0.0,5.33,5.46,5.39,0.0,0.0,835.3,830.0,825.9,79.812,80.257,79.86
P1,IB12,P1-IB12-3.1-SI05,SACU-2,19,19,0,100.0,0.0,MBUS-5,On-grid,480.26,111.682,-30.706,1085.1,1085.1,1085.1,1085.1,1091.3,1091.3,1091.3,1091.3,1091.3,1089.0,1089.0,1089.0,1089.0,1089.0,1087.9,1087.9,1087.9,1087.9,1083.7,1083.7,1083.7,1083.7,1083.7,1096.2,1096.2,1096.2,1096.2,1096.2,6.07,5.49,5.27,5.56,5.66,5.42,5.39,0.0,0.0,5.97,5.37,5.57,0.0,0.0,6.03,5.45,5.32,0.0,6.16,5.5,5.54,0.0,0.0,5.91,5.48,5.39,0.0,0.0,834.9,825.6,830.8,81.029,81.141,80.954
P1,IB12,P1-IB12-3.1-SI06,SACU-2,19,19,0,100.0,0.0,MBUS-6,On-grid,473.74,110.37,-30.628,1085.2,1085.2,1085.2,1085.2,1071.4,1071.4,1071.4,1071.4,1071.4,1082.6,1082.6,1082.6,1082.6,1082.6,1097.5,1097.5,1097.5,1097.5,1089.1,1089.1,1089.1,1089.1,1089.1,1080.9,1080.9,1080.9,1080.9,1080.9,5.79,5.27,5.36,5.26,5.71,5.51,5.41,0.0,0.0,5.69,5.5,5.43,0.0,0.0,5.95,5.2,5.24,0.0,5.54,5.52,5.24,0.0,0.0,5.54,5.31,5.45,0.0,0.0,833.8,823.9,829.4,80.13,80.501,80.267
P1,IB12,P1-IB12-3.1-SI07,SACU-2,19,19,0,100.0,0.0,MBUS-7,On-grid,475.66,110.384,-30.772,1073.6,1073.6,1073.6,1073.6,1090.7,1090.7,1090.7,1090.7,1090.7,1071.1,1071.1,1071.1,1071.1,1071.1,1108.8,1108.8,1108.8,1108.8,1092.1,1092.1,1092.1,1092.1,1092.1,1082.1,1082.1,1082.1,1082.1,1082.1,5.81,5.38,5.34,5.41,5.65,5.24,5.43,0.0,0.0,5.6,5.48,5.4,0.0,0.0,5.81,5.24,5.42,0.0,5.72,5.55,5.37,0.0,0.0,5.83,5.34,5.47,0.0,0.0,834.4,827.6,827.5,80.155,80.391,80.265
P1,IB12,P1-IB12-3.1-SI08,SACU-2,19,19,0,100.0,0.0,MBUS-8,On-grid,478.9,110.814,-30.682,1080.9,1080.9,1080.9,1080.9,1090.7,1090.7,1090.7,1090.7,1090.7,1093.5,1093.5,1093.5,1093.5,1093.5,1091.6,1091.6,1091.6,1091.6,1067.7,1067.7,1067.7,1067.7,1067.7,1078.9,1078.9,1078.9,1078.9,1078.9,5.63,5.52,5.28,5.56,5.52,5.47,5.32,0.0,0.0,5.81,5.34,5.52,0.0,0.0,5.69,5.46,5.29,0.0,5.71,5.42,5.5,0.0,0.0,5.59,5.46,5.45,0.0,0.0,833.7,822.8,827.1,80.837,80.667,80.487
P1,IB12,P1-IB12-3.2-SI09,SACU-2,19,19,0,100.0,0.0,MBUS-9,On-grid,477.41,111.149,-30.712,1078.2,1078.2,1078.2,1078.2,1084.7,1084.7,1084.7,1084.7,1084.7,1092.7,1092.7,1092.7,1092.7,1092.7,1084.1,1084.1,1084.1,1084.1,1084.3,1084.3,1084.3,1084.3,1084.3,1075.4,1075.4,1075.4,1075.4,1075.4,5.79,5.44,5.59,5.35,5.67,5.42,5.54,0.0,0.0,5.65,5.51,5.45,0.0,0.0,5.85,5.47,5.41,0.0,5.5,5.58,5.36,0.0,0.0,5.73,5.38,5.54,0.0,0.0,836.1,825.4,831.4,80.797,80.839,80.483
P1,IB12,P1-IB12-3.2-SI10,SACU-2,19,16,3,84.21,15.79,MBUS-10,On-grid,399.99,93.574,-30.61,1095.6,1095.6,1095.6,1095.6,1087.2,1087.2,1087.2,1087.2,1087.2,1087.4,1087.4,1087.4,1087.4,1087.4,1097.4,1097.4,1097.4,1097.4,1088.8,1088.8,1088.8,1088.8,1088.8,1099.4,1099.4,1099.4,1099.4,1099.4,5.88,5.28,5.26,5.35,5.93,5.37,0.0,0.0,0.0,5.79,5.3,5.48,5.22,0.0,5.76,5.21,5.43,0.0,5.79,0.0,0.0,0.0,0.0,5.86,5.21,0.0,0.0,0.0,835.7,830.2,827.1,69.045,68.747,68.62
P1,IB12,P1-IB12-3.2-SI11,SACU-2,19,19,0,100.0,0.0,MBUS-11,On-grid,475.15,110.91,-30.661,1083.2,1083.2,1083.2,1083.2,1086.4,1086.4,1086.4,1086.4,1086.4,1077.4,1077.4,1077.4,1077.4,1077.4,1082.2,1082.2,1082.2,1082.2,1084.0,1084.0,1084.0,1084.0,1084.0,1075.8,1075.8,1075.8,1075.8,1075.8,5.83,5.33,5.33,5.4,5.74,5.41,5.35,0.0,0.0,5.62,5.39,5.56,0.0,0.0,5.75,5.43,5.32,0.0,5.76,5.46,5.53,0.0,0.0,5.54,5.52,5.48,0.0,0.0,836.0,825.9,831.5,80.641,80.517,80.229
P1,IB12,P1-IB12-3.2-SI12,SACU-2,19,19,0,100.0,0.0,MBUS-12,On-grid,479.11,111.178,-30.666,1071.5,1071.5,1071.5,1071.5,1072.9,1072.9,1072.9,1072.9,1072.9,1080.8,1080.8,1080.8,1080.8,1080.8,1074.4,1074.4,1074.4,1074.4,1087.6,1087.6,1087.6,1087.6,1087.6,1095.0,1095.0,1095.0,1095.0,1095.0,5.87,5.45,5.53,5.45,5.62,5.53,5.58,0.0,0.0,5.74,5.4,5.5,0.0,0.0,5.9,5.42,5.27,0.0,5.78,5.44,5.55,0.0,0.0,5.61,5.48,5.37,0.0,0.0,836.4,826.3,832.2,80.672,80.86,80.559
P1,IB12,P1-IB12-3.2-SI13,SACU-2,19,19,0,100.0,0.0,MBUS-13,On-grid,472.45,110.533,-30.693,1083.7,1083.7,1083.7,1083.7,1093.9,1093.9,1093.9,1093.9,1093.9,1082.3,1082.3,1082.3,1082.3,1082.3,1084.4,1084.4,1084.4,1084.4,1069.7,1069.7,1069.7,1069.7,1069.7,1081.6,1081.6,1081.6,1081.6,1081.6,5.9,5.43,5.5,5.39,5.66,5.28,5.45,0.0,0.0,5.54,5.45,5.36,0.0,0.0,5.82,5.26,5.34,0.0,5.57,5.51,5.4,0.0,0.0,5.31,5.41,5.51,0.0,0.0,833.9,824.0,829.6,80.365,80.529,80.196
P1,IB12,P1-IB12-3.2-SI14,SACU-2,19,19,0,100.0,0.0,MBUS-14,On-grid,473.03,110.204,-30.643,1076.1,1076.1,1076.1,1076.1,1095.3,1095.3,1095.3,1095.3,1095.3,1086.6,1086.6,1086.6,1086.6,1086.6,1074.9,1074.9,1074.9,1074.9,1084.8,1084.8,1084.8,1084.8,1084.8,1089.1,1089.1,1089.1,1089.1,1089.1,5.69,5.51,5.24,5.51,5.55,5.39,5.44,0.0,0.0,5.76,5.23,5.6,0.0,0.0,5.88,5.41,5.37,0.0,5.69,5.42,5.47,0.0,0.0,5.56,5.45,5.31,0.0,0.0,834.5,824.2,830.0,80.408,80.457,80.189
P1,IB12,P1-IB12-3.2-SI15,SACU-2,19,19,0,100.0,0.0,MBUS-15,On-grid,474.89,110.495,-30.7,1071.0,1071.0,1071.0,1071.0,1086.0,1086.0,1086.0,1086.0,1086.0,1089.5,1089.5,1089.5,1089.5,1089.5,1070.6,1070.6,1070.6,1070.6,1089.4,1089.4,1089.4,1089.4,1089.4,1076.1,1076.1,1076.1,1076.1,1076.1,5.84,5.3,5.51,5.4,5.4,5.4,5.48,0.0,0.0,5.58,5.56,5.44,0.0,0.0,5.82,5.34,5.49,0.0,5.41,5.51,5.41,0.0,0.0,5.36,5.35,5.55,0.0,0.0,833.9,828.9,825.2,80.805,80.667,80.203
P1,IB12,P1-IB12-3.2-SI16,SACU-2,19,19,0,100.0,0.0,MBUS-16,On-grid,474.05,110.503,-30.736,1091.0,1091.0,1091.0,1091.0,1093.4,1093.4,1093.4,1093.4,1093.4,1094.1,1094.1,1094.1,1094.1,1094.1,1075.9,1075.9,1075.9,1075.9,1085.8,1085.8,1085.8,1085.8,1085.8,1074.3,1074.3,1074.3,1074.3,1074.3,5.72,5.38,5.44,5.52,5.39,5.52,5.45,0.0,0.0,5.68,5.4,5.56,0.0,0.0,5.64,5.44,5.36,0.0,5.51,5.37,5.4,0.0,0.0,5.28,5.44,5.42,0.0,0.0,833.4,828.1,823.6,80.47,80.763,80.246
P1,IB12,P1-IB12-4.1-SI01,SACU-2,19,19,0,100.0,0.0,MBUS-17,On-grid,473.0,110.391,-30.737,1087.4,1087.4,1087.4,1087.4,1080.3,1080.3,1080.3,1080.3,1080.3,1085.1,1085.1,1085.1,1085.1,1085.1,1076.6,1076.6,1076.6,1076.6,1086.2,1086.2,1086.2,1086.2,1086.2,1076.2,1076.2,1076.2,1076.2,1076.2,5.66,5.47,5.33,5.44,5.43,5.55,5.37,0.0,0.0,5.63,5.29,5.54,0.0,0.0,5.67,5.53,5.34,0.0,5.53,5.42,5.49,0.0,0.0,5.22,5.6,5.54,0.0,0.0,832.8,823.0,828.9,80.301,80.572,80.133
P1,IB12,P1-IB12-4.1-SI02,SACU-2,19,18,1,94.74,5.26,MBUS-18,On-grid,448.86,103.895,-30.713,1096.9,1096.9,1096.9,1096.9,1087.4,1087.4,1087.4,1087.4,1087.4,1082.8,1082.8,1082.8,1082.8,1082.8,1074.8,1074.8,1074.8,1074.8,1074.7,1074.7,1074.7,1074.7,1074.7,1083.4,1083.4,1083.4,1083.4,1083.4,5.64,5.52,5.29,0.0,5.42,5.42,5.46,0.0,0.0,5.33,5.46,5.4,0.0,0.0,5.75,5.27,5.3,0.0,5.27,5.63,5.36,0.0,0.0,5.37,5.26,5.35,0.0,0.0,832.3,823.4,828.3,76.429,76.376,76.054
P1,IB12,P1-IB12-4.1-SI03,SACU-2,19,19,0,100.0,0.0,MBUS-19,On-grid,474.06,110.646,-30.682,1092.1,1092.1,1092.1,1092.1,1106.7,1106.7,1106.7,1106.7,1106.7,1089.8,1089.8,1089.8,1089.8,1089.8,1082.1,1082.1,1082.1,1082.1,1067.9,1067.9,1067.9,1067.9,1067.9,1080.4,1080.4,1080.4,1080.4,1080.4,5.53,5.47,5.31,5.51,5.52,5.43,5.24,0.0,0.0,5.85,5.39,5.49,5.25,0.0,6.03,5.37,0.0,0.0,5.76,5.03,5.52,0.0,0.0,5.69,5.46,5.36,0.0,0.0,834.1,828.6,825.4,80.365,80.4,80.192
P1,IB12,P1-IB12-4.1-SI04,SACU-2,19,18,1,94.74,5.26,MBUS-20,On-grid,448.25,104.553,-30.699,1083.8,1083.8,1083.8,1083.8,1100.6,1100.6,1100.6,1100.6,1100.6,1082.6,1082.6,1082.6,1082.6,1082.6,1100.5,1100.5,1100.5,1100.5,1080.3,1080.3,1080.3,1080.3,1080.3,1091.2,1091.2,1091.2,1091.2,1091.2,5.74,5.32,5.46,5.39,5.32,5.51,5.47,0.0,0.0,5.65,5.48,5.36,0.0,0.0,0.0,5.44,5.37,0.0,5.64,5.39,5.5,0.0,0.0,5.63,5.4,5.52,0.0,0.0,833.7,827.1,824.3,76.433,76.674,76.17
P1,IB12,P1-IB12-4.1-SI05,SACU-2,19,19,0,100.0,0.0,MBUS-21,On-grid,474.83,110.564,-30.659,1088.2,1088.2,1088.2,1088.2,1083.6,1083.6,1083.6,1083.6,1083.6,1083.5,1083.5,1083.5,1083.5,1083.5,1080.6,1080.6,1080.6,1080.6,1092.5,1092.5,1092.5,1092.5,1092.5,1089.8,1089.8,1089.8,1089.8,1089.8,5.71,5.29,5.5,5.4,5.6,5.35,5.52,0.0,0.0,5.59,5.49,5.45,0.0,0.0,5.95,5.3,5.51,0.0,5.69,5.5,5.28,0.0,0.0,5.74,5.4,5.36,0.0,0.0,831.2,824.8,824.9,80.737,80.33,80.469
P1,IB12,P1-IB12-4.1-SI06,SACU-2,19,19,0,100.0,0.0,MBUS-22,On-grid,478.88,111.225,-30.653,1087.3,1087.3,1087.3,1087.3,1087.6,1087.6,1087.6,1087.6,1087.6,1091.6,1091.6,1091.6,1091.6,1091.6,1078.2,1078.2,1078.2,1078.2,1098.8,1098.8,1098.8,1098.8,1098.8,1101.4,1101.4,1101.4,1101.4,1101.4,5.84,5.39,5.34,5.55,5.54,5.48,5.26,0.0,0.0,5.73,5.26,5.53,0.0,0.0,5.77,5.49,5.36,0.0,5.75,5.37,5.41,0.0,0.0,5.7,5.49,5.33,0.0,0.0,832.5,822.9,828.6,81.156,81.171,80.89
P1,IB12,P1-IB12-4.1-SI07,SACU-2,19,19,0,100.0,0.0,MBUS-23,On-grid,472.21,110.54,-30.739,1086.5,1086.5,1086.5,1086.5,1095.4,1095.4,1095.4,1095.4,1095.4,1097.1,1097.1,1097.1,1097.1,1097.1,1089.3,1089.3,1089.3,1089.3,1084.8,1084.8,1084.8,1084.8,1084.8,1093.1,1093.1,1093.1,1093.1,1093.1,5.79,5.32,5.43,5.35,5.58,5.48,5.32,0.0,0.0,5.64,5.5,5.38,0.0,0.0,5.72,5.29,5.46,0.0,5.53,5.48,5.26,0.0,0.0,5.6,5.4,5.28,0.0,0.0,833.8,828.3,825.2,80.845,80.141,80.469
P1,IB12,P1-IB12-4.1-SI08,SACU-2,19,19,0,100.0,0.0,MBUS-24,On-grid,474.78,110.743,-30.768,1090.3,1090.3,1090.3,1090.3,1092.3,1092.3,1092.3,1092.3,1092.3,1098.6,1098.6,1098.6,1098.6,1098.6,1081.7,1081.7,1081.7,1081.7,1080.4,1080.4,1080.4,1080.4,1080.4,1096.5,1096.5,1096.5,1096.5,1096.5,5.69,5.31,5.45,5.44,5.28,5.41,5.43,0.0,0.0,5.63,5.29,5.49,0.0,0.0,5.78,5.32,5.44,0.0,5.4,5.4,5.55,0.0,0.0,5.18,5.37,5.31,0.0,0.0,833.4,824.5,829.7,80.672,80.721,80.495
P1,IB12,P1-IB12-4.2-SI09,SACU-2,19,18,1,94.74,5.26,MBUS-25,On-grid,452.77,104.915,-30.767,1084.2,1084.2,1084.2,1084.2,1094.9,1094.9,1094.9,1094.9,1094.9,1086.8,1086.8,1086.8,1086.8,1086.8,1086.0,1086.0,1086.0,1086.0,1089.9,1089.9,1089.9,1089.9,1089.9,1086.0,1086.0,1086.0,1086.0,1086.0,5.63,5.55,5.32,5.45,5.84,5.3,0.0,0.0,0.0,5.6,5.49,5.37,0.0,0.0,5.75,5.42,5.25,0.0,5.61,5.53,5.31,0.0,0.0,5.64,5.45,5.38,0.0,0.0,834.8,826.6,828.0,76.881,76.917,76.843
P1,IB12,P1-IB12-4.2-SI10,SACU-2,19,19,0,100.0,0.0,MBUS-26,On-grid,474.17,110.611,-30.752,1073.0,1073.0,1073.0,1073.0,1088.6,1088.6,1088.6,1088.6,1088.6,1082.9,1082.9,1082.9,1082.9,1082.9,1089.9,1089.9,1089.9,1089.9,1089.0,1089.0,1089.0,1089.0,1089.0,1083.5,1083.5,1083.5,1083.5,1083.5,5.78,5.32,5.43,5.37,5.61,5.35,5.49,0.0,0.0,5.61,5.51,5.43,0.0,0.0,5.8,5.37,5.39,0.0,5.57,5.49,5.26,0.0,0.0,5.94,5.46,5.4,0.0,0.0,835.0,828.2,827.0,80.301,80.416,80.169
P1,IB12,P1-IB12-4.2-SI11,SACU-2,19,19,0,100.0,0.0,MBUS-27,On-grid,477.17,110.84,-30.688,1074.0,1074.0,1074.0,1074.0,1073.2,1073.2,1073.2,1073.2,1073.2,1091.8,1091.8,1091.8,1091.8,1091.8,1083.6,1083.6,1083.6,1083.6,1088.0,1088.0,1088.0,1088.0,1088.0,1090.5,1090.5,1090.5,1090.5,1090.5,5.57,5.51,5.52,5.59,5.6,5.55,5.29,0.0,0.0,5.81,5.36,5.61,0.0,0.0,5.87,5.41,5.24,0.0,5.7,5.45,5.49,0.0,0.0,5.5,5.51,5.35,0.0,0.0,830.9,820.4,827.5,81.166,80.719,80.938
P1,IB12,P1-IB12-4.2-SI12,SACU-2,19,19,0,100.0,0.0,MBUS-28,On-grid,475.28,110.405,-30.745,1084.9,1084.9,1084.9,1084.9,1076.3,1076.3,1076.3,1076.3,1076.3,1087.2,1087.2,1087.2,1087.2,1087.2,1087.3,1087.3,1087.3,1087.3,1078.7,1078.7,1078.7,1078.7,1078.7,1081.2,1081.2,1081.2,1081.2,1081.2,5.56,5.45,5.39,5.5,5.66,5.57,5.42,0.0,0.0,5.63,5.37,5.47,0.0,0.0,5.61,5.4,5.31,0.0,5.75,5.44,5.43,0.0,0.0,5.54,5.45,5.45,0.0,0.0,834.1,826.3,825.0,80.507,80.417,80.468
P1,IB12,P1-IB12-4.2-SI13,SACU-2,19,19,0,100.0,0.0,MBUS-29,On-grid,472.27,110.143,-30.734,1071.0,1071.0,1071.0,1071.0,1076.8,1076.8,1076.8,1076.8,1076.8,1076.2,1076.2,1076.2,1076.2,1076.2,1086.1,1086.1,1086.1,1086.1,1073.4,1073.4,1073.4,1073.4,1073.4,1080.2,1080.2,1080.2,1080.2,1080.2,5.85,5.33,5.5,5.34,5.69,5.36,5.47,0.0,0.0,5.64,5.45,5.46,0.0,0.0,5.95,5.3,5.38,0.0,5.66,5.57,5.4,0.0,0.0,5.8,5.33,5.49,0.0,0.0,834.6,823.3,830.0,80.534,80.015,79.806
P1,IB12,P1-IB12-4.2-SI14,SACU-2,19,16,3,84.21,15.79,MBUS-30,On-grid,398.08,92.74,-30.74,1096.2,1096.2,1096.2,1096.2,1076.1,1076.1,1076.1,1076.1,1076.1,1080.3,1080.3,1080.3,1080.3,1080.3,1085.7,1085.7,1085.7,1085.7,1070.1,1070.1,1070.1,1070.1,1070.1,1063.5,1063.5,1063.5,1063.5,1063.5,5.83,5.28,0.0,0.0,0.0,5.48,5.34,0.0,0.0,5.78,5.26,5.59,0.0,0.0,5.81,5.42,5.27,0.0,5.76,5.45,5.51,0.0,0.0,5.62,5.49,5.41,0.0,0.0,833.7,824.4,830.0,68.752,68.846,68.461
P1,IB12,P1-IB12-4.2-SI15,SACU-2,19,19,0,100.0,0.0,MBUS-31,On-grid,473.65,110.864,-30.682,1073.2,1073.2,1073.2,1073.2,1083.4,1083.4,1083.4,1083.4,1083.4,1077.7,1077.7,1077.7,1077.7,1077.7,1072.6,1072.6,1072.6,1072.6,1099.7,1099.7,1099.7,1099.7,1099.7,1077.3,1077.3,1077.3,1077.3,1077.3,5.79,5.45,5.53,5.42,5.58,5.62,5.4,0.0,0.0,5.77,5.51,5.35,0.0,0.0,5.74,5.48,5.48,0.0,5.63,5.58,5.42,0.0,0.0,5.76,5.41,5.54,0.0,0.0,834.8,825.1,831.3,80.868,80.712,79.901
P1,IB12,P1-IB12-4.2-SI16,SACU-2,19,19,0,100.0,0.0,MBUS-32,On-grid,469.39,109.621,-30.687,1079.1,1079.1,1079.1,1079.1,1072.5,1072.5,1072.5,1072.5,1072.5,1074.4,1074.4,1074.4,1074.4,1074.4,1073.5,1073.5,1073.5,1073.5,1080.6,1080.6,1080.6,1080.6,1080.6,1090.9,1090.9,1090.9,1090.9,1090.9,5.63,5.46,5.24,5.48,5.45,5.52,5.32,0.0,0.0,5.82,5.33,5.52,0.0,0.0,5.61,5.47,5.38,0.0,5.39,5.38,5.48,0.0,0.0,5.34,5.43,5.31,0.0,0.0,834.6,826.9,826.9,79.591,79.671,80.162
P2,IB1,P2-IB1-1.1-SI01,SACU-1,18,18,0,100.0,0.0,MBUS-1,On-grid,480.24,119.598,-0.005,1087.7,1087.7,1087.7,1087.7,1096.0,1096.0,1096.0,1096.0,1096.0,1101.6,1101.6,1101.6,1101.6,1101.6,1119.8,1119.8,1119.8,1119.8,1105.4,1105.4,1105.4,1105.4,1105.4,1095.2,1095.2,1095.2,1095.2,1095.2,6.15,6.16,6.19,6.06,5.93,6.22,6.0,0.0,0.0,6.26,6.15,6.07,0.0,0.0,6.25,5.98,5.97,0.0,6.16,6.03,5.9,0.0,0.0,5.73,6.17,0.0,0.0,0.0,844.8,834.3,839.9,82.036,82.03,82.557
P2,IB1,P2-IB1-1.1-SI02,SACU-1,18,18,0,100.0,0.0,MBUS-2,On-grid,479.91,118.918,-0.022,1099.9,1099.9,1099.9,1099.9,1100.4,1100.4,1100.4,1100.4,1100.4,1088.6,1088.6,1088.6,1088.6,1088.6,1085.0,1085.0,1085.0,1085.0,1082.9,1082.9,1082.9,1082.9,1082.9,1106.3,1106.3,1106.3,1106.3,1106.3,6.27,6.15,6.11,6.08,5.94,6.19,6.04,6.03,0.0,6.12,6.06,6.15,6.12,0.0,6.13,6.12,6.13,0.0,6.45,5.99,0.0,0.0,0.0,6.3,0.0,0.0,0.0,0.0,845.5,839.2,836.9,82.153,81.956,81.583
P2,IB1,P2-IB1-1.1-SI03,SACU-1,18,18,0,100.0,0.0,MBUS-3,On-grid,481.3,119.546,0.052,1091.1,1091.1,1091.1,1091.1,1103.7,1103.7,1103.7,1103.7,1103.7,1098.8,1098.8,1098.8,1098.8,1098.8,1110.5,1110.5,1110.5,1110.5,1104.0,1104.0,1104.0,1104.0,1104.0,1087.8,1087.8,1087.8,1087.8,1087.8,6.11,6.24,6.04,6.23,5.95,6.22,6.0,0.0,0.0,6.31,6.04,6.21,0.0,0.0,6.14,6.05,5.93,0.0,6.27,6.01,6.08,0.0,0.0,6.23,6.07,0.0,0.0,0.0,844.3,834.8,839.5,82.824,82.204,82.119
P2,IB1,P2-IB1-1.1-SI04,SACU-1,18,12,6,66.67,33.33,MBUS-4,On-grid,325.73,80.182,-0.031,1094.5,1094.5,1094.5,1094.5,1100.4,1100.4,1100.4,1100.4,1100.4,1094.8,1094.8,1094.8,1094.8,1094.8,1093.3,1093.3,1093.3,1093.3,1106.6,1106.6,1106.6,1106.6,1106.6,374.6,374.6,374.6,374.6,374.6,6.12,6.22,6.0,6.13,5.96,6.32,0.0,0.0,0.0,6.24,6.13,0.0,0.0,0.0,0.0,6.24,0.0,6.14,5.98,6.24,0.0,0.0,0.0,0.0,0.0,0.0,0.0,0.0,843.7,832.8,839.7,55.628,54.81,54.934
P2,IB1,P2-IB1-1.1-SI05,SACU-1,18,14,4,77.78,22.22,MBUS-5,On-grid,378.08,93.503,0.014,1092.2,1092.2,1092.2,1092.2,1099.2,1099.2,1099.2,1099.2,1099.2,1097.9,1097.9,1097.9,1097.9,1097.9,1103.2,1103.2,1103.2,1103.2,361.4,361.4,361.4,361.4,361.4,355.5,355.5,355.5,355.5,355.5,5.75,6.39,6.21,6.33,5.85,6.29,6.21,0.0,0.0,5.97,6.33,6.31,6.26,0.0,6.07,6.21,0.0,6.17,0.0,0.0,0.0,0.0,0.0,0.0,0.0,0.0,0.0,0.0,844.0,837.3,835.7,64.416,64.646,64.768
P2,IB1,P2-IB1-1.1-SI06,SACU-1,18,18,0,100.0,0.0,MBUS-6,On-grid,482.37,119.86,-0.002,1103.8,1103.8,1103.8,1103.8,1093.8,1093.8,1093.8,1093.8,1093.8,1103.3,1103.3,1103.3,1103.3,1103.3,1111.1,1111.1,1111.1,1111.1,1101.5,1101.5,1101.5,1101.5,1101.5,1104.2,1104.2,1104.2,1104.2,1104.2,6.32,5.92,6.13,5.98,6.22,6.11,6.16,0.0,0.0,6.24,6.0,6.22,0.0,0.0,6.34,6.03,5.95,0.0,6.33,6.2,5.99,0.0,0.0,6.4,5.89,0.0,0.0,0.0,842.4,835.9,835.2,82.781,82.576,82.97
P2,IB1,P2-IB1-1.1-SI07,SACU-1,18,18,0,100.0,0.0,MBUS-7,On-grid,485.11,119.988,-0.014,1101.2,1101.2,1101.2,1101.2,1096.9,1096.9,1096.9,1096.9,1096.9,1084.4,1084.4,1084.4,1084.4,1084.4,1105.8,1105.8,1105.8,1105.8,1099.8,1099.8,1099.8,1099.8,1099.8,1086.6,1086.6,1086.6,1086.6,1086.6,6.36,5.94,6.08,5.93,6.29,6.05,6.16,0.0,0.0,6.42,5.65,6.56,0.0,0.0,6.35,6.15,0.0,6.06,6.43,6.06,5.97,0.0,0.0,6.36,6.03,0.0,0.0,0.0,843.2,836.7,835.7,83.103,82.573,82.64
P2,IB1,P2-IB1-1.1-SI08,SACU-1,18,17,1,94.44,5.56,MBUS-8,On-grid,459.89,113.77,-0.009,1098.1,1098.1,1098.1,1098.1,1099.7,1099.7,1099.7,1099.7,1099.7,1107.0,1107.0,1107.0,1107.0,1107.0,1114.3,1114.3,1114.3,1114.3,1101.4,1101.4,1101.4,1101.4,1101.4,1085.1,1085.1,1085.1,1085.1,1085.1,6.24,6.23,6.0,6.26,0.0,6.06,6.24,6.14,0.0,6.94,5.61,6.08,0.0,0.0,6.23,6.12,0.0,6.1,6.23,6.19,6.0,0.0,0.0,6.08,0.0,0.0,0.0,0.0,843.3,837.7,835.9,78.662,78.272,78.023
P2,IB1,P2-IB1-1.2-SI09,SACU-1,18,18,0,100.0,0.0,MBUS-9,On-grid,484.49,120.466,-0.05,1103.2,1103.2,1103.2,1103.2,1099.7,1099.7,1099.7,1099.7,1099.7,1098.0,1098.0,1098.0,1098.0,1098.0,1095.3,1095.3,1095.3,1095.3,1117.3,1117.3,1117.3,1117.3,1117.3,1110.5,1110.5,1110.5,1110.5,1110.5,6.22,6.17,5.97,6.17,6.11,6.22,6.05,0.0,0.0,6.44,6.0,6.25,0.0,0.0,6.18,6.12,6.01,0.0,6.33,5.97,6.01,0.0,0.0,6.22,6.04,0.0,0.0,0.0,841.0,835.9,832.4,83.66,82.696,83.38
P2,IB1,P2-IB1-1.2-SI10,SACU-1,18,18,0,100.0,0.0,MBUS-10,On-grid,485.2,120.539,-0.071,1103.2,1103.2,1103.2,1103.2,1104.5,1104.5,1104.5,1104.5,1104.5,1102.6,1102.6,1102.6,1102.6,1102.6,1096.7,1096.7,1096.7,1096.7,1108.6,1108.6,1108.6,1108.6,1108.6,1095.8,1095.8,1095.8,1095.8,1095.8,6.23,6.21,5.99,6.23,6.1,6.21,6.05,0.0,0.0,6.33,6.05,6.19,0.0,0.0,6.39,6.14,6.0,0.0,6.44,6.08,5.99,0.0,0.0,6.22,6.11,0.0,0.0,0.0,842.9,836.9,832.4,83.45,83.018,83.051
P2,IB1,P2-IB1-1.2-SI11,SACU-1,18,18,0,100.0,0.0,MBUS-11,On-grid,485.09,120.089,0.023,1092.4,1092.4,1092.4,1092.4,1101.8,1101.8,1101.8,1101.8,1101.8,1082.8,1082.8,1082.8,1082.8,1082.8,1096.5,1096.5,1096.5,1096.5,1106.8,1106.8,1106.8,1106.8,1106.8,1106.7,1106.7,1106.7,1106.7,1106.7,6.37,5.85,6.23,6.13,6.25,6.1,6.16,0.0,0.0,6.12,6.36,6.14,0.0,0.0,6.34,6.02,6.3,0.0,6.33,6.28,6.03,0.0,0.0,6.26,5.99,0.0,0.0,0.0,843.8,839.2,834.2,83.071,82.402,82.467
P2,IB1,P2-IB1-1.2-SI12,SACU-1,18,18,0,100.0,0.0,MBUS-12,On-grid,486.48,120.511,0.006,1112.9,1112.9,1112.9,1112.9,1102.8,1102.8,1102.8,1102.8,1102.8,1101.5,1101.5,1101.5,1101.5,1101.5,1101.1,1101.1,1101.1,1101.1,1103.3,1103.3,1103.3,1103.3,1103.3,1082.8,1082.8,1082.8,1082.8,1082.8,6.3,5.95,6.09,6.0,6.23,6.04,6.2,0.0,0.0,6.32,6.15,6.09,0.0,0.0,6.41,5.99,6.24,0.0,6.24,6.25,5.98,0.0,0.0,6.47,6.04,0.0,0.0,0.0,845.5,838.9,838.3,82.791,82.912,82.325
P2,IB1,P2-IB1-1.2-SI13,SACU-1,18,18,0,100.0,0.0,MBUS-13,On-grid,484.33,120.036,-0.04,1098.8,1098.8,1098.8,1098.8,1108.8,1108.8,1108.8,1108.8,1108.8,1099.5,1099.5,1099.5,1099.5,1099.5,1094.9,1094.9,1094.9,1094.9,1099.5,1099.5,1099.5,1099.5,1099.5,1101.2,1101.2,1101.2,1101.2,1101.2,6.32,6.23,6.06,6.19,5.85,6.02,6.04,0.0,0.0,6.24,6.26,6.01,0.0,0.0,6.31,5.96,6.18,0.0,6.03,6.24,0.0,0.0,0.0,6.06,5.98,6.15,0.0,0.0,845.3,841.7,835.5,82.694,82.016,82.209
P2,IB1,P2-IB1-1.2-SI14,SACU-1,18,18,0,100.0,0.0,MBUS-14,On-grid,482.69,119.872,0.046,1097.6,1097.6,1097.6,1097.6,1098.3,1098.3,1098.3,1098.3,1098.3,1091.7,1091.7,1091.7,1091.7,1091.7,1105.1,1105.1,1105.1,1105.1,1096.1,1096.1,1096.1,1096.1,1096.1,1105.2,1105.2,1105.2,1105.2,1105.2,6.26,6.14,6.03,6.23,6.16,0.0,6.14,0.0,0.0,6.16,6.19,6.13,6.1,0.0,6.2,6.04,6.16,0.0,6.28,6.29,6.04,0.0,0.0,6.03,6.02,0.0,0.0,0.0,839.7,833.8,832.1,83.109,82.584,82.778
P2,IB1,P2-IB1-1.2-SI15,SACU-1,18,18,0,100.0,0.0,MBUS-15,On-grid,483.3,119.832,-0.033,1106.4,1106.4,1106.4,1106.4,1097.1,1097.1,1097.1,1097.1,1097.1,1098.7,1098.7,1098.7,1098.7,1098.7,1091.0,1091.0,1091.0,1091.0,1092.3,1092.3,1092.3,1092.3,1092.3,1090.0,1090.0,1090.0,1090.0,1090.0,6.21,6.14,5.94,6.18,6.1,6.25,5.92,0.0,0.0,6.54,5.9,6.28,0.0,0.0,6.25,6.16,6.03,0.0,6.48,6.01,6.12,0.0,0.0,6.21,6.12,0.0,0.0,0.0,843.3,836.4,834.4,82.744,82.519,82.287
P2,IB1,P2-IB1-1.2-SI16,SACU-1,18,18,0,100.0,0.0,MBUS-16,On-grid,483.7,120.272,0.047,1095.7,1095.7,1095.7,1095.7,1096.5,1096.5,1096.5,1096.5,1096.5,1107.4,1107.4,1107.4,1107.4,1107.4,1097.1,1097.1,1097.1,1097.1,1096.4,1096.4,1096.4,1096.4,1096.4,1097.5,1097.5,1097.5,1097.5,1097.5,6.32,6.06,6.12,6.04,6.12,6.15,6.19,0.0,0.0,6.07,6.2,6.07,0.0,0.0,6.32,5.97,6.13,0.0,6.21,6.27,5.99,0.0,0.0,6.25,6.19,0.0,0.0,0.0,844.1,832.9,839.2,82.958,82.736,82.8
P2,IB1,P2-IB1-2.1-SI01,SACU-1,18,18,0,100.0,0.0,MBUS-17,On-grid,473.69,118.518,0.039,1097.3,1097.3,1097.3,1097.3,1106.2,1106.2,1106.2,1106.2,1106.2,1100.0,1100.0,1100.0,1100.0,1100.0,1094.6,1094.6,1094.6,1094.6,1090.4,1090.4,1090.4,1090.4,1090.4,1096.7,1096.7,1096.7,1096.7,1096.7,6.28,6.01,6.1,5.96,6.13,6.01,6.05,0.0,0.0,6.17,6.01,5.93,0.0,0.0,6.37,5.85,6.03,0.0,6.23,6.09,5.91,0.0,0.0,6.15,6.11,0.0,0.0,0.0,848.2,838.2,843.4,81.724,80.731,80.758
P2,IB1,P2-IB1-2.1-SI02,SACU-1,18,18,0,100.0,0.0,MBUS-18,On-grid,463.03,117.39,0.072,1095.3,1095.3,1095.3,1095.3,1099.7,1099.7,1099.7,1099.7,1099.7,1092.8,1092.8,1092.8,1092.8,1092.8,1090.8,1090.8,1090.8,1090.8,1099.2,1099.2,1099.2,1099.2,1099.2,1085.3,1085.3,1085.3,1085.3,1085.3,6.03,5.91,6.31,5.94,5.77,5.97,6.09,0.0,0.0,6.08,6.06,5.98,0.0,0.0,6.15,5.91,6.06,0.0,6.0,6.2,5.89,0.0,0.0,5.86,5.98,0.0,0.0,0.0,848.0,837.4,843.6,80.644,80.573,80.359
P2,IB1,P2-IB1-2.1-SI03,SACU-1,18,12,6,66.67,33.33,MBUS-19,On-grid,314.03,78.517,-0.021,1077.0,1077.0,1077.0,1077.0,1095.6,1095.6,1095.6,1095.6,1095.6,1089.6,1089.6,1089.6,1089.6,1089.6,1094.7,1094.7,1094.7,1094.7,1093.4,1093.4,1093.4,1093.4,1093.4,1096.9,1096.9,1096.9,1096.9,1096.9,6.25,5.85,6.1,6.03,0.0,0.0,6.0,0.0,0.0,6.29,0.0,0.0,0.0,0.0,6.3,6.02,0.0,0.0,0.0,6.11,5.89,0.0,0.0,6.2,5.89,0.0,0.0,0.0,846.0,837.2,841.3,54.571,53.705,53.697
P2,IB1,P2-IB1-2.1-SI04,SACU-1,18,18,0,100.0,0.0,MBUS-20,On-grid,474.89,118.419,0.0,1097.8,1097.8,1097.8,1097.8,1090.2,1090.2,1090.2,1090.2,1090.2,1087.7,1087.7,1087.7,1087.7,1087.7,1098.2,1098.2,1098.2,1098.2,1100.3,1100.3,1100.3,1100.3,1100.3,1095.7,1095.7,1095.7,1095.7,1095.7,6.32,5.97,6.06,5.91,6.36,6.07,6.07,0.0,0.0,6.16,6.18,6.04,0.0,0.0,6.28,5.84,6.02,0.0,6.13,6.07,5.85,0.0,0.0,6.24,5.9,0.0,0.0,0.0,848.0,838.1,842.9,81.687,81.055,81.019
P2,IB1,P2-IB1-2.1-SI05,SACU-1,18,18,0,100.0,0.0,MBUS-21,On-grid,476.56,119.047,-0.005,1106.1,1106.1,1106.1,1106.1,1100.3,1100.3,1100.3,1100.3,1100.3,1107.4,1107.4,1107.4,1107.4,1107.4,1113.1,1113.1,1113.1,1113.1,1105.8,1105.8,1105.8,1105.8,1105.8,1105.8,1105.8,1105.8,1105.8,1105.8,6.22,5.88,6.13,5.96,6.18,5.95,6.09,0.0,0.0,6.11,6.11,5.98,0.0,0.0,6.28,5.81,5.98,0.0,6.03,6.11,5.85,0.0,0.0,6.24,5.91,0.0,0.0,0.0,847.9,836.4,844.0,81.694,81.35,81.486
P2,IB1,P2-IB1-2.1-SI06,SACU-1,18,18,0,100.0,0.0,MBUS-22,On-grid,473.9,117.921,-0.057,1102.7,1102.7,1102.7,1102.7,1097.8,1097.8,1097.8,1097.8,1097.8,1092.3,1092.3,1092.3,1092.3,1092.3,1082.1,1082.1,1082.1,1082.1,1091.2,1091.2,1091.2,1091.2,1091.2,1110.8,1110.8,1110.8,1110.8,1110.8,6.09,5.89,6.05,5.79,5.93,5.99,6.13,0.0,0.0,6.08,6.15,6.05,0.0,0.0,6.09,6.07,6.01,0.0,6.36,5.99,6.1,0.0,0.0,5.96,5.94,0.0,0.0,0.0,848.7,843.3,838.9,81.129,80.657,80.569
P2,IB1,P2-IB1-2.1-SI07,SACU-1,18,18,0,100.0,0.0,MBUS-23,On-grid,472.94,117.943,0.019,1105.7,1105.7,1105.7,1105.7,1089.0,1089.0,1089.0,1089.0,1089.0,1096.5,1096.5,1096.5,1096.5,1096.5,1091.4,1091.4,1091.4,1091.4,1090.5,1090.5,1090.5,1090.5,1090.5,1075.8,1075.8,1075.8,1075.8,1075.8,6.16,6.07,6.19,6.08,5.89,6.04,6.12,0.0,0.0,5.97,6.11,6.1,0.0,0.0,6.25,5.89,6.03,0.0,6.0,6.19,5.83,0.0,0.0,5.91,5.67,0.0,0.0,0.0,849.2,839.2,844.4,81.265,80.471,80.625
P2,IB1,P2-IB1-2.1-SI08,SACU-1,18,15,3,83.33,16.67,MBUS-24,On-grid,395.32,98.192,0.005,1100.0,1100.0,1100.0,1100.0,1087.9,1087.9,1087.9,1087.9,1087.9,1101.3,1101.3,1101.3,1101.3,1101.3,1099.2,1099.2,1099.2,1099.2,1087.4,1087.4,1087.4,1087.4,1087.4,1104.2,1104.2,1104.2,1104.2,1104.2,6.23,5.92,6.13,6.05,0.0,6.01,6.1,0.0,0.0,6.31,0.0,0.0,0.0,0.0,6.38,5.92,6.03,0.0,6.17,6.19,5.9,0.0,0.0,6.2,5.75,0.0,0.0,0.0,847.0,836.1,843.0,67.165,67.266,67.322
P2,IB1,P2-IB1-2.2-SI09,SACU-1,18,18,0,100.0,0.0,MBUS-25,On-grid,476.93,118.544,0.031,1098.8,1098.8,1098.8,1098.8,1092.1,1092.1,1092.1,1092.1,1092.1,1100.3,1100.3,1100.3,1100.3,1100.3,1094.3,1094.3,1094.3,1094.3,1096.0,1096.0,1096.0,1096.0,1096.0,1089.7,1089.7,1089.7,1089.7,1089.7,6.26,6.11,5.94,6.17,6.1,6.01,6.14,0.0,0.0,6.25,6.13,6.06,0.0,0.0,6.31,5.96,6.03,0.0,6.17,6.2,5.93,0.0,0.0,6.33,5.93,0.0,0.0,0.0,848.6,838.6,844.8,81.231,81.09,81.201
P2,IB1,P2-IB1-2.2-SI10,SACU-1,18,18,0,100.0,0.0,MBUS-26,On-grid,474.41,118.059,0.024,1096.0,1096.0,1096.0,1096.0,1086.3,1086.3,1086.3,1086.3,1086.3,1088.4,1088.4,1088.4,1088.4,1088.4,1087.7,1087.7,1087.7,1087.7,1076.4,1076.4,1076.4,1076.4,1076.4,1095.9,1095.9,1095.9,1095.9,1095.9,6.2,5.99,6.21,6.07,5.91,6.09,6.2,0.0,0.0,6.07,6.17,6.12,0.0,0.0,6.22,5.97,6.18,0.0,6.14,6.3,5.98,0.0,0.0,5.94,5.99,0.0,0.0,0.0,848.7,844.4,840.9,81.293,80.626,80.875
P2,IB1,P2-IB1-2.2-SI11,SACU-1,18,18,0,100.0,0.0,MBUS-27,On-grid,475.45,118.613,-0.024,1087.1,1087.1,1087.1,1087.1,1086.3,1086.3,1086.3,1086.3,1086.3,1099.4,1099.4,1099.4,1099.4,1099.4,1096.9,1096.9,1096.9,1096.9,1103.8,1103.8,1103.8,1103.8,1103.8,1098.8,1098.8,1098.8,1098.8,1098.8,6.25,6.03,6.12,5.98,5.94,6.03,6.28,0.0,0.0,6.04,6.15,6.02,0.0,0.0,6.41,6.0,6.21,0.0,6.32,6.17,5.92,0.0,0.0,6.12,5.99,0.0,0.0,0.0,849.2,845.0,839.5,81.337,80.965,81.04
P2,IB1,P2-IB1-2.2-SI12,SACU-1,18,18,0,100.0,0.0,MBUS-28,On-grid,474.13,118.021,0.052,1092.2,1092.2,1092.2,1092.2,1085.7,1085.7,1085.7,1085.7,1085.7,1098.9,1098.9,1098.9,1098.9,1098.9,1087.1,1087.1,1087.1,1087.1,1099.9,1099.9,1099.9,1099.9,1099.9,1098.8,1098.8,1098.8,1098.8,1098.8,6.38,5.94,6.04,5.92,6.15,6.0,6.1,0.0,0.0,6.22,6.08,5.94,0.0,0.0,6.35,5.89,6.08,0.0,6.28,6.14,5.9,0.0,0.0,6.43,5.85,0.0,0.0,0.0,851.1,844.0,843.8,80.675,80.502,80.459
P2,IB1,P2-IB1-2.2-SI13,SACU-1,18,18,0,100.0,0.0,MBUS-29,On-grid,476.63,118.438,0.017,1090.9,1090.9,1090.9,1090.9,1083.0,1083.0,1083.0,1083.0,1083.0,1089.5,1089.5,1089.5,1089.5,1089.5,1103.2,1103.2,1103.2,1103.2,1091.7,1091.7,1091.7,1091.7,1091.7,1081.1,1081.1,1081.1,1081.1,1081.1,6.43,5.96,6.06,5.93,6.24,6.06,6.16,0.0,0.0,6.19,6.12,6.05,0.0,0.0,6.16,5.82,6.06,0.0,6.33,6.08,5.85,0.0,0.0,6.43,5.89,0.0,0.0,0.0,851.1,843.5,842.3,81.137,80.235,80.591
P2,IB1,P2-IB1-2.2-SI14,SACU-1,18,18,0,100.0,0.0,MBUS-30,On-grid,474.74,117.562,-0.072,1087.5,1087.5,1087.5,1087.5,1086.6,1086.6,1086.6,1086.6,1086.6,1090.0,1090.0,1090.0,1090.0,1090.0,1089.1,1089.1,1089.1,1089.1,1093.1,1093.1,1093.1,1093.1,1093.1,1094.5,1094.5,1094.5,1094.5,1094.5,6.29,5.94,6.06,6.01,6.13,5.99,6.14,0.0,0.0,6.11,6.09,6.03,0.0,0.0,6.35,5.89,6.05,0.0,6.09,6.11,5.86,0.0,0.0,6.19,5.88,0.0,0.0,0.0,852.8,842.0,848.5,80.339,79.897,79.909
P2,IB1,P2-IB1-2.2-SI15,SACU-1,18,18,0,100.0,0.0,MBUS-31,On-grid,479.31,119.375,-0.053,1102.2,1102.2,1102.2,1102.2,1093.2,1093.2,1093.2,1093.2,1093.2,1107.3,1107.3,1107.3,1107.3,1107.3,1100.2,1100.2,1100.2,1100.2,1101.4,1101.4,1101.4,1101.4,1101.4,1105.7,1105.7,1105.7,1105.7,1105.7,6.33,5.91,6.02,5.86,6.04,6.05,6.24,0.0,0.0,6.11,6.13,6.04,0.0,0.0,6.32,5.97,6.11,0.0,6.22,6.18,5.94,0.0,0.0,6.22,5.94,0.0,0.0,0.0,852.5,849.0,843.3,81.212,80.999,81.385
P2,IB1,P2-IB1-2.2-SI16,SACU-1,18,18,0,100.0,0.0,MBUS-32,On-grid,477.51,118.692,-0.03,1097.9,1097.9,1097.9,1097.9,1100.9,1100.9,1100.9,1100.9,1100.9,1102.8,1102.8,1102.8,1102.8,1102.8,1095.8,1095.8,1095.8,1095.8,1099.5,1099.5,1099.5,1099.5,1099.5,1095.8,1095.8,1095.8,1095.8,1095.8,6.24,6.01,5.86,6.07,6.14,5.97,6.1,0.0,0.0,6.2,6.09,5.96,0.0,0.0,6.53,5.98,0.0,6.12,6.33,6.13,5.87,0.0,0.0,6.37,5.94,0.0,0.0,0.0,842.4,836.9,834.1,82.304,81.664,81.773
P2,IB1,P2-IB1-3.1-SI01,SACU-2,18,18,0,100.0,0.0,MBUS-1,On-grid,473.45,118.554,0.004,1094.8,1094.8,1094.8,1094.8,1099.6,1099.6,1099.6,1099.6,1099.6,1096.8,1096.8,1096.8,1096.8,1096.8,1087.9,1087.9,1087.9,1087.9,1100.6,1100.6,1100.6,1100.6,1100.6,1097.4,1097.4,1097.4,1097.4,1097.4,6.22,6.12,6.07,6.09,5.92,5.94,6.01,0.0,0.0,6.26,5.92,6.12,0.0,0.0,6.23,5.97,6.14,0.0,6.32,5.95,6.06,0.0,0.0,6.08,6.01,0.0,0.0,0.0,845.8,839.1,836.9,81.835,81.419,81.463
P2,IB1,P2-IB1-3.1-SI02,SACU-2,18,18,0,100.0,0.0,MBUS-2,On-grid,475.91,118.803,0.04,1089.8,1089.8,1089.8,1089.8,1093.3,1093.3,1093.3,1093.3,1093.3,1112.2,1112.2,1112.2,1112.2,1112.2,1096.6,1096.6,1096.6,1096.6,1095.1,1095.1,1095.1,1095.1,1095.1,1094.4,1094.4,1094.4,1094.4,1094.4,6.34,6.2,5.98,6.17,5.94,6.25,6.04,0.0,0.0,6.25,5.94,6.03,0.0,0.0,6.03,5.99,5.87,0.0,6.38,6.01,6.1,0.0,0.0,6.2,5.99,0.0,0.0,0.0,844.0,838.3,835.9,82.08,81.733,81.651
P2,IB1,P2-IB1-3.1-SI03,SACU-2,18,18,0,100.0,0.0,MBUS-3,On-grid,475.2,118.972,0.026,1094.6,1094.6,1094.6,1094.6,1100.7,1100.7,1100.7,1100.7,1100.7,1098.4,1098.4,1098.4,1098.4,1098.4,1091.8,1091.8,1091.8,1091.8,1091.2,1091.2,1091.2,1091.2,1091.2,1097.7,1097.7,1097.7,1097.7,1097.7,6.35,6.0,6.12,5.99,6.08,6.04,6.16,0.0,0.0,6.21,6.14,6.09,0.0,0.0,6.37,5.99,6.1,0.0,6.26,6.14,5.89,0.0,0.0,6.28,5.99,0.0,0.0,0.0,844.4,834.7,838.9,82.323,82.182,81.819
P2,IB1,P2-IB1-3.1-SI04,SACU-2,18,18,0,100.0,0.0,MBUS-4,On-grid,473.82,118.356,-0.068,1092.7,1092.7,1092.7,1092.7,1096.3,1096.3,1096.3,1096.3,1096.3,1100.8,1100.8,1100.8,1100.8,1100.8,1097.1,1097.1,1097.1,1097.1,1087.1,1087.1,1087.1,1087.1,1087.1,1088.1,1088.1,1088.1,1088.1,1088.1,6.34,5.94,6.17,6.03,6.15,6.23,6.06,0.0,0.0,6.33,5.79,6.14,0.0,0.0,6.39,5.87,6.1,0.0,6.32,6.14,5.92,0.0,0.0,6.19,5.95,0.0,0.0,0.0,843.7,837.0,838.5,81.365,81.559,81.364
P2,IB1,P2-IB1-3.1-SI05,SACU-2,18,18,0,100.0,0.0,MBUS-5,On-grid,476.46,118.996,-0.067,1099.0,1099.0,1099.0,1099.0,1098.3,1098.3,1098.3,1098.3,1098.3,1092.0,1092.0,1092.0,1092.0,1092.0,1097.6,1097.6,1097.6,1097.6,1096.3,1096.3,1096.3,1096.3,1096.3,1107.4,1107.4,1107.4,1107.4,1107.4,6.21,6.12,5.98,6.17,5.96,6.17,6.04,0.0,0.0,6.45,5.93,6.19,0.0,0.0,6.23,6.15,6.1,0.0,5.97,6.14,6.09,0.0,0.0,6.05,6.04,0.0,0.0,0.0,844.0,834.2,841.0,81.991,81.799,81.655
P2,IB1,P2-IB1-3.1-SI06,SACU-2,18,18,0,100.0,0.0,MBUS-6,On-grid,474.59,118.441,0.094,1106.5,1106.5,1106.5,1106.5,1098.5,1098.5,1098.5,1098.5,1098.5,1094.4,1094.4,1094.4,1094.4,1094.4,1075.0,1075.0,1075.0,1075.0,1095.1,1095.1,1095.1,1095.1,1095.1,1086.6,1086.6,1086.6,1086.6,1086.6,6.17,5.95,6.09,6.02,6.08,6.08,6.16,0.0,0.0,6.19,5.94,6.21,0.0,0.0,5.94,6.23,0.0,6.28,6.16,6.29,6.05,0.0,0.0,6.25,5.99,0.0,0.0,0.0,842.1,832.7,837.6,81.794,81.71,81.689
P2,IB1,P2-IB1-3.1-SI07,SACU-2,18,18,0,100.0,0.0,MBUS-7,On-grid,471.72,118.204,-0.005,1100.1,1100.1,1100.1,1100.1,1097.2,1097.2,1097.2,1097.2,1097.2,1082.7,1082.7,1082.7,1082.7,1082.7,1100.2,1100.2,1100.2,1100.2,1089.8,1089.8,1089.8,1089.8,1089.8,1097.2,1097.2,1097.2,1097.2,1097.2,6.28,5.94,6.04,5.84,6.01,6.13,5.93,0.0,0.0,6.38,5.91,6.2,0.0,0.0,6.16,5.82,5.96,0.0,6.38,6.08,6.09,0.0,0.0,6.04,6.16,0.0,0.0,0.0,843.6,835.0,839.8,81.522,80.883,81.384
P2,IB1,P2-IB1-3.1-SI08,SACU-2,18,18,0,100.0,0.0,MBUS-8,On-grid,477.96,119.412,-0.054,1090.8,1090.8,1090.8,1090.8,1088.7,1088.7,1088.7,1088.7,1088.7,1103.0,1103.0,1103.0,1103.0,1103.0,1112.2,1112.2,1112.2,1112.2,1090.1,1090.1,1090.1,1090.1,1090.1,1096.9,1096.9,1096.9,1096.9,1096.9,6.36,5.97,6.23,6.12,6.19,6.12,6.19,0.0,0.0,6.2,5.98,6.23,0.0,0.0,6.32,5.86,6.09,0.0,6.23,6.23,5.99,0.0,0.0,6.15,6.1,0.0,0.0,0.0,842.9,836.0,834.9,82.748,82.132,82.198
P2,IB1,P2-IB1-3.2-SI09,SACU-2,18,18,0,100.0,0.0,MBUS-9,On-grid,474.92,118.752,-0.072,1109.1,1109.1,1109.1,1109.1,1096.4,1096.4,1096.4,1096.4,1096.4,1086.0,1086.0,1086.0,1086.0,1086.0,1092.7,1092.7,1092.7,1092.7,1094.1,1094.1,1094.1,1094.1,1094.1,1096.7,1096.7,1096.7,1096.7,1096.7,6.0,6.1,5.93,6.16,5.88,6.22,6.02,0.0,0.0,6.34,6.16,6.07,0.0,0.0,6.38,5.89,5.97,0.0,6.35,6.06,6.02,0.0,0.0,5.83,6.04,0.0,0.0,0.0,842.2,833.5,837.1,82.313,81.695,81.819
P2,IB1,P2-IB1-3.2-SI10,SACU-2,18,18,0,100.0,0.0,MBUS-10,On-grid,479.65,119.607,-0.004,1099.3,1099.3,1099.3,1099.3,1089.0,1089.0,1089.0,1089.0,1089.0,1086.4,1086.4,1086.4,1086.4,1086.4,1105.9,1105.9,1105.9,1105.9,1099.1,1099.1,1099.1,1099.1,1099.1,1086.5,1086.5,1086.5,1086.5,1086.5,6.34,6.0,5.96,6.16,6.14,6.11,6.15,0.0,0.0,6.31,6.14,6.07,0.0,0.0,6.38,5.99,6.12,0.0,6.21,6.25,5.94,0.0,0.0,6.4,6.02,0.0,0.0,0.0,842.7,832.0,838.2,83.03,82.168,82.371
P2,IB1,P2-IB1-3.2-SI11,SACU-2,18,16,2,88.89,11.11,MBUS-11,On-grid,420.09,105.487,-0.005,1110.7,1110.7,1110.7,1110.7,1099.6,1099.6,1099.6,1099.6,1099.6,1101.1,1101.1,1101.1,1101.1,1101.1,1105.6,1105.6,1105.6,1105.6,1100.6,1100.6,1100.6,1100.6,1100.6,1096.3,1096.3,1096.3,1096.3,1096.3,6.1,6.03,5.87,6.02,6.03,6.18,5.95,0.0,0.0,6.32,5.93,6.07,0.0,0.0,6.21,6.16,0.0,6.01,6.6,5.86,0.0,0.0,0.0,6.58,0.0,0.0,0.0,0.0,841.9,836.4,834.9,73.16,72.955,72.876
P2,IB1,P2-IB1-3.2-SI12,SACU-2,18,18,0,100.0,0.0,MBUS-12,On-grid,475.48,118.902,-0.083,1100.7,1100.7,1100.7,1100.7,1099.4,1099.4,1099.4,1099.4,1099.4,1096.9,1096.9,1096.9,1096.9,1096.9,1078.4,1078.4,1078.4,1078.4,1097.9,1097.9,1097.9,1097.9,1097.9,1073.7,1073.7,1073.7,1073.7,1073.7,6.41,5.94,6.12,6.04,6.17,6.03,6.15,0.0,0.0,6.17,6.06,6.05,0.0,0.0,6.58,0.0,5.96,6.23,6.23,6.14,6.15,0.0,0.0,6.1,6.0,0.0,0.0,0.0,842.9,833.6,837.9,82.363,82.041,81.894
P2,IB1,P2-IB1-3.2-SI13,SACU-2,18,16,2,88.89,11.11,MBUS-13,On-grid,423.56,105.687,0.04,1100.2,1100.2,1100.2,1100.2,1090.6,1090.6,1090.6,1090.6,1090.6,1093.3,1093.3,1093.3,1093.3,1093.3,1101.5,1101.5,1101.5,1101.5,1096.7,1096.7,1096.7,1096.7,1096.7,371.7,371.7,371.7,371.7,371.7,5.96,5.99,6.16,6.19,5.72,6.32,6.24,0.0,0.0,5.91,6.04,6.25,0.0,0.0,6.17,5.97,6.11,0.0,6.24,6.11,6.19,0.0,0.0,0.0,0.0,0.0,0.0,0.0,841.7,832.6,837.6,73.387,73.013,73.073
P2,IB1,P2-IB1-3.2-SI14,SACU-2,18,18,0,100.0,0.0,MBUS-14,On-grid,477.39,119.165,-0.066,1098.2,1098.2,1098.2,1098.2,1088.4,1088.4,1088.4,1088.4,1088.4,1108.3,1108.3,1108.3,1108.3,1108.3,1086.7,1086.7,1086.7,1086.7,1105.5,1105.5,1105.5,1105.5,1105.5,1102.8,1102.8,1102.8,1102.8,1102.8,6.32,5.9,6.1,5.97,6.26,5.75,6.2,0.0,0.0,6.13,6.1,5.97,0.0,0.0,6.42,5.96,0.0,6.29,6.14,6.25,5.89,0.0,0.0,6.32,5.94,0.0,0.0,0.0,842.7,836.5,834.1,82.415,82.035,82.035
P2,IB1,P2-IB1-3.2-SI15,SACU-2,18,18,0,100.0,0.0,MBUS-15,On-grid,479.06,119.582,0.052,1098.3,1098.3,1098.3,1098.3,1103.8,1103.8,1103.8,1103.8,1103.8,1105.9,1105.9,1105.9,1105.9,1105.9,1096.2,1096.2,1096.2,1096.2,1095.3,1095.3,1095.3,1095.3,1095.3,1104.1,1104.1,1104.1,1104.1,1104.1,6.35,6.1,6.11,5.95,5.93,6.05,6.07,0.0,0.0,6.08,6.13,6.0,0.0,0.0,6.28,5.98,0.0,6.17,5.79,6.19,5.93,0.0,0.0,5.9,6.1,0.0,0.0,0.0,843.6,833.2,838.8,82.496,82.281,82.447
P2,IB1,P2-IB1-3.2-SI16,SACU-2,18,18,0,100.0,0.0,MBUS-16,On-grid,476.27,118.962,0.059,1093.9,1093.9,1093.9,1093.9,1097.5,1097.5,1097.5,1097.5,1097.5,1094.7,1094.7,1094.7,1094.7,1094.7,1091.8,1091.8,1091.8,1091.8,1103.9,1103.9,1103.9,1103.9,1103.9,1098.2,1098.2,1098.2,1098.2,1098.2,6.2,6.17,5.94,6.14,5.96,6.17,6.0,0.0,0.0,6.46,5.92,6.15,0.0,0.0,6.21,6.1,0.0,5.95,6.46,5.93,6.01,0.0,0.0,6.3,5.91,0.0,0.0,0.0,843.6,834.3,838.7,82.285,82.049,81.905
P2,IB1,P2-IB1-4.1-SI01,SACU-2,18,18,0,100.0,0.0,MBUS-17,On-grid,476.76,119.044,0.044,1097.4,1097.4,1097.4,1097.4,1090.4,1090.4,1090.4,1090.4,1090.4,1091.3,1091.3,1091.3,1091.3,1091.3,1101.5,1101.5,1101.5,1101.5,1095.1,1095.1,1095.1,1095.1,1095.1,1089.9,1089.9,1089.9,1089.9,1089.9,6.24,6.17,5.97,6.1,5.88,6.17,6.02,0.0,0.0,6.26,6.04,6.24,0.0,0.0,6.08,6.17,6.0,6.18,6.46,5.98,6.08,0.0,0.0,6.11,0.0,0.0,0.0,0.0,845.4,839.1,835.6,81.833,82.174,81.582
P2,IB1,P2-IB1-4.1-SI02,SACU-2,18,18,0,100.0,0.0,MBUS-18,On-grid,482.94,120.425,-0.066,1103.9,1103.9,1103.9,1103.9,1111.0,1111.0,1111.0,1111.0,1111.0,1099.3,1099.3,1099.3,1099.3,1099.3,1100.0,1100.0,1100.0,1100.0,1098.8,1098.8,1098.8,1098.8,1098.8,1100.8,1100.8,1100.8,1100.8,1100.8,6.4,6.06,6.1,6.09,6.19,6.11,6.14,0.0,0.0,6.24,6.13,6.08,0.0,0.0,6.23,6.03,6.09,0.0,6.12,6.2,6.01,0.0,0.0,6.15,6.14,0.0,0.0,0.0,842.7,833.1,838.9,83.279,82.794,83.032
P2,IB1,P2-IB1-4.1-SI03,SACU-2,18,18,0,100.0,0.0,MBUS-19,On-grid,479.59,119.623,0.01,1097.3,1097.3,1097.3,1097.3,1087.4,1087.4,1087.4,1087.4,1087.4,1096.8,1096.8,1096.8,1096.8,1096.8,1098.7,1098.7,1098.7,1098.7,1103.1,1103.1,1103.1,1103.1,1103.1,1104.0,1104.0,1104.0,1104.0,1104.0,6.39,6.11,6.06,5.97,6.26,6.03,6.15,0.0,0.0,6.12,6.15,6.08,0.0,0.0,6.32,6.09,6.11,0.0,6.23,6.08,5.86,0.0,0.0,6.41,5.97,0.0,0.0,0.0,841.3,830.1,837.0,82.877,82.538,82.419
P2,IB1,P2-IB1-4.1-SI04,SACU-2,18,18,0,100.0,0.0,MBUS-20,On-grid,481.16,119.637,-0.025,1102.5,1102.5,1102.5,1102.5,1086.5,1086.5,1086.5,1086.5,1086.5,1092.4,1092.4,1092.4,1092.4,1092.4,1099.4,1099.4,1099.4,1099.4,1107.0,1107.0,1107.0,1107.0,1107.0,1096.3,1096.3,1096.3,1096.3,1096.3,6.33,6.01,6.14,6.2,6.14,6.26,6.07,0.0,0.0,6.29,5.95,6.28,0.0,0.0,6.23,6.12,5.92,0.0,6.19,6.08,6.03,0.0,0.0,6.24,5.99,0.0,0.0,0.0,843.1,832.9,838.1,82.591,82.483,82.324
P2,IB1,P2-IB1-4.1-SI05,SACU-2,18,18,0,100.0,0.0,MBUS-21,On-grid,476.24,118.872,-0.059,1092.7,1092.7,1092.7,1092.7,1102.3,1102.3,1102.3,1102.3,1102.3,1103.5,1103.5,1103.5,1103.5,1103.5,1096.2,1096.2,1096.2,1096.2,1091.2,1091.2,1091.2,1091.2,1091.2,1097.8,1097.8,1097.8,1097.8,1097.8,6.29,6.14,5.94,6.13,5.94,6.17,5.94,0.0,0.0,6.25,5.86,6.16,0.0,0.0,6.43,0.0,5.86,6.04,6.37,6.19,5.92,0.0,0.0,0.0,6.13,5.98,0.0,0.0,844.3,833.8,838.6,82.038,81.509,81.818
P2,IB1,P2-IB1-4.1-SI06,SACU-2,18,18,0,100.0,0.0,MBUS-22,On-grid,476.03,118.936,-0.025,1093.1,1093.1,1093.1,1093.1,1097.1,1097.1,1097.1,1097.1,1097.1,1093.6,1093.6,1093.6,1093.6,1093.6,1111.6,1111.6,1111.6,1111.6,1088.9,1088.9,1088.9,1088.9,1088.9,1097.5,1097.5,1097.5,1097.5,1097.5,6.25,6.07,6.12,5.99,6.1,6.03,6.12,0.0,0.0,6.24,6.19,6.08,0.0,0.0,6.28,5.94,5.99,0.0,6.52,6.16,5.85,0.0,0.0,6.36,5.96,0.0,0.0,0.0,844.8,838.8,835.0,82.073,81.707,81.522
P2,IB1,P2-IB1-4.1-SI07,SACU-2,18,18,0,100.0,0.0,MBUS-23,On-grid,477.68,119.702,0.016,1103.6,1103.6,1103.6,1103.6,1107.8,1107.8,1107.8,1107.8,1107.8,1100.7,1100.7,1100.7,1100.7,1100.7,1113.5,1113.5,1113.5,1113.5,1110.6,1110.6,1110.6,1110.6,1110.6,1113.2,1113.2,1113.2,1113.2,1113.2,6.25,5.89,6.0,6.17,5.95,6.2,5.97,0.0,0.0,6.31,6.03,6.2,0.0,0.0,6.0,6.07,5.98,0.0,6.22,6.16,6.0,0.0,0.0,6.22,5.98,0.0,0.0,0.0,846.1,841.0,836.4,82.547,82.038,82.161
P2,IB1,P2-IB1-4.1-SI08,SACU-2,18,18,0,100.0,0.0,MBUS-24,On-grid,468.48,117.738,0.001,1089.2,1089.2,1089.2,1089.2,1098.2,1098.2,1098.2,1098.2,1098.2,1097.5,1097.5,1097.5,1097.5,1097.5,1080.5,1080.5,1080.5,1080.5,1085.4,1085.4,1085.4,1085.4,1085.4,1103.9,1103.9,1103.9,1103.9,1103.9,6.28,5.98,6.12,5.97,6.06,5.93,6.08,0.0,0.0,6.07,6.09,5.99,0.0,0.0,6.3,5.99,6.18,0.0,6.2,6.22,0.0,0.0,0.0,6.16,5.88,5.98,0.0,0.0,844.8,838.4,838.0,81.257,80.866,80.889
P2,IB1,P2-IB1-4.2-SI09,SACU-2,18,18,0,100.0,0.0,MBUS-25,On-grid,468.21,117.846,-0.034,1095.1,1095.1,1095.1,1095.1,1086.3,1086.3,1086.3,1086.3,1086.3,1094.1,1094.1,1094.1,1094.1,1094.1,1090.2,1090.2,1090.2,1090.2,1091.8,1091.8,1091.8,1091.8,1091.8,1097.1,1097.1,1097.1,1097.1,1097.1,6.18,5.94,5.96,6.05,5.84,6.13,5.93,0.0,0.0,6.27,5.95,6.12,0.0,0.0,6.02,6.12,6.12,0.0,6.17,5.97,6.14,0.0,0.0,6.03,6.04,0.0,0.0,0.0,846.9,842.0,836.1,81.142,80.936,80.637
P2,IB1,P2-IB1-4.2-SI10,SACU-2,18,18,0,100.0,0.0,MBUS-26,On-grid,470.57,118.393,-0.014,1087.5,1087.5,1087.5,1087.5,1098.8,1098.8,1098.8,1098.8,1098.8,1094.0,1094.0,1094.0,1094.0,1094.0,1080.8,1080.8,1080.8,1080.8,1107.1,1107.1,1107.1,1107.1,1107.1,1097.6,1097.6,1097.6,1097.6,1097.6,6.27,6.14,5.94,6.05,6.1,5.99,6.02,0.0,0.0,6.32,6.03,6.09,0.0,0.0,6.25,5.92,6.25,0.0,6.42,6.12,5.99,0.0,0.0,6.32,5.95,0.0,0.0,0.0,847.3,840.7,839.5,81.228,81.052,80.927
P2,IB1,P2-IB1-4.2-SI11,SACU-2,18,18,0,100.0,0.0,MBUS-27,On-grid,470.57,117.954,0.041,1099.6,1099.6,1099.6,1099.6,1088.3,1088.3,1088.3,1088.3,1088.3,1093.2,1093.2,1093.2,1093.2,1093.2,1103.7,1103.7,1103.7,1103.7,1090.5,1090.5,1090.5,1090.5,1090.5,1091.7,1091.7,1091.7,1091.7,1091.7,6.29,5.97,6.08,5.93,6.21,6.0,6.12,0.0,0.0,6.16,6.09,5.98,0.0,0.0,6.25,5.93,6.2,0.0,6.2,6.17,5.9,0.0,0.0,6.3,5.88,0.0,0.0,0.0,844.3,838.0,836.0,81.347,81.242,80.989
P2,IB1,P2-IB1-4.2-SI12,SACU-2,18,18,0,100.0,0.0,MBUS-28,On-grid,468.79,117.974,-0.006,1092.8,1092.8,1092.8,1092.8,1090.1,1090.1,1090.1,1090.1,1090.1,1088.5,1088.5,1088.5,1088.5,1088.5,1088.0,1088.0,1088.0,1088.0,1089.3,1089.3,1089.3,1089.3,1089.3,1101.7,1101.7,1101.7,1101.7,1101.7,6.13,6.17,6.08,5.98,6.09,6.13,5.94,0.0,0.0,6.3,5.91,6.21,0.0,0.0,6.33,6.15,6.0,0.0,6.2,5.98,6.06,0.0,0.0,6.07,6.03,0.0,0.0,0.0,846.9,836.6,843.4,81.265,80.943,80.921
P2,IB1,P2-IB1-4.2-SI13,SACU-2,18,18,0,100.0,0.0,MBUS-29,On-grid,470.21,118.176,-0.001,1101.8,1101.8,1101.8,1101.8,1084.2,1084.2,1084.2,1084.2,1084.2,1103.8,1103.8,1103.8,1103.8,1103.8,1086.8,1086.8,1086.8,1086.8,1096.6,1096.6,1096.6,1096.6,1096.6,1095.7,1095.7,1095.7,1095.7,1095.7,6.03,6.12,5.97,6.15,6.05,6.2,5.95,0.0,0.0,6.21,6.02,5.99,0.0,0.0,6.24,5.99,6.04,0.0,6.11,6.15,6.04,0.0,0.0,5.94,6.01,0.0,0.0,0.0,847.3,836.9,843.6,81.01,80.779,80.819
P2,IB1,P2-IB1-4.2-SI14,SACU-2,18,18,0,100.0,0.0,MBUS-30,On-grid,475.19,118.691,0.036,1098.1,1098.1,1098.1,1098.1,1086.8,1086.8,1086.8,1086.8,1086.8,1099.7,1099.7,1099.7,1099.7,1099.7,1091.6,1091.6,1091.6,1091.6,1106.0,1106.0,1106.0,1106.0,1106.0,1097.5,1097.5,1097.5,1097.5,1097.5,6.29,5.97,6.13,6.01,6.12,6.01,6.16,0.0,0.0,6.05,6.07,5.99,0.0,0.0,6.33,5.96,6.11,0.0,6.17,6.12,5.88,0.0,0.0,6.39,5.98,0.0,0.0,0.0,844.5,837.2,836.9,81.735,81.254,81.522
P2,IB1,P2-IB1-4.2-SI15,SACU-2,18,18,0,100.0,0.0,MBUS-31,On-grid,474.14,118.784,0.01,1093.9,1093.9,1093.9,1093.9,1111.5,1111.5,1111.5,1111.5,1111.5,1101.9,1101.9,1101.9,1101.9,1101.9,1099.8,1099.8,1099.8,1099.8,1094.7,1094.7,1094.7,1094.7,1094.7,1089.2,1089.2,1089.2,1089.2,1089.2,6.15,6.05,5.89,6.14,5.91,6.05,5.86,0.0,0.0,6.21,5.87,6.16,0.0,0.0,6.13,6.11,5.97,0.0,6.25,5.97,6.07,0.0,0.0,6.1,6.12,0.0,0.0,0.0,845.6,834.8,841.2,81.696,81.614,81.686
P2,IB1,P2-IB1-4.2-SI16,SACU-2,18,18,0,100.0,0.0,MBUS-32,On-grid,472.5,118.292,-0.007,1102.0,1102.0,1102.0,1102.0,1088.4,1088.4,1088.4,1088.4,1088.4,1103.7,1103.7,1103.7,1103.7,1103.7,1098.6,1098.6,1098.6,1098.6,1099.5,1099.5,1099.5,1099.5,1099.5,1097.6,1097.6,1097.6,1097.6,1097.6,6.38,5.99,5.9,6.13,6.02,6.24,5.85,0.0,0.0,6.32,5.94,6.16,0.0,0.0,6.17,6.1,5.97,0.0,6.3,5.97,6.03,0.0,0.0,6.1,6.0,0.0,0.0,0.0,848.1,842.4,838.6,81.519,80.967,80.744
P2,IB2,P2-IB2-1.1-SI01,SACU-1,19,19,0,100.0,0.0,MBUS-1,On-grid,507.17,126.802,-0.027,1108.3,1108.3,1108.3,1108.3,1101.2,1101.2,1101.2,1101.2,1101.2,1112.4,1112.4,1112.4,1112.4,1112.4,1096.1,1096.1,1096.1,1096.1,1106.2,1106.2,1106.2,1106.2,1106.2,1111.3,1111.3,1111.3,1111.3,1111.3,6.36,6.07,6.18,5.99,6.26,6.03,6.14,0.0,0.0,6.18,6.12,6.06,0.0,0.0,6.54,5.9,6.28,0.0,6.32,6.08,6.14,0.0,0.0,6.43,6.13,6.02,0.0,0.0,846.8,837.3,842.1,87.257,86.483,87.307
P2,IB2,P2-IB2-1.1-SI02,SACU-1,19,19,0,100.0,0.0,MBUS-2,On-grid,505.52,126.637,-0.032,1090.0,1090.0,1090.0,1090.0,1101.4,1101.4,1101.4,1101.4,1101.4,1104.8,1104.8,1104.8,1104.8,1104.8,1105.8,1105.8,1105.8,1105.8,1100.4,1100.4,1100.4,1100.4,1100.4,1111.4,1111.4,1111.4,1111.4,1111.4,6.45,6.08,6.16,6.02,6.17,6.07,6.13,0.0,0.0,6.13,6.16,6.07,0.0,0.0,6.51,6.0,6.12,0.0,6.64,6.25,6.2,0.0,0.0,5.78,6.18,6.02,0.0,0.0,846.5,836.2,841.6,87.104,86.988,86.841
P2,IB2,P2-IB2-1.1-SI03,SACU-1,19,19,0,100.0,0.0,MBUS-3,On-grid,503.69,126.349,-0.078,1099.5,1099.5,1099.5,1099.5,1106.4,1106.4,1106.4,1106.4,1106.4,1106.8,1106.8,1106.8,1106.8,1106.8,1106.9,1106.9,1106.9,1106.9,1106.2,1106.2,1106.2,1106.2,1106.2,1108.2,1108.2,1108.2,1108.2,1108.2,6.3,6.03,6.1,5.97,6.15,5.99,6.18,0.0,0.0,6.44,6.19,6.01,0.0,0.0,6.37,5.93,6.14,0.0,5.99,6.11,5.94,0.0,0.0,6.23,6.13,6.04,0.0,0.0,845.1,840.9,835.4,87.365,87.055,86.566
P2,IB2,P2-IB2-1.1-SI04,SACU-1,19,19,0,100.0,0.0,MBUS-4,On-grid,502.48,126.424,0.061,1105.9,1105.9,1105.9,1105.9,1109.9,1109.9,1109.9,1109.9,1109.9,1104.7,1104.7,1104.7,1104.7,1104.7,1106.0,1106.0,1106.0,1106.0,1108.7,1108.7,1108.7,1108.7,1108.7,1093.9,1093.9,1093.9,1093.9,1093.9,6.65,6.0,6.13,6.0,6.53,6.08,6.14,0.0,0.0,6.52,6.15,6.08,0.0,0.0,6.77,5.97,6.15,0.0,6.52,6.21,5.96,0.0,0.0,6.74,5.99,6.28,0.0,0.0,843.0,837.6,833.8,87.685,87.486,86.884
P2,IB2,P2-IB2-1.1-SI05,SACU-1,19,19,0,100.0,0.0,MBUS-5,On-grid,512.63,127.566,-0.017,1098.5,1098.5,1098.5,1098.5,1108.3,1108.3,1108.3,1108.3,1108.3,1109.1,1109.1,1109.1,1109.1,1109.1,1110.6,1110.6,1110.6,1110.6,1106.2,1106.2,1106.2,1106.2,1106.2,1099.4,1099.4,1099.4,1099.4,1099.4,6.33,6.17,5.99,6.23,6.19,6.27,6.07,0.0,0.0,6.44,6.1,6.14,0.0,0.0,6.6,5.98,6.02,0.0,6.13,6.19,5.99,0.0,0.0,6.55,6.08,6.25,0.0,0.0,846.9,836.8,842.4,87.918,87.265,87.42
P2,IB2,P2-IB2-1.1-SI06,SACU-1,19,19,0,100.0,0.0,MBUS-6,On-grid,508.84,126.768,-0.094,1101.3,1101.3,1101.3,1101.3,1114.7,1114.7,1114.7,1114.7,1114.7,1102.7,1102.7,1102.7,1102.7,1102.7,1092.6,1092.6,1092.6,1092.6,1105.6,1105.6,1105.6,1105.6,1105.6,1108.5,1108.5,1108.5,1108.5,1108.5,6.36,6.05,6.16,6.04,6.32,5.94,6.17,0.0,0.0,6.11,6.21,6.1,0.0,0.0,6.45,6.05,6.26,6.32,6.11,6.16,5.99,6.01,0.0,6.38,0.0,0.0,0.0,0.0,846.9,839.4,840.1,87.333,87.022,86.744
P2,IB2,P2-IB2-1.1-SI07,SACU-1,19,19,0,100.0,0.0,MBUS-7,On-grid,508.36,127.051,0.012,1098.0,1098.0,1098.0,1098.0,1099.5,1099.5,1099.5,1099.5,1099.5,1102.5,1102.5,1102.5,1102.5,1102.5,1115.3,1115.3,1115.3,1115.3,1101.7,1101.7,1101.7,1101.7,1101.7,1105.4,1105.4,1105.4,1105.4,1105.4,6.42,6.16,6.13,6.2,6.18,6.26,6.02,0.0,0.0,6.35,6.04,6.27,0.0,0.0,6.24,6.14,5.93,0.0,6.29,6.1,6.17,0.0,0.0,6.01,6.16,6.08,0.0,0.0,846.5,835.6,842.0,87.488,87.194,87.325
P2,IB2,P2-IB2-1.1-SI08,SACU-1,19,19,0,100.0,0.0,MBUS-8,On-grid,507.33,126.662,-0.037,1113.1,1113.1,1113.1,1113.1,1099.8,1099.8,1099.8,1099.8,1099.8,1091.2,1091.2,1091.2,1091.2,1091.2,1101.7,1101.7,1101.7,1101.7,1106.9,1106.9,1106.9,1106.9,1106.9,1089.5,1089.5,1089.5,1089.5,1089.5,6.3,6.17,5.91,6.11,6.2,6.23,6.05,0.0,0.0,6.3,6.19,6.27,0.0,0.0,6.48,6.11,6.05,0.0,6.09,6.1,6.19,6.12,0.0,0.0,6.18,6.03,0.0,0.0,843.3,838.1,834.4,87.891,87.075,86.94
P2,IB2,P2-IB2-1.2-SI09,SACU-1,19,19,0,100.0,0.0,MBUS-9,On-grid,512.89,128.096,-0.061,1108.5,1108.5,1108.5,1108.5,1116.4,1116.4,1116.4,1116.4,1116.4,1105.2,1105.2,1105.2,1105.2,1105.2,1112.6,1112.6,1112.6,1112.6,1104.0,1104.0,1104.0,1104.0,1104.0,1115.7,1115.7,1115.7,1115.7,1115.7,6.65,6.05,5.99,6.18,6.48,6.24,6.03,0.0,0.0,6.69,6.24,6.33,0.0,0.0,6.57,6.14,5.99,0.0,6.65,6.1,6.19,0.0,0.0,6.5,6.09,5.98,0.0,0.0,847.5,841.4,839.2,88.078,87.671,87.668
P2,IB2,P2-IB2-1.2-SI10,SACU-1,19,19,0,100.0,0.0,MBUS-10,On-grid,504.93,126.526,-0.054,1102.5,1102.5,1102.5,1102.5,1094.3,1094.3,1094.3,1094.3,1094.3,1110.7,1110.7,1110.7,1110.7,1110.7,1096.1,1096.1,1096.1,1096.1,1110.7,1110.7,1110.7,1110.7,1110.7,1120.7,1120.7,1120.7,1120.7,1120.7,6.31,6.03,6.14,6.08,6.35,6.06,6.27,0.0,0.0,6.17,6.11,6.22,0.0,0.0,6.47,6.13,5.93,0.0,6.26,6.02,6.13,0.0,0.0,6.08,6.13,5.98,0.0,0.0,845.4,835.5,840.3,87.12,86.807,86.757
P2,IB2,P2-IB2-1.2-SI11,SACU-1,19,19,0,100.0,0.0,MBUS-11,On-grid,502.85,125.873,-0.003,1113.9,1113.9,1113.9,1113.9,1098.4,1098.4,1098.4,1098.4,1098.4,1119.8,1119.8,1119.8,1119.8,1119.8,1093.6,1093.6,1093.6,1093.6,1092.5,1092.5,1092.5,1092.5,1092.5,1106.9,1106.9,1106.9,1106.9,1106.9,6.25,6.11,5.92,6.09,6.15,6.26,6.07,0.0,0.0,6.29,5.95,5.97,0.0,0.0,6.49,5.93,6.17,0.0,6.18,6.18,6.06,0.0,0.0,6.32,6.01,6.03,0.0,0.0,843.7,837.3,835.0,87.2,86.532,86.591
P2,IB2,P2-IB2-1.2-SI12,SACU-1,19,19,0,100.0,0.0,MBUS-12,On-grid,503.98,126.7,0.075,1101.9,1101.9,1101.9,1101.9,1114.9,1114.9,1114.9,1114.9,1114.9,1104.6,1104.6,1104.6,1104.6,1104.6,1109.5,1109.5,1109.5,1109.5,1098.7,1098.7,1098.7,1098.7,1098.7,1097.2,1097.2,1097.2,1097.2,1097.2,6.37,5.98,6.14,6.04,6.27,6.06,6.07,0.0,0.0,6.19,6.17,6.09,0.0,0.0,6.54,5.97,6.08,0.0,6.22,6.24,6.0,0.0,0.0,6.24,6.19,6.2,0.0,0.0,844.3,834.9,839.0,87.614,87.448,87.51
P2,IB2,P2-IB2-1.2-SI13,SACU-1,19,19,0,100.0,0.0,MBUS-13,On-grid,501.7,126.655,0.018,1098.3,1098.3,1098.3,1098.3,1106.7,1106.7,1106.7,1106.7,1106.7,1103.6,1103.6,1103.6,1103.6,1103.6,1088.7,1088.7,1088.7,1088.7,1099.0,1099.0,1099.0,1099.0,1099.0,1103.5,1103.5,1103.5,1103.5,1103.5,6.23,6.23,6.08,6.23,6.26,6.24,6.05,0.0,0.0,6.22,6.02,6.2,0.0,0.0,6.56,6.11,6.04,0.0,6.23,6.05,6.15,0.0,0.0,6.06,6.14,5.99,0.0,0.0,844.1,837.5,836.2,87.601,87.204,87.229
P2,IB2,P2-IB2-1.2-SI14,SACU-1,19,19,0,100.0,0.0,MBUS-14,On-grid,500.62,125.634,0.017,1104.6,1104.6,1104.6,1104.6,1095.5,1095.5,1095.5,1095.5,1095.5,1102.8,1102.8,1102.8,1102.8,1102.8,1100.2,1100.2,1100.2,1100.2,1090.5,1090.5,1090.5,1090.5,1090.5,1111.4,1111.4,1111.4,1111.4,1111.4,6.26,6.0,5.94,6.21,6.17,6.19,6.01,0.0,0.0,6.24,6.16,6.17,0.0,0.0,6.43,6.03,5.96,0.0,6.28,6.05,6.22,0.0,0.0,6.09,6.06,5.98,0.0,0.0,845.4,840.2,835.7,86.896,86.277,86.347
P2,IB2,P2-IB2-1.2-SI15,SACU-1,19,19,0,100.0,0.0,MBUS-15,On-grid,503.06,126.35,0.021,1103.0,1103.0,1103.0,1103.0,1098.0,1098.0,1098.0,1098.0,1098.0,1090.4,1090.4,1090.4,1090.4,1090.4,1111.7,1111.7,1111.7,1111.7,1110.5,1110.5,1110.5,1110.5,1110.5,1112.1,1112.1,1112.1,1112.1,1112.1,6.46,5.92,6.11,5.96,6.32,6.1,6.1,0.0,0.0,6.38,6.15,6.22,0.0,0.0,6.51,5.99,5.9,0.0,6.16,5.97,6.09,0.0,0.0,6.05,6.11,6.14,0.0,0.0,844.3,833.3,839.8,87.543,86.616,86.943
P2,IB2,P2-IB2-1.2-SI16,SACU-1,19,19,0,100.0,0.0,MBUS-16,On-grid,506.2,126.989,0.078,1112.4,1112.4,1112.4,1112.4,1107.8,1107.8,1107.8,1107.8,1107.8,1106.3,1106.3,1106.3,1106.3,1106.3,1112.4,1112.4,1112.4,1112.4,1112.1,1112.1,1112.1,1112.1,1112.1,1106.1,1106.1,1106.1,1106.1,1106.1,6.72,6.03,6.08,6.01,6.49,6.12,6.19,0.0,0.0,6.49,6.2,6.06,0.0,0.0,6.56,6.14,5.98,0.0,6.68,6.05,6.13,0.0,0.0,6.62,6.15,6.07,0.0,0.0,845.5,839.8,836.9,87.796,87.203,87.06
P2,IB2,P2-IB2-2.1-SI01,SACU-1,19,14,5,73.68,26.32,MBUS-17,On-grid,361.81,92.224,0.019,1111.0,1111.0,1111.0,1111.0,1107.2,1107.2,1107.2,1107.2,1107.2,1095.5,1095.5,1095.5,1095.5,1095.5,1094.9,1094.9,1094.9,1094.9,1090.6,1090.6,1090.6,1090.6,1090.6,1096.5,1096.5,1096.5,1096.5,1096.5,6.68,5.89,0.0,5.97,6.42,5.93,6.07,0.0,0.0,6.73,0.0,5.91,0.0,0.0,6.61,5.94,6.02,0.0,6.63,0.0,0.0,0.0,0.0,6.56,5.97,0.0,0.0,0.0,844.6,833.8,840.1,63.803,63.039,63.308
P2,IB2,P2-IB2-2.1-SI02,SACU-1,19,19,0,100.0,0.0,MBUS-18,On-grid,493.24,124.435,-0.034,1088.0,1088.0,1088.0,1088.0,1087.5,1087.5,1087.5,1087.5,1087.5,1098.1,1098.1,1098.1,1098.1,1098.1,1110.6,1110.6,1110.6,1110.6,1095.8,1095.8,1095.8,1095.8,1095.8,1090.7,1090.7,1090.7,1090.7,1090.7,6.14,6.17,6.0,6.23,6.18,6.19,5.95,0.0,0.0,6.26,5.86,6.1,0.0,0.0,6.24,6.01,5.81,0.0,6.17,6.02,6.09,0.0,0.0,5.99,6.06,5.98,0.0,0.0,843.8,833.6,839.3,86.147,85.58,85.544
P2,IB2,P2-IB2-2.1-SI03,SACU-1,19,19,0,100.0,0.0,MBUS-19,On-grid,492.61,124.56,-0.012,1098.9,1098.9,1098.9,1098.9,1096.3,1096.3,1096.3,1096.3,1096.3,1096.4,1096.4,1096.4,1096.4,1096.4,1089.3,1089.3,1089.3,1089.3,1094.3,1094.3,1094.3,1094.3,1094.3,1092.6,1092.6,1092.6,1092.6,1092.6,6.37,5.86,5.87,5.95,6.48,6.13,6.05,0.0,0.0,6.04,6.08,5.92,0.0,0.0,6.55,5.91,6.16,0.0,6.13,6.09,5.93,0.0,0.0,6.21,5.9,6.09,0.0,0.0,844.4,838.8,837.0,85.917,85.511,85.727
P2,IB2,P2-IB2-2.1-SI04,SACU-1,19,19,0,100.0,0.0,MBUS-20,On-grid,494.93,124.811,0.013,1099.4,1099.4,1099.4,1099.4,1086.8,1086.8,1086.8,1086.8,1086.8,1101.4,1101.4,1101.4,1101.4,1101.4,1098.8,1098.8,1098.8,1098.8,1114.6,1114.6,1114.6,1114.6,1114.6,1095.9,1095.9,1095.9,1095.9,1095.9,6.41,5.93,6.1,5.99,6.02,6.1,6.21,0.0,0.0,6.22,6.06,5.94,0.0,0.0,6.6,5.97,6.02,0.0,5.92,6.12,5.9,0.0,0.0,5.81,6.1,5.98,0.0,0.0,843.2,833.3,838.9,86.506,86.081,85.872
P2,IB2,P2-IB2-2.1-SI05,SACU-1,19,19,0,100.0,0.0,MBUS-21,On-grid,493.18,125.446,-0.014,1091.5,1091.5,1091.5,1091.5,1099.0,1099.0,1099.0,1099.0,1099.0,1107.7,1107.7,1107.7,1107.7,1107.7,1117.0,1117.0,1117.0,1117.0,1094.8,1094.8,1094.8,1094.8,1094.8,1090.2,1090.2,1090.2,1090.2,1090.2,6.21,6.16,5.96,6.16,6.07,6.25,6.05,0.0,0.0,6.34,5.96,6.17,0.0,0.0,6.17,6.05,5.94,0.0,6.26,5.98,6.08,0.0,0.0,6.28,6.08,5.99,0.0,0.0,845.5,837.1,838.2,86.043,86.31,86.109
P2,IB2,P2-IB2-2.1-SI06,SACU-1,19,19,0,100.0,0.0,MBUS-22,On-grid,489.89,124.764,-0.012,1116.8,1116.8,1116.8,1116.8,1111.4,1111.4,1111.4,1111.4,1111.4,1097.7,1097.7,1097.7,1097.7,1097.7,1108.8,1108.8,1108.8,1108.8,1092.7,1092.7,1092.7,1092.7,1092.7,1084.2,1084.2,1084.2,1084.2,1084.2,6.31,6.01,5.82,6.1,6.09,6.18,5.97,0.0,0.0,6.26,5.9,6.11,0.0,0.0,6.25,6.05,5.92,0.0,6.47,5.95,6.14,0.0,0.0,6.12,6.09,6.04,0.0,0.0,845.9,839.2,838.7,85.958,85.612,85.565
P2,IB2,P2-IB2-2.1-SI07,SACU-1,19,19,0,100.0,0.0,MBUS-23,On-grid,498.56,125.952,0.019,1097.6,1097.6,1097.6,1097.6,1106.7,1106.7,1106.7,1106.7,1106.7,1106.7,1106.7,1106.7,1106.7,1106.7,1097.6,1097.6,1097.6,1097.6,1102.8,1102.8,1102.8,1102.8,1102.8,1099.7,1099.7,1099.7,1099.7,1099.7,6.36,5.96,5.94,6.21,6.08,6.17,5.96,0.0,0.0,6.24,6.02,6.19,0.0,0.0,6.41,6.12,6.0,0.0,6.26,6.03,6.05,0.0,0.0,6.04,6.04,5.99,0.0,0.0,844.3,837.2,836.5,87.075,86.541,86.663
P2,IB2,P2-IB2-2.1-SI08,SACU-1,19,19,0,100.0,0.0,MBUS-24,On-grid,493.23,125.238,0.007,1104.4,1104.4,1104.4,1104.4,1095.3,1095.3,1095.3,1095.3,1095.3,1093.9,1093.9,1093.9,1093.9,1093.9,1095.4,1095.4,1095.4,1095.4,1102.3,1102.3,1102.3,1102.3,1102.3,1091.4,1091.4,1091.4,1091.4,1091.4,6.46,5.9,6.11,5.97,6.2,5.99,6.09,0.0,0.0,6.09,6.08,5.97,0.0,0.0,6.53,5.87,6.02,0.0,6.08,6.19,5.98,0.0,0.0,6.28,6.19,6.08,0.0,0.0,845.5,835.7,841.4,86.299,86.331,85.663
P2,IB2,P2-IB2-2.2-SI09,SACU-1,19,19,0,100.0,0.0,MBUS-25,On-grid,497.46,125.553,-0.006,1091.0,1091.0,1091.0,1091.0,1108.3,1108.3,1108.3,1108.3,1108.3,1099.2,1099.2,1099.2,1099.2,1099.2,1099.2,1099.2,1099.2,1099.2,1095.6,1095.6,1095.6,1095.6,1095.6,1094.5,1094.5,1094.5,1094.5,1094.5,6.49,6.1,6.09,6.02,5.96,6.12,5.89,0.0,0.0,6.1,6.09,6.08,0.0,0.0,6.48,5.95,6.13,0.0,6.03,6.27,6.06,0.0,0.0,5.97,6.13,6.05,0.0,0.0,845.9,840.6,836.3,86.627,86.221,86.001
P2,IB2,P2-IB2-2.2-SI10,SACU-1,19,19,0,100.0,0.0,MBUS-26,On-grid,497.49,126.058,0.02,1093.1,1093.1,1093.1,1093.1,1103.6,1103.6,1103.6,1103.6,1103.6,1111.2,1111.2,1111.2,1111.2,1111.2,1114.1,1114.1,1114.1,1114.1,1108.1,1108.1,1108.1,1108.1,1108.1,1106.4,1106.4,1106.4,1106.4,1106.4,6.33,6.06,6.03,6.25,6.22,6.11,6.18,0.0,0.0,6.05,6.11,5.96,0.0,0.0,6.38,5.87,5.96,0.0,6.02,6.12,5.87,0.0,0.0,6.33,5.97,6.19,0.0,0.0,847.8,839.7,840.0,86.616,86.209,86.608
P2,IB2,P2-IB2-2.2-SI11,SACU-1,19,19,0,100.0,0.0,MBUS-27,On-grid,503.15,126.092,-0.071,1088.4,1088.4,1088.4,1088.4,1107.1,1107.1,1107.1,1107.1,1107.1,1098.9,1098.9,1098.9,1098.9,1098.9,1090.2,1090.2,1090.2,1090.2,1109.7,1109.7,1109.7,1109.7,1109.7,1110.9,1110.9,1110.9,1110.9,1110.9,6.43,6.11,5.99,6.24,6.23,6.25,5.95,0.0,0.0,6.34,5.98,6.21,0.0,0.0,6.49,6.12,5.91,0.0,6.21,6.01,6.11,0.0,0.0,6.14,6.07,6.01,0.0,0.0,844.6,833.6,839.3,86.886,86.755,86.637
P2,IB2,P2-IB2-2.2-SI12,SACU-1,19,19,0,100.0,0.0,MBUS-28,On-grid,495.16,125.194,0.001,1106.1,1106.1,1106.1,1106.1,1097.8,1097.8,1097.8,1097.8,1097.8,1098.9,1098.9,1098.9,1098.9,1098.9,1096.7,1096.7,1096.7,1096.7,1093.7,1093.7,1093.7,1093.7,1093.7,1101.6,1101.6,1101.6,1101.6,1101.6,6.5,6.02,6.04,5.92,6.3,6.07,6.12,0.0,0.0,6.15,6.11,6.12,0.0,0.0,6.35,5.9,6.12,0.0,6.28,6.16,6.06,0.0,0.0,6.27,6.05,5.98,0.0,0.0,846.1,839.9,836.8,86.197,86.3,86.006
P2,IB2,P2-IB2-2.2-SI13,SACU-1,19,19,0,100.0,0.0,MBUS-29,On-grid,494.23,124.919,0.007,1105.7,1105.7,1105.7,1105.7,1090.4,1090.4,1090.4,1090.4,1090.4,1093.0,1093.0,1093.0,1093.0,1093.0,1096.6,1096.6,1096.6,1096.6,1087.8,1087.8,1087.8,1087.8,1087.8,1091.7,1091.7,1091.7,1091.7,1091.7,6.43,5.95,6.05,5.96,6.34,6.11,6.05,0.0,0.0,6.22,5.91,6.2,0.0,0.0,6.43,6.0,5.82,0.0,6.34,6.04,6.11,0.0,0.0,6.15,6.04,6.0,0.0,0.0,845.4,835.0,840.8,86.48,85.492,85.679
P2,IB2,P2-IB2-2.2-SI14,SACU-1,19,19,0,100.0,0.0,MBUS-30,On-grid,494.39,124.914,-0.031,1101.9,1101.9,1101.9,1101.9,1094.5,1094.5,1094.5,1094.5,1094.5,1108.0,1108.0,1108.0,1108.0,1108.0,1107.8,1107.8,1107.8,1107.8,1102.9,1102.9,1102.9,1102.9,1102.9,1092.2,1092.2,1092.2,1092.2,1092.2,6.39,5.99,6.04,5.96,6.42,6.13,6.16,0.0,0.0,6.08,5.98,5.94,0.0,0.0,6.48,5.78,5.91,0.0,6.14,5.98,6.06,0.0,0.0,6.22,6.02,5.96,0.0,0.0,847.2,836.8,843.5,85.904,85.608,85.563
P2,IB2,P2-IB2-2.2-SI15,SACU-1,19,19,0,100.0,0.0,MBUS-31,On-grid,500.82,126.539,-0.056,1105.7,1105.7,1105.7,1105.7,1102.7,1102.7,1102.7,1102.7,1102.7,1097.3,1097.3,1097.3,1097.3,1097.3,1117.9,1117.9,1117.9,1117.9,1102.3,1102.3,1102.3,1102.3,1102.3,1092.8,1092.8,1092.8,1092.8,1092.8,6.53,5.96,6.11,6.03,6.45,6.11,6.1,0.0,0.0,6.17,5.98,6.2,0.0,0.0,6.48,5.91,6.05,0.0,6.08,6.2,5.97,0.0,0.0,6.26,5.85,6.22,0.0,0.0,843.8,838.2,835.0,87.468,87.033,86.975
P2,IB2,P2-IB2-2.2-SI16,SACU-1,19,19,0,100.0,0.0,MBUS-32,On-grid,494.92,125.121,-0.043,1100.5,1100.5,1100.5,1100.5,1105.1,1105.1,1105.1,1105.1,1105.1,1091.7,1091.7,1091.7,1091.7,1091.7,1098.3,1098.3,1098.3,1098.3,1099.2,1099.2,1099.2,1099.2,1099.2,1097.9,1097.9,1097.9,1097.9,1097.9,6.32,6.1,5.88,6.12,6.19,6.22,5.95,0.0,0.0,6.31,5.99,6.19,0.0,0.0,6.35,6.11,6.0,0.0,6.25,6.01,6.1,0.0,0.0,6.18,6.12,6.16,0.0,0.0,843.2,836.4,833.8,86.982,86.161,86.096
P2,IB2,P2-IB2-3.1-SI01,SACU-2,19,19,0,100.0,0.0,MBUS-1,On-grid,492.62,125.609,0.004,1097.4,1097.4,1097.4,1097.4,1098.1,1098.1,1098.1,1098.1,1098.1,1093.9,1093.9,1093.9,1093.9,1093.9,1105.2,1105.2,1105.2,1105.2,1113.9,1113.9,1113.9,1113.9,1113.9,1100.7,1100.7,1100.7,1100.7,1100.7,6.35,6.05,5.96,6.14,5.95,6.28,6.09,0.0,0.0,6.16,5.98,6.27,0.0,0.0,6.34,6.08,6.03,0.0,5.98,5.95,6.15,0.0,0.0,5.95,6.04,5.99,0.0,0.0,844.0,838.7,835.4,86.899,86.192,86.552
P2,IB2,P2-IB2-3.1-SI02,SACU-2,19,19,0,100.0,0.0,MBUS-2,On-grid,490.75,125.043,-0.087,1100.1,1100.1,1100.1,1100.1,1094.3,1094.3,1094.3,1094.3,1094.3,1096.3,1096.3,1096.3,1096.3,1096.3,1108.6,1108.6,1108.6,1108.6,1099.0,1099.0,1099.0,1099.0,1099.0,1092.0,1092.0,1092.0,1092.0,1092.0,6.47,6.0,6.08,5.94,6.21,5.99,6.07,0.0,0.0,6.02,6.04,6.0,0.0,0.0,6.37,5.84,6.07,0.0,6.07,6.13,5.91,0.0,0.0,6.42,6.07,5.95,0.0,0.0,846.2,836.9,842.0,86.133,86.031,85.294
P2,IB2,P2-IB2-3.1-SI03,SACU-2,19,19,0,100.0,0.0,MBUS-3,On-grid,485.61,124.432,0.04,1102.9,1102.9,1102.9,1102.9,1091.7,1091.7,1091.7,1091.7,1091.7,1089.9,1089.9,1089.9,1089.9,1089.9,1097.7,1097.7,1097.7,1097.7,1086.0,1086.0,1086.0,1086.0,1086.0,1062.0,1062.0,1062.0,1062.0,1062.0,6.23,5.97,6.1,5.97,0.0,6.18,6.11,6.21,0.0,6.25,5.96,5.97,0.0,0.0,6.41,5.95,6.08,0.0,6.13,6.21,6.02,0.0,0.0,6.43,6.22,5.79,0.0,0.0,848.4,842.2,839.6,85.727,85.045,85.135
P2,IB2,P2-IB2-3.1-SI04,SACU-2,19,19,0,100.0,0.0,MBUS-4,On-grid,494.34,125.67,-0.015,1093.0,1093.0,1093.0,1093.0,1096.5,1096.5,1096.5,1096.5,1096.5,1097.7,1097.7,1097.7,1097.7,1097.7,1106.9,1106.9,1106.9,1106.9,1087.7,1087.7,1087.7,1087.7,1087.7,1099.7,1099.7,1099.7,1099.7,1099.7,6.54,6.05,6.1,5.97,6.29,6.02,6.25,0.0,0.0,6.36,6.07,5.99,0.0,0.0,6.42,5.98,6.06,0.0,6.18,6.12,5.96,0.0,0.0,6.18,5.92,6.06,0.0,0.0,845.2,835.4,841.1,86.979,86.362,86.231
P2,IB2,P2-IB2-3.1-SI05,SACU-2,19,19,0,100.0,0.0,MBUS-5,On-grid,491.69,125.548,0.015,1098.3,1098.3,1098.3,1098.3,1104.5,1104.5,1104.5,1104.5,1104.5,1109.9,1109.9,1109.9,1109.9,1109.9,1094.0,1094.0,1094.0,1094.0,1103.3,1103.3,1103.3,1103.3,1103.3,1092.7,1092.7,1092.7,1092.7,1092.7,6.34,5.96,6.01,6.12,6.02,6.2,5.97,0.0,0.0,6.35,5.93,6.15,0.0,0.0,6.45,6.14,5.95,0.0,6.41,6.0,6.12,0.0,0.0,6.02,6.11,5.96,0.0,0.0,844.6,835.7,840.9,86.863,86.074,86.392
P2,IB2,P2-IB2-3.1-SI06,SACU-2,19,19,0,100.0,0.0,MBUS-6,On-grid,490.71,125.601,-0.045,1093.9,1093.9,1093.9,1093.9,1102.0,1102.0,1102.0,1102.0,1102.0,1110.5,1110.5,1110.5,1110.5,1110.5,1117.1,1117.1,1117.1,1117.1,1094.0,1094.0,1094.0,1094.0,1094.0,1100.1,1100.1,1100.1,1100.1,1100.1,6.3,6.24,6.03,6.16,5.86,6.23,6.01,0.0,0.0,6.43,5.99,6.13,0.0,0.0,6.37,6.01,5.83,0.0,6.18,5.98,6.08,0.0,0.0,6.22,6.08,5.97,0.0,0.0,847.0,836.7,842.4,86.698,86.233,85.75
P2,IB2,P2-IB2-3.1-SI07,SACU-2,19,19,0,100.0,0.0,MBUS-7,On-grid,492.98,124.972,-0.011,1099.4,1099.4,1099.4,1099.4,1090.5,1090.5,1090.5,1090.5,1090.5,1090.2,1090.2,1090.2,1090.2,1090.2,1106.3,1106.3,1106.3,1106.3,1084.4,1084.4,1084.4,1084.4,1084.4,1093.5,1093.5,1093.5,1093.5,1093.5,6.26,6.16,5.98,6.1,6.22,6.2,6.01,0.0,0.0,6.38,5.92,6.21,0.0,0.0,6.37,5.98,5.79,0.0,6.4,6.22,5.98,0.0,0.0,6.33,6.16,6.05,0.0,0.0,843.7,834.2,838.5,86.469,86.296,85.867
P2,IB2,P2-IB2-3.1-SI08,SACU-2,19,19,0,100.0,0.0,MBUS-8,On-grid,491.43,125.135,-0.003,1092.5,1092.5,1092.5,1092.5,1090.9,1090.9,1090.9,1090.9,1090.9,1096.3,1096.3,1096.3,1096.3,1096.3,1108.0,1108.0,1108.0,1108.0,1090.9,1090.9,1090.9,1090.9,1090.9,1100.1,1100.1,1100.1,1100.1,1100.1,6.44,5.98,6.1,6.0,6.24,5.97,6.18,0.0,0.0,6.15,6.28,5.98,0.0,0.0,6.48,5.9,6.04,0.0,6.45,6.17,5.97,0.0,0.0,6.35,5.89,6.13,0.0,0.0,844.2,838.8,834.3,86.151,86.131,85.764
P2,IB2,P2-IB2-3.2-SI09,SACU-2,19,19,0,100.0,0.0,MBUS-9,On-grid,488.94,124.558,0.049,1105.0,1105.0,1105.0,1105.0,1108.2,1108.2,1108.2,1108.2,1108.2,1102.7,1102.7,1102.7,1102.7,1102.7,1103.3,1103.3,1103.3,1103.3,1103.3,1103.3,1103.3,1103.3,1103.3,1054.6,1054.6,1054.6,1054.6,1054.6,6.4,5.97,6.02,5.92,6.12,6.09,5.89,0.0,0.0,6.26,5.99,5.98,0.0,0.0,6.39,6.09,6.01,0.0,6.05,6.07,5.98,0.0,0.0,6.68,6.09,5.76,0.0,0.0,845.6,838.4,838.4,85.774,85.337,85.548
P2,IB2,P2-IB2-3.2-SI10,SACU-2,19,19,0,100.0,0.0,MBUS-10,On-grid,493.82,125.355,-0.055,1094.6,1094.6,1094.6,1094.6,1103.6,1103.6,1103.6,1103.6,1103.6,1094.6,1094.6,1094.6,1094.6,1094.6,1086.6,1086.6,1086.6,1086.6,1085.2,1085.2,1085.2,1085.2,1085.2,1088.2,1088.2,1088.2,1088.2,1088.2,6.52,6.04,6.07,5.96,6.33,6.05,6.07,0.0,0.0,6.11,6.14,6.09,0.0,0.0,6.68,5.98,6.07,0.0,6.01,6.26,5.96,0.0,0.0,6.31,6.14,6.01,0.0,0.0,842.7,832.1,837.5,86.449,86.404,86.12
P2,IB2,P2-IB2-3.2-SI11,SACU-2,19,19,0,100.0,0.0,MBUS-11,On-grid,490.21,125.037,-0.001,1098.5,1098.5,1098.5,1098.5,1089.3,1089.3,1089.3,1089.3,1089.3,1086.6,1086.6,1086.6,1086.6,1086.6,1089.4,1089.4,1089.4,1089.4,1094.7,1094.7,1094.7,1094.7,1094.7,1109.9,1109.9,1109.9,1109.9,1109.9,6.15,6.06,5.93,6.1,6.16,6.19,5.97,0.0,0.0,6.33,6.0,6.16,0.0,0.0,6.08,6.1,5.98,0.0,6.28,5.97,6.16,0.0,0.0,6.1,6.05,5.92,0.0,0.0,843.9,838.5,835.6,86.285,85.846,86.135
P2,IB2,P2-IB2-3.2-SI12,SACU-2,19,11,8,57.89,42.11,MBUS-12,On-grid,284.22,72.509,-0.044,1095.4,1095.4,1095.4,1095.4,1093.9,1093.9,1093.9,1093.9,1093.9,1094.1,1094.1,1094.1,1094.1,1094.1,1103.7,1103.7,1103.7,1103.7,1094.8,1094.8,1094.8,1094.8,1094.8,1108.0,1108.0,1108.0,1108.0,1108.0,6.6,0.0,6.0,0.0,6.2,6.19,6.15,0.0,0.0,6.39,0.0,6.13,0.0,0.0,6.52,0.0,0.0,0.0,0.0,0.0,6.15,0.0,0.0,6.37,0.0,6.04,0.0,0.0,843.6,837.0,834.8,50.136,49.893,49.86
P2,IB2,P2-IB2-3.2-SI13,SACU-2,19,19,0,100.0,0.0,MBUS-13,On-grid,492.2,125.07,0.017,1093.2,1093.2,1093.2,1093.2,1095.8,1095.8,1095.8,1095.8,1095.8,1090.2,1090.2,1090.2,1090.2,1090.2,1102.4,1102.4,1102.4,1102.4,1097.5,1097.5,1097.5,1097.5,1097.5,1086.8,1086.8,1086.8,1086.8,1086.8,6.46,6.01,5.97,6.25,6.12,6.13,5.96,0.0,0.0,6.32,5.89,0.0,6.05,0.0,6.22,6.09,5.94,0.0,6.1,5.94,6.12,0.0,0.0,6.32,6.13,6.0,0.0,0.0,842.0,832.0,836.8,86.861,85.983,86.242
P2,IB2,P2-IB2-3.2-SI14,SACU-2,19,19,0,100.0,0.0,MBUS-14,On-grid,495.5,126.175,0.01,1103.5,1103.5,1103.5,1103.5,1100.8,1100.8,1100.8,1100.8,1100.8,1099.8,1099.8,1099.8,1099.8,1099.8,1099.1,1099.1,1099.1,1099.1,1094.1,1094.1,1094.1,1094.1,1094.1,1093.0,1093.0,1093.0,1093.0,1093.0,6.43,6.02,6.12,5.97,6.35,6.03,6.19,0.0,0.0,6.18,6.15,6.03,0.0,0.0,6.56,5.99,6.08,0.0,6.09,6.26,5.92,0.0,0.0,6.21,5.93,6.21,0.0,0.0,844.3,838.4,834.5,87.028,86.795,86.991
P2,IB2,P2-IB2-3.2-SI15,SACU-2,19,19,0,100.0,0.0,MBUS-15,On-grid,492.55,125.036,0.009,1095.1,1095.1,1095.1,1095.1,1080.5,1080.5,1080.5,1080.5,1080.5,1098.5,1098.5,1098.5,1098.5,1098.5,1098.4,1098.4,1098.4,1098.4,1094.8,1094.8,1094.8,1094.8,1094.8,1094.4,1094.4,1094.4,1094.4,1094.4,6.26,5.92,6.11,5.94,6.26,6.07,6.11,0.0,0.0,6.06,6.06,5.96,0.0,0.0,6.43,5.89,6.12,0.0,6.16,6.17,5.97,0.0,0.0,6.3,5.94,6.12,0.0,0.0,842.0,835.1,835.5,86.246,86.049,86.462
P2,IB2,P2-IB2-3.2-SI16,SACU-2,19,19,0,100.0,0.0,MBUS-16,On-grid,489.54,124.353,-0.002,1096.1,1096.1,1096.1,1096.1,1099.0,1099.0,1099.0,1099.0,1099.0,1104.5,1104.5,1104.5,1104.5,1104.5,1096.1,1096.1,1096.1,1096.1,1093.4,1093.4,1093.4,1093.4,1093.4,1086.7,1086.7,1086.7,1086.7,1086.7,6.34,5.91,5.92,6.11,6.05,6.23,6.1,0.0,0.0,6.22,5.86,6.21,0.0,0.0,6.39,6.04,5.91,0.0,6.34,5.96,6.09,0.0,0.0,6.14,6.1,6.01,0.0,0.0,844.1,840.2,835.1,86.234,85.508,85.337
P2,IB2,P2-IB2-4.1-SI01,SACU-2,19,19,0,100.0,0.0,MBUS-17,On-grid,502.14,127.3,-0.009,1103.1,1103.1,1103.1,1103.1,1105.4,1105.4,1105.4,1105.4,1105.4,1110.9,1110.9,1110.9,1110.9,1110.9,1098.1,1098.1,1098.1,1098.1,1106.4,1106.4,1106.4,1106.4,1106.4,1105.2,1105.2,1105.2,1105.2,1105.2,6.51,5.98,6.18,6.04,6.27,6.06,6.17,0.0,0.0,6.09,6.11,6.07,0.0,0.0,6.5,6.07,6.13,0.0,6.24,6.19,6.03,0.0,0.0,6.17,6.1,6.26,0.0,0.0,844.0,832.4,839.4,87.862,87.551,87.722
P2,IB2,P2-IB2-4.1-SI02,SACU-2,19,19,0,100.0,0.0,MBUS-18,On-grid,509.27,127.787,0.015,1117.3,1117.3,1117.3,1117.3,1110.3,1110.3,1110.3,1110.3,1110.3,1104.5,1104.5,1104.5,1104.5,1104.5,1114.6,1114.6,1114.6,1114.6,1094.0,1094.0,1094.0,1094.0,1094.0,1112.1,1112.1,1112.1,1112.1,1112.1,6.7,5.92,6.14,6.08,6.59,6.08,6.19,0.0,0.0,6.67,5.99,6.21,0.0,0.0,6.75,5.89,6.15,0.0,6.58,6.28,6.07,0.0,0.0,6.74,5.96,6.18,0.0,0.0,847.2,838.3,839.5,87.988,87.423,87.428
P2,IB2,P2-IB2-4.1-SI03,SACU-2,19,19,0,100.0,0.0,MBUS-19,On-grid,507.06,127.385,-0.014,1105.6,1105.6,1105.6,1105.6,1102.8,1102.8,1102.8,1102.8,1102.8,1108.6,1108.6,1108.6,1108.6,1108.6,1108.5,1108.5,1108.5,1108.5,1112.6,1112.6,1112.6,1112.6,1112.6,1106.6,1106.6,1106.6,1106.6,1106.6,6.49,6.04,6.19,6.05,6.32,6.08,6.23,0.0,0.0,6.15,6.18,6.12,0.0,0.0,6.47,6.02,6.16,0.0,6.12,6.16,5.93,0.0,0.0,6.26,5.93,6.2,0.0,0.0,847.7,840.7,839.7,87.575,87.443,86.955
P2,IB2,P2-IB2-4.1-SI04,SACU-2,19,19,0,100.0,0.0,MBUS-20,On-grid,503.84,127.356,0.085,1108.2,1108.2,1108.2,1108.2,1110.6,1110.6,1110.6,1110.6,1110.6,1105.2,1105.2,1105.2,1105.2,1105.2,1107.4,1107.4,1107.4,1107.4,1106.8,1106.8,1106.8,1106.8,1106.8,1103.8,1103.8,1103.8,1103.8,1103.8,0.0,6.16,6.11,6.17,5.95,6.24,6.09,6.03,0.0,6.36,6.13,6.25,0.0,0.0,6.45,6.18,6.04,0.0,6.26,6.07,6.18,0.0,0.0,6.2,6.17,6.09,0.0,0.0,848.7,839.7,839.5,87.305,87.061,87.381
P2,IB2,P2-IB2-4.1-SI05,SACU-2,19,19,0,100.0,0.0,MBUS-21,On-grid,506.62,127.894,-0.008,1113.0,1113.0,1113.0,1113.0,1122.5,1122.5,1122.5,1122.5,1122.5,1103.7,1103.7,1103.7,1103.7,1103.7,1107.2,1107.2,1107.2,1107.2,1110.0,1110.0,1110.0,1110.0,1110.0,1115.1,1115.1,1115.1,1115.1,1115.1,6.35,6.13,5.94,6.2,6.42,6.16,5.94,0.0,0.0,6.34,6.17,6.07,0.0,0.0,6.77,6.12,5.97,0.0,6.28,6.07,6.14,0.0,0.0,6.08,6.14,6.03,0.0,0.0,850.3,838.7,844.2,87.568,87.343,88.073
P2,IB2,P2-IB2-4.1-SI06,SACU-2,19,19,0,100.0,0.0,MBUS-22,On-grid,507.18,127.952,0.011,1112.2,1112.2,1112.2,1112.2,1116.1,1116.1,1116.1,1116.1,1116.1,1108.0,1108.0,1108.0,1108.0,1108.0,1112.7,1112.7,1112.7,1112.7,1106.0,1106.0,1106.0,1106.0,1106.0,1113.4,1113.4,1113.4,1113.4,1113.4,6.53,5.98,6.11,6.11,6.37,6.06,6.08,0.0,0.0,6.36,6.05,6.18,0.0,0.0,6.58,5.91,6.12,0.0,6.38,6.1,6.19,0.0,0.0,6.4,6.07,6.22,0.0,0.0,848.7,843.1,839.4,87.88,87.462,87.372
P2,IB2,P2-IB2-4.1-SI07,SACU-2,19,19,0,100.0,0.0,MBUS-23,On-grid,499.07,126.126,-0.037,1097.4,1097.4,1097.4,1097.4,1093.0,1093.0,1093.0,1093.0,1093.0,1104.2,1104.2,1104.2,1104.2,1104.2,1089.4,1089.4,1089.4,1089.4,1091.5,1091.5,1091.5,1091.5,1091.5,1097.1,1097.1,1097.1,1097.1,1097.1,6.65,5.98,6.13,6.02,6.45,6.04,6.22,0.0,0.0,6.51,6.13,6.05,0.0,0.0,6.73,5.98,6.09,0.0,6.48,6.23,6.06,0.0,0.0,6.53,5.93,6.22,0.0,0.0,843.6,831.6,838.3,87.014,86.624,87.162
P2,IB2,P2-IB2-4.1-SI08,SACU-2,19,19,0,100.0,0.0,MBUS-24,On-grid,493.65,125.38,-0.049,1088.7,1088.7,1088.7,1088.7,1098.7,1098.7,1098.7,1098.7,1098.7,1087.3,1087.3,1087.3,1087.3,1087.3,1104.5,1104.5,1104.5,1104.5,1107.3,1107.3,1107.3,1107.3,1107.3,1101.4,1101.4,1101.4,1101.4,1101.4,6.42,6.16,6.05,6.15,6.09,6.16,5.99,0.0,0.0,6.3,6.09,6.2,0.0,0.0,6.13,6.12,6.05,0.0,5.8,5.98,6.05,0.0,0.0,6.12,6.06,6.04,0.0,0.0,844.8,837.4,834.3,86.685,86.218,86.15
P2,IB2,P2-IB2-4.2-SI09,SACU-2,19,19,0,100.0,0.0,MBUS-25,On-grid,498.43,127.249,0.004,1111.6,1111.6,1111.6,1111.6,1109.0,1109.0,1109.0,1109.0,1109.0,1110.6,1110.6,1110.6,1110.6,1110.6,1111.8,1111.8,1111.8,1111.8,1111.4,1111.4,1111.4,1111.4,1111.4,1115.0,1115.0,1115.0,1115.0,1115.0,6.39,6.02,6.1,5.91,5.95,6.15,6.17,0.0,0.0,6.24,6.11,6.11,0.0,0.0,6.46,6.01,6.11,0.0,6.01,6.21,6.02,0.0,0.0,5.89,6.05,6.18,0.0,0.0,845.4,834.6,840.4,87.619,87.622,87.513
P2,IB2,P2-IB2-4.2-SI10,SACU-2,19,19,0,100.0,0.0,MBUS-26,On-grid,493.48,126.379,0.024,1098.5,1098.5,1098.5,1098.5,1098.5,1098.5,1098.5,1098.5,1098.5,1099.4,1099.4,1099.4,1099.4,1099.4,1108.4,1108.4,1108.4,1108.4,1104.4,1104.4,1104.4,1104.4,1104.4,1105.7,1105.7,1105.7,1105.7,1105.7,6.36,6.2,6.01,6.19,6.34,6.24,6.03,0.0,0.0,6.26,6.0,6.23,0.0,0.0,6.57,6.08,5.95,0.0,6.38,6.08,6.13,0.0,0.0,6.2,6.09,5.82,0.0,0.0,847.6,841.6,837.6,87.032,86.704,86.7
P2,IB2,P2-IB2-4.2-SI11,SACU-2,19,19,0,100.0,0.0,MBUS-27,On-grid,493.85,126.27,-0.009,1107.0,1107.0,1107.0,1107.0,1108.5,1108.5,1108.5,1108.5,1108.5,1099.2,1099.2,1099.2,1099.2,1099.2,1109.0,1109.0,1109.0,1109.0,1105.4,1105.4,1105.4,1105.4,1105.4,1103.7,1103.7,1103.7,1103.7,1103.7,6.28,6.15,5.99,6.15,6.12,6.23,5.89,0.0,0.0,6.39,5.89,6.15,0.0,0.0,6.49,5.88,6.14,0.0,6.12,6.08,6.12,0.0,0.0,6.14,6.09,5.97,0.0,0.0,848.8,839.2,842.5,86.637,86.176,86.475
P2,IB2,P2-IB2-4.2-SI12,SACU-2,19,19,0,100.0,0.0,MBUS-28,On-grid,491.12,126.177,0.035,1106.7,1106.7,1106.7,1106.7,1106.2,1106.2,1106.2,1106.2,1106.2,1097.5,1097.5,1097.5,1097.5,1097.5,1102.5,1102.5,1102.5,1102.5,1099.8,1099.8,1099.8,1099.8,1099.8,1100.4,1100.4,1100.4,1100.4,1100.4,6.38,5.99,6.12,6.03,6.24,6.02,6.13,0.0,0.0,6.21,6.13,6.07,0.0,0.0,6.58,5.99,6.13,0.0,6.06,6.2,6.07,0.0,0.0,6.15,5.9,6.2,0.0,0.0,847.0,840.4,839.3,87.181,86.644,86.575
P2,IB2,P2-IB2-4.2-SI13,SACU-2,19,15,4,78.95,21.05,MBUS-29,On-grid,386.63,99.224,-0.012,1095.7,1095.7,1095.7,1095.7,1093.7,1093.7,1093.7,1093.7,1093.7,1096.3,1096.3,1096.3,1096.3,1096.3,1095.5,1095.5,1095.5,1095.5,1107.6,1107.6,1107.6,1107.6,1107.6,1113.4,1113.4,1113.4,1113.4,1113.4,6.52,0.0,5.93,6.16,6.29,0.0,6.09,0.0,0.0,6.11,6.15,6.06,0.0,0.0,0.0,6.08,5.94,0.0,6.3,5.95,0.0,0.0,0.0,6.29,5.97,6.12,0.0,0.0,846.3,835.9,842.5,68.427,68.048,68.109
P2,IB2,P2-IB2-4.2-SI14,SACU-2,19,19,0,100.0,0.0,MBUS-30,On-grid,496.36,126.714,0.111,1109.6,1109.6,1109.6,1109.6,1112.8,1112.8,1112.8,1112.8,1112.8,1104.8,1104.8,1104.8,1104.8,1104.8,1112.8,1112.8,1112.8,1112.8,1093.3,1093.3,1093.3,1093.3,1093.3,1113.3,1113.3,1113.3,1113.3,1113.3,6.3,6.16,5.98,6.17,5.98,6.24,5.97,0.0,0.0,6.23,6.03,6.27,0.0,0.0,6.3,6.0,5.81,0.0,6.31,6.15,6.18,0.0,0.0,5.88,6.13,6.09,0.0,0.0,847.6,836.2,841.8,87.153,86.815,86.867
P2,IB2,P2-IB2-4.2-SI15,SACU-2,19,19,0,100.0,0.0,MBUS-31,On-grid,492.16,125.703,-0.02,1109.6,1109.6,1109.6,1109.6,1097.4,1097.4,1097.4,1097.4,1097.4,1105.8,1105.8,1105.8,1105.8,1105.8,1095.9,1095.9,1095.9,1095.9,1095.4,1095.4,1095.4,1095.4,1095.4,1084.3,1084.3,1084.3,1084.3,1084.3,6.13,6.14,6.03,6.14,5.87,6.13,6.15,0.0,0.0,5.77,6.07,6.69,0.0,0.0,6.41,6.13,5.79,0.0,6.19,6.09,6.17,0.0,0.0,5.64,6.18,6.16,0.0,0.0,847.9,836.6,842.1,86.34,86.239,86.103
P2,IB2,P2-IB2-4.2-SI16,SACU-2,19,17,2,89.47,10.53,MBUS-32,On-grid,440.87,113.112,0.002,1088.0,1088.0,1088.0,1088.0,1117.5,1117.5,1117.5,1117.5,1117.5,1107.3,1107.3,1107.3,1107.3,1107.3,1102.1,1102.1,1102.1,1102.1,1106.7,1106.7,1106.7,1106.7,1106.7,1102.7,1102.7,1102.7,1102.7,1102.7,6.46,0.0,6.13,5.86,6.23,6.01,0.0,0.0,0.0,6.24,5.92,6.2,0.0,0.0,6.31,6.15,5.99,0.0,6.14,6.03,6.16,0.0,0.0,6.07,6.2,6.17,0.0,0.0,848.7,838.8,843.5,78.0,77.337,77.326
P2,IB3,P2-IB3-1.1-SI01,SACU-1,17,17,0,100.0,0.0,MBUS-1,On-grid,428.05,111.326,0.036,1098.2,1098.2,1098.2,1098.2,1096.8,1096.8,1096.8,1096.8,1096.8,1087.0,1087.0,1087.0,1087.0,1087.0,1086.2,1086.2,1086.2,1086.2,1090.0,1090.0,1090.0,1090.0,1090.0,1104.2,1104.2,1104.2,1104.2,1104.2,6.35,5.94,6.06,5.99,6.17,6.05,6.11,0.0,0.0,6.12,6.13,6.09,0.0,0.0,6.52,5.94,6.18,0.0,6.12,6.14,5.95,0.0,0.0,6.27,0.0,0.0,0.0,0.0,842.4,832.3,838.4,77.467,76.867,76.838
P2,IB3,P2-IB3-1.1-SI02,SACU-1,17,17,0,100.0,0.0,MBUS-2,On-grid,430.51,111.589,-0.045,1080.5,1080.5,1080.5,1080.5,1083.3,1083.3,1083.3,1083.3,1083.3,1102.3,1102.3,1102.3,1102.3,1102.3,1085.4,1085.4,1085.4,1085.4,1097.9,1097.9,1097.9,1097.9,1097.9,1104.3,1104.3,1104.3,1104.3,1104.3,6.33,6.1,5.87,6.16,6.17,6.12,6.0,0.0,0.0,6.24,5.91,6.22,0.0,0.0,6.5,6.06,6.1,0.0,6.3,6.08,6.11,0.0,0.0,6.21,0.0,0.0,0.0,0.0,842.8,832.0,837.2,77.014,76.793,76.887
P2,IB3,P2-IB3-1.1-SI03,SACU-1,17,17,0,100.0,0.0,MBUS-3,On-grid,430.33,111.609,0.029,1087.2,1087.2,1087.2,1087.2,1094.4,1094.4,1094.4,1094.4,1094.4,1099.2,1099.2,1099.2,1099.2,1099.2,1078.2,1078.2,1078.2,1078.2,1077.6,1077.6,1077.6,1077.6,1077.6,1089.1,1089.1,1089.1,1089.1,1089.1,6.42,5.99,6.1,5.97,6.27,6.03,6.1,0.0,0.0,6.14,6.18,6.09,0.0,0.0,6.39,6.07,6.04,0.0,6.28,6.0,6.16,0.0,0.0,6.29,0.0,0.0,0.0,0.0,844.3,837.3,837.1,76.772,76.663,76.491
P2,IB3,P2-IB3-1.1-SI04,SACU-1,17,17,0,100.0,0.0,MBUS-4,On-grid,430.92,111.209,-0.011,1084.6,1084.6,1084.6,1084.6,1098.0,1098.0,1098.0,1098.0,1098.0,1097.2,1097.2,1097.2,1097.2,1097.2,1096.7,1096.7,1096.7,1096.7,1085.3,1085.3,1085.3,1085.3,1085.3,1090.2,1090.2,1090.2,1090.2,1090.2,6.16,6.14,5.99,6.2,6.07,6.08,5.9,0.0,0.0,6.27,6.1,6.05,0.0,0.0,6.5,6.09,5.94,0.0,6.33,5.96,6.09,0.0,0.0,6.36,0.0,0.0,0.0,0.0,843.3,832.8,838.2,76.78,76.655,76.666
P2,IB3,P2-IB3-1.1-SI05,SACU-1,17,17,0,100.0,0.0,MBUS-5,On-grid,430.89,111.186,0.017,1080.0,1080.0,1080.0,1080.0,1075.9,1075.9,1075.9,1075.9,1075.9,1092.2,1092.2,1092.2,1092.2,1092.2,1087.0,1087.0,1087.0,1087.0,1102.0,1102.0,1102.0,1102.0,1102.0,1094.1,1094.1,1094.1,1094.1,1094.1,6.4,6.11,6.01,6.25,6.05,6.21,5.99,0.0,0.0,6.2,5.8,6.23,0.0,0.0,6.22,6.12,5.93,0.0,6.15,5.97,5.92,0.0,0.0,6.48,0.0,0.0,0.0,0.0,841.4,832.2,837.0,76.649,76.19,76.552
P2,IB3,P2-IB3-1.1-SI06,SACU-1,17,17,0,100.0,0.0,MBUS-6,On-grid,428.61,110.814,-0.066,1086.2,1086.2,1086.2,1086.2,1093.5,1093.5,1093.5,1093.5,1093.5,1093.6,1093.6,1093.6,1093.6,1093.6,1093.9,1093.9,1093.9,1093.9,1086.1,1086.1,1086.1,1086.1,1086.1,1102.7,1102.7,1102.7,1102.7,1102.7,6.41,5.92,6.1,5.91,6.29,5.91,6.08,0.0,0.0,6.18,6.12,5.95,0.0,0.0,6.36,5.91,6.09,0.0,6.17,6.06,5.97,0.0,0.0,6.3,0.0,0.0,0.0,0.0,844.2,840.0,834.5,76.316,76.365,76.05
P2,IB3,P2-IB3-1.1-SI07,SACU-1,17,17,0,100.0,0.0,MBUS-7,On-grid,431.17,111.035,-0.012,1095.3,1095.3,1095.3,1095.3,1089.5,1089.5,1089.5,1089.5,1089.5,1092.1,1092.1,1092.1,1092.1,1092.1,1088.8,1088.8,1088.8,1088.8,1097.4,1097.4,1097.4,1097.4,1097.4,1091.7,1091.7,1091.7,1091.7,1091.7,6.22,6.05,5.92,6.14,6.09,6.15,5.95,0.0,0.0,6.48,5.91,6.18,0.0,0.0,6.39,6.08,5.88,0.0,6.34,5.85,6.03,0.0,0.0,6.34,0.0,0.0,0.0,0.0,845.7,836.1,840.5,76.668,75.971,76.185
P2,IB3,P2-IB3-1.1-SI08,SACU-1,17,17,0,100.0,0.0,MBUS-8,On-grid,429.83,110.564,-0.045,1082.9,1082.9,1082.9,1082.9,1087.9,1087.9,1087.9,1087.9,1087.9,1089.6,1089.6,1089.6,1089.6,1089.6,1094.5,1094.5,1094.5,1094.5,1086.5,1086.5,1086.5,1086.5,1086.5,1085.2,1085.2,1085.2,1085.2,1085.2,6.51,5.97,6.16,5.98,6.15,6.13,6.11,0.0,0.0,6.05,5.94,6.13,0.0,0.0,6.5,5.99,5.84,0.0,6.34,5.74,6.06,0.0,0.0,6.49,0.0,0.0,0.0,0.0,845.1,835.2,840.1,76.284,75.734,76.084
P2,IB3,P2-IB3-1.2-SI09,SACU-1,17,17,0,100.0,0.0,MBUS-9,On-grid,429.47,111.223,0.028,1089.2,1089.2,1089.2,1089.2,1087.3,1087.3,1087.3,1087.3,1087.3,1086.8,1086.8,1086.8,1086.8,1086.8,1094.1,1094.1,1094.1,1094.1,1096.1,1096.1,1096.1,1096.1,1096.1,1099.7,1099.7,1099.7,1099.7,1099.7,6.54,5.92,6.07,5.93,6.45,5.93,6.11,0.0,0.0,6.15,6.1,6.05,0.0,0.0,6.55,5.79,6.12,0.0,6.24,6.01,6.09,0.0,0.0,6.32,0.0,0.0,0.0,0.0,845.2,839.7,836.7,76.844,75.931,76.531
P2,IB3,P2-IB3-1.2-SI10,SACU-1,17,17,0,100.0,0.0,MBUS-10,On-grid,433.6,111.938,-0.009,1078.5,1078.5,1078.5,1078.5,1082.1,1082.1,1082.1,1082.1,1082.1,1104.9,1104.9,1104.9,1104.9,1104.9,1097.8,1097.8,1097.8,1097.8,1097.0,1097.0,1097.0,1097.0,1097.0,1106.0,1106.0,1106.0,1106.0,1106.0,6.48,6.14,6.08,6.28,6.31,6.3,6.07,0.0,0.0,6.65,5.81,6.13,0.0,0.0,6.49,5.96,6.07,0.0,6.65,5.94,6.04,0.0,0.0,6.7,0.0,0.0,0.0,0.0,844.0,834.5,839.9,77.379,77.073,77.013
P2,IB3,P2-IB3-1.2-SI11,SACU-1,17,17,0,100.0,0.0,MBUS-11,On-grid,432.06,111.274,0.092,1098.5,1098.5,1098.5,1098.5,1089.8,1089.8,1089.8,1089.8,1089.8,1099.3,1099.3,1099.3,1099.3,1099.3,1091.8,1091.8,1091.8,1091.8,1091.7,1091.7,1091.7,1091.7,1091.7,1095.0,1095.0,1095.0,1095.0,1095.0,6.63,5.94,6.12,5.88,6.5,6.0,6.13,0.0,0.0,6.46,6.02,6.0,0.0,0.0,6.68,5.86,6.15,0.0,6.62,6.1,5.91,0.0,0.0,6.76,0.0,0.0,0.0,0.0,844.8,839.0,836.3,76.727,76.48,76.332
P2,IB3,P2-IB3-1.2-SI12,SACU-1,17,17,0,100.0,0.0,MBUS-12,On-grid,435.77,112.155,-0.001,1080.1,1080.1,1080.1,1080.1,1088.1,1088.1,1088.1,1088.1,1088.1,1082.3,1082.3,1082.3,1082.3,1082.3,1086.3,1086.3,1086.3,1086.3,1093.0,1093.0,1093.0,1093.0,1093.0,1093.3,1093.3,1093.3,1093.3,1093.3,6.53,6.06,0.0,6.21,6.21,6.19,6.04,0.0,0.0,6.44,6.13,6.27,6.07,0.0,6.36,6.11,6.14,0.0,6.45,6.12,5.93,0.0,0.0,0.0,6.07,0.0,0.0,0.0,845.6,839.9,836.5,77.319,76.897,77.264
P2,IB3,P2-IB3-1.2-SI13,SACU-1,17,17,0,100.0,0.0,MBUS-13,On-grid,446.99,115.659,0.022,1115.8,1115.8,1115.8,1115.8,1130.8,1130.8,1130.8,1130.8,1130.8,1133.5,1133.5,1133.5,1133.5,1133.5,1113.9,1113.9,1113.9,1113.9,1124.4,1124.4,1124.4,1124.4,1124.4,1128.9,1128.9,1128.9,1128.9,1128.9,6.55,6.22,5.98,6.21,6.03,6.2,5.99,0.0,0.0,6.38,5.92,6.21,0.0,0.0,6.43,6.16,5.8,0.0,6.47,5.95,6.16,0.0,0.0,6.33,0.0,0.0,0.0,0.0,848.1,842.3,838.3,79.338,79.05,79.132
P2,IB3,P2-IB3-1.2-SI14,SACU-1,17,17,0,100.0,0.0,MBUS-14,On-grid,432.84,110.674,0.042,1086.1,1086.1,1086.1,1086.1,1089.8,1089.8,1089.8,1089.8,1089.8,1094.2,1094.2,1094.2,1094.2,1094.2,1102.9,1102.9,1102.9,1102.9,1091.8,1091.8,1091.8,1091.8,1091.8,1089.0,1089.0,1089.0,1089.0,1089.0,6.02,6.15,5.94,6.11,6.02,6.19,5.89,0.0,0.0,6.22,5.86,6.1,0.0,0.0,6.25,6.05,5.82,0.0,6.27,6.13,0.0,0.0,0.0,6.11,5.99,0.0,0.0,0.0,846.4,837.2,841.9,76.327,75.624,75.876
P2,IB3,P2-IB3-1.2-SI15,SACU-1,17,17,0,100.0,0.0,MBUS-15,On-grid,448.87,115.659,0.041,1133.5,1133.5,1133.5,1133.5,1122.7,1122.7,1122.7,1122.7,1122.7,1122.6,1122.6,1122.6,1122.6,1122.6,1128.0,1128.0,1128.0,1128.0,1123.4,1123.4,1123.4,1123.4,1123.4,1126.7,1126.7,1126.7,1126.7,1126.7,6.67,5.94,6.1,5.95,6.5,6.04,6.24,0.0,0.0,6.51,6.2,6.03,0.0,0.0,6.56,5.93,6.24,0.0,6.53,6.29,0.0,0.0,0.0,6.76,5.95,0.0,0.0,0.0,847.2,844.3,837.9,79.614,78.972,79.32
P2,IB3,P2-IB3-1.2-SI16,SACU-1,17,17,0,100.0,0.0,MBUS-16,On-grid,433.45,111.126,-0.069,1099.7,1099.7,1099.7,1099.7,1097.2,1097.2,1097.2,1097.2,1097.2,1098.7,1098.7,1098.7,1098.7,1098.7,1085.9,1085.9,1085.9,1085.9,1082.2,1082.2,1082.2,1082.2,1082.2,1090.2,1090.2,1090.2,1090.2,1090.2,6.44,5.9,6.05,5.83,6.22,6.03,6.11,0.0,0.0,6.0,6.03,6.14,0.0,0.0,6.22,6.08,6.14,0.0,6.41,6.18,6.1,0.0,0.0,6.18,0.0,0.0,0.0,0.0,847.4,839.9,840.6,76.661,76.381,76.054
P2,IB3,P2-IB3-2.1-SI01,SACU-1,17,17,0,100.0,0.0,MBUS-17,On-grid,420.54,111.293,0.032,1092.3,1092.3,1092.3,1092.3,1099.9,1099.9,1099.9,1099.9,1099.9,1102.5,1102.5,1102.5,1102.5,1102.5,1089.4,1089.4,1089.4,1089.4,1095.5,1095.5,1095.5,1095.5,1095.5,1102.9,1102.9,1102.9,1102.9,1102.9,6.33,5.98,6.03,6.15,6.05,6.08,5.89,0.0,0.0,6.3,5.82,6.03,0.0,0.0,6.38,6.02,5.94,0.0,6.33,5.98,6.06,0.0,0.0,6.4,0.0,0.0,0.0,0.0,849.0,837.4,844.0,76.704,76.467,76.001
P2,IB3,P2-IB3-2.1-SI02,SACU-1,17,17,0,100.0,0.0,MBUS-18,On-grid,423.58,110.959,0.012,1088.5,1088.5,1088.5,1088.5,1093.4,1093.4,1093.4,1093.4,1093.4,1097.4,1097.4,1097.4,1097.4,1097.4,1110.9,1110.9,1110.9,1110.9,1097.0,1097.0,1097.0,1097.0,1097.0,1086.1,1086.1,1086.1,1086.1,1086.1,6.28,5.95,6.06,6.0,5.99,5.96,6.1,0.0,0.0,5.93,6.08,6.13,0.0,0.0,6.11,6.03,6.04,0.0,6.15,6.03,6.02,0.0,0.0,6.0,0.0,0.0,0.0,0.0,847.1,838.9,840.2,76.52,75.78,76.105
P2,IB3,P2-IB3-2.1-SI03,SACU-1,17,17,0,100.0,0.0,MBUS-19,On-grid,423.15,111.675,0.03,1084.7,1084.7,1084.7,1084.7,1096.7,1096.7,1096.7,1096.7,1096.7,1102.7,1102.7,1102.7,1102.7,1102.7,1098.0,1098.0,1098.0,1098.0,1102.8,1102.8,1102.8,1102.8,1102.8,1095.3,1095.3,1095.3,1095.3,1095.3,6.42,5.99,6.12,6.01,6.04,6.03,6.11,0.0,0.0,6.1,6.06,6.03,0.0,0.0,6.4,5.88,6.06,0.0,6.04,6.03,5.94,0.0,0.0,6.05,0.0,0.0,0.0,0.0,848.3,843.5,838.4,76.794,76.385,76.438
P2,IB3,P2-IB3-2.1-SI04,SACU-1,17,17,0,100.0,0.0,MBUS-20,On-grid,425.68,111.465,0.003,1088.6,1088.6,1088.6,1088.6,1095.7,1095.7,1095.7,1095.7,1095.7,1092.6,1092.6,1092.6,1092.6,1092.6,1093.0,1093.0,1093.0,1093.0,1092.1,1092.1,1092.1,1092.1,1092.1,1096.4,1096.4,1096.4,1096.4,1096.4,6.41,6.01,6.07,5.96,6.37,6.2,5.97,0.0,0.0,6.2,5.91,6.13,0.0,0.0,6.58,5.93,6.07,0.0,6.3,5.95,0.0,0.0,0.0,6.2,6.02,0.0,0.0,0.0,847.2,841.9,838.3,76.762,76.338,76.278
P2,IB3,P2-IB3-2.1-SI05,SACU-1,17,17,0,100.0,0.0,MBUS-21,On-grid,418.54,110.412,0.021,1085.0,1085.0,1085.0,1085.0,1094.7,1094.7,1094.7,1094.7,1094.7,1093.6,1093.6,1093.6,1093.6,1093.6,1085.0,1085.0,1085.0,1085.0,1079.7,1079.7,1079.7,1079.7,1079.7,1107.4,1107.4,1107.4,1107.4,1107.4,6.31,5.94,6.13,5.96,6.26,6.14,5.92,0.0,0.0,6.08,6.05,5.94,0.0,0.0,6.4,6.05,5.89,0.0,6.26,6.15,5.93,0.0,0.0,6.1,0.0,0.0,0.0,0.0,848.1,838.1,844.4,76.181,75.533,75.662
P2,IB3,P2-IB3-2.1-SI06,SACU-1,17,17,0,100.0,0.0,MBUS-22,On-grid,428.77,111.815,0.019,1082.2,1082.2,1082.2,1082.2,1091.2,1091.2,1091.2,1091.2,1091.2,1089.7,1089.7,1089.7,1089.7,1089.7,1101.3,1101.3,1101.3,1101.3,1095.4,1095.4,1095.4,1095.4,1095.4,1088.1,1088.1,1088.1,1088.1,1088.1,6.39,6.06,6.16,6.15,6.35,6.12,6.06,0.0,0.0,6.28,5.9,6.18,0.0,0.0,6.41,5.8,5.96,0.0,6.06,6.18,6.0,0.0,0.0,6.42,0.0,0.0,0.0,0.0,845.1,840.3,836.2,76.961,76.618,76.735
P2,IB3,P2-IB3-2.1-SI07,SACU-1,17,17,0,100.0,0.0,MBUS-23,On-grid,422.77,110.657,-0.095,1084.6,1084.6,1084.6,1084.6,1086.8,1086.8,1086.8,1086.8,1086.8,1082.1,1082.1,1082.1,1082.1,1082.1,1083.8,1083.8,1083.8,1083.8,1086.8,1086.8,1086.8,1086.8,1086.8,1089.0,1089.0,1089.0,1089.0,1089.0,6.15,6.09,6.16,6.14,6.08,6.17,5.95,0.0,0.0,6.53,5.9,6.17,0.0,0.0,6.39,6.04,5.88,0.0,6.6,5.92,6.06,0.0,0.0,6.36,0.0,0.0,0.0,0.0,846.6,835.6,842.0,76.585,75.74,75.856
P2,IB3,P2-IB3-2.1-SI08,SACU-1,17,17,0,100.0,0.0,MBUS-24,On-grid,422.24,110.524,-0.002,1087.1,1087.1,1087.1,1087.1,1089.3,1089.3,1089.3,1089.3,1089.3,1085.5,1085.5,1085.5,1085.5,1085.5,1085.6,1085.6,1085.6,1085.6,1084.8,1084.8,1084.8,1084.8,1084.8,1082.2,1082.2,1082.2,1082.2,1082.2,6.32,6.15,5.9,6.1,6.18,6.09,5.88,0.0,0.0,6.45,5.79,6.19,0.0,0.0,6.29,6.05,5.82,0.0,6.64,5.92,6.01,0.0,0.0,6.35,0.0,0.0,0.0,0.0,847.8,838.0,843.0,76.072,75.623,75.62
P2,IB3,P2-IB3-2.2-SI09,SACU-1,17,17,0,100.0,0.0,MBUS-25,On-grid,430.17,112.356,-0.006,1098.4,1098.4,1098.4,1098.4,1099.6,1099.6,1099.6,1099.6,1099.6,1099.3,1099.3,1099.3,1099.3,1099.3,1096.4,1096.4,1096.4,1096.4,1095.0,1095.0,1095.0,1095.0,1095.0,1101.3,1101.3,1101.3,1101.3,1101.3,6.33,6.03,6.05,5.99,6.2,6.21,6.01,0.0,0.0,6.3,5.93,6.18,0.0,0.0,6.35,6.05,6.04,0.0,6.32,6.09,5.97,0.0,0.0,6.59,0.0,0.0,0.0,0.0,845.3,837.0,838.1,77.486,76.978,77.192
P2,IB3,P2-IB3-2.2-SI10,SACU-1,17,17,0,100.0,0.0,MBUS-26,On-grid,428.19,111.6,0.05,1090.1,1090.1,1090.1,1090.1,1094.8,1094.8,1094.8,1094.8,1094.8,1090.2,1090.2,1090.2,1090.2,1090.2,1083.4,1083.4,1083.4,1083.4,1090.9,1090.9,1090.9,1090.9,1090.9,1092.1,1092.1,1092.1,1092.1,1092.1,6.29,5.97,6.1,5.97,6.29,6.09,6.1,0.0,0.0,6.31,5.94,6.06,0.0,0.0,6.68,5.99,6.17,0.0,6.3,5.99,6.02,0.0,0.0,6.29,0.0,0.0,0.0,0.0,845.9,835.9,841.5,76.856,76.482,76.619
P2,IB3,P2-IB3-2.2-SI11,SACU-1,17,17,0,100.0,0.0,MBUS-27,On-grid,422.73,111.134,0.066,1086.0,1086.0,1086.0,1086.0,1096.3,1096.3,1096.3,1096.3,1096.3,1092.8,1092.8,1092.8,1092.8,1092.8,1093.3,1093.3,1093.3,1093.3,1090.5,1090.5,1090.5,1090.5,1090.5,1097.6,1097.6,1097.6,1097.6,1097.6,6.3,5.99,6.12,6.07,6.12,6.04,6.14,0.0,0.0,6.13,6.12,5.93,0.0,0.0,6.42,5.86,6.12,0.0,6.12,6.09,6.08,0.0,0.0,6.4,0.0,0.0,0.0,0.0,847.6,839.0,839.9,76.403,75.943,76.172
P2,IB3,P2-IB3-2.2-SI12,SACU-1,17,17,0,100.0,0.0,MBUS-28,On-grid,428.31,110.935,-0.081,1105.7,1105.7,1105.7,1105.7,1086.3,1086.3,1086.3,1086.3,1086.3,1088.8,1088.8,1088.8,1088.8,1088.8,1092.8,1092.8,1092.8,1092.8,1084.2,1084.2,1084.2,1084.2,1084.2,1103.2,1103.2,1103.2,1103.2,1103.2,6.41,5.78,6.03,5.88,6.29,5.97,6.05,0.0,0.0,6.2,6.15,5.94,0.0,0.0,6.46,5.88,6.07,0.0,6.28,0.0,6.07,0.0,0.0,6.33,6.0,0.0,0.0,0.0,842.8,836.3,836.9,76.38,76.092,75.883
P2,IB3,P2-IB3-2.2-SI13,SACU-1,17,17,0,100.0,0.0,MBUS-29,On-grid,421.71,110.312,-0.064,1094.6,1094.6,1094.6,1094.6,1100.4,1100.4,1100.4,1100.4,1100.4,1093.2,1093.2,1093.2,1093.2,1093.2,1089.3,1089.3,1089.3,1089.3,1081.4,1081.4,1081.4,1081.4,1081.4,1099.7,1099.7,1099.7,1099.7,1099.7,6.22,6.08,5.87,6.12,6.02,6.09,5.87,0.0,0.0,6.38,5.94,6.08,0.0,0.0,6.29,6.1,5.87,0.0,6.38,5.98,6.04,0.0,0.0,6.24,0.0,0.0,0.0,0.0,847.3,836.2,841.3,75.956,75.868,75.487
P2,IB3,P2-IB3-2.2-SI14,SACU-1,17,17,0,100.0,0.0,MBUS-30,On-grid,428.84,111.539,0.031,1103.5,1103.5,1103.5,1103.5,1092.2,1092.2,1092.2,1092.2,1092.2,1090.3,1090.3,1090.3,1090.3,1090.3,1104.2,1104.2,1104.2,1104.2,1084.9,1084.9,1084.9,1084.9,1084.9,1090.8,1090.8,1090.8,1090.8,1090.8,6.33,6.08,6.14,5.88,5.97,5.98,6.17,0.0,0.0,6.09,6.15,6.02,0.0,0.0,6.41,5.86,6.05,0.0,6.16,6.07,5.9,0.0,0.0,6.02,0.0,0.0,0.0,0.0,846.5,841.5,838.0,76.87,76.162,76.486
P2,IB3,P2-IB3-2.2-SI15,SACU-1,17,17,0,100.0,0.0,MBUS-31,On-grid,427.45,111.381,0.004,1098.2,1098.2,1098.2,1098.2,1089.6,1089.6,1089.6,1089.6,1089.6,1094.0,1094.0,1094.0,1094.0,1094.0,1089.2,1089.2,1089.2,1089.2,1082.2,1082.2,1082.2,1082.2,1082.2,1080.2,1080.2,1080.2,1080.2,1080.2,6.37,5.97,5.88,6.12,6.16,6.26,6.06,0.0,0.0,6.3,6.15,5.99,0.0,0.0,6.34,6.05,6.05,0.0,6.17,6.17,5.88,0.0,0.0,6.61,0.0,0.0,0.0,0.0,846.5,835.1,841.3,76.939,76.359,76.56
P2,IB3,P2-IB3-2.2-SI16,SACU-1,17,17,0,100.0,0.0,MBUS-32,On-grid,430.83,111.819,0.001,1097.4,1097.4,1097.4,1097.4,1103.0,1103.0,1103.0,1103.0,1103.0,1086.8,1086.8,1086.8,1086.8,1086.8,1086.0,1086.0,1086.0,1086.0,1112.5,1112.5,1112.5,1112.5,1112.5,1107.6,1107.6,1107.6,1107.6,1107.6,6.55,5.91,6.29,5.94,6.27,5.89,6.13,0.0,0.0,6.21,6.19,5.99,0.0,0.0,6.32,6.11,5.94,0.0,6.36,5.83,5.98,0.0,0.0,6.28,0.0,0.0,0.0,0.0,845.7,842.9,833.6,77.184,76.7,76.672
P2,IB3,P2-IB3-3.1-SI01,SACU-2,17,17,0,100.0,0.0,MBUS-1,On-grid,413.45,111.557,0.007,1099.4,1099.4,1099.4,1099.4,1112.6,1112.6,1112.6,1112.6,1112.6,1085.2,1085.2,1085.2,1085.2,1085.2,1094.7,1094.7,1094.7,1094.7,1109.1,1109.1,1109.1,1109.1,1109.1,1089.3,1089.3,1089.3,1089.3,1089.3,6.28,6.11,5.81,5.74,6.06,6.15,6.07,0.0,0.0,6.28,6.12,5.95,0.0,0.0,6.31,6.07,5.75,0.0,6.38,6.06,5.92,0.0,0.0,6.3,0.0,0.0,0.0,0.0,855.3,844.4,850.7,76.218,75.61,75.817
P2,IB3,P2-IB3-3.1-SI02,SACU-2,17,17,0,100.0,0.0,MBUS-2,On-grid,411.16,110.364,-0.02,1109.8,1109.8,1109.8,1109.8,1105.7,1105.7,1105.7,1105.7,1105.7,1103.9,1103.9,1103.9,1103.9,1103.9,1102.7,1102.7,1102.7,1102.7,1084.2,1084.2,1084.2,1084.2,1084.2,1093.6,1093.6,1093.6,1093.6,1093.6,6.61,5.85,5.91,5.66,6.48,5.83,5.91,0.0,0.0,6.09,6.11,6.01,0.0,0.0,6.45,5.76,5.82,0.0,6.82,5.85,6.09,0.0,0.0,6.41,0.0,0.0,0.0,0.0,854.6,843.5,850.2,75.453,74.725,75.038
P2,IB3,P2-IB3-3.1-SI03,SACU-2,17,16,1,94.12,5.88,MBUS-3,On-grid,393.77,106.164,-0.019,1109.1,1109.1,1109.1,1109.1,1110.5,1110.5,1110.5,1110.5,1110.5,1112.1,1112.1,1112.1,1112.1,1112.1,1111.2,1111.2,1111.2,1111.2,1116.8,1116.8,1116.8,1116.8,1116.8,1106.6,1106.6,1106.6,1106.6,1106.6,6.38,5.8,6.1,5.94,6.24,5.98,6.03,0.0,0.0,6.33,5.74,6.01,0.0,0.0,6.52,0.0,5.78,0.0,6.24,5.78,0.0,0.0,0.0,6.42,6.0,0.0,0.0,0.0,853.3,841.8,849.0,72.567,72.245,72.333
P2,IB3,P2-IB3-3.1-SI04,SACU-2,17,17,0,100.0,0.0,MBUS-4,On-grid,407.67,110.304,-0.008,1096.9,1096.9,1096.9,1096.9,1088.8,1088.8,1088.8,1088.8,1088.8,1096.7,1096.7,1096.7,1096.7,1096.7,1109.6,1109.6,1109.6,1109.6,1081.7,1081.7,1081.7,1081.7,1081.7,1082.0,1082.0,1082.0,1082.0,1082.0,6.35,5.83,6.09,6.06,6.13,5.97,5.79,0.0,0.0,6.29,6.04,6.27,0.0,0.0,6.27,5.89,5.67,6.13,6.23,5.77,0.0,0.0,0.0,6.4,0.0,0.0,0.0,0.0,851.5,846.5,846.7,75.187,75.069,74.8
P2,IB3,P2-IB3-4.1-SI02,SACU-2,17,16,1,94.12,5.88,MBUS-5,On-grid,397.02,106.213,-0.035,1114.8,1114.8,1114.8,1114.8,1129.1,1129.1,1129.1,1129.1,1129.1,1113.9,1113.9,1113.9,1113.9,1113.9,1111.3,1111.3,1111.3,1111.3,1130.4,1130.4,1130.4,1130.4,1130.4,1115.4,1115.4,1115.4,1115.4,1115.4,6.34,5.85,6.09,5.93,6.14,5.72,6.0,0.0,0.0,6.16,0.0,6.1,5.83,0.0,0.0,6.05,6.18,0.0,6.09,5.88,0.0,0.0,0.0,6.36,5.84,0.0,0.0,0.0,852.0,846.2,842.0,72.752,72.283,72.3
P2,IB3,P2-IB3-3.1-SI06,SACU-2,17,17,0,100.0,0.0,MBUS-6,On-grid,410.23,110.268,-0.068,1089.3,1089.3,1089.3,1089.3,1104.2,1104.2,1104.2,1104.2,1104.2,1104.7,1104.7,1104.7,1104.7,1104.7,1092.4,1092.4,1092.4,1092.4,1093.4,1093.4,1093.4,1093.4,1093.4,392.6,392.6,392.6,392.6,392.6,6.11,6.06,6.14,6.05,5.57,6.09,5.91,0.0,0.0,5.91,5.9,6.13,0.0,0.0,5.73,6.16,5.98,6.27,6.01,6.02,5.92,0.0,0.0,0.0,0.0,0.0,0.0,0.0,854.1,846.7,846.0,75.27,74.588,74.813
P2,IB3,P2-IB3-3.2-SI10,SACU-2,17,18,0,105.88,0.0,MBUS-7,On-grid,417.95,112.497,-0.018,1117.8,1117.8,1117.8,1117.8,1106.4,1106.4,1106.4,1106.4,1106.4,1110.1,1110.1,1110.1,1110.1,1110.1,1115.2,1115.2,1115.2,1115.2,1122.0,1122.0,1122.0,1122.0,1122.0,1116.7,1116.7,1116.7,1116.7,1116.7,6.38,6.09,5.85,6.18,6.17,6.17,5.91,6.16,0.0,0.0,5.86,6.12,0.0,0.0,6.35,5.97,5.91,0.0,6.62,5.85,5.99,0.0,0.0,0.6,5.85,0.0,0.0,0.0,853.3,846.9,844.5,76.793,76.661,76.695
P2,IB3,P2-IB3-3.1-SI08,SACU-2,17,16,1,94.12,5.88,MBUS-8,On-grid,385.58,103.847,-0.03,1095.6,1095.6,1095.6,1095.6,1083.6,1083.6,1083.6,1083.6,1083.6,1079.3,1079.3,1079.3,1079.3,1079.3,1081.4,1081.4,1081.4,1081.4,1104.5,1104.5,1104.5,1104.5,1104.5,1110.1,1110.1,1110.1,1110.1,1110.1,6.52,0.0,6.0,5.91,6.19,5.94,6.0,0.0,0.0,6.14,5.98,5.9,0.0,0.0,6.44,5.77,6.16,0.0,6.12,5.84,6.02,0.0,0.0,6.1,0.0,0.0,0.0,0.0,851.2,843.2,848.0,70.907,70.613,70.619
P2,IB3,P2-IB3-3.2-SI09,SACU-2,17,17,0,100.0,0.0,MBUS-9,On-grid,415.88,111.94,0.044,1105.2,1105.2,1105.2,1105.2,1100.0,1100.0,1100.0,1100.0,1100.0,1090.2,1090.2,1090.2,1090.2,1090.2,1092.4,1092.4,1092.4,1092.4,1089.0,1089.0,1089.0,1089.0,1089.0,1086.3,1086.3,1086.3,1086.3,1086.3,6.27,5.95,5.98,6.03,6.15,6.13,6.06,0.0,0.0,6.31,6.12,6.1,0.0,0.0,6.45,6.05,5.97,0.0,6.33,6.15,0.0,0.0,0.0,6.24,5.9,0.0,0.0,0.0,852.5,848.0,842.5,76.321,76.045,76.079
P2,IB3,P2-IB3-4.1-SI05,SACU-2,17,17,0,100.0,0.0,MBUS-10,On-grid,424.5,113.602,0.013,1094.7,1094.7,1094.7,1094.7,1117.5,1117.5,1117.5,1117.5,1117.5,1109.5,1109.5,1109.5,1109.5,1109.5,1110.3,1110.3,1110.3,1110.3,1116.6,1116.6,1116.6,1116.6,1116.6,1110.5,1110.5,1110.5,1110.5,1110.5,6.61,6.07,5.85,6.21,6.49,5.91,6.02,0.0,0.0,6.66,6.14,5.97,0.0,0.0,6.7,6.08,6.22,0.0,6.44,6.07,5.84,0.0,0.0,6.52,0.0,0.0,0.0,0.0,852.2,845.0,844.6,77.449,77.181,77.595
P2,IB3,P2-IB3-3.2-SI11,SACU-2,17,17,0,100.0,0.0,MBUS-11,On-grid,411.21,110.955,0.043,1097.4,1097.4,1097.4,1097.4,1101.0,1101.0,1101.0,1101.0,1101.0,1103.6,1103.6,1103.6,1103.6,1103.6,1089.0,1089.0,1089.0,1089.0,1100.9,1100.9,1100.9,1100.9,1100.9,1099.6,1099.6,1099.6,1099.6,1099.6,6.23,5.85,6.11,5.97,6.15,6.13,5.97,0.0,0.0,6.44,5.87,6.08,0.0,0.0,6.4,5.79,5.98,0.0,6.38,5.79,6.0,0.0,0.0,6.47,0.0,0.0,0.0,0.0,854.1,849.1,843.4,76.164,75.274,75.523
P2,IB3,P2-IB3-3.2-SI12,SACU-2,17,17,0,100.0,0.0,MBUS-12,On-grid,409.64,110.192,0.049,1089.6,1089.6,1089.6,1089.6,1105.0,1105.0,1105.0,1105.0,1105.0,1100.1,1100.1,1100.1,1100.1,1100.1,1090.7,1090.7,1090.7,1090.7,1088.9,1088.9,1088.9,1088.9,1088.9,1095.6,1095.6,1095.6,1095.6,1095.6,6.42,6.03,5.9,6.13,5.9,5.98,5.93,5.91,0.0,6.24,6.05,0.0,0.0,0.0,6.39,5.89,6.0,0.0,6.53,6.13,0.0,0.0,0.0,6.48,5.93,0.0,0.0,0.0,852.9,843.3,847.2,75.411,75.161,74.989
P2,IB3,P2-IB3-3.2-SI13,SACU-2,17,17,0,100.0,0.0,MBUS-13,On-grid,413.88,110.885,-0.106,1111.9,1111.9,1111.9,1111.9,1087.5,1087.5,1087.5,1087.5,1087.5,1088.1,1088.1,1088.1,1088.1,1088.1,1083.1,1083.1,1083.1,1083.1,1091.4,1091.4,1091.4,1091.4,1091.4,1106.1,1106.1,1106.1,1106.1,1106.1,6.27,5.91,5.87,5.89,5.99,6.08,6.07,0.0,0.0,6.01,5.97,6.12,0.0,0.0,6.32,5.96,6.0,0.0,6.16,6.06,0.0,0.0,0.0,6.09,6.02,0.0,0.0,0.0,850.8,839.9,845.4,75.922,75.273,75.635
P2,IB3,P2-IB3-3.2-SI14,SACU-2,17,17,0,100.0,0.0,MBUS-14,On-grid,418.6,111.673,-0.058,1100.4,1100.4,1100.4,1100.4,1088.5,1088.5,1088.5,1088.5,1088.5,1105.6,1105.6,1105.6,1105.6,1105.6,1086.4,1086.4,1086.4,1086.4,1098.2,1098.2,1098.2,1098.2,1098.2,1099.0,1099.0,1099.0,1099.0,1099.0,6.33,5.95,6.13,5.97,6.28,6.02,6.13,0.0,0.0,5.95,6.05,5.9,0.0,0.0,6.47,5.98,6.09,0.0,5.87,6.14,0.0,0.0,0.0,6.28,5.96,0.0,0.0,0.0,849.0,843.5,840.8,76.583,76.022,76.124
P2,IB3,P2-IB3-3.2-SI15,SACU-2,17,17,0,100.0,0.0,MBUS-15,On-grid,415.59,111.485,-0.066,1103.8,1103.8,1103.8,1103.8,1094.1,1094.1,1094.1,1094.1,1094.1,1098.9,1098.9,1098.9,1098.9,1098.9,1082.6,1082.6,1082.6,1082.6,1092.7,1092.7,1092.7,1092.7,1092.7,1100.8,1100.8,1100.8,1100.8,1100.8,6.47,6.03,6.12,5.98,6.5,6.1,5.88,0.0,0.0,6.48,5.78,6.08,0.0,0.0,6.72,6.07,5.9,0.0,6.66,6.07,0.0,0.0,0.0,6.66,5.96,0.0,0.0,0.0,850.8,843.0,843.0,76.254,75.806,76.017
P2,IB3,P2-IB3-3.2-SI16,SACU-2,17,17,0,100.0,0.0,MBUS-16,On-grid,419.16,111.801,-0.025,1097.9,1097.9,1097.9,1097.9,1094.5,1094.5,1094.5,1094.5,1094.5,1096.9,1096.9,1096.9,1096.9,1096.9,1104.0,1104.0,1104.0,1104.0,1090.0,1090.0,1090.0,1090.0,1090.0,1085.5,1085.5,1085.5,1085.5,1085.5,6.27,6.12,6.02,6.2,6.14,6.18,6.08,0.0,0.0,6.42,5.9,6.18,0.0,0.0,6.36,6.04,5.75,0.0,6.03,5.95,6.07,0.0,0.0,6.52,0.0,0.0,0.0,0.0,849.7,840.2,845.1,76.994,76.431,76.354
P2,IB3,P2-IB3-3.1-SI07,SACU-2,17,14,3,82.35,17.65,MBUS-17,On-grid,349.84,92.774,-0.001,1115.5,1115.5,1115.5,1115.5,1114.7,1114.7,1114.7,1114.7,1114.7,1113.8,1113.8,1113.8,1113.8,1113.8,1117.4,1117.4,1117.4,1117.4,1108.5,1108.5,1108.5,1108.5,1108.5,384.5,384.5,384.5,384.5,384.5,5.94,5.98,6.23,6.17,5.8,6.18,6.15,0.0,0.0,5.88,6.11,5.87,0.0,0.0,6.33,5.99,0.0,0.0,0.0,6.24,6.11,0.0,0.0,0.0,0.0,0.0,0.0,0.0,849.2,839.8,845.3,63.978,63.36,63.353
P2,IB3,P2-IB3-4.1-SI01,SACU-2,17,17,0,100.0,0.0,MBUS-18,On-grid,422.5,112.255,0.009,1103.2,1103.2,1103.2,1103.2,1107.1,1107.1,1107.1,1107.1,1107.1,1116.4,1116.4,1116.4,1116.4,1116.4,1118.0,1118.0,1118.0,1118.0,1110.2,1110.2,1110.2,1110.2,1110.2,384.2,384.2,384.2,384.2,384.2,5.93,6.14,6.2,6.04,6.09,6.01,6.21,0.0,0.0,5.8,6.21,5.97,0.0,0.0,6.06,5.95,6.2,5.98,6.05,6.25,5.96,0.0,0.0,0.0,0.0,0.0,0.0,0.0,851.1,844.0,841.7,76.783,76.714,76.685
P2,IB3,P2-IB3-3.1-SI03,SACU-2,17,17,0,100.0,0.0,MBUS-19,On-grid,421.75,112.001,0.024,1118.7,1118.7,1118.7,1118.7,1094.6,1094.6,1094.6,1094.6,1094.6,1108.8,1108.8,1108.8,1108.8,1108.8,1105.1,1105.1,1105.1,1105.1,1101.9,1101.9,1101.9,1101.9,1101.9,1106.5,1106.5,1106.5,1106.5,1106.5,6.41,5.77,6.08,5.82,6.25,5.91,6.18,0.0,0.0,6.45,6.09,5.89,0.0,0.0,6.3,6.09,5.81,0.0,6.21,6.17,0.0,0.0,0.0,6.05,6.09,0.0,0.0,0.0,850.5,841.1,847.4,76.661,76.54,76.181
P2,IB3,P2-IB3-4.1-SI04,SACU-2,17,17,0,100.0,0.0,MBUS-20,On-grid,414.35,110.081,0.058,1099.1,1099.1,1099.1,1099.1,1097.5,1097.5,1097.5,1097.5,1097.5,1094.1,1094.1,1094.1,1094.1,1094.1,1092.9,1092.9,1092.9,1092.9,1096.9,1096.9,1096.9,1096.9,1096.9,1098.3,1098.3,1098.3,1098.3,1098.3,6.24,5.79,5.8,5.98,5.69,5.99,6.13,0.0,0.0,5.88,6.13,6.12,0.0,0.0,6.18,6.1,5.9,0.0,6.31,5.77,6.02,0.0,0.0,6.08,0.0,0.0,0.0,0.0,850.6,841.3,843.7,75.281,75.354,75.313
P2,IB3,P2-IB3-3.1-SI05,SACU-2,17,17,0,100.0,0.0,MBUS-21,On-grid,420.64,111.751,-0.006,1117.2,1117.2,1117.2,1117.2,1121.7,1121.7,1121.7,1121.7,1121.7,1107.7,1107.7,1107.7,1107.7,1107.7,1117.7,1117.7,1117.7,1117.7,1107.7,1107.7,1107.7,1107.7,1107.7,1108.9,1108.9,1108.9,1108.9,1108.9,6.2,6.04,5.79,6.05,6.07,6.1,5.69,0.0,0.0,6.45,5.87,6.16,0.0,0.0,6.27,5.96,5.76,0.0,6.52,5.95,6.0,0.0,0.0,6.42,0.0,0.0,0.0,0.0,850.3,839.2,846.0,76.802,75.918,76.327
P2,IB3,P2-IB3-4.1-SI06,SACU-2,17,17,0,100.0,0.0,MBUS-22,On-grid,419.14,110.52,0.059,1102.7,1102.7,1102.7,1102.7,1090.1,1090.1,1090.1,1090.1,1090.1,1096.2,1096.2,1096.2,1096.2,1096.2,1099.6,1099.6,1099.6,1099.6,1097.2,1097.2,1097.2,1097.2,1097.2,1116.6,1116.6,1116.6,1116.6,1116.6,6.46,5.96,6.08,5.89,6.27,5.92,6.08,0.0,0.0,6.17,5.99,5.89,0.0,0.0,6.28,5.93,5.57,0.0,6.27,6.01,5.74,0.0,0.0,6.07,0.0,0.0,0.0,0.0,847.6,836.3,844.2,75.816,75.726,75.481
P2,IB3,P2-IB3-4.1-SI07,SACU-2,17,17,0,100.0,0.0,MBUS-23,On-grid,423.58,111.998,-0.014,1103.4,1103.4,1103.4,1103.4,1110.2,1110.2,1110.2,1110.2,1110.2,1106.9,1106.9,1106.9,1106.9,1106.9,1099.0,1099.0,1099.0,1099.0,1112.5,1112.5,1112.5,1112.5,1112.5,1100.0,1100.0,1100.0,1100.0,1100.0,6.1,6.16,6.06,5.94,6.26,5.93,6.13,0.0,0.0,6.33,5.85,5.88,0.0,0.0,6.35,5.77,6.15,0.0,6.13,6.04,6.05,0.0,0.0,6.2,0.0,0.0,0.0,0.0,848.8,843.4,838.5,76.773,76.494,76.742
P2,IB3,P2-IB3-4.1-SI08,SACU-2,17,17,0,100.0,0.0,MBUS-24,On-grid,421.74,111.307,0.057,1093.9,1093.9,1093.9,1093.9,1083.2,1083.2,1083.2,1083.2,1083.2,1094.5,1094.5,1094.5,1094.5,1094.5,1089.3,1089.3,1089.3,1089.3,1099.6,1099.6,1099.6,1099.6,1099.6,1085.1,1085.1,1085.1,1085.1,1085.1,6.4,5.94,5.91,6.1,6.16,6.17,5.92,0.0,0.0,6.3,5.93,6.14,0.0,0.0,6.35,6.07,5.92,0.0,6.36,5.95,0.0,0.0,0.0,6.32,6.03,0.0,0.0,0.0,849.2,837.7,844.0,76.766,76.129,76.107
P2,IB3,P2-IB3-4.2-SI09,SACU-2,17,17,0,100.0,0.0,MBUS-25,On-grid,421.06,111.739,-0.012,1096.2,1096.2,1096.2,1096.2,1093.6,1093.6,1093.6,1093.6,1093.6,1086.2,1086.2,1086.2,1086.2,1086.2,1084.1,1084.1,1084.1,1084.1,1098.1,1098.1,1098.1,1098.1,1098.1,1107.3,1107.3,1107.3,1107.3,1107.3,6.3,5.93,6.11,6.03,6.1,5.96,6.06,0.0,0.0,6.07,6.15,6.01,0.0,0.0,6.49,6.04,0.0,6.11,6.32,5.91,0.0,0.0,0.0,6.27,6.0,0.0,0.0,0.0,846.5,838.4,839.7,77.248,76.366,76.355
P2,IB3,P2-IB3-4.2-SI10,SACU-2,17,17,0,100.0,0.0,MBUS-26,On-grid,420.94,111.448,0.021,1081.2,1081.2,1081.2,1081.2,1091.1,1091.1,1091.1,1091.1,1091.1,1092.8,1092.8,1092.8,1092.8,1092.8,1095.7,1095.7,1095.7,1095.7,1088.5,1088.5,1088.5,1088.5,1088.5,1091.6,1091.6,1091.6,1091.6,1091.6,6.45,6.09,5.94,6.18,6.05,6.08,5.88,0.0,0.0,6.24,5.9,6.16,0.0,0.0,6.26,6.05,5.8,0.0,6.35,6.07,5.91,0.0,0.0,6.32,0.0,0.0,0.0,0.0,847.2,836.5,842.5,76.57,76.439,76.303
P2,IB3,P2-IB3-4.2-SI11,SACU-2,17,17,0,100.0,0.0,MBUS-27,On-grid,418.2,110.898,0.009,1090.6,1090.6,1090.6,1090.6,1092.1,1092.1,1092.1,1092.1,1092.1,1082.7,1082.7,1082.7,1082.7,1082.7,1082.2,1082.2,1082.2,1082.2,1102.9,1102.9,1102.9,1102.9,1102.9,1105.8,1105.8,1105.8,1105.8,1105.8,6.39,5.95,6.07,5.99,6.15,5.96,6.04,0.0,0.0,6.1,6.17,6.06,0.0,0.0,6.31,5.89,6.1,0.0,6.26,6.0,0.0,0.0,0.0,6.02,6.07,0.0,0.0,0.0,845.6,839.1,837.8,76.76,76.022,75.886
P2,IB3,P2-IB3-4.2-SI12,SACU-2,17,17,0,100.0,0.0,MBUS-28,On-grid,425.48,111.806,-0.072,1088.4,1088.4,1088.4,1088.4,1092.1,1092.1,1092.1,1092.1,1092.1,1082.7,1082.7,1082.7,1082.7,1082.7,1094.0,1094.0,1094.0,1094.0,1092.3,1092.3,1092.3,1092.3,1092.3,1097.6,1097.6,1097.6,1097.6,1097.6,6.41,6.22,5.98,6.1,5.97,6.18,5.98,0.0,0.0,6.4,5.94,6.2,0.0,0.0,6.25,6.06,5.92,0.0,6.41,5.95,6.02,0.0,0.0,6.29,0.0,0.0,0.0,0.0,845.5,838.3,835.0,76.83,76.591,76.666
P2,IB3,P2-IB3-4.2-SI13,SACU-2,17,17,0,100.0,0.0,MBUS-29,On-grid,428.12,112.156,-0.041,1104.3,1104.3,1104.3,1104.3,1106.9,1106.9,1106.9,1106.9,1106.9,1091.8,1091.8,1091.8,1091.8,1091.8,1093.1,1093.1,1093.1,1093.1,1094.3,1094.3,1094.3,1094.3,1094.3,1095.9,1095.9,1095.9,1095.9,1095.9,6.25,5.97,6.06,6.02,6.34,6.05,6.03,0.0,0.0,6.27,6.01,6.07,0.0,0.0,6.54,5.93,6.11,0.0,6.16,6.15,6.06,0.0,0.0,6.63,0.0,0.0,0.0,0.0,844.4,838.1,835.6,77.599,77.134,76.812
P2,IB3,P2-IB3-4.2-SI14,SACU-2,17,17,0,100.0,0.0,MBUS-30,On-grid,428.79,112.449,0.025,1093.6,1093.6,1093.6,1093.6,1090.4,1090.4,1090.4,1090.4,1090.4,1095.2,1095.2,1095.2,1095.2,1095.2,1101.9,1101.9,1101.9,1101.9,1085.3,1085.3,1085.3,1085.3,1085.3,1093.2,1093.2,1093.2,1093.2,1093.2,6.51,6.01,6.13,6.01,6.28,6.0,6.16,0.0,0.0,6.4,5.92,6.09,0.0,0.0,6.33,5.93,6.12,0.0,6.29,6.14,6.06,0.0,0.0,6.36,0.0,0.0,0.0,0.0,841.9,838.0,831.1,77.705,77.437,77.721
P2,IB3,P2-IB3-4.2-SI15,SACU-2,17,17,0,100.0,0.0,MBUS-31,On-grid,431.23,112.465,-0.035,1099.0,1099.0,1099.0,1099.0,1099.9,1099.9,1099.9,1099.9,1099.9,1093.1,1093.1,1093.1,1093.1,1093.1,1109.3,1109.3,1109.3,1109.3,1091.6,1091.6,1091.6,1091.6,1091.6,1091.3,1091.3,1091.3,1091.3,1091.3,6.42,5.97,6.1,6.0,6.14,6.15,5.97,0.0,0.0,6.26,6.04,6.21,0.0,0.0,6.38,6.08,6.0,0.0,5.98,6.18,0.0,0.0,0.0,6.19,5.95,0.0,0.0,0.0,842.7,831.1,838.1,77.646,77.639,77.543
P2,IB3,P2-IB3-4.2-SI16,SACU-2,17,17,0,100.0,0.0,MBUS-32,On-grid,427.35,111.449,0.04,1086.0,1086.0,1086.0,1086.0,1093.4,1093.4,1093.4,1093.4,1093.4,1090.6,1090.6,1090.6,1090.6,1090.6,1097.5,1097.5,1097.5,1097.5,1095.7,1095.7,1095.7,1095.7,1095.7,1087.8,1087.8,1087.8,1087.8,1087.8,6.21,6.15,5.95,6.2,6.11,6.2,5.95,0.0,0.0,6.41,5.97,6.22,0.0,0.0,6.21,6.05,5.97,0.0,6.23,5.97,6.12,0.0,0.0,6.26,0.0,0.0,0.0,0.0,841.7,834.9,832.1,77.213,76.602,76.895
P2,IB4,P2-IB4-1.1-SI01,SACU-1,18,18,0,100.0,0.0,MBUS-1,On-grid,495.39,122.213,-0.028,1102.8,1102.8,1102.8,1102.8,1118.1,1118.1,1118.1,1118.1,1118.1,1095.2,1095.2,1095.2,1095.2,1095.2,1105.3,1105.3,1105.3,1105.3,1103.1,1103.1,1103.1,1103.1,1103.1,1114.7,1114.7,1114.7,1114.7,1114.7,6.48,6.1,6.04,6.24,6.1,6.19,6.13,0.0,0.0,6.24,6.26,6.13,0.0,0.0,6.48,6.26,5.95,6.09,6.62,6.11,6.21,0.0,0.0,6.59,0.0,0.0,0.0,0.0,838.2,832.3,829.8,84.958,84.545,84.929
P2,IB4,P2-IB4-1.1-SI02,SACU-1,18,18,0,100.0,0.0,MBUS-2,On-grid,491.36,120.815,0.002,1101.2,1101.2,1101.2,1101.2,1108.8,1108.8,1108.8,1108.8,1108.8,1098.6,1098.6,1098.6,1098.6,1098.6,1101.3,1101.3,1101.3,1101.3,1105.3,1105.3,1105.3,1105.3,1105.3,1110.4,1110.4,1110.4,1110.4,1110.4,6.29,6.14,5.98,6.28,6.18,6.2,6.05,0.0,0.0,6.4,6.09,6.24,0.0,0.0,6.16,6.21,6.09,0.0,6.54,6.23,6.04,0.0,0.0,6.39,6.04,0.0,0.0,0.0,838.8,834.0,829.5,84.254,83.833,83.785
P2,IB4,P2-IB4-1.1-SI03,SACU-1,18,18,0,100.0,0.0,MBUS-3,On-grid,492.83,121.344,0.007,1109.3,1109.3,1109.3,1109.3,1100.5,1100.5,1100.5,1100.5,1100.5,1100.5,1100.5,1100.5,1100.5,1100.5,1107.6,1107.6,1107.6,1107.6,1107.1,1107.1,1107.1,1107.1,1107.1,1101.1,1101.1,1101.1,1101.1,1101.1,6.32,6.06,6.12,6.04,6.23,6.32,6.12,0.0,0.0,6.4,6.17,6.13,0.0,0.0,6.43,6.14,5.94,0.0,6.56,6.26,5.93,0.0,0.0,6.34,6.16,0.0,0.0,0.0,837.4,828.5,832.2,85.036,84.027,84.178
P2,IB4,P2-IB4-1.1-SI04,SACU-1,18,18,0,100.0,0.0,MBUS-4,On-grid,491.52,120.891,-0.012,1107.0,1107.0,1107.0,1107.0,1092.4,1092.4,1092.4,1092.4,1092.4,1098.3,1098.3,1098.3,1098.3,1098.3,1101.5,1101.5,1101.5,1101.5,1089.0,1089.0,1089.0,1089.0,1089.0,1102.3,1102.3,1102.3,1102.3,1102.3,6.42,6.02,6.2,6.07,6.25,6.17,6.16,0.0,0.0,6.23,6.17,6.1,0.0,0.0,6.41,6.0,6.12,0.0,6.43,6.19,5.97,0.0,0.0,6.47,6.04,0.0,0.0,0.0,838.1,829.0,832.5,84.112,84.014,83.863
P2,IB4,P2-IB4-1.1-SI05,SACU-1,18,18,0,100.0,0.0,MBUS-5,On-grid,489.91,120.187,-0.052,1092.4,1092.4,1092.4,1092.4,1101.9,1101.9,1101.9,1101.9,1101.9,1102.5,1102.5,1102.5,1102.5,1102.5,1095.4,1095.4,1095.4,1095.4,1103.0,1103.0,1103.0,1103.0,1103.0,1106.9,1106.9,1106.9,1106.9,1106.9,6.31,6.24,6.08,6.25,6.07,6.21,5.98,0.0,0.0,6.41,6.04,6.23,0.0,0.0,6.16,6.2,6.07,0.0,6.42,6.07,6.15,0.0,0.0,6.28,6.08,0.0,0.0,0.0,838.8,832.1,829.9,83.878,83.461,83.353
P2,IB4,P2-IB4-1.1-SI06,SACU-1,18,18,0,100.0,0.0,MBUS-6,On-grid,488.52,120.407,0.011,1102.6,1102.6,1102.6,1102.6,1094.9,1094.9,1094.9,1094.9,1094.9,1100.1,1100.1,1100.1,1100.1,1100.1,1106.1,1106.1,1106.1,1106.1,1091.2,1091.2,1091.2,1091.2,1091.2,1092.3,1092.3,1092.3,1092.3,1092.3,6.36,6.1,6.22,6.11,6.14,6.1,6.24,0.0,0.0,6.29,6.18,6.08,0.0,0.0,6.49,6.02,6.1,0.0,6.37,6.31,6.05,0.0,0.0,6.36,6.02,0.0,0.0,0.0,837.4,828.0,831.5,83.764,83.806,83.606
P2,IB4,P2-IB4-1.1-SI07,SACU-1,18,18,0,100.0,0.0,MBUS-7,On-grid,489.26,121.245,-0.003,1098.0,1098.0,1098.0,1098.0,1105.3,1105.3,1105.3,1105.3,1105.3,1084.5,1084.5,1084.5,1084.5,1084.5,1102.9,1102.9,1102.9,1102.9,1094.5,1094.5,1094.5,1094.5,1094.5,1110.3,1110.3,1110.3,1110.3,1110.3,6.49,6.09,6.13,6.09,6.17,6.31,6.0,0.0,0.0,6.72,5.98,6.27,0.0,0.0,6.47,6.1,5.95,0.0,6.52,6.28,6.07,0.0,0.0,6.45,6.13,0.0,0.0,0.0,835.8,826.3,830.8,84.468,84.486,84.437
P2,IB4,P2-IB4-1.1-SI08,SACU-1,18,18,0,100.0,0.0,MBUS-8,On-grid,493.55,121.081,0.027,1107.9,1107.9,1107.9,1107.9,1097.7,1097.7,1097.7,1097.7,1097.7,1105.9,1105.9,1105.9,1105.9,1105.9,1110.3,1110.3,1110.3,1110.3,1107.4,1107.4,1107.4,1107.4,1107.4,1101.9,1101.9,1101.9,1101.9,1101.9,6.13,6.21,6.05,6.19,5.85,6.36,6.11,0.0,0.0,6.41,6.22,6.15,0.0,0.0,6.27,6.1,6.0,0.0,6.36,6.28,5.98,0.0,0.0,6.03,6.1,0.0,0.0,0.0,837.3,832.7,826.7,84.394,83.895,84.265
P2,IB4,P2-IB4-1.2-SI09,SACU-1,18,18,0,100.0,0.0,MBUS-9,On-grid,492.12,121.661,0.034,1103.5,1103.5,1103.5,1103.5,1105.5,1105.5,1105.5,1105.5,1105.5,1102.1,1102.1,1102.1,1102.1,1102.1,1112.9,1112.9,1112.9,1112.9,1095.2,1095.2,1095.2,1095.2,1095.2,1101.4,1101.4,1101.4,1101.4,1101.4,6.41,6.03,6.16,6.09,6.25,6.08,6.16,0.0,0.0,6.39,6.26,6.17,0.0,0.0,6.38,6.1,6.18,0.0,6.35,6.28,6.24,0.0,0.0,6.39,6.24,0.0,0.0,0.0,836.0,830.2,827.9,84.87,84.532,84.604
P2,IB4,P2-IB4-1.2-SI10,SACU-1,18,18,0,100.0,0.0,MBUS-10,On-grid,489.57,121.562,-0.015,1100.0,1100.0,1100.0,1100.0,1102.1,1102.1,1102.1,1102.1,1102.1,1097.1,1097.1,1097.1,1097.1,1097.1,1104.6,1104.6,1104.6,1104.6,1089.9,1089.9,1089.9,1089.9,1089.9,1103.5,1103.5,1103.5,1103.5,1103.5,6.48,6.16,6.1,6.05,6.26,6.13,6.33,0.0,0.0,6.56,0.0,6.23,5.96,0.0,6.41,5.96,6.18,0.0,6.28,6.32,6.04,0.0,0.0,6.41,6.11,0.0,0.0,0.0,834.9,828.5,826.9,84.75,84.894,85.004
P2,IB4,P2-IB4-1.2-SI11,SACU-1,18,18,0,100.0,0.0,MBUS-11,On-grid,491.28,120.866,0.071,1099.1,1099.1,1099.1,1099.1,1099.1,1099.1,1099.1,1099.1,1099.1,1085.6,1085.6,1085.6,1085.6,1085.6,1097.9,1097.9,1097.9,1097.9,1102.0,1102.0,1102.0,1102.0,1102.0,1093.7,1093.7,1093.7,1093.7,1093.7,6.4,6.07,6.16,6.05,6.2,6.15,6.27,0.0,0.0,6.38,6.22,6.14,0.0,0.0,6.49,6.1,6.19,0.0,6.33,6.31,6.05,0.0,0.0,6.39,6.09,0.0,0.0,0.0,835.3,828.5,829.7,84.626,84.003,84.207
P2,IB4,P2-IB4-1.2-SI12,SACU-1,18,18,0,100.0,0.0,MBUS-12,On-grid,488.12,120.644,-0.018,1099.5,1099.5,1099.5,1099.5,1098.7,1098.7,1098.7,1098.7,1098.7,1093.5,1093.5,1093.5,1093.5,1093.5,1102.7,1102.7,1102.7,1102.7,1108.7,1108.7,1108.7,1108.7,1108.7,1104.1,1104.1,1104.1,1104.1,1104.1,6.45,6.18,5.96,6.2,5.99,6.3,6.09,0.0,0.0,6.48,6.07,6.24,0.0,0.0,6.23,6.15,6.11,0.0,6.45,6.07,6.1,0.0,0.0,6.23,6.06,0.0,0.0,0.0,835.4,831.6,824.8,84.41,83.81,84.249
P2,IB4,P2-IB4-1.2-SI13,SACU-1,18,18,0,100.0,0.0,MBUS-13,On-grid,488.9,120.56,-0.021,1096.1,1096.1,1096.1,1096.1,1089.5,1089.5,1089.5,1089.5,1089.5,1101.0,1101.0,1101.0,1101.0,1101.0,1090.6,1090.6,1090.6,1090.6,1114.8,1114.8,1114.8,1114.8,1114.8,1110.0,1110.0,1110.0,1110.0,1110.0,6.35,6.05,6.17,6.15,6.3,6.13,6.19,0.0,0.0,6.36,6.13,6.13,0.0,0.0,6.45,6.0,6.1,0.0,6.45,6.09,6.01,0.0,0.0,6.31,6.17,0.0,0.0,0.0,835.1,826.6,830.1,84.558,83.9,83.983
P2,IB4,P2-IB4-1.2-SI14,SACU-1,18,18,0,100.0,0.0,MBUS-14,On-grid,485.46,119.734,-0.057,1102.0,1102.0,1102.0,1102.0,1096.0,1096.0,1096.0,1096.0,1096.0,1092.6,1092.6,1092.6,1092.6,1092.6,1092.3,1092.3,1092.3,1092.3,1110.1,1110.1,1110.1,1110.1,1110.1,1049.8,1049.8,1049.8,1049.8,1049.8,6.3,6.08,6.17,6.07,6.18,6.08,6.12,0.0,0.0,6.2,6.15,6.11,0.0,0.0,6.33,5.99,6.16,0.0,6.1,6.19,5.79,0.0,0.0,6.45,5.83,0.0,0.0,0.0,833.7,824.7,829.1,83.771,83.221,83.539
P2,IB4,P2-IB4-1.2-SI15,SACU-1,18,18,0,100.0,0.0,MBUS-15,On-grid,484.84,119.962,-0.031,1100.7,1100.7,1100.7,1100.7,1095.4,1095.4,1095.4,1095.4,1095.4,1086.4,1086.4,1086.4,1086.4,1086.4,1098.0,1098.0,1098.0,1098.0,1091.4,1091.4,1091.4,1091.4,1091.4,1089.8,1089.8,1089.8,1089.8,1089.8,6.32,6.1,5.93,6.0,6.21,6.11,6.23,0.0,0.0,6.32,6.28,6.16,0.0,0.0,6.36,6.13,6.2,0.0,6.32,6.23,5.99,0.0,0.0,6.39,6.17,0.0,0.0,0.0,833.5,829.9,823.0,83.994,83.559,83.64
P2,IB4,P2-IB4-1.2-SI16,SACU-1,18,13,5,72.22,27.78,MBUS-16,On-grid,354.79,87.001,-0.013,1097.0,1097.0,1097.0,1097.0,1096.8,1096.8,1096.8,1096.8,1096.8,1092.6,1092.6,1092.6,1092.6,1092.6,1094.5,1094.5,1094.5,1094.5,360.0,360.0,360.0,360.0,360.0,357.2,357.2,357.2,357.2,357.2,5.84,6.4,6.27,6.37,5.51,6.46,6.25,0.0,0.0,5.84,6.2,6.38,0.0,0.0,5.73,6.34,6.39,0.0,0.0,0.0,0.0,0.0,0.0,0.0,0.0,0.0,0.0,0.0,832.7,830.7,821.5,61.197,60.582,60.709
P2,IB4,P2-IB4-2.1-SI01,SACU-1,18,18,0,100.0,0.0,MBUS-17,On-grid,485.56,121.37,-0.071,1104.9,1104.9,1104.9,1104.9,1108.8,1108.8,1108.8,1108.8,1108.8,1098.2,1098.2,1098.2,1098.2,1098.2,1103.5,1103.5,1103.5,1103.5,1092.9,1092.9,1092.9,1092.9,1092.9,1088.8,1088.8,1088.8,1088.8,1088.8,6.5,6.14,6.19,6.13,6.3,6.18,6.09,0.0,0.0,6.29,6.22,6.13,0.0,0.0,6.49,6.01,6.17,0.0,6.16,6.28,0.0,6.2,0.0,6.53,6.09,0.0,0.0,0.0,837.2,826.7,831.5,84.538,84.379,84.37
P2,IB4,P2-IB4-2.1-SI02,SACU-1,18,18,0,100.0,0.0,MBUS-18,On-grid,486.6,121.5,-0.02,1098.2,1098.2,1098.2,1098.2,1097.3,1097.3,1097.3,1097.3,1097.3,1100.8,1100.8,1100.8,1100.8,1100.8,1097.6,1097.6,1097.6,1097.6,1098.7,1098.7,1098.7,1098.7,1098.7,1102.2,1102.2,1102.2,1102.2,1102.2,6.26,6.18,6.33,6.19,6.3,6.26,6.29,0.0,0.0,6.15,6.25,6.29,0.0,0.0,6.43,0.0,6.11,6.14,6.3,6.36,0.0,0.0,0.0,6.2,6.11,6.23,0.0,0.0,834.6,825.7,829.8,85.068,84.499,84.688
P2,IB4,P2-IB4-2.1-SI03,SACU-1,18,18,0,100.0,0.0,MBUS-19,On-grid,485.78,121.215,-0.056,1091.7,1091.7,1091.7,1091.7,1108.0,1108.0,1108.0,1108.0,1108.0,1100.9,1100.9,1100.9,1100.9,1100.9,1108.5,1108.5,1108.5,1108.5,1103.2,1103.2,1103.2,1103.2,1103.2,1114.4,1114.4,1114.4,1114.4,1114.4,6.37,6.12,6.27,6.16,6.13,6.13,6.18,0.0,0.0,6.25,6.15,6.08,0.0,0.0,6.34,6.06,6.12,0.0,6.29,6.23,6.0,0.0,0.0,6.28,6.03,0.0,0.0,0.0,835.8,825.6,830.4,84.886,84.049,84.003
P2,IB4,P2-IB4-2.1-SI04,SACU-1,18,18,0,100.0,0.0,MBUS-20,On-grid,486.07,121.55,0.008,1108.9,1108.9,1108.9,1108.9,1104.8,1104.8,1104.8,1104.8,1104.8,1106.9,1106.9,1106.9,1106.9,1106.9,1104.3,1104.3,1104.3,1104.3,1112.7,1112.7,1112.7,1112.7,1112.7,1095.2,1095.2,1095.2,1095.2,1095.2,6.37,6.0,6.26,6.09,6.08,6.29,6.31,0.0,0.0,6.08,6.45,6.04,0.0,0.0,6.39,6.02,6.28,0.0,6.3,6.27,6.05,0.0,0.0,6.38,5.98,0.0,0.0,0.0,835.9,832.3,825.2,85.084,84.523,84.647
P2,IB4,P2-IB4-2.1-SI05,SACU-1,18,18,0,100.0,0.0,MBUS-21,On-grid,488.35,121.146,0.05,1097.8,1097.8,1097.8,1097.8,1102.7,1102.7,1102.7,1102.7,1102.7,1107.2,1107.2,1107.2,1107.2,1107.2,1098.2,1098.2,1098.2,1098.2,1099.0,1099.0,1099.0,1099.0,1099.0,1097.1,1097.1,1097.1,1097.1,1097.1,6.31,6.09,6.26,6.14,5.89,6.11,6.25,0.0,0.0,6.17,6.24,6.17,0.0,0.0,6.32,6.03,6.28,0.0,6.14,6.14,6.05,0.0,0.0,6.02,6.27,0.0,0.0,0.0,833.6,826.2,826.2,84.667,84.506,84.388
P2,IB4,P2-IB4-2.1-SI06,SACU-1,18,18,0,100.0,0.0,MBUS-22,On-grid,487.66,121.005,0.016,1104.7,1104.7,1104.7,1104.7,1101.7,1101.7,1101.7,1101.7,1101.7,1103.2,1103.2,1103.2,1103.2,1103.2,1096.7,1096.7,1096.7,1096.7,1103.4,1103.4,1103.4,1103.4,1103.4,1090.4,1090.4,1090.4,1090.4,1090.4,6.42,6.1,6.14,6.03,6.36,6.1,6.18,0.0,0.0,6.25,6.27,6.18,0.0,0.0,6.39,6.04,6.21,0.0,6.23,6.32,6.1,0.0,0.0,6.54,6.17,0.0,0.0,0.0,835.4,826.7,830.5,84.735,84.413,84.115
P2,IB4,P2-IB4-2.1-SI07,SACU-1,18,18,0,100.0,0.0,MBUS-23,On-grid,488.11,121.807,0.031,1102.7,1102.7,1102.7,1102.7,1100.9,1100.9,1100.9,1100.9,1100.9,1099.0,1099.0,1099.0,1099.0,1099.0,1097.8,1097.8,1097.8,1097.8,1107.3,1107.3,1107.3,1107.3,1107.3,1111.1,1111.1,1111.1,1111.1,1111.1,6.32,6.17,6.3,6.14,6.02,6.21,6.31,0.0,0.0,6.22,6.29,6.19,0.0,0.0,6.41,6.13,6.29,0.0,6.19,6.13,6.04,0.0,0.0,6.18,6.19,0.0,0.0,0.0,834.4,830.2,823.1,85.493,84.785,84.97
P2,IB4,P2-IB4-2.1-SI08,SACU-1,18,18,0,100.0,0.0,MBUS-24,On-grid,487.66,121.227,-0.019,1097.8,1097.8,1097.8,1097.8,1114.7,1114.7,1114.7,1114.7,1114.7,1099.8,1099.8,1099.8,1099.8,1099.8,1092.7,1092.7,1092.7,1092.7,1089.4,1089.4,1089.4,1089.4,1089.4,1097.6,1097.6,1097.6,1097.6,1097.6,6.46,6.11,6.3,6.19,6.32,6.07,6.2,0.0,0.0,6.41,6.16,6.18,0.0,0.0,6.45,6.06,6.22,0.0,6.38,6.2,6.08,0.0,0.0,6.5,6.17,0.0,0.0,0.0,833.8,827.0,825.8,85.029,84.382,84.475
P2,IB4,P2-IB4-2.2-SI09,SACU-1,18,18,0,100.0,0.0,MBUS-25,On-grid,486.87,121.685,0.012,1099.3,1099.3,1099.3,1099.3,1097.7,1097.7,1097.7,1097.7,1097.7,1098.2,1098.2,1098.2,1098.2,1098.2,1101.1,1101.1,1101.1,1101.1,1105.1,1105.1,1105.1,1105.1,1105.1,1103.8,1103.8,1103.8,1103.8,1103.8,6.47,0.0,6.28,6.16,6.03,6.14,6.34,6.2,0.0,6.21,6.31,6.19,0.0,0.0,6.49,6.03,6.22,0.0,6.25,6.21,6.16,0.0,0.0,6.5,6.18,0.0,0.0,0.0,835.9,832.2,825.8,84.901,84.676,84.632
P2,IB4,P2-IB4-2.2-SI10,SACU-1,18,18,0,100.0,0.0,MBUS-26,On-grid,493.99,122.254,0.036,1086.3,1086.3,1086.3,1086.3,1112.3,1112.3,1112.3,1112.3,1112.3,1101.7,1101.7,1101.7,1101.7,1101.7,1104.1,1104.1,1104.1,1104.1,1099.1,1099.1,1099.1,1099.1,1099.1,1087.5,1087.5,1087.5,1087.5,1087.5,6.44,6.14,6.28,6.14,6.31,6.11,6.2,0.0,0.0,6.35,6.26,6.19,0.0,0.0,6.51,6.08,6.23,0.0,6.49,6.18,6.0,0.0,0.0,6.59,6.29,0.0,0.0,0.0,836.0,825.9,831.6,85.428,85.121,85.151
P2,IB4,P2-IB4-2.2-SI11,SACU-1,18,18,0,100.0,0.0,MBUS-27,On-grid,490.53,121.562,-0.005,1099.3,1099.3,1099.3,1099.3,1111.9,1111.9,1111.9,1111.9,1111.9,1106.1,1106.1,1106.1,1106.1,1106.1,1093.9,1093.9,1093.9,1093.9,1092.5,1092.5,1092.5,1092.5,1092.5,1093.9,1093.9,1093.9,1093.9,1093.9,6.37,5.91,6.28,6.1,6.32,6.03,6.26,0.0,0.0,6.28,6.17,6.09,0.0,0.0,6.46,6.04,6.21,0.0,6.39,6.25,6.1,0.0,0.0,6.43,6.31,0.0,0.0,0.0,837.5,827.6,832.5,84.754,84.072,84.752
P2,IB4,P2-IB4-2.2-SI12,SACU-1,18,18,0,100.0,0.0,MBUS-28,On-grid,492.54,121.977,0.054,1110.1,1110.1,1110.1,1110.1,1106.2,1106.2,1106.2,1106.2,1106.2,1114.6,1114.6,1114.6,1114.6,1114.6,1106.1,1106.1,1106.1,1106.1,1104.9,1104.9,1104.9,1104.9,1104.9,1101.3,1101.3,1101.3,1101.3,1101.3,6.44,6.1,6.24,6.12,6.33,6.2,6.24,0.0,0.0,6.32,6.26,6.1,0.0,0.0,6.42,6.02,6.3,0.0,6.42,6.17,5.98,0.0,0.0,6.58,6.2,0.0,0.0,0.0,837.4,828.4,829.8,85.356,84.796,84.742
P2,IB4,P2-IB4-2.2-SI13,SACU-1,18,10,8,55.56,44.44,MBUS-29,On-grid,275.17,67.906,0.0,1113.2,1113.2,1113.2,1113.2,373.9,373.9,373.9,373.9,373.9,1090.3,1090.3,1090.3,1090.3,1090.3,1092.1,1092.1,1092.1,1092.1,1098.6,1098.6,1098.6,1098.6,1098.6,1092.2,1092.2,1092.2,1092.2,1092.2,6.41,6.17,0.0,0.0,0.0,0.0,0.0,0.0,0.0,6.47,0.0,0.0,0.0,0.0,0.0,6.19,6.39,0.0,5.98,6.35,6.25,0.0,0.0,6.2,6.45,0.0,0.0,0.0,834.8,828.1,826.9,47.609,47.106,47.11
P2,IB4,P2-IB4-2.2-SI14,SACU-1,18,12,6,66.67,33.33,MBUS-30,On-grid,329.42,81.607,-0.008,1104.0,1104.0,1104.0,1104.0,377.0,377.0,377.0,377.0,377.0,1099.6,1099.6,1099.6,1099.6,1099.6,1103.2,1103.2,1103.2,1103.2,1099.7,1099.7,1099.7,1099.7,1099.7,1094.7,1094.7,1094.7,1094.7,1094.7,6.58,0.0,0.0,0.0,0.0,0.0,0.0,0.0,0.0,5.97,6.33,6.28,0.0,0.0,6.0,6.37,6.39,0.0,6.15,6.27,6.2,0.0,0.0,6.26,6.42,0.0,0.0,0.0,836.6,827.5,831.9,57.123,56.816,56.596
P2,IB4,P2-IB4-2.2-SI15,SACU-1,18,10,8,55.56,44.44,MBUS-31,On-grid,275.71,68.264,0.023,1110.1,1110.1,1110.1,1110.1,1106.4,1106.4,1106.4,1106.4,1106.4,1101.6,1101.6,1101.6,1101.6,1101.6,1109.4,1109.4,1109.4,1109.4,1097.4,1097.4,1097.4,1097.4,1097.4,1106.2,1106.2,1106.2,1106.2,1106.2,6.63,0.0,0.0,6.05,0.0,0.0,6.18,0.0,0.0,6.47,0.0,0.0,0.0,0.0,6.65,6.08,0.0,0.0,0.0,6.22,6.07,0.0,0.0,6.44,6.21,0.0,0.0,0.0,834.9,828.7,828.3,47.42,47.163,47.076
P2,IB4,P2-IB4-2.2-SI16,SACU-1,18,16,2,88.89,11.11,MBUS-32,On-grid,434.87,108.557,-0.015,1104.1,1104.1,1104.1,1104.1,1108.9,1108.9,1108.9,1108.9,1108.9,1101.3,1101.3,1101.3,1101.3,1101.3,1101.2,1101.2,1101.2,1101.2,1109.4,1109.4,1109.4,1109.4,1109.4,1106.1,1106.1,1106.1,1106.1,1106.1,6.63,6.1,6.2,6.13,6.35,6.17,0.0,0.0,0.0,6.49,6.19,6.23,0.0,0.0,6.54,0.0,6.18,0.0,0.0,6.09,6.24,6.1,0.0,0.0,6.24,6.11,0.0,0.0,838.9,828.5,832.8,75.538,75.22,75.08
P2,IB4,P2-IB4-3.1-SI01,SACU-2,18,18,0,100.0,0.0,MBUS-1,On-grid,490.04,121.271,-0.031,1117.3,1117.3,1117.3,1117.3,1110.3,1110.3,1110.3,1110.3,1110.3,1116.6,1116.6,1116.6,1116.6,1116.6,1108.6,1108.6,1108.6,1108.6,1097.0,1097.0,1097.0,1097.0,1097.0,1104.9,1104.9,1104.9,1104.9,1104.9,6.47,5.97,6.09,6.02,6.47,5.96,6.07,0.0,0.0,6.36,6.03,6.07,0.0,0.0,6.59,6.21,6.23,0.0,6.47,6.29,6.06,0.0,0.0,6.43,6.04,0.0,0.0,0.0,834.1,828.4,826.5,84.926,84.516,84.613
P2,IB4,P2-IB4-3.1-SI02,SACU-2,18,18,0,100.0,0.0,MBUS-2,On-grid,491.64,121.895,0.005,1114.9,1114.9,1114.9,1114.9,1104.5,1104.5,1104.5,1104.5,1104.5,1096.9,1096.9,1096.9,1096.9,1096.9,1109.9,1109.9,1109.9,1109.9,1107.6,1107.6,1107.6,1107.6,1107.6,1105.5,1105.5,1105.5,1105.5,1105.5,6.48,6.04,6.11,6.19,6.05,6.3,6.17,0.0,0.0,6.42,6.22,6.29,0.0,0.0,6.44,6.04,6.18,0.0,6.33,6.29,6.09,0.0,0.0,6.38,6.25,0.0,0.0,0.0,835.3,826.5,830.2,85.402,85.055,84.759
P2,IB4,P2-IB4-3.1-SI03,SACU-2,18,18,0,100.0,0.0,MBUS-3,On-grid,484.08,120.636,-0.031,1103.8,1103.8,1103.8,1103.8,1103.5,1103.5,1103.5,1103.5,1103.5,1098.2,1098.2,1098.2,1098.2,1098.2,1094.4,1094.4,1094.4,1094.4,1106.1,1106.1,1106.1,1106.1,1106.1,1106.1,1106.1,1106.1,1106.1,1106.1,6.5,6.09,5.9,6.23,6.28,6.23,5.96,0.0,0.0,6.4,6.02,6.22,0.0,0.0,6.35,6.0,6.18,0.0,6.44,6.19,5.91,0.0,0.0,6.5,5.98,0.0,0.0,0.0,840.4,830.6,834.6,84.005,83.285,83.383
P2,IB4,P2-IB4-3.1-SI04,SACU-2,18,18,0,100.0,0.0,MBUS-4,On-grid,478.53,120.251,0.0,1100.6,1100.6,1100.6,1100.6,1095.3,1095.3,1095.3,1095.3,1095.3,1095.4,1095.4,1095.4,1095.4,1095.4,1102.8,1102.8,1102.8,1102.8,1097.1,1097.1,1097.1,1097.1,1097.1,1103.5,1103.5,1103.5,1103.5,1103.5,6.4,5.98,6.18,6.08,6.41,6.13,6.05,0.0,0.0,6.3,6.06,6.28,0.0,0.0,6.28,6.22,6.06,0.0,6.34,6.18,6.02,6.07,0.0,0.0,6.17,0.0,0.0,0.0,839.5,834.3,830.5,83.761,82.797,83.166
P2,IB4,P2-IB4-3.1-SI05,SACU-2,18,18,0,100.0,0.0,MBUS-5,On-grid,479.61,120.673,0.023,1088.5,1088.5,1088.5,1088.5,1088.1,1088.1,1088.1,1088.1,1088.1,1103.0,1103.0,1103.0,1103.0,1103.0,1106.8,1106.8,1106.8,1106.8,1106.3,1106.3,1106.3,1106.3,1106.3,1101.1,1101.1,1101.1,1101.1,1101.1,6.33,6.27,6.11,6.28,6.1,6.38,6.2,0.0,0.0,6.26,6.08,6.36,0.0,0.0,6.31,6.12,6.07,0.0,6.37,6.16,6.01,0.0,0.0,6.05,6.04,0.0,0.0,0.0,840.3,837.4,830.0,83.916,83.236,83.265
P2,IB4,P2-IB4-3.1-SI06,SACU-2,18,18,0,100.0,0.0,MBUS-6,On-grid,479.36,119.911,-0.074,1096.5,1096.5,1096.5,1096.5,1097.6,1097.6,1097.6,1097.6,1097.6,1096.6,1096.6,1096.6,1096.6,1096.6,1088.5,1088.5,1088.5,1088.5,1093.9,1093.9,1093.9,1093.9,1093.9,1101.9,1101.9,1101.9,1101.9,1101.9,6.21,6.21,6.04,6.29,5.99,6.23,5.99,0.0,0.0,6.2,5.98,6.22,0.0,0.0,6.34,6.22,6.06,0.0,6.34,6.14,6.09,0.0,0.0,5.87,6.13,0.0,0.0,0.0,838.8,830.1,834.3,83.298,82.89,82.701
P2,IB4,P2-IB4-3.1-SI07,SACU-2,18,18,0,100.0,0.0,MBUS-7,On-grid,480.04,120.648,0.001,1101.0,1101.0,1101.0,1101.0,1093.4,1093.4,1093.4,1093.4,1093.4,1090.1,1090.1,1090.1,1090.1,1090.1,1091.5,1091.5,1091.5,1091.5,1100.1,1100.1,1100.1,1100.1,1100.1,1097.6,1097.6,1097.6,1097.6,1097.6,6.31,6.21,6.06,6.15,6.21,6.31,6.12,0.0,0.0,6.42,6.05,6.27,0.0,0.0,6.39,6.19,6.06,0.0,6.53,6.09,6.21,0.0,0.0,6.44,6.18,0.0,0.0,0.0,839.9,833.6,831.2,83.55,83.099,83.296
P2,IB4,P2-IB4-3.1-SI08,SACU-2,18,18,0,100.0,0.0,MBUS-8,On-grid,476.27,120.444,0.028,1084.6,1084.6,1084.6,1084.6,1103.2,1103.2,1103.2,1103.2,1103.2,1104.7,1104.7,1104.7,1104.7,1104.7,1101.7,1101.7,1101.7,1101.7,1101.7,1101.7,1101.7,1101.7,1101.7,1110.1,1110.1,1110.1,1110.1,1110.1,6.38,6.23,6.13,6.29,6.26,6.2,6.03,0.0,0.0,6.43,6.17,6.08,0.0,0.0,6.59,5.99,6.06,0.0,6.34,6.25,5.98,0.0,0.0,6.39,6.03,0.0,0.0,0.0,842.4,833.1,836.8,83.518,83.047,82.977
P2,IB4,P2-IB4-3.2-SI09,SACU-2,18,19,0,105.56,0.0,MBUS-9,On-grid,506.83,126.451,0.041,1104.1,1104.1,1104.1,1104.1,1094.4,1094.4,1094.4,1094.4,1094.4,1094.4,1094.4,1094.4,1094.4,1094.4,1094.3,1094.3,1094.3,1094.3,1098.4,1098.4,1098.4,1098.4,1098.4,1094.8,1094.8,1094.8,1094.8,1094.8,6.3,6.16,6.17,6.03,6.32,6.3,6.06,0.0,0.0,6.43,6.21,6.06,0.0,0.0,6.66,6.12,5.89,0.0,6.31,6.31,5.91,0.0,0.0,6.34,6.17,6.12,0.0,0.0,838.3,829.8,833.0,88.262,87.68,87.418
P2,IB4,P2-IB4-3.2-SI10,SACU-2,18,18,0,100.0,0.0,MBUS-10,On-grid,480.28,121.0,0.018,1101.1,1101.1,1101.1,1101.1,1102.5,1102.5,1102.5,1102.5,1102.5,1095.2,1095.2,1095.2,1095.2,1095.2,1108.6,1108.6,1108.6,1108.6,1104.5,1104.5,1104.5,1104.5,1104.5,1105.7,1105.7,1105.7,1105.7,1105.7,6.67,6.06,5.98,6.19,6.58,6.22,6.02,0.0,0.0,6.45,6.08,6.26,0.0,0.0,6.57,6.02,6.21,0.0,6.34,6.07,6.19,0.0,0.0,6.27,5.92,0.0,0.0,0.0,839.4,834.6,829.1,84.217,83.784,83.428
P2,IB4,P2-IB4-3.2-SI11,SACU-2,18,18,0,100.0,0.0,MBUS-11,On-grid,480.82,120.8,-0.039,1115.5,1115.5,1115.5,1115.5,1071.5,1071.5,1071.5,1071.5,1071.5,1099.7,1099.7,1099.7,1099.7,1099.7,1106.0,1106.0,1106.0,1106.0,1106.3,1106.3,1106.3,1106.3,1106.3,1100.7,1100.7,1100.7,1100.7,1100.7,6.35,6.11,6.0,6.24,6.54,5.94,6.21,0.0,0.0,6.42,5.94,6.37,0.0,0.0,6.52,6.16,6.01,0.0,6.41,6.04,6.1,0.0,0.0,6.26,6.1,0.0,0.0,0.0,839.8,831.2,835.0,84.058,83.295,83.37
P2,IB4,P2-IB4-3.2-SI12,SACU-2,18,18,0,100.0,0.0,MBUS-12,On-grid,479.89,121.039,0.001,1112.7,1112.7,1112.7,1112.7,1100.3,1100.3,1100.3,1100.3,1100.3,1110.4,1110.4,1110.4,1110.4,1110.4,1095.5,1095.5,1095.5,1095.5,1109.6,1109.6,1109.6,1109.6,1109.6,1100.1,1100.1,1100.1,1100.1,1100.1,6.41,6.17,6.01,6.11,6.17,6.35,6.11,0.0,0.0,6.39,6.04,6.27,0.0,0.0,6.6,6.13,6.01,0.0,6.4,6.0,6.0,0.0,0.0,6.13,6.17,0.0,0.0,0.0,841.7,832.1,836.0,83.973,83.375,83.532
P2,IB4,P2-IB4-3.2-SI13,SACU-2,18,19,0,105.56,0.0,MBUS-13,On-grid,513.3,127.864,0.057,1096.2,1096.2,1096.2,1096.2,1105.9,1105.9,1105.9,1105.9,1105.9,1098.3,1098.3,1098.3,1098.3,1098.3,1105.6,1105.6,1105.6,1105.6,1100.5,1100.5,1100.5,1100.5,1100.5,1099.5,1099.5,1099.5,1099.5,1099.5,6.82,6.09,6.26,6.11,6.59,6.26,6.17,0.0,0.0,6.54,6.17,6.06,0.0,0.0,6.8,6.07,6.27,0.0,6.67,6.16,6.15,0.0,0.0,6.52,6.17,6.26,0.0,0.0,836.2,830.6,827.8,88.885,88.707,88.893
P2,IB4,P2-IB4-3.2-SI14,SACU-2,18,19,0,105.56,0.0,MBUS-14,On-grid,510.58,127.37,-0.065,1086.7,1086.7,1086.7,1086.7,1106.0,1106.0,1106.0,1106.0,1106.0,1100.8,1100.8,1100.8,1100.8,1100.8,1094.6,1094.6,1094.6,1094.6,1111.5,1111.5,1111.5,1111.5,1111.5,1115.8,1115.8,1115.8,1115.8,1115.8,6.62,6.27,6.07,6.29,6.34,6.32,6.06,0.0,0.0,6.67,6.04,6.24,0.0,0.0,6.61,6.21,6.12,0.0,6.59,6.1,6.2,0.0,0.0,6.46,6.07,6.04,0.0,0.0,837.1,832.1,827.6,88.571,88.155,88.251
P2,IB4,P2-IB4-3.2-SI15,SACU-2,18,18,0,100.0,0.0,MBUS-15,On-grid,486.92,121.391,0.056,1101.8,1101.8,1101.8,1101.8,1099.2,1099.2,1099.2,1099.2,1099.2,1109.4,1109.4,1109.4,1109.4,1109.4,1091.3,1091.3,1091.3,1091.3,1105.7,1105.7,1105.7,1105.7,1105.7,1089.9,1089.9,1089.9,1089.9,1089.9,6.31,6.24,6.11,6.19,6.25,6.3,6.07,0.0,0.0,6.51,6.23,6.06,0.0,0.0,6.65,6.19,6.04,0.0,6.54,6.25,5.97,0.0,0.0,6.57,6.06,0.0,0.0,0.0,834.6,828.6,826.1,84.813,84.6,84.551
P2,IB4,P2-IB4-3.2-SI16,SACU-2,18,19,0,105.56,0.0,MBUS-16,On-grid,508.92,126.827,0.024,1110.6,1110.6,1110.6,1110.6,1100.8,1100.8,1100.8,1100.8,1100.8,1114.7,1114.7,1114.7,1114.7,1114.7,1095.8,1095.8,1095.8,1095.8,1096.1,1096.1,1096.1,1096.1,1096.1,1096.3,1096.3,1096.3,1096.3,1096.3,6.59,5.94,6.16,6.07,6.47,6.1,6.15,0.0,0.0,6.45,6.1,6.01,0.0,0.0,6.76,6.03,6.11,0.0,6.62,6.21,6.04,0.0,0.0,6.71,6.02,6.22,0.0,0.0,837.6,828.7,831.5,88.587,87.925,88.159
P2,IB4,P2-IB4-4.1-SI01,SACU-2,18,18,0,100.0,0.0,MBUS-17,On-grid,493.29,120.591,-0.014,1093.0,1093.0,1093.0,1093.0,1116.2,1116.2,1116.2,1116.2,1116.2,1106.4,1106.4,1106.4,1106.4,1106.4,1113.2,1113.2,1113.2,1113.2,1097.3,1097.3,1097.3,1097.3,1097.3,1107.0,1107.0,1107.0,1107.0,1107.0,6.52,6.0,6.21,6.14,6.33,5.98,6.08,0.0,0.0,6.16,5.98,6.18,0.0,0.0,6.5,5.97,6.13,6.18,6.37,6.22,6.03,0.0,0.0,6.51,0.0,0.0,0.0,0.0,838.4,834.0,829.0,83.893,83.571,83.823
P2,IB4,P2-IB4-4.1-SI02,SACU-2,18,18,0,100.0,0.0,MBUS-18,On-grid,494.27,120.426,0.003,1115.1,1115.1,1115.1,1115.1,1106.7,1106.7,1106.7,1106.7,1106.7,1113.8,1113.8,1113.8,1113.8,1113.8,1105.7,1105.7,1105.7,1105.7,1104.4,1104.4,1104.4,1104.4,1104.4,1077.3,1077.3,1077.3,1077.3,1077.3,6.43,6.06,6.04,6.21,6.32,6.1,6.14,0.0,0.0,6.17,5.97,6.18,0.0,0.0,6.53,6.04,6.14,6.01,6.19,6.17,0.0,0.0,0.0,6.37,6.11,0.0,0.0,0.0,837.4,828.2,831.2,84.075,83.447,83.471
P2,IB4,P2-IB4-4.1-SI03,SACU-2,18,18,0,100.0,0.0,MBUS-19,On-grid,492.21,120.844,-0.03,1107.7,1107.7,1107.7,1107.7,1105.4,1105.4,1105.4,1105.4,1105.4,1103.3,1103.3,1103.3,1103.3,1103.3,1112.1,1112.1,1112.1,1112.1,1106.7,1106.7,1106.7,1106.7,1106.7,1101.6,1101.6,1101.6,1101.6,1101.6,6.28,6.22,6.13,5.96,6.27,6.14,6.24,0.0,0.0,6.31,6.18,6.08,0.0,0.0,6.3,6.11,6.19,0.0,6.35,6.23,5.91,0.0,0.0,6.09,6.11,0.0,0.0,0.0,837.9,833.1,829.0,84.327,83.908,83.662
P2,IB4,P2-IB4-4.1-SI04,SACU-2,18,18,0,100.0,0.0,MBUS-20,On-grid,492.55,120.297,0.038,1100.5,1100.5,1100.5,1100.5,1101.3,1101.3,1101.3,1101.3,1101.3,1105.9,1105.9,1105.9,1105.9,1105.9,1091.2,1091.2,1091.2,1091.2,1108.5,1108.5,1108.5,1108.5,1108.5,1097.3,1097.3,1097.3,1097.3,1097.3,6.33,5.95,6.23,6.12,6.23,6.25,6.24,0.0,0.0,6.32,6.13,6.1,0.0,0.0,6.59,6.14,5.93,0.0,6.34,6.0,6.04,0.0,0.0,6.38,6.18,0.0,0.0,0.0,840.2,831.0,835.3,83.312,83.286,83.536
P2,IB4,P2-IB4-4.1-SI05,SACU-2,18,18,0,100.0,0.0,MBUS-21,On-grid,493.01,120.74,-0.014,1109.3,1109.3,1109.3,1109.3,1111.5,1111.5,1111.5,1111.5,1111.5,1103.4,1103.4,1103.4,1103.4,1103.4,1103.1,1103.1,1103.1,1103.1,1102.6,1102.6,1102.6,1102.6,1102.6,1097.7,1097.7,1097.7,1097.7,1097.7,6.44,6.03,6.12,5.95,6.52,0.0,5.89,0.0,0.0,6.46,0.0,6.01,6.18,6.19,6.44,0.0,6.21,0.0,6.27,6.19,6.0,0.0,0.0,6.61,6.08,6.02,0.0,0.0,839.2,833.1,831.6,83.786,83.504,83.598
P2,IB4,P2-IB4-4.1-SI06,SACU-2,18,18,0,100.0,0.0,MBUS-22,On-grid,489.4,120.194,-0.035,1093.3,1093.3,1093.3,1093.3,1106.2,1106.2,1106.2,1106.2,1106.2,1109.6,1109.6,1109.6,1109.6,1109.6,1100.6,1100.6,1100.6,1100.6,1106.5,1106.5,1106.5,1106.5,1106.5,1100.4,1100.4,1100.4,1100.4,1100.4,6.58,6.11,6.15,6.08,6.36,6.04,6.12,0.0,0.0,6.26,5.92,6.12,0.0,0.0,6.54,6.08,6.1,6.09,6.28,6.09,0.0,0.0,0.0,6.46,6.08,0.0,0.0,0.0,837.7,828.6,833.3,83.982,83.226,83.307
P2,IB4,P2-IB4-4.1-SI07,SACU-2,18,18,0,100.0,0.0,MBUS-23,On-grid,489.7,119.918,-0.062,1106.5,1106.5,1106.5,1106.5,1110.2,1110.2,1110.2,1110.2,1110.2,1109.0,1109.0,1109.0,1109.0,1109.0,1109.5,1109.5,1109.5,1109.5,1108.1,1108.1,1108.1,1108.1,1108.1,1103.6,1103.6,1103.6,1103.6,1103.6,6.2,6.25,6.12,5.98,5.91,6.1,6.17,0.0,0.0,6.37,5.96,6.19,0.0,0.0,6.51,5.93,6.11,0.0,6.23,6.18,5.89,0.0,0.0,6.12,6.03,0.0,0.0,0.0,840.5,836.3,830.1,83.552,83.342,82.776
P2,IB4,P2-IB4-4.1-SI08,SACU-2,18,18,0,100.0,0.0,MBUS-24,On-grid,492.42,120.018,0.008,1103.5,1103.5,1103.5,1103.5,1137.2,1137.2,1137.2,1137.2,1137.2,1113.8,1113.8,1113.8,1113.8,1113.8,1123.7,1123.7,1123.7,1123.7,1106.8,1106.8,1106.8,1106.8,1106.8,1120.7,1120.7,1120.7,1120.7,1120.7,6.44,6.0,6.03,5.92,5.96,5.93,5.79,0.0,0.0,6.46,6.16,5.95,0.0,0.0,6.42,5.86,6.04,5.99,6.64,0.0,6.02,0.0,0.0,6.29,6.13,0.0,0.0,0.0,841.2,835.8,830.9,83.509,82.897,83.315
P2,IB4,P2-IB4-4.2-SI09,SACU-2,18,18,0,100.0,0.0,MBUS-25,On-grid,490.31,120.765,-0.011,1095.3,1095.3,1095.3,1095.3,1103.2,1103.2,1103.2,1103.2,1103.2,1110.8,1110.8,1110.8,1110.8,1110.8,1103.3,1103.3,1103.3,1103.3,1112.7,1112.7,1112.7,1112.7,1112.7,1108.4,1108.4,1108.4,1108.4,1108.4,6.6,6.11,6.27,6.0,6.5,6.07,6.16,0.0,0.0,6.41,6.11,6.22,0.0,0.0,6.7,5.92,6.14,0.0,6.49,6.05,6.12,0.0,0.0,6.72,6.15,0.0,0.0,0.0,840.8,830.5,835.3,84.372,83.449,83.452
P2,IB4,P2-IB4-4.2-SI10,SACU-2,18,18,0,100.0,0.0,MBUS-26,On-grid,494.09,121.647,0.036,1118.3,1118.3,1118.3,1118.3,1114.8,1114.8,1114.8,1114.8,1114.8,1111.1,1111.1,1111.1,1111.1,1111.1,1103.0,1103.0,1103.0,1103.0,1097.8,1097.8,1097.8,1097.8,1097.8,1109.8,1109.8,1109.8,1109.8,1109.8,6.41,6.11,5.9,6.11,6.4,6.11,6.15,0.0,0.0,6.47,6.21,6.1,0.0,0.0,6.59,6.05,6.13,0.0,6.23,6.22,6.09,0.0,0.0,6.48,6.13,0.0,0.0,0.0,841.8,835.2,833.5,84.603,83.944,83.963
P2,IB4,P2-IB4-4.2-SI11,SACU-2,18,18,0,100.0,0.0,MBUS-27,On-grid,492.65,121.159,0.015,1111.3,1111.3,1111.3,1111.3,1101.9,1101.9,1101.9,1101.9,1101.9,1095.7,1095.7,1095.7,1095.7,1095.7,1099.7,1099.7,1099.7,1099.7,1118.6,1118.6,1118.6,1118.6,1118.6,1102.0,1102.0,1102.0,1102.0,1102.0,6.47,6.09,6.09,6.2,6.01,6.28,6.09,0.0,0.0,6.28,6.1,6.27,0.0,0.0,6.44,6.16,6.1,0.0,6.21,6.05,6.04,0.0,0.0,6.12,6.01,0.0,0.0,0.0,844.7,838.3,835.6,83.623,83.485,83.506
P2,IB4,P2-IB4-4.2-SI12,SACU-2,18,18,0,100.0,0.0,MBUS-28,On-grid,486.14,120.297,-0.021,1106.9,1106.9,1106.9,1106.9,1106.1,1106.1,1106.1,1106.1,1106.1,1114.3,1114.3,1114.3,1114.3,1114.3,1109.6,1109.6,1109.6,1109.6,1108.1,1108.1,1108.1,1108.1,1108.1,1107.8,1107.8,1107.8,1107.8,1107.8,6.56,5.96,6.13,6.0,6.3,6.16,5.96,0.0,0.0,6.35,5.89,6.15,0.0,0.0,6.46,5.96,6.07,0.0,6.44,6.08,5.89,0.0,0.0,6.33,6.17,0.0,0.0,0.0,843.6,833.3,839.1,83.302,83.148,82.85
P2,IB4,P2-IB4-4.2-SI13,SACU-2,18,18,0,100.0,0.0,MBUS-29,On-grid,488.88,120.165,0.005,1108.5,1108.5,1108.5,1108.5,1095.2,1095.2,1095.2,1095.2,1095.2,1106.1,1106.1,1106.1,1106.1,1106.1,1101.2,1101.2,1101.2,1101.2,1107.5,1107.5,1107.5,1107.5,1107.5,1100.7,1100.7,1100.7,1100.7,1100.7,6.31,6.18,6.08,5.94,6.36,6.07,6.17,0.0,0.0,6.24,5.91,6.14,0.0,0.0,6.65,6.05,6.0,0.0,6.26,6.06,5.99,0.0,0.0,6.37,6.21,0.0,0.0,0.0,845.1,835.2,840.8,83.091,82.684,82.358
P2,IB4,P2-IB4-4.2-SI14,SACU-2,18,18,0,100.0,0.0,MBUS-30,On-grid,486.81,119.791,-0.022,1102.4,1102.4,1102.4,1102.4,1093.2,1093.2,1093.2,1093.2,1093.2,1100.3,1100.3,1100.3,1100.3,1100.3,1099.7,1099.7,1099.7,1099.7,1098.8,1098.8,1098.8,1098.8,1098.8,1101.4,1101.4,1101.4,1101.4,1101.4,6.46,6.0,6.16,6.02,6.37,6.19,6.25,0.0,0.0,6.32,6.23,6.08,0.0,0.0,6.52,5.92,6.19,0.0,6.24,6.16,5.98,0.0,0.0,6.45,5.93,0.0,0.0,0.0,845.7,838.8,838.3,82.807,82.647,82.598
P2,IB4,P2-IB4-4.2-SI15,SACU-2,18,18,0,100.0,0.0,MBUS-31,On-grid,485.78,119.965,0.011,1096.8,1096.8,1096.8,1096.8,1112.3,1112.3,1112.3,1112.3,1112.3,1100.0,1100.0,1100.0,1100.0,1100.0,1110.8,1110.8,1110.8,1110.8,1108.9,1108.9,1108.9,1108.9,1108.9,1096.7,1096.7,1096.7,1096.7,1096.7,6.42,6.16,6.08,6.04,6.05,5.96,5.98,0.0,0.0,6.3,6.16,6.19,0.0,0.0,6.37,5.93,5.96,0.0,6.12,6.18,0.0,0.0,0.0,6.19,6.12,6.03,0.0,0.0,846.4,835.8,840.2,82.983,82.435,82.716
P2,IB4,P2-IB4-4.2-SI16,SACU-2,18,18,0,100.0,0.0,MBUS-32,On-grid,487.18,120.497,-0.024,1112.2,1112.2,1112.2,1112.2,1100.4,1100.4,1100.4,1100.4,1100.4,1097.8,1097.8,1097.8,1097.8,1097.8,1101.3,1101.3,1101.3,1101.3,1102.3,1102.3,1102.3,1102.3,1102.3,1106.9,1106.9,1106.9,1106.9,1106.9,6.24,6.02,6.04,6.12,6.05,6.3,6.04,0.0,0.0,6.16,6.14,6.32,0.0,0.0,6.3,6.22,6.26,0.0,6.0,6.32,0.0,0.0,0.0,5.89,6.15,6.26,0.0,0.0,844.7,838.6,839.0,82.908,82.958,83.176
P2,IB5,P2-IB5-1.1-SI01,SACU-1,18,18,0,100.0,0.0,MBUS-1,On-grid,498.6,121.16,-0.074,1116.5,1116.5,1116.5,1116.5,1098.7,1098.7,1098.7,1098.7,1098.7,1104.1,1104.1,1104.1,1104.1,1104.1,1111.2,1111.2,1111.2,1111.2,1114.6,1114.6,1114.6,1114.6,1114.6,1112.6,1112.6,1112.6,1112.6,1112.6,6.25,5.96,6.05,5.99,6.14,6.27,6.13,0.0,0.0,6.25,6.25,6.09,0.0,0.0,6.49,6.0,6.2,0.0,6.26,6.25,5.99,0.0,0.0,6.5,5.93,0.0,0.0,0.0,847.5,845.9,837.3,83.681,82.971,82.836
P2,IB5,P2-IB5-1.1-SI02,SACU-1,18,18,0,100.0,0.0,MBUS-2,On-grid,495.29,120.187,-0.062,1110.3,1110.3,1110.3,1110.3,1104.4,1104.4,1104.4,1104.4,1104.4,1118.2,1118.2,1118.2,1118.2,1118.2,1087.5,1087.5,1087.5,1087.5,1110.9,1110.9,1110.9,1110.9,1110.9,1098.9,1098.9,1098.9,1098.9,1098.9,6.48,5.97,6.08,6.01,6.27,6.05,6.17,0.0,0.0,6.16,6.22,6.08,0.0,0.0,6.62,6.07,5.72,0.0,6.41,6.17,5.93,0.0,0.0,6.39,5.9,0.0,0.0,0.0,846.7,843.0,837.3,82.976,82.466,82.602
P2,IB5,P2-IB5-1.1-SI03,SACU-1,18,18,0,100.0,0.0,MBUS-3,On-grid,496.56,120.59,0.01,1096.1,1096.1,1096.1,1096.1,1103.1,1103.1,1103.1,1103.1,1103.1,1102.9,1102.9,1102.9,1102.9,1102.9,1104.2,1104.2,1104.2,1104.2,1105.4,1105.4,1105.4,1105.4,1105.4,1107.5,1107.5,1107.5,1107.5,1107.5,6.43,6.02,6.11,6.03,6.16,6.03,6.15,0.0,0.0,6.0,6.03,6.29,0.0,0.0,6.41,6.02,6.13,0.0,6.33,6.21,5.98,0.0,0.0,6.17,5.99,0.0,0.0,0.0,847.7,838.3,843.4,82.703,82.374,82.825
P2,IB5,P2-IB5-1.1-SI04,SACU-1,18,18,0,100.0,0.0,MBUS-4,On-grid,487.59,118.088,-0.053,1103.9,1103.9,1103.9,1103.9,1096.6,1096.6,1096.6,1096.6,1096.6,1079.3,1079.3,1079.3,1079.3,1079.3,1065.9,1065.9,1065.9,1065.9,1080.8,1080.8,1080.8,1080.8,1080.8,1071.6,1071.6,1071.6,1071.6,1071.6,6.27,6.01,6.1,5.97,6.27,6.14,6.19,0.0,0.0,6.26,5.75,6.43,0.0,0.0,6.25,5.95,6.29,0.0,6.33,5.85,6.15,0.0,0.0,6.58,5.97,0.0,0.0,0.0,846.6,842.0,837.8,81.56,80.912,81.043
P2,IB5,P2-IB5-1.1-SI05,SACU-1,18,18,0,100.0,0.0,MBUS-5,On-grid,495.4,120.135,0.006,1105.1,1105.1,1105.1,1105.1,1096.1,1096.1,1096.1,1096.1,1096.1,1091.6,1091.6,1091.6,1091.6,1091.6,1105.6,1105.6,1105.6,1105.6,1096.7,1096.7,1096.7,1096.7,1096.7,1093.3,1093.3,1093.3,1093.3,1093.3,6.29,6.16,6.15,6.02,6.21,6.05,6.18,0.0,0.0,6.24,6.21,6.12,0.0,0.0,6.33,6.0,6.16,0.0,6.25,6.23,6.02,0.0,0.0,6.35,6.03,0.0,0.0,0.0,846.9,843.2,837.9,83.049,82.414,82.031
P2,IB5,P2-IB5-1.1-SI06,SACU-1,18,18,0,100.0,0.0,MBUS-6,On-grid,497.04,119.376,-0.04,1106.9,1106.9,1106.9,1106.9,1111.6,1111.6,1111.6,1111.6,1111.6,1094.9,1094.9,1094.9,1094.9,1094.9,1104.4,1104.4,1104.4,1104.4,1086.4,1086.4,1086.4,1086.4,1086.4,1101.1,1101.1,1101.1,1101.1,1101.1,6.35,6.04,6.09,5.92,6.21,6.07,6.09,0.0,0.0,6.2,6.14,6.02,0.0,0.0,6.27,5.94,6.02,0.0,6.19,6.23,0.0,0.0,0.0,6.24,5.92,6.0,0.0,0.0,846.1,837.9,840.4,82.458,81.956,82.104
P2,IB5,P2-IB5-1.1-SI07,SACU-1,18,18,0,100.0,0.0,MBUS-7,On-grid,494.18,120.169,-0.001,1126.3,1126.3,1126.3,1126.3,1109.3,1109.3,1109.3,1109.3,1109.3,1103.6,1103.6,1103.6,1103.6,1103.6,1107.2,1107.2,1107.2,1107.2,1105.5,1105.5,1105.5,1105.5,1105.5,1048.3,1048.3,1048.3,1048.3,1048.3,6.18,6.17,6.29,6.07,6.07,0.0,6.29,0.0,0.0,6.1,6.01,6.26,5.98,0.0,6.08,6.16,6.04,6.21,6.3,6.19,0.0,0.0,0.0,5.63,6.22,0.0,0.0,0.0,846.0,841.0,836.8,83.143,82.533,82.756
P2,IB5,P2-IB5-1.1-SI08,SACU-1,18,18,0,100.0,0.0,MBUS-8,On-grid,501.95,120.47,-0.041,1118.1,1118.1,1118.1,1118.1,1115.8,1115.8,1115.8,1115.8,1115.8,1113.0,1113.0,1113.0,1113.0,1113.0,1116.7,1116.7,1116.7,1116.7,1119.9,1119.9,1119.9,1119.9,1119.9,1128.4,1128.4,1128.4,1128.4,1128.4,6.34,6.07,6.05,5.9,6.23,6.09,6.1,0.0,0.0,6.03,6.13,6.11,0.0,0.0,6.28,5.83,6.01,0.0,6.13,6.06,5.84,0.0,0.0,6.33,5.94,0.0,0.0,0.0,844.9,835.0,839.6,83.214,82.958,82.937
P2,IB5,P2-IB5-1.2-SI09,SACU-1,18,18,0,100.0,0.0,MBUS-9,On-grid,510.72,122.387,0.051,1114.5,1114.5,1114.5,1114.5,1112.7,1112.7,1112.7,1112.7,1112.7,1117.0,1117.0,1117.0,1117.0,1117.0,1112.4,1112.4,1112.4,1112.4,1130.0,1130.0,1130.0,1130.0,1130.0,1134.9,1134.9,1134.9,1134.9,1134.9,6.17,6.04,6.15,6.28,6.1,6.21,6.24,0.0,0.0,6.12,6.21,6.21,0.0,0.0,6.33,5.91,6.12,0.0,5.9,6.04,6.03,0.0,0.0,5.86,6.13,0.0,0.0,0.0,843.9,834.8,838.5,84.965,84.255,84.108
P2,IB5,P2-IB5-1.2-SI10,SACU-1,18,18,0,100.0,0.0,MBUS-10,On-grid,502.68,120.601,0.004,1111.4,1111.4,1111.4,1111.4,1111.6,1111.6,1111.6,1111.6,1111.6,1117.1,1117.1,1117.1,1117.1,1117.1,1108.1,1108.1,1108.1,1108.1,1119.6,1119.6,1119.6,1119.6,1119.6,1098.1,1098.1,1098.1,1098.1,1098.1,6.32,5.93,6.2,6.07,6.16,0.0,6.03,6.24,0.0,6.1,6.26,5.98,0.0,0.0,6.32,5.96,6.07,0.0,6.05,6.09,0.0,0.0,0.0,6.11,6.06,6.21,0.0,0.0,844.7,835.2,838.7,83.545,83.057,83.239
P2,IB5,P2-IB5-1.2-SI11,SACU-1,18,18,0,100.0,0.0,MBUS-11,On-grid,501.57,121.387,-0.049,1100.7,1100.7,1100.7,1100.7,1113.7,1113.7,1113.7,1113.7,1113.7,1105.2,1105.2,1105.2,1105.2,1105.2,1125.9,1125.9,1125.9,1125.9,1114.1,1114.1,1114.1,1114.1,1114.1,1105.9,1105.9,1105.9,1105.9,1105.9,6.21,6.02,6.28,6.1,6.03,6.29,6.14,0.0,0.0,6.2,6.0,6.26,0.0,0.0,6.36,6.0,5.98,0.0,6.17,6.2,5.95,0.0,0.0,6.4,6.13,0.0,0.0,0.0,844.9,836.0,841.3,83.294,83.763,83.543
P2,IB5,P2-IB5-1.2-SI12,SACU-1,18,18,0,100.0,0.0,MBUS-12,On-grid,503.7,122.491,0.0,1122.4,1122.4,1122.4,1122.4,1118.2,1118.2,1118.2,1118.2,1118.2,1114.4,1114.4,1114.4,1114.4,1114.4,1123.4,1123.4,1123.4,1123.4,1110.1,1110.1,1110.1,1110.1,1110.1,1108.3,1108.3,1108.3,1108.3,1108.3,6.31,6.07,6.12,6.08,6.4,6.06,6.24,0.0,0.0,6.61,5.69,6.4,0.0,0.0,6.26,6.03,6.12,0.0,0.0,6.21,6.01,0.0,0.0,6.5,5.94,6.29,0.0,0.0,846.8,840.8,838.3,84.579,84.154,84.21
P2,IB5,P2-IB5-1.2-SI13,SACU-1,18,18,0,100.0,0.0,MBUS-13,On-grid,507.93,121.275,-0.009,1129.6,1129.6,1129.6,1129.6,1119.2,1119.2,1119.2,1119.2,1119.2,1117.6,1117.6,1117.6,1117.6,1117.6,1115.9,1115.9,1115.9,1115.9,1113.3,1113.3,1113.3,1113.3,1113.3,1121.3,1121.3,1121.3,1121.3,1121.3,6.08,6.03,5.86,5.97,6.19,6.07,6.04,0.0,0.0,6.2,6.06,6.16,0.0,0.0,6.16,5.92,6.17,0.0,6.18,6.11,6.23,0.0,0.0,6.35,6.1,0.0,0.0,0.0,841.7,837.7,833.3,84.183,83.497,83.889
P2,IB5,P2-IB5-1.2-SI14,SACU-1,18,17,1,94.44,5.56,MBUS-14,On-grid,480.64,115.834,0.017,1123.3,1123.3,1123.3,1123.3,1124.8,1124.8,1124.8,1124.8,1124.8,1122.2,1122.2,1122.2,1122.2,1122.2,1115.2,1115.2,1115.2,1115.2,1120.2,1120.2,1120.2,1120.2,1120.2,1127.0,1127.0,1127.0,1127.0,1127.0,6.23,6.1,6.16,6.08,6.13,6.19,6.08,0.0,0.0,0.0,6.01,6.25,0.0,0.0,6.05,6.27,6.2,6.09,6.19,6.21,0.0,0.0,0.0,6.26,6.05,0.0,0.0,0.0,842.9,840.0,833.3,79.888,79.929,79.876
P2,IB5,P2-IB5-1.2-SI15,SACU-1,18,18,0,100.0,0.0,MBUS-15,On-grid,509.13,122.748,0.04,1129.0,1129.0,1129.0,1129.0,1126.6,1126.6,1126.6,1126.6,1126.6,1120.2,1120.2,1120.2,1120.2,1120.2,1111.6,1111.6,1111.6,1111.6,1117.4,1117.4,1117.4,1117.4,1117.4,1118.3,1118.3,1118.3,1118.3,1118.3,6.35,6.05,6.22,6.1,6.23,6.12,6.2,0.0,0.0,6.2,6.09,6.11,0.0,0.0,6.33,5.96,6.17,0.0,6.32,6.11,5.95,0.0,0.0,6.27,5.98,0.0,0.0,0.0,845.5,836.5,840.4,84.734,84.519,84.361
P2,IB5,P2-IB5-1.2-SI16,SACU-1,18,17,1,94.44,5.56,MBUS-16,On-grid,481.05,115.077,-0.068,1118.9,1118.9,1118.9,1118.9,1121.7,1121.7,1121.7,1121.7,1121.7,1100.1,1100.1,1100.1,1100.1,1100.1,1121.1,1121.1,1121.1,1121.1,1108.5,1108.5,1108.5,1108.5,1108.5,1122.7,1122.7,1122.7,1122.7,1122.7,6.47,6.13,6.13,6.28,6.11,6.06,6.14,0.0,0.0,6.29,6.06,6.3,0.0,0.0,6.27,6.03,5.96,0.0,6.14,6.18,6.1,0.0,0.0,0.0,6.12,0.0,0.0,0.0,843.7,837.1,834.9,79.761,79.183,79.283
P2,IB5,P2-IB5-2.1-SI01,SACU-1,18,2,16,11.11,88.89,MBUS-17,On-grid,57.47,13.688,-0.03,1130.6,1130.6,1130.6,1130.6,334.3,334.3,334.3,334.3,334.3,1141.7,1141.7,1141.7,1141.7,1141.7,336.6,336.6,336.6,336.6,332.2,332.2,332.2,332.2,332.2,333.9,333.9,333.9,333.9,333.9,6.03,0.0,0.0,0.0,0.0,0.0,0.0,0.0,0.0,6.13,0.0,0.0,0.0,0.0,0.0,0.0,0.0,0.0,0.0,0.0,0.0,0.0,0.0,0.0,0.0,0.0,0.0,0.0,833.0,827.8,823.9,9.848,9.834,9.932
P2,IB5,P2-IB5-2.1-SI02,SACU-1,18,18,0,100.0,0.0,MBUS-18,On-grid,504.72,118.927,-0.001,1109.0,1109.0,1109.0,1109.0,1115.7,1115.7,1115.7,1115.7,1115.7,1105.6,1105.6,1105.6,1105.6,1105.6,1113.1,1113.1,1113.1,1113.1,1098.5,1098.5,1098.5,1098.5,1098.5,1111.6,1111.6,1111.6,1111.6,1111.6,6.17,5.93,6.05,5.91,5.99,5.91,6.01,0.0,0.0,6.06,6.13,5.96,0.0,0.0,6.14,5.86,6.09,0.0,6.24,6.1,0.0,0.0,0.0,6.16,6.07,6.06,0.0,0.0,842.7,838.1,835.2,82.129,82.122,81.905
P2,IB5,P2-IB5-2.1-SI03,SACU-1,18,14,4,77.78,22.22,MBUS-19,On-grid,390.69,92.451,0.004,1113.3,1113.3,1113.3,1113.3,1115.2,1115.2,1115.2,1115.2,1115.2,1098.5,1098.5,1098.5,1098.5,1098.5,1107.7,1107.7,1107.7,1107.7,1116.0,1116.0,1116.0,1116.0,1116.0,386.4,386.4,386.4,386.4,386.4,6.15,5.95,0.0,0.0,5.87,5.98,5.97,0.0,0.0,6.08,6.12,6.06,0.0,0.0,6.07,5.94,6.08,0.0,5.89,5.95,6.05,0.0,0.0,0.0,0.0,0.0,0.0,0.0,842.1,833.7,836.6,64.255,63.767,63.806
P2,IB5,P2-IB5-2.1-SI04,SACU-1,18,14,4,77.78,22.22,MBUS-20,On-grid,394.24,92.78,-0.023,1101.7,1101.7,1101.7,1101.7,1106.6,1106.6,1106.6,1106.6,1106.6,1104.1,1104.1,1104.1,1104.1,1104.1,1104.9,1104.9,1104.9,1104.9,388.8,388.8,388.8,388.8,388.8,1100.7,1100.7,1100.7,1100.7,1100.7,5.96,6.04,6.01,6.18,5.85,6.13,6.18,0.0,0.0,5.93,6.23,6.08,0.0,0.0,6.03,6.23,0.0,0.0,0.0,0.0,0.0,0.0,0.0,6.17,6.05,0.0,0.0,0.0,839.5,830.1,833.7,64.619,64.264,64.557
P2,IB5,P2-IB5-2.1-SI05,SACU-1,18,14,4,77.78,22.22,MBUS-21,On-grid,388.06,92.027,-0.004,1105.9,1105.9,1105.9,1105.9,1108.6,1108.6,1108.6,1108.6,1108.6,1125.5,1125.5,1125.5,1125.5,1125.5,1072.9,1072.9,1072.9,1072.9,391.6,391.6,391.6,391.6,391.6,1103.9,1103.9,1103.9,1103.9,1103.9,5.89,6.07,5.98,6.2,5.59,6.29,6.22,0.0,0.0,6.32,0.0,0.0,0.0,0.0,5.74,6.17,6.17,0.0,0.0,0.0,0.0,0.0,0.0,5.91,6.16,6.25,0.0,0.0,842.3,838.5,832.4,64.052,63.549,63.39
P2,IB5,P2-IB5-2.1-SI06,SACU-1,18,18,0,100.0,0.0,MBUS-22,On-grid,502.77,119.072,0.01,1117.9,1117.9,1117.9,1117.9,1102.0,1102.0,1102.0,1102.0,1102.0,1112.7,1112.7,1112.7,1112.7,1112.7,1117.2,1117.2,1117.2,1117.2,1097.3,1097.3,1097.3,1097.3,1097.3,1110.0,1110.0,1110.0,1110.0,1110.0,6.0,6.04,5.86,5.89,5.64,6.08,6.16,6.16,0.0,6.07,5.97,5.88,0.0,0.0,6.09,6.0,5.97,0.0,0.0,6.0,0.0,0.0,0.0,5.92,5.9,6.18,0.0,0.0,844.0,834.8,839.0,82.252,81.903,81.939
P2,IB5,P2-IB5-2.1-SI07,SACU-1,18,17,1,94.44,5.56,MBUS-23,On-grid,476.69,112.44,0.011,1102.7,1102.7,1102.7,1102.7,1115.5,1115.5,1115.5,1115.5,1115.5,1119.8,1119.8,1119.8,1119.8,1119.8,1105.6,1105.6,1105.6,1105.6,1105.5,1105.5,1105.5,1105.5,1105.5,1108.9,1108.9,1108.9,1108.9,1108.9,6.31,6.09,0.0,6.08,6.08,6.11,5.79,0.0,0.0,6.14,5.9,6.06,0.0,0.0,6.13,5.99,5.94,0.0,6.58,6.1,5.87,0.0,0.0,6.21,6.03,0.0,0.0,0.0,841.4,837.8,830.3,77.839,77.664,77.66
P2,IB5,P2-IB5-2.1-SI08,SACU-1,18,17,1,94.44,5.56,MBUS-24,On-grid,474.88,112.271,-0.051,1107.6,1107.6,1107.6,1107.6,1104.6,1104.6,1104.6,1104.6,1104.6,1103.5,1103.5,1103.5,1103.5,1103.5,1121.9,1121.9,1121.9,1121.9,1109.7,1109.7,1109.7,1109.7,1109.7,1111.3,1111.3,1111.3,1111.3,1111.3,6.05,6.09,6.03,5.87,5.91,6.19,5.92,0.0,0.0,6.33,6.01,6.21,0.0,0.0,6.29,5.91,5.96,0.0,6.17,5.9,0.0,0.0,0.0,6.13,6.02,0.0,0.0,0.0,842.9,835.8,835.2,77.963,77.551,77.232
P2,IB5,P2-IB5-2.2-SI09,SACU-1,18,18,0,100.0,0.0,MBUS-25,On-grid,500.99,119.092,-0.002,1098.4,1098.4,1098.4,1098.4,1103.7,1103.7,1103.7,1103.7,1103.7,1115.3,1115.3,1115.3,1115.3,1115.3,1105.4,1105.4,1105.4,1105.4,1104.2,1104.2,1104.2,1104.2,1104.2,1104.1,1104.1,1104.1,1104.1,1104.1,6.05,6.15,5.99,6.13,5.84,6.14,5.99,0.0,0.0,6.23,5.97,6.14,0.0,0.0,6.06,6.08,5.96,0.0,6.31,6.05,6.09,0.0,0.0,6.16,6.09,0.0,0.0,0.0,844.3,837.3,836.5,82.484,82.194,82.233
P2,IB5,P2-IB5-2.2-SI10,SACU-1,18,17,1,94.44,5.56,MBUS-26,On-grid,475.42,112.308,-0.046,1111.2,1111.2,1111.2,1111.2,1110.4,1110.4,1110.4,1110.4,1110.4,1111.1,1111.1,1111.1,1111.1,1111.1,1108.0,1108.0,1108.0,1108.0,1114.5,1114.5,1114.5,1114.5,1114.5,1109.3,1109.3,1109.3,1109.3,1109.3,6.16,5.85,5.88,6.12,5.83,6.06,5.87,0.0,0.0,6.24,0.0,6.17,0.0,0.0,5.96,6.05,6.07,6.01,0.0,5.94,6.09,0.0,0.0,6.05,6.05,0.0,0.0,0.0,840.8,831.4,834.9,78.324,77.471,77.991
P2,IB5,P2-IB5-2.2-SI11,SACU-1,18,18,0,100.0,0.0,MBUS-27,On-grid,503.68,119.512,-0.045,1114.5,1114.5,1114.5,1114.5,1115.6,1115.6,1115.6,1115.6,1115.6,1102.7,1102.7,1102.7,1102.7,1102.7,1117.5,1117.5,1117.5,1117.5,1113.3,1113.3,1113.3,1113.3,1113.3,1105.7,1105.7,1105.7,1105.7,1105.7,6.24,5.91,6.05,6.03,5.86,5.95,6.02,0.0,0.0,6.32,6.13,6.01,0.0,0.0,6.25,6.2,6.06,0.0,6.29,5.87,6.07,0.0,0.0,0.0,5.9,5.99,0.0,0.0,841.2,836.8,831.2,83.009,82.565,82.499
P2,IB5,P2-IB5-2.2-SI12,SACU-1,18,18,0,100.0,0.0,MBUS-28,On-grid,509.78,119.769,-0.069,1114.2,1114.2,1114.2,1114.2,1098.1,1098.1,1098.1,1098.1,1098.1,1116.3,1116.3,1116.3,1116.3,1116.3,1102.1,1102.1,1102.1,1102.1,1118.8,1118.8,1118.8,1118.8,1118.8,1114.5,1114.5,1114.5,1114.5,1114.5,6.13,6.22,5.94,6.1,5.71,6.2,6.06,0.0,0.0,6.12,6.07,6.19,0.0,0.0,6.05,6.11,5.92,0.0,6.12,6.09,5.83,0.0,0.0,5.72,6.02,0.0,0.0,0.0,840.5,835.9,831.3,83.287,82.81,82.763
P2,IB5,P2-IB5-2.2-SI13,SACU-1,18,18,0,100.0,0.0,MBUS-29,On-grid,504.07,119.313,0.003,1119.2,1119.2,1119.2,1119.2,1106.1,1106.1,1106.1,1106.1,1106.1,1108.5,1108.5,1108.5,1108.5,1108.5,1117.2,1117.2,1117.2,1117.2,1111.9,1111.9,1111.9,1111.9,1111.9,1100.4,1100.4,1100.4,1100.4,1100.4,6.28,5.81,6.01,5.81,6.11,6.12,5.89,0.0,0.0,6.2,5.94,6.16,0.0,0.0,6.1,6.04,5.85,0.0,6.32,5.88,5.98,0.0,0.0,6.04,6.06,0.0,0.0,0.0,842.6,833.9,837.2,82.931,82.392,82.451
P2,IB5,P2-IB5-2.2-SI14,SACU-1,18,18,0,100.0,0.0,MBUS-30,On-grid,505.4,119.294,-0.053,1115.8,1115.8,1115.8,1115.8,1107.3,1107.3,1107.3,1107.3,1107.3,1113.9,1113.9,1113.9,1113.9,1113.9,1099.0,1099.0,1099.0,1099.0,1112.2,1112.2,1112.2,1112.2,1112.2,1106.0,1106.0,1106.0,1106.0,1106.0,6.23,5.82,5.92,6.12,5.96,6.15,6.07,0.0,0.0,6.13,6.32,5.82,0.0,0.0,6.4,6.0,5.96,0.0,6.27,6.1,5.81,0.0,0.0,6.06,6.07,0.0,0.0,0.0,839.9,836.2,830.6,82.963,82.624,82.603
P2,IB5,P2-IB5-2.2-SI15,SACU-1,18,18,0,100.0,0.0,MBUS-31,On-grid,507.53,120.197,0.026,1112.4,1112.4,1112.4,1112.4,1107.4,1107.4,1107.4,1107.4,1107.4,1106.3,1106.3,1106.3,1106.3,1106.3,1108.1,1108.1,1108.1,1108.1,1109.2,1109.2,1109.2,1109.2,1109.2,1108.7,1108.7,1108.7,1108.7,1108.7,5.9,6.25,6.32,6.16,5.82,6.21,6.15,0.0,0.0,6.16,6.12,5.97,0.0,0.0,6.43,5.86,6.07,0.0,5.92,6.21,5.9,0.0,0.0,0.0,6.13,5.91,0.0,0.0,842.2,833.2,837.1,83.373,83.036,83.078
P2,IB5,P2-IB5-2.2-SI16,SACU-1,18,18,0,100.0,0.0,MBUS-32,On-grid,507.81,120.377,-0.051,1105.4,1105.4,1105.4,1105.4,1115.3,1115.3,1115.3,1115.3,1115.3,1108.6,1108.6,1108.6,1108.6,1108.6,1106.4,1106.4,1106.4,1106.4,1107.0,1107.0,1107.0,1107.0,1107.0,1117.6,1117.6,1117.6,1117.6,1117.6,6.09,5.96,6.2,5.98,6.12,5.88,6.17,0.0,0.0,6.19,6.12,6.2,0.0,0.0,6.35,5.97,6.08,0.0,6.27,6.16,5.91,0.0,0.0,6.37,5.95,0.0,0.0,0.0,839.5,831.2,835.1,83.661,83.521,83.545
P2,IB5,P2-IB5-3.1-SI01,SACU-2,18,13,5,72.22,27.78,MBUS-1,On-grid,366.1,87.051,-0.058,1109.2,1109.2,1109.2,1109.2,1111.8,1111.8,1111.8,1111.8,1111.8,1119.2,1119.2,1119.2,1119.2,1119.2,1106.8,1106.8,1106.8,1106.8,1107.7,1107.7,1107.7,1107.7,1107.7,1120.7,1120.7,1120.7,1120.7,1120.7,6.42,0.0,6.11,5.97,0.0,0.0,6.07,0.0,0.0,6.04,6.06,0.0,0.0,0.0,6.43,5.96,6.17,0.0,6.21,6.18,0.0,0.0,0.0,6.34,6.02,0.0,0.0,0.0,843.1,838.0,832.7,60.257,59.896,60.106
P2,IB5,P2-IB5-3.1-SI02,SACU-2,18,18,0,100.0,0.0,MBUS-2,On-grid,505.1,119.39,0.009,1120.0,1120.0,1120.0,1120.0,1102.4,1102.4,1102.4,1102.4,1102.4,1100.2,1100.2,1100.2,1100.2,1100.2,1099.2,1099.2,1099.2,1099.2,1094.0,1094.0,1094.0,1094.0,1094.0,1099.5,1099.5,1099.5,1099.5,1099.5,6.28,5.91,5.98,5.93,6.18,6.06,6.05,0.0,0.0,6.25,6.09,6.03,0.0,0.0,6.42,5.95,6.08,0.0,6.18,6.11,0.0,0.0,0.0,6.05,6.07,6.11,0.0,0.0,845.0,836.3,839.3,82.474,82.307,82.398
P2,IB5,P2-IB5-3.1-SI03,SACU-2,18,11,7,61.11,38.89,MBUS-3,On-grid,306.8,72.263,0.014,1119.3,1119.3,1119.3,1119.3,1116.3,1116.3,1116.3,1116.3,1116.3,1091.2,1091.2,1091.2,1091.2,1091.2,1100.0,1100.0,1100.0,1100.0,1100.1,1100.1,1100.1,1100.1,1100.1,1099.0,1099.0,1099.0,1099.0,1099.0,6.57,0.0,0.0,0.0,0.0,0.0,5.93,0.0,0.0,6.11,6.05,0.0,0.0,0.0,6.42,5.92,5.98,0.0,0.0,6.14,0.0,0.0,0.0,6.12,6.08,5.97,0.0,0.0,840.2,834.4,831.4,50.433,50.121,50.292
P2,IB5,P2-IB5-3.1-SI04,SACU-2,18,17,1,94.44,5.56,MBUS-4,On-grid,483.68,111.466,-0.032,1112.2,1112.2,1112.2,1112.2,1119.9,1119.9,1119.9,1119.9,1119.9,1116.8,1116.8,1116.8,1116.8,1116.8,1104.5,1104.5,1104.5,1104.5,1116.6,1116.6,1116.6,1116.6,1116.6,1115.2,1115.2,1115.2,1115.2,1115.2,6.37,5.83,6.02,5.9,6.26,5.87,5.86,0.0,0.0,6.04,6.04,5.86,0.0,0.0,6.38,5.72,6.01,0.0,6.26,5.75,0.0,0.0,0.0,6.15,5.69,0.0,0.0,0.0,835.8,831.7,826.0,77.883,77.493,77.556
P2,IB5,P2-IB5-3.1-SI05,SACU-2,18,18,0,100.0,0.0,MBUS-5,On-grid,507.82,117.455,-0.019,1112.4,1112.4,1112.4,1112.4,1106.2,1106.2,1106.2,1106.2,1106.2,1109.5,1109.5,1109.5,1109.5,1109.5,1108.5,1108.5,1108.5,1108.5,1107.1,1107.1,1107.1,1107.1,1107.1,1109.8,1109.8,1109.8,1109.8,1109.8,6.23,5.82,6.01,6.01,5.99,6.01,5.8,0.0,0.0,5.98,5.99,5.84,0.0,0.0,6.43,5.99,5.78,0.0,5.89,6.0,5.84,0.0,0.0,6.17,5.82,0.0,0.0,0.0,836.4,825.9,831.1,81.946,81.573,81.882
P2,IB5,P2-IB5-3.1-SI06,SACU-2,18,18,0,100.0,0.0,MBUS-6,On-grid,508.86,118.037,0.024,1119.5,1119.5,1119.5,1119.5,1106.6,1106.6,1106.6,1106.6,1106.6,1108.1,1108.1,1108.1,1108.1,1108.1,1116.4,1116.4,1116.4,1116.4,1098.0,1098.0,1098.0,1098.0,1098.0,1112.7,1112.7,1112.7,1112.7,1112.7,6.23,6.01,5.94,5.9,6.13,5.97,6.05,0.0,0.0,5.93,5.92,6.12,0.0,0.0,6.1,5.98,5.69,0.0,6.05,5.93,0.0,0.0,0.0,5.77,6.02,5.88,0.0,0.0,836.2,827.9,831.0,82.678,82.087,81.895
P2,IB5,P2-IB5-3.1-SI07,SACU-2,18,18,0,100.0,0.0,MBUS-7,On-grid,507.28,117.388,-0.04,1103.4,1103.4,1103.4,1103.4,1111.5,1111.5,1111.5,1111.5,1111.5,1095.2,1095.2,1095.2,1095.2,1095.2,1111.5,1111.5,1111.5,1111.5,1112.1,1112.1,1112.1,1112.1,1112.1,1113.1,1113.1,1113.1,1113.1,1113.1,6.18,5.84,6.02,6.07,5.71,6.02,5.92,0.0,0.0,6.17,5.93,6.1,0.0,0.0,6.34,5.78,6.02,0.0,5.93,6.12,5.98,0.0,0.0,5.85,5.9,0.0,0.0,0.0,835.8,832.4,825.6,81.871,81.54,81.861
P2,IB5,P2-IB5-3.1-SI08,SACU-2,18,18,0,100.0,0.0,MBUS-8,On-grid,506.33,116.915,-0.012,1116.7,1116.7,1116.7,1116.7,1106.3,1106.3,1106.3,1106.3,1106.3,1109.3,1109.3,1109.3,1109.3,1109.3,1105.0,1105.0,1105.0,1105.0,1109.0,1109.0,1109.0,1109.0,1109.0,1093.2,1093.2,1093.2,1093.2,1093.2,6.28,5.96,5.93,5.93,6.13,5.87,5.99,0.0,0.0,5.92,5.95,5.88,0.0,0.0,6.44,5.78,5.91,0.0,6.15,5.88,5.76,0.0,0.0,6.23,5.84,0.0,0.0,0.0,837.8,829.3,833.0,81.638,81.317,81.196
P2,IB5,P2-IB5-3.2-SI09,SACU-2,18,17,1,94.44,5.56,MBUS-9,On-grid,475.97,109.584,-0.008,1097.5,1097.5,1097.5,1097.5,1104.9,1104.9,1104.9,1104.9,1104.9,1105.0,1105.0,1105.0,1105.0,1105.0,1106.2,1106.2,1106.2,1106.2,1110.1,1110.1,1110.1,1110.1,1110.1,1101.5,1101.5,1101.5,1101.5,1101.5,6.08,6.0,6.04,5.69,6.07,5.89,5.96,0.0,0.0,6.03,5.88,5.92,0.0,0.0,0.0,5.83,5.84,0.0,5.78,5.83,5.7,0.0,0.0,6.03,5.95,0.0,0.0,0.0,837.9,831.9,828.1,76.516,76.012,76.176
P2,IB5,P2-IB5-3.2-SI10,SACU-2,18,18,0,100.0,0.0,MBUS-10,On-grid,502.25,115.968,-0.008,1100.5,1100.5,1100.5,1100.5,1106.5,1106.5,1106.5,1106.5,1106.5,1105.1,1105.1,1105.1,1105.1,1105.1,1109.5,1109.5,1109.5,1109.5,1102.1,1102.1,1102.1,1102.1,1102.1,1089.7,1089.7,1089.7,1089.7,1089.7,6.12,5.87,5.86,5.98,5.93,6.0,5.7,0.0,0.0,5.96,5.78,6.04,0.0,0.0,6.14,5.89,5.69,0.0,6.27,5.94,5.93,0.0,0.0,5.9,5.84,0.0,0.0,0.0,835.3,826.1,830.9,81.176,80.442,80.799
P2,IB5,P2-IB5-3.2-SI11,SACU-2,18,18,0,100.0,0.0,MBUS-11,On-grid,503.95,116.039,-0.028,1099.2,1099.2,1099.2,1099.2,1101.2,1101.2,1101.2,1101.2,1101.2,1109.6,1109.6,1109.6,1109.6,1109.6,1094.8,1094.8,1094.8,1094.8,1103.3,1103.3,1103.3,1103.3,1103.3,1107.8,1107.8,1107.8,1107.8,1107.8,6.07,6.0,5.74,6.0,5.68,6.01,5.78,0.0,0.0,6.26,5.94,5.82,0.0,0.0,6.17,6.0,5.74,0.0,6.12,5.84,5.9,0.0,0.0,5.58,5.9,0.0,0.0,0.0,834.7,823.0,829.8,81.059,80.575,80.735
P2,IB5,P2-IB5-3.2-SI12,SACU-2,18,18,0,100.0,0.0,MBUS-12,On-grid,503.97,115.534,0.015,1103.9,1103.9,1103.9,1103.9,1111.6,1111.6,1111.6,1111.6,1111.6,1108.4,1108.4,1108.4,1108.4,1108.4,1104.5,1104.5,1104.5,1104.5,1105.9,1105.9,1105.9,1105.9,1105.9,1104.2,1104.2,1104.2,1104.2,1104.2,6.27,5.8,5.81,5.88,5.7,5.84,5.88,0.0,0.0,6.0,5.8,5.88,0.0,0.0,6.2,5.74,5.95,0.0,5.9,5.96,5.67,0.0,0.0,5.78,5.73,0.0,0.0,0.0,835.7,828.7,829.2,80.614,80.481,80.468
P2,IB5,P2-IB5-3.2-SI13,SACU-2,18,18,0,100.0,0.0,MBUS-13,On-grid,508.53,116.297,-0.06,1108.8,1108.8,1108.8,1108.8,1102.8,1102.8,1102.8,1102.8,1102.8,1112.6,1112.6,1112.6,1112.6,1112.6,1108.3,1108.3,1108.3,1108.3,1112.6,1112.6,1112.6,1112.6,1112.6,1114.1,1114.1,1114.1,1114.1,1114.1,6.19,5.94,5.75,5.96,5.99,6.05,5.98,0.0,0.0,6.0,5.98,5.75,0.0,0.0,6.15,5.9,5.83,0.0,6.18,5.78,5.74,0.0,0.0,6.19,5.8,0.0,0.0,0.0,837.2,831.8,828.5,80.869,80.866,80.892
P2,IB5,P2-IB5-3.2-SI14,SACU-2,18,18,0,100.0,0.0,MBUS-14,On-grid,505.8,116.192,0.056,1097.3,1097.3,1097.3,1097.3,1095.2,1095.2,1095.2,1095.2,1095.2,1103.6,1103.6,1103.6,1103.6,1103.6,1104.7,1104.7,1104.7,1104.7,1087.6,1087.6,1087.6,1087.6,1087.6,1111.1,1111.1,1111.1,1111.1,1111.1,6.11,5.97,6.0,5.86,6.2,5.88,6.03,0.0,0.0,5.91,6.05,5.87,0.0,0.0,6.32,5.83,6.08,0.0,6.19,5.97,5.88,0.0,0.0,6.12,5.78,0.0,0.0,0.0,834.2,831.2,823.9,81.365,80.668,81.051
P2,IB5,P2-IB5-3.2-SI15,SACU-2,18,18,0,100.0,0.0,MBUS-15,On-grid,504.54,115.888,-0.036,1069.2,1069.2,1069.2,1069.2,1096.0,1096.0,1096.0,1096.0,1096.0,1103.4,1103.4,1103.4,1103.4,1103.4,1100.1,1100.1,1100.1,1100.1,1113.4,1113.4,1113.4,1113.4,1113.4,1121.0,1121.0,1121.0,1121.0,1121.0,6.35,5.4,6.17,5.74,5.76,6.14,5.87,0.0,0.0,5.89,6.0,6.01,0.0,0.0,6.27,5.8,5.98,0.0,5.9,6.02,5.75,0.0,0.0,5.75,5.81,0.0,0.0,0.0,833.8,824.6,829.7,80.985,80.804,80.597
P2,IB5,P2-IB5-3.2-SI16,SACU-2,18,18,0,100.0,0.0,MBUS-16,On-grid,507.33,117.198,-0.04,1091.8,1091.8,1091.8,1091.8,1101.0,1101.0,1101.0,1101.0,1101.0,1104.7,1104.7,1104.7,1104.7,1104.7,1096.4,1096.4,1096.4,1096.4,1110.3,1110.3,1110.3,1110.3,1110.3,1115.4,1115.4,1115.4,1115.4,1115.4,6.34,5.89,5.81,6.05,5.97,5.97,5.85,0.0,0.0,6.3,5.79,6.04,0.0,0.0,6.26,5.96,5.96,0.0,6.04,5.97,5.85,0.0,0.0,6.11,5.99,0.0,0.0,0.0,833.8,824.9,829.5,82.115,81.641,81.497
P2,IB5,P2-IB5-4.1-SI01,SACU-2,18,12,6,66.67,33.33,MBUS-17,On-grid,343.51,79.56,-0.073,1123.8,1123.8,1123.8,1123.8,1113.1,1113.1,1113.1,1113.1,1113.1,1109.8,1109.8,1109.8,1109.8,1109.8,1119.5,1119.5,1119.5,1119.5,1110.1,1110.1,1110.1,1110.1,1110.1,383.6,383.6,383.6,383.6,383.6,5.75,6.03,0.0,6.05,5.67,6.01,6.08,0.0,0.0,6.09,0.0,6.2,0.0,0.0,5.78,6.13,5.8,0.0,6.21,0.0,0.0,0.0,0.0,0.0,0.0,0.0,0.0,0.0,832.1,823.1,827.4,55.705,55.626,55.66
P2,IB5,P2-IB5-4.1-SI02,SACU-2,18,6,12,33.33,66.67,MBUS-18,On-grid,169.8,39.513,-0.009,1101.4,1101.4,1101.4,1101.4,1104.4,1104.4,1104.4,1104.4,1104.4,1110.7,1110.7,1110.7,1110.7,1110.7,353.7,353.7,353.7,353.7,352.6,352.6,352.6,352.6,352.6,352.5,352.5,352.5,352.5,352.5,5.65,6.35,0.0,6.04,5.81,0.0,6.14,0.0,0.0,6.24,0.0,0.0,0.0,0.0,0.0,0.0,0.0,0.0,0.0,0.0,0.0,0.0,0.0,0.0,0.0,0.0,0.0,0.0,831.7,826.2,823.9,28.049,27.64,27.933
P2,IB5,P2-IB5-4.1-SI03,SACU-2,18,2,16,11.11,88.89,MBUS-19,On-grid,57.48,13.468,-0.041,1100.4,1100.4,1100.4,1100.4,335.7,335.7,335.7,335.7,335.7,1105.1,1105.1,1105.1,1105.1,1105.1,338.0,338.0,338.0,338.0,331.9,331.9,331.9,331.9,331.9,332.1,332.1,332.1,332.1,332.1,6.21,0.0,0.0,0.0,0.0,0.0,0.0,0.0,0.0,6.15,0.0,0.0,0.0,0.0,0.0,0.0,0.0,0.0,0.0,0.0,0.0,0.0,0.0,0.0,0.0,0.0,0.0,0.0,829.9,826.4,821.3,9.71,9.501,9.685
P2,IB5,P2-IB5-4.1-SI04,SACU-2,18,2,16,11.11,88.89,MBUS-20,On-grid,62.2,14.225,-0.011,1115.6,1115.6,1115.6,1115.6,333.8,333.8,333.8,333.8,333.8,1118.0,1118.0,1118.0,1118.0,1118.0,332.4,332.4,332.4,332.4,332.7,332.7,332.7,332.7,332.7,332.8,332.8,332.8,332.8,332.8,6.26,0.0,0.0,0.0,0.0,0.0,0.0,0.0,0.0,6.11,0.0,0.0,0.0,0.0,0.0,0.0,0.0,0.0,0.0,0.0,0.0,0.0,0.0,0.0,0.0,0.0,0.0,0.0,830.9,823.3,826.0,10.181,10.027,10.211
P2,IB5,P2-IB5-4.1-SI05,SACU-2,18,2,16,11.11,88.89,MBUS-21,On-grid,58.46,13.702,0.009,1120.7,1120.7,1120.7,1120.7,331.9,331.9,331.9,331.9,331.9,1114.7,1114.7,1114.7,1114.7,1114.7,331.8,331.8,331.8,331.8,329.8,329.8,329.8,329.8,329.8,328.5,328.5,328.5,328.5,328.5,6.21,0.0,0.0,0.0,0.0,0.0,0.0,0.0,0.0,6.08,0.0,0.0,0.0,0.0,0.0,0.0,0.0,0.0,0.0,0.0,0.0,0.0,0.0,0.0,0.0,0.0,0.0,0.0,830.9,824.3,822.5,9.904,9.659,9.698
P2,IB5,P2-IB5-4.1-SI06,SACU-2,18,10,8,55.56,44.44,MBUS-22,On-grid,289.72,66.663,0.033,1119.9,1119.9,1119.9,1119.9,1117.1,1117.1,1117.1,1117.1,1117.1,1123.0,1123.0,1123.0,1123.0,1123.0,1122.5,1122.5,1122.5,1122.5,384.4,384.4,384.4,384.4,384.4,372.6,372.6,372.6,372.6,372.6,5.94,6.31,0.0,0.0,5.68,6.21,5.87,0.0,0.0,5.8,6.18,6.03,0.0,0.0,5.97,0.0,6.29,0.0,0.0,0.0,0.0,0.0,0.0,0.0,0.0,0.0,0.0,0.0,832.6,828.7,824.5,46.819,46.409,46.785
P2,IB5,P2-IB5-4.1-SI07,SACU-2,18,2,16,11.11,88.89,MBUS-23,On-grid,61.34,14.005,0.056,1111.9,1111.9,1111.9,1111.9,332.1,332.1,332.1,332.1,332.1,1112.6,1112.6,1112.6,1112.6,1112.6,331.7,331.7,331.7,331.7,331.3,331.3,331.3,331.3,331.3,331.5,331.5,331.5,331.5,331.5,6.2,0.0,0.0,0.0,0.0,0.0,0.0,0.0,0.0,6.19,0.0,0.0,0.0,0.0,0.0,0.0,0.0,0.0,0.0,0.0,0.0,0.0,0.0,0.0,0.0,0.0,0.0,0.0,831.0,827.9,821.8,10.212,9.978,10.069
P2,IB5,P2-IB5-4.1-SI08,SACU-2,18,13,5,72.22,27.78,MBUS-24,On-grid,371.53,85.441,0.01,1127.3,1127.3,1127.3,1127.3,1090.4,1090.4,1090.4,1090.4,1090.4,1128.0,1128.0,1128.0,1128.0,1128.0,1142.5,1142.5,1142.5,1142.5,386.5,386.5,386.5,386.5,386.5,1108.6,1108.6,1108.6,1108.6,1108.6,5.88,5.79,0.0,6.17,5.5,6.27,6.16,5.93,0.0,5.68,5.89,6.24,5.98,0.0,5.91,0.0,0.0,0.0,0.0,0.0,0.0,0.0,0.0,0.0,6.17,0.0,0.0,0.0,833.5,825.9,829.1,60.072,59.324,59.567
P2,IB5,P2-IB5-4.2-SI09,SACU-2,18,4,14,22.22,77.78,MBUS-25,On-grid,112.37,25.754,-0.004,1104.7,1104.7,1104.7,1104.7,357.3,357.3,357.3,357.3,357.3,1111.6,1111.6,1111.6,1111.6,1111.6,352.9,352.9,352.9,352.9,351.9,351.9,351.9,351.9,351.9,1098.7,1098.7,1098.7,1098.7,1098.7,5.84,0.0,0.0,0.0,0.0,0.0,0.0,0.0,0.0,6.1,0.0,0.0,0.0,0.0,0.0,0.0,0.0,0.0,0.0,0.0,0.0,0.0,0.0,5.52,6.26,0.0,0.0,0.0,831.1,823.3,823.5,18.737,18.317,18.49
P2,IB5,P2-IB5-4.2-SI10,SACU-2,18,16,2,88.89,11.11,MBUS-26,On-grid,458.79,105.612,0.025,1117.1,1117.1,1117.1,1117.1,1134.3,1134.3,1134.3,1134.3,1134.3,1126.8,1126.8,1126.8,1126.8,1126.8,1146.2,1146.2,1146.2,1146.2,1123.3,1123.3,1123.3,1123.3,1123.3,1131.0,1131.0,1131.0,1131.0,1131.0,6.0,6.0,5.9,5.74,5.86,6.18,5.77,0.0,0.0,6.07,5.65,6.04,0.0,0.0,5.96,5.77,0.0,0.0,0.0,5.9,5.98,0.0,0.0,5.79,6.1,0.0,0.0,0.0,833.5,824.8,829.4,74.149,73.336,73.705
P2,IB5,P2-IB5-4.2-SI11,SACU-2,18,3,15,16.67,83.33,MBUS-27,On-grid,87.52,19.684,-0.037,1105.8,1105.8,1105.8,1105.8,339.2,339.2,339.2,339.2,339.2,1098.6,1098.6,1098.6,1098.6,1098.6,340.2,340.2,340.2,340.2,335.6,335.6,335.6,335.6,335.6,334.0,334.0,334.0,334.0,334.0,5.46,6.22,0.0,0.0,0.0,0.0,0.0,0.0,0.0,5.95,0.0,0.0,0.0,0.0,0.0,0.0,0.0,0.0,0.0,0.0,0.0,0.0,0.0,0.0,0.0,0.0,0.0,0.0,831.0,827.4,821.5,14.617,13.889,14.208
P2,IB5,P2-IB5-4.2-SI12,SACU-2,18,18,0,100.0,0.0,MBUS-28,On-grid,514.32,117.808,-0.076,1119.9,1119.9,1119.9,1119.9,1097.4,1097.4,1097.4,1097.4,1097.4,1116.3,1116.3,1116.3,1116.3,1116.3,1120.8,1120.8,1120.8,1120.8,1134.3,1134.3,1134.3,1134.3,1134.3,1145.5,1145.5,1145.5,1145.5,1145.5,6.0,5.92,5.73,5.9,5.97,6.07,5.87,0.0,0.0,5.87,5.72,6.03,0.0,0.0,5.94,5.96,5.78,0.0,6.02,5.88,5.82,0.0,0.0,6.14,5.77,0.0,0.0,0.0,835.6,825.6,830.3,81.98,81.851,81.833
P2,IB5,P2-IB5-4.2-SI13,SACU-2,18,18,0,100.0,0.0,MBUS-29,On-grid,511.92,116.886,-0.051,1099.9,1099.9,1099.9,1099.9,1104.5,1104.5,1104.5,1104.5,1104.5,1092.7,1092.7,1092.7,1092.7,1092.7,1103.3,1103.3,1103.3,1103.3,1100.3,1100.3,1100.3,1100.3,1100.3,1127.6,1127.6,1127.6,1127.6,1127.6,5.99,5.96,5.89,6.04,5.9,6.08,5.72,0.0,0.0,6.17,5.85,6.11,0.0,0.0,5.98,6.02,5.84,0.0,6.24,5.83,5.96,0.0,0.0,5.9,5.8,0.0,0.0,0.0,835.2,824.3,829.9,81.928,81.372,81.312
P2,IB5,P2-IB5-4.2-SI14,SACU-2,18,17,1,94.44,5.56,MBUS-30,On-grid,485.25,111.85,0.02,1106.0,1106.0,1106.0,1106.0,1110.4,1110.4,1110.4,1110.4,1110.4,1122.9,1122.9,1122.9,1122.9,1122.9,1120.0,1120.0,1120.0,1120.0,1114.2,1114.2,1114.2,1114.2,1114.2,1125.0,1125.0,1125.0,1125.0,1125.0,6.06,6.01,5.85,6.03,6.0,5.9,6.0,0.0,0.0,5.95,5.94,0.0,0.0,0.0,6.04,5.87,5.92,0.0,6.08,5.85,5.97,0.0,0.0,5.92,5.98,0.0,0.0,0.0,833.2,823.7,827.8,78.461,77.766,77.783
P2,IB5,P2-IB5-4.2-SI15,SACU-2,18,17,1,94.44,5.56,MBUS-31,On-grid,480.33,110.132,-0.023,1100.4,1100.4,1100.4,1100.4,1113.0,1113.0,1113.0,1113.0,1113.0,1100.8,1100.8,1100.8,1100.8,1100.8,1109.5,1109.5,1109.5,1109.5,1101.4,1101.4,1101.4,1101.4,1101.4,1108.3,1108.3,1108.3,1108.3,1108.3,6.08,6.02,5.87,5.84,5.98,5.93,5.74,0.0,0.0,6.25,5.78,5.98,0.0,0.0,6.3,0.0,5.75,0.0,6.28,5.73,5.9,0.0,0.0,5.99,5.82,0.0,0.0,0.0,834.5,827.9,826.2,77.105,76.937,76.822
P2,IB5,P2-IB5-4.2-SI16,SACU-2,18,18,0,100.0,0.0,MBUS-32,On-grid,509.03,116.711,-0.007,1118.2,1118.2,1118.2,1118.2,1107.6,1107.6,1107.6,1107.6,1107.6,1101.8,1101.8,1101.8,1101.8,1101.8,1104.9,1104.9,1104.9,1104.9,1102.9,1102.9,1102.9,1102.9,1102.9,1102.6,1102.6,1102.6,1102.6,1102.6,6.08,5.71,5.9,5.93,5.81,6.03,5.71,0.0,0.0,6.21,5.83,6.05,0.0,0.0,5.96,5.96,5.74,0.0,6.29,5.81,5.93,0.0,0.0,5.99,5.95,0.0,0.0,0.0,836.1,830.9,827.5,81.76,80.889,81.274
P3,IB1,P3-IB1-1-1-SI01,SACU-1,19,19,0,100.0,0.0,MBUS-1,On-grid,512.62,106.929,0.042,1107.0,1107.0,1107.0,1107.0,1087.9,1087.9,1087.9,1087.9,1087.9,1084.5,1084.5,1084.5,1084.5,1084.5,1098.6,1098.6,1098.6,1098.6,1088.4,1088.4,1088.4,1088.4,1088.4,1098.3,1098.3,1098.3,1098.3,1098.3,5.3,5.1,5.22,5.06,5.44,5.2,5.18,0.0,0.0,5.58,4.99,5.36,0.0,0.0,5.22,5.17,5.13,0.0,5.33,5.33,5.07,0.0,0.0,5.24,5.22,5.23,0.0,0.0,839.5,831.2,834.9,74.32,73.982,74.063
P3,IB1,P3-IB1-1-1-SI02,SACU-1,19,19,0,100.0,0.0,MBUS-2,On-grid,509.35,106.611,-0.008,1083.7,1083.7,1083.7,1083.7,1084.9,1084.9,1084.9,1084.9,1084.9,1079.8,1079.8,1079.8,1079.8,1079.8,1084.4,1084.4,1084.4,1084.4,1078.7,1078.7,1078.7,1078.7,1078.7,1090.7,1090.7,1090.7,1090.7,1090.7,5.57,5.11,5.19,5.25,5.24,5.23,5.32,0.0,0.0,5.4,5.24,5.26,0.0,0.0,5.5,5.15,5.29,0.0,5.07,5.35,5.19,0.0,0.0,5.53,5.23,5.15,0.0,0.0,839.7,834.0,830.5,74.067,73.845,73.979
P3,IB1,P3-IB1-1-1-SI03,SACU-1,19,19,0,100.0,0.0,MBUS-3,On-grid,507.36,106.603,0.007,1083.9,1083.9,1083.9,1083.9,1081.2,1081.2,1081.2,1081.2,1081.2,1084.2,1084.2,1084.2,1084.2,1084.2,1080.4,1080.4,1080.4,1080.4,1094.9,1094.9,1094.9,1094.9,1094.9,1086.8,1086.8,1086.8,1086.8,1086.8,5.47,5.23,5.07,5.31,5.15,5.38,5.13,0.0,0.0,5.39,5.19,5.27,0.0,0.0,5.32,5.21,5.09,0.0,5.48,5.11,5.2,0.0,0.0,5.35,5.24,5.15,0.0,0.0,838.0,831.3,830.8,74.274,74.142,73.813
P3,IB1,P3-IB1-1-1-SI04,SACU-1,19,19,0,100.0,0.0,MBUS-4,On-grid,509.98,107.512,-0.029,1074.2,1074.2,1074.2,1074.2,1090.3,1090.3,1090.3,1090.3,1090.3,1085.7,1085.7,1085.7,1085.7,1085.7,1085.1,1085.1,1085.1,1085.1,1081.2,1081.2,1081.2,1081.2,1081.2,1073.1,1073.1,1073.1,1073.1,1073.1,5.61,5.39,5.19,5.33,5.11,5.31,5.14,0.0,0.0,5.51,5.1,5.43,0.0,0.0,5.39,5.3,5.16,0.0,5.44,5.18,5.45,0.0,0.0,5.37,5.35,5.36,0.0,0.0,837.7,834.0,828.6,74.887,74.268,74.427
P3,IB1,P3-IB1-1-1-SI05,SACU-1,19,19,0,100.0,0.0,MBUS-5,On-grid,505.54,106.598,-0.043,1079.8,1079.8,1079.8,1079.8,1078.9,1078.9,1078.9,1078.9,1078.9,1084.9,1084.9,1084.9,1084.9,1084.9,1073.1,1073.1,1073.1,1073.1,1079.5,1079.5,1079.5,1079.5,1079.5,1094.3,1094.3,1094.3,1094.3,1094.3,5.37,5.19,5.28,4.9,5.47,5.25,5.16,0.0,0.0,5.54,5.3,5.2,0.0,0.0,5.64,4.74,5.29,0.0,5.27,5.36,5.15,0.0,0.0,5.36,5.05,5.29,0.0,0.0,838.8,830.7,833.2,74.166,73.74,73.936
P3,IB1,P3-IB1-1-1-SI06,SACU-1,19,19,0,100.0,0.0,MBUS-6,On-grid,506.2,107.187,0.045,1090.9,1090.9,1090.9,1090.9,1090.6,1090.6,1090.6,1090.6,1090.6,1069.5,1069.5,1069.5,1069.5,1069.5,1071.4,1071.4,1071.4,1071.4,1072.1,1072.1,1072.1,1072.1,1072.1,1078.7,1078.7,1078.7,1078.7,1078.7,5.39,5.24,5.03,5.25,5.18,5.43,5.23,0.0,0.0,5.62,5.05,5.38,0.0,0.0,5.43,5.33,5.13,0.0,5.53,5.3,5.34,0.0,0.0,5.44,5.29,5.24,0.0,0.0,838.2,835.6,825.4,74.755,74.081,74.791
P3,IB1,P3-IB1-1-1-SI07,SACU-1,19,19,0,100.0,0.0,MBUS-7,On-grid,508.61,108.276,0.058,1083.1,1083.1,1083.1,1083.1,1072.9,1072.9,1072.9,1072.9,1072.9,1076.7,1076.7,1076.7,1076.7,1076.7,1095.8,1095.8,1095.8,1095.8,1091.0,1091.0,1091.0,1091.0,1091.0,1095.2,1095.2,1095.2,1095.2,1095.2,5.58,5.14,5.36,5.0,5.51,5.29,5.37,0.0,0.0,5.64,5.17,5.39,0.0,0.0,5.3,5.21,5.07,0.0,5.41,5.23,5.34,0.0,0.0,5.3,5.28,5.15,0.0,0.0,839.9,831.4,834.8,75.235,74.7,74.813
P3,IB1,P3-IB1-1-1-SI08,SACU-1,19,19,0,100.0,0.0,MBUS-8,On-grid,500.26,106.998,0.019,1088.7,1088.7,1088.7,1088.7,1069.6,1069.6,1069.6,1069.6,1069.6,1094.2,1094.2,1094.2,1094.2,1094.2,1083.2,1083.2,1083.2,1083.2,1083.1,1083.1,1083.1,1083.1,1083.1,1078.2,1078.2,1078.2,1078.2,1078.2,5.29,5.33,5.07,5.33,4.99,5.49,5.17,0.0,0.0,5.48,5.13,5.46,0.0,0.0,5.42,5.32,5.18,0.0,5.42,5.28,5.41,0.0,0.0,5.07,5.36,5.02,0.0,0.0,840.4,836.8,829.7,74.647,73.919,74.012
P3,IB1,P3-IB1-1-2-SI09,SACU-1,19,19,0,100.0,0.0,MBUS-9,On-grid,506.51,107.962,-0.083,1071.3,1071.3,1071.3,1071.3,1075.8,1075.8,1075.8,1075.8,1075.8,1074.8,1074.8,1074.8,1074.8,1074.8,1084.3,1084.3,1084.3,1084.3,1088.3,1088.3,1088.3,1088.3,1088.3,1072.2,1072.2,1072.2,1072.2,1072.2,5.65,5.17,5.25,5.13,5.36,5.24,5.34,0.0,0.0,5.4,5.33,5.22,0.0,0.0,5.6,5.12,5.31,0.0,5.44,5.37,5.12,0.0,0.0,5.39,5.4,5.39,0.0,0.0,839.9,830.8,833.6,75.269,74.743,75.015
P3,IB1,P3-IB1-1-2-SI10,SACU-1,19,19,0,100.0,0.0,MBUS-10,On-grid,503.91,107.845,-0.022,1074.8,1074.8,1074.8,1074.8,1083.8,1083.8,1083.8,1083.8,1083.8,1087.8,1087.8,1087.8,1087.8,1087.8,1048.2,1048.2,1048.2,1048.2,1084.2,1084.2,1084.2,1084.2,1084.2,1103.8,1103.8,1103.8,1103.8,1103.8,5.62,5.22,5.32,5.23,5.43,5.24,5.34,0.0,0.0,5.4,5.36,5.3,0.0,0.0,5.68,4.88,5.43,0.0,5.41,5.33,5.12,0.0,0.0,5.53,5.2,5.45,0.0,0.0,840.7,836.6,829.8,75.05,74.523,74.603
P3,IB1,P3-IB1-1-2-SI11,SACU-1,19,19,0,100.0,0.0,MBUS-11,On-grid,503.02,107.493,0.073,1090.9,1090.9,1090.9,1090.9,1077.9,1077.9,1077.9,1077.9,1077.9,1090.3,1090.3,1090.3,1090.3,1090.3,1076.9,1076.9,1076.9,1076.9,1077.5,1077.5,1077.5,1077.5,1077.5,1075.1,1075.1,1075.1,1075.1,1075.1,5.2,5.31,5.17,5.41,5.26,5.18,5.31,0.0,0.0,5.55,5.16,5.34,0.0,0.0,5.38,5.32,5.12,0.0,5.51,5.16,5.32,0.0,0.0,5.2,5.33,5.25,0.0,0.0,839.5,830.7,834.4,74.905,74.676,74.579
P3,IB1,P3-IB1-1-2-SI12,SACU-1,19,19,0,100.0,0.0,MBUS-12,On-grid,507.55,108.634,0.015,1100.5,1100.5,1100.5,1100.5,1081.4,1081.4,1081.4,1081.4,1081.4,1093.1,1093.1,1093.1,1093.1,1093.1,1085.0,1085.0,1085.0,1085.0,1086.6,1086.6,1086.6,1086.6,1086.6,1083.8,1083.8,1083.8,1083.8,1083.8,5.44,5.3,5.1,5.4,5.31,5.35,5.18,0.0,0.0,5.51,5.08,5.37,0.0,0.0,5.43,5.29,5.12,0.0,5.54,5.18,5.34,0.0,0.0,5.45,5.32,5.2,0.0,0.0,841.1,833.1,835.9,75.359,75.214,74.999
P3,IB1,P3-IB1-1-2-SI13,SACU-1,19,19,0,100.0,0.0,MBUS-13,On-grid,506.6,107.789,0.007,1084.5,1084.5,1084.5,1084.5,1080.4,1080.4,1080.4,1080.4,1080.4,1079.3,1079.3,1079.3,1079.3,1079.3,1090.7,1090.7,1090.7,1090.7,1083.1,1083.1,1083.1,1083.1,1083.1,1076.9,1076.9,1076.9,1076.9,1076.9,5.6,5.15,5.33,5.18,5.48,5.21,5.36,0.0,0.0,5.5,5.23,5.23,0.0,0.0,5.48,4.92,5.39,0.0,5.51,5.34,5.14,0.0,0.0,5.55,5.14,5.23,0.0,0.0,837.9,833.5,828.2,75.266,74.821,74.755
P3,IB1,P3-IB1-1-2-SI14,SACU-1,19,19,0,100.0,0.0,MBUS-14,On-grid,506.87,108.501,-0.03,1084.1,1084.1,1084.1,1084.1,1083.3,1083.3,1083.3,1083.3,1083.3,1097.6,1097.6,1097.6,1097.6,1097.6,1086.9,1086.9,1086.9,1086.9,1082.0,1082.0,1082.0,1082.0,1082.0,1080.8,1080.8,1080.8,1080.8,1080.8,5.64,5.17,5.35,5.17,5.44,5.16,5.48,0.0,0.0,5.4,5.41,5.3,0.0,0.0,5.5,5.21,5.42,0.0,5.23,5.39,5.21,0.0,0.0,5.57,5.15,5.44,0.0,0.0,840.5,835.1,831.7,75.5,75.042,75.1
P3,IB1,P3-IB1-1-2-SI15,SACU-1,19,19,0,100.0,0.0,MBUS-15,On-grid,505.81,108.785,-0.001,1080.2,1080.2,1080.2,1080.2,1088.3,1088.3,1088.3,1088.3,1088.3,1084.0,1084.0,1084.0,1084.0,1084.0,1088.0,1088.0,1088.0,1088.0,1072.8,1072.8,1072.8,1072.8,1072.8,1083.5,1083.5,1083.5,1083.5,1083.5,5.61,5.27,5.44,5.22,5.38,5.34,5.17,0.0,0.0,5.52,5.35,5.29,0.0,0.0,5.64,5.11,5.32,0.0,5.46,5.48,5.23,0.0,0.0,5.51,5.12,5.41,0.0,0.0,842.0,832.7,837.9,75.538,74.802,74.917
P3,IB1,P3-IB1-1-2-SI16,SACU-1,19,19,0,100.0,0.0,MBUS-16,On-grid,508.8,109.147,-0.024,1088.9,1088.9,1088.9,1088.9,1092.5,1092.5,1092.5,1092.5,1092.5,1093.6,1093.6,1093.6,1093.6,1093.6,1083.0,1083.0,1083.0,1083.0,1077.1,1077.1,1077.1,1077.1,1077.1,1079.4,1079.4,1079.4,1079.4,1079.4,5.42,5.3,5.11,5.34,5.27,5.44,5.18,0.0,0.0,5.58,5.3,5.5,0.0,0.0,5.54,5.44,5.28,0.0,5.58,5.26,5.44,0.0,0.0,5.31,5.35,5.27,0.0,0.0,841.4,837.1,831.5,75.951,75.331,75.18
P3,IB1,P3-IB1-2-1-SI01,SACU-1,19,19,0,100.0,0.0,MBUS-17,On-grid,508.19,108.127,-0.08,1083.8,1083.8,1083.8,1083.8,1074.3,1074.3,1074.3,1074.3,1074.3,1077.8,1077.8,1077.8,1077.8,1077.8,1077.7,1077.7,1077.7,1077.7,1078.8,1078.8,1078.8,1078.8,1078.8,1085.0,1085.0,1085.0,1085.0,1085.0,5.56,5.2,5.29,5.33,5.29,5.45,5.21,0.0,0.0,5.55,5.25,5.44,0.0,0.0,5.52,5.32,5.2,0.0,5.56,5.3,5.33,0.0,0.0,5.44,5.31,5.21,0.0,0.0,838.9,834.5,828.7,75.394,74.822,74.875
P3,IB1,P3-IB1-2-1-SI02,SACU-1,19,19,0,100.0,0.0,MBUS-18,On-grid,510.68,108.607,0.11,1078.0,1078.0,1078.0,1078.0,1086.3,1086.3,1086.3,1086.3,1086.3,1087.2,1087.2,1087.2,1087.2,1087.2,1093.1,1093.1,1093.1,1093.1,1065.4,1065.4,1065.4,1065.4,1065.4,1074.0,1074.0,1074.0,1074.0,1074.0,5.55,5.25,5.28,5.47,5.28,5.5,5.23,0.0,0.0,5.45,5.27,5.51,0.0,0.0,5.56,5.34,5.2,0.0,5.7,5.38,5.26,0.0,0.0,5.5,5.41,5.3,0.0,0.0,839.8,835.6,829.9,75.488,75.251,74.933
P3,IB1,P3-IB1-2-1-SI03,SACU-1,19,19,0,100.0,0.0,MBUS-19,On-grid,512.88,109.816,0.013,1104.1,1104.1,1104.1,1104.1,1067.8,1067.8,1067.8,1067.8,1067.8,1078.2,1078.2,1078.2,1078.2,1078.2,1077.0,1077.0,1077.0,1077.0,1091.9,1091.9,1091.9,1091.9,1091.9,1068.0,1068.0,1068.0,1068.0,1068.0,5.5,5.21,5.34,5.27,5.29,5.44,5.49,0.0,0.0,5.37,5.5,5.46,0.0,0.0,5.49,5.4,5.25,0.0,5.61,5.23,5.43,0.0,0.0,5.51,5.34,5.3,0.0,0.0,842.3,837.4,832.8,75.895,75.985,75.644
P3,IB1,P3-IB1-2-1-SI04,SACU-1,19,19,0,100.0,0.0,MBUS-20,On-grid,507.08,108.943,0.011,1082.2,1082.2,1082.2,1082.2,1076.7,1076.7,1076.7,1076.7,1076.7,1084.3,1084.3,1084.3,1084.3,1084.3,1086.5,1086.5,1086.5,1086.5,1083.4,1083.4,1083.4,1083.4,1083.4,1093.5,1093.5,1093.5,1093.5,1093.5,5.55,5.19,5.33,5.23,5.54,5.39,5.45,0.0,0.0,5.38,5.32,5.41,0.0,0.0,5.36,5.35,5.21,0.0,5.6,5.39,5.13,0.0,0.0,5.44,5.07,5.51,0.0,0.0,841.8,836.5,831.3,75.369,75.052,75.325
P3,IB1,P3-IB1-2-1-SI05,SACU-1,19,19,0,100.0,0.0,MBUS-21,On-grid,510.96,109.939,0.038,1085.8,1085.8,1085.8,1085.8,1087.3,1087.3,1087.3,1087.3,1087.3,1098.9,1098.9,1098.9,1098.9,1098.9,1088.1,1088.1,1088.1,1088.1,1077.5,1077.5,1077.5,1077.5,1077.5,1092.7,1092.7,1092.7,1092.7,1092.7,5.72,5.27,5.3,5.45,5.34,5.47,5.14,0.0,0.0,5.65,5.25,5.43,0.0,0.0,5.55,5.38,5.42,0.0,5.68,5.27,5.44,0.0,0.0,5.41,5.39,5.3,0.0,0.0,843.7,838.6,833.7,76.598,75.513,75.531
P3,IB1,P3-IB1-2-1-SI06,SACU-1,19,19,0,100.0,0.0,MBUS-22,On-grid,506.28,109.365,0.009,1082.5,1082.5,1082.5,1082.5,1090.8,1090.8,1090.8,1090.8,1090.8,1079.0,1079.0,1079.0,1079.0,1079.0,1089.4,1089.4,1089.4,1089.4,1083.3,1083.3,1083.3,1083.3,1083.3,1085.8,1085.8,1085.8,1085.8,1085.8,5.72,5.12,5.31,5.27,5.52,5.33,5.33,0.0,0.0,5.42,5.43,5.31,0.0,0.0,5.65,5.16,5.38,0.0,5.52,5.43,5.23,0.0,0.0,5.59,5.23,5.5,0.0,0.0,842.7,838.8,833.3,75.889,75.213,75.438
P3,IB1,P3-IB1-2-1-SI07,SACU-1,19,19,0,100.0,0.0,MBUS-23,On-grid,504.53,108.661,0.008,1086.8,1086.8,1086.8,1086.8,1079.6,1079.6,1079.6,1079.6,1079.6,1081.9,1081.9,1081.9,1081.9,1081.9,1080.5,1080.5,1080.5,1080.5,1090.2,1090.2,1090.2,1090.2,1090.2,1089.6,1089.6,1089.6,1089.6,1089.6,5.35,5.4,5.19,5.39,5.29,5.46,5.16,0.0,0.0,5.71,5.25,5.45,0.0,0.0,5.42,5.33,5.07,0.0,5.6,5.2,5.35,0.0,0.0,5.3,5.38,5.24,0.0,0.0,844.3,838.4,835.1,74.894,74.641,74.644
P3,IB1,P3-IB1-2-1-SI08,SACU-1,19,19,0,100.0,0.0,MBUS-24,On-grid,507.64,109.456,0.029,1086.6,1086.6,1086.6,1086.6,1091.0,1091.0,1091.0,1091.0,1091.0,1085.6,1085.6,1085.6,1085.6,1085.6,1081.0,1081.0,1081.0,1081.0,1074.4,1074.4,1074.4,1074.4,1074.4,1076.5,1076.5,1076.5,1076.5,1076.5,5.61,5.18,5.43,5.24,5.44,5.19,5.45,0.0,0.0,5.54,5.38,5.27,0.0,0.0,5.6,5.19,5.4,0.0,5.38,5.51,5.23,0.0,0.0,5.52,5.29,5.48,0.0,0.0,843.9,833.9,839.8,75.805,75.193,75.346
P3,IB1,P3-IB1-2-2-SI09,SACU-1,19,19,0,100.0,0.0,MBUS-25,On-grid,508.6,110.256,0.06,1089.9,1089.9,1089.9,1089.9,1078.9,1078.9,1078.9,1078.9,1078.9,1087.5,1087.5,1087.5,1087.5,1087.5,1102.6,1102.6,1102.6,1102.6,1080.7,1080.7,1080.7,1080.7,1080.7,1080.2,1080.2,1080.2,1080.2,1080.2,5.68,5.24,5.4,5.16,5.3,5.56,5.42,0.0,0.0,5.53,5.37,5.24,0.0,0.0,5.71,5.24,5.31,0.0,5.43,5.49,5.23,0.0,0.0,5.47,5.43,5.48,0.0,0.0,846.4,837.6,840.8,76.128,75.759,75.796
P3,IB1,P3-IB1-2-2-SI10,SACU-1,19,19,0,100.0,0.0,MBUS-26,On-grid,507.57,111.111,-0.139,1078.9,1078.9,1078.9,1078.9,1103.9,1103.9,1103.9,1103.9,1103.9,1074.0,1074.0,1074.0,1074.0,1074.0,1088.1,1088.1,1088.1,1088.1,1074.6,1074.6,1074.6,1074.6,1074.6,1082.7,1082.7,1082.7,1082.7,1082.7,5.63,5.2,5.56,5.38,5.69,5.39,5.34,0.0,0.0,5.46,5.58,5.32,0.0,0.0,5.76,5.3,5.48,0.0,5.48,5.54,5.29,0.0,0.0,5.63,5.31,5.48,0.0,0.0,845.6,835.0,842.5,76.614,76.002,76.328
P3,IB1,P3-IB1-2-2-SI11,SACU-1,19,19,0,100.0,0.0,MBUS-27,On-grid,508.9,111.223,0.039,1085.0,1085.0,1085.0,1085.0,1083.3,1083.3,1083.3,1083.3,1083.3,1078.3,1078.3,1078.3,1078.3,1078.3,1083.2,1083.2,1083.2,1083.2,1110.8,1110.8,1110.8,1110.8,1110.8,1110.9,1110.9,1110.9,1110.9,1110.9,5.64,5.31,5.29,5.55,5.42,5.53,5.3,0.0,0.0,5.78,5.29,5.59,0.0,0.0,5.58,5.43,5.25,0.0,5.38,5.24,5.36,0.0,0.0,5.68,5.27,5.44,0.0,0.0,847.4,838.1,841.8,76.529,76.218,76.215
P3,IB1,P3-IB1-2-2-SI12,SACU-1,19,19,0,100.0,0.0,MBUS-28,On-grid,510.43,110.61,-0.008,1080.1,1080.1,1080.1,1080.1,1089.9,1089.9,1089.9,1089.9,1089.9,1097.8,1097.8,1097.8,1097.8,1097.8,1083.7,1083.7,1083.7,1083.7,1090.3,1090.3,1090.3,1090.3,1090.3,1079.9,1079.9,1079.9,1079.9,1079.9,5.49,5.41,5.27,5.45,5.3,5.57,5.34,0.0,0.0,5.63,5.36,5.4,0.0,0.0,5.42,5.35,5.39,0.0,5.47,5.49,5.5,0.0,0.0,5.52,5.48,5.36,0.0,0.0,845.1,840.1,835.2,76.25,76.087,75.645
P3,IB1,P3-IB1-2-2-SI13,SACU-1,19,19,0,100.0,0.0,MBUS-29,On-grid,511.21,111.682,-0.036,1094.7,1094.7,1094.7,1094.7,1086.3,1086.3,1086.3,1086.3,1086.3,1090.3,1090.3,1090.3,1090.3,1090.3,1103.5,1103.5,1103.5,1103.5,1101.7,1101.7,1101.7,1101.7,1101.7,1098.0,1098.0,1098.0,1098.0,1098.0,5.62,5.3,5.56,5.37,5.52,5.35,5.48,0.0,0.0,5.77,5.38,5.49,0.0,0.0,5.36,5.28,5.48,0.0,5.45,5.54,5.35,0.0,0.0,5.75,5.36,5.48,0.0,0.0,846.8,840.7,838.0,77.03,77.001,76.692
P3,IB1,P3-IB1-2-2-SI14,SACU-1,19,19,0,100.0,0.0,MBUS-30,On-grid,515.09,111.801,-0.048,1091.7,1091.7,1091.7,1091.7,1088.2,1088.2,1088.2,1088.2,1088.2,1084.6,1084.6,1084.6,1084.6,1084.6,1103.3,1103.3,1103.3,1103.3,1078.5,1078.5,1078.5,1078.5,1078.5,1083.1,1083.1,1083.1,1083.1,1083.1,5.52,5.31,5.27,5.61,5.27,5.41,5.5,0.0,0.0,5.62,5.56,5.37,0.0,0.0,5.72,5.34,5.52,0.0,5.57,5.34,5.6,0.0,0.0,5.48,5.48,5.4,0.0,0.0,846.1,842.0,836.5,77.2,76.649,76.541
P3,IB1,P3-IB1-2-2-SI15,SACU-1,19,19,0,100.0,0.0,MBUS-31,On-grid,508.06,110.181,0.007,1070.8,1070.8,1070.8,1070.8,1087.2,1087.2,1087.2,1087.2,1087.2,1089.7,1089.7,1089.7,1089.7,1089.7,1079.8,1079.8,1079.8,1079.8,1099.1,1099.1,1099.1,1099.1,1099.1,1090.8,1090.8,1090.8,1090.8,1090.8,5.69,5.32,5.54,5.22,5.61,5.31,5.43,0.0,0.0,5.42,5.46,5.31,0.0,0.0,5.77,5.24,5.38,0.0,5.37,5.45,5.24,0.0,0.0,5.57,5.28,5.4,0.0,0.0,844.5,834.6,839.9,76.294,76.017,75.934
P3,IB1,P3-IB1-2-2-SI16,SACU-1,19,19,0,100.0,0.0,MBUS-32,On-grid,507.37,110.605,-0.016,1079.9,1079.9,1079.9,1079.9,1089.8,1089.8,1089.8,1089.8,1089.8,1086.9,1086.9,1086.9,1086.9,1086.9,1091.4,1091.4,1091.4,1091.4,1090.2,1090.2,1090.2,1090.2,1090.2,1095.9,1095.9,1095.9,1095.9,1095.9,5.73,5.3,5.46,5.41,5.3,5.51,5.29,0.0,0.0,5.68,5.27,5.47,0.0,0.0,5.47,5.39,5.27,0.0,5.68,5.28,5.55,0.0,0.0,5.73,5.38,5.28,0.0,0.0,843.9,837.9,834.2,76.656,76.469,76.665
P3,IB1,P3-IB1-3-1-SI01,SACU-2,19,19,0,100.0,0.0,MBUS-1,On-grid,507.7,106.198,0.033,1088.9,1088.9,1088.9,1088.9,1079.2,1079.2,1079.2,1079.2,1079.2,1076.7,1076.7,1076.7,1076.7,1076.7,1087.9,1087.9,1087.9,1087.9,1089.6,1089.6,1089.6,1089.6,1089.6,1073.5,1073.5,1073.5,1073.5,1073.5,5.5,5.09,5.17,5.06,5.4,5.18,5.32,0.0,0.0,5.31,5.25,5.19,0.0,0.0,5.49,5.09,5.22,0.0,5.33,5.19,5.09,0.0,0.0,5.48,5.09,5.37,0.0,0.0,837.0,833.5,828.1,74.267,73.876,73.899
P3,IB1,P3-IB1-3-1-SI02,SACU-2,19,19,0,100.0,0.0,MBUS-2,On-grid,509.7,105.786,-0.054,1088.2,1088.2,1088.2,1088.2,1083.2,1083.2,1083.2,1083.2,1083.2,1079.3,1079.3,1079.3,1079.3,1079.3,1081.7,1081.7,1081.7,1081.7,1077.2,1077.2,1077.2,1077.2,1077.2,1071.4,1071.4,1071.4,1071.4,1071.4,5.21,5.29,5.12,5.32,5.22,5.25,5.1,0.0,0.0,5.48,5.06,5.23,0.0,0.0,5.27,5.22,4.98,0.0,5.55,5.16,5.17,0.0,0.0,5.19,5.27,5.31,0.0,0.0,838.5,829.9,833.6,73.624,73.563,73.407
P3,IB1,P3-IB1-3-1-SI03,SACU-2,19,19,0,100.0,0.0,MBUS-3,On-grid,508.67,105.537,-0.172,1076.9,1076.9,1076.9,1076.9,1074.1,1074.1,1074.1,1074.1,1074.1,1077.8,1077.8,1077.8,1077.8,1077.8,1076.0,1076.0,1076.0,1076.0,1086.5,1086.5,1086.5,1086.5,1086.5,1082.7,1082.7,1082.7,1082.7,1082.7,5.34,5.2,5.06,5.27,5.19,5.29,5.05,0.0,0.0,5.43,5.08,5.27,0.0,0.0,5.39,5.19,5.0,0.0,5.45,5.11,5.22,0.0,0.0,5.3,5.26,5.18,0.0,0.0,839.2,830.7,833.9,73.275,72.919,72.949
P3,IB1,P3-IB1-3-1-SI04,SACU-2,19,19,0,100.0,0.0,MBUS-4,On-grid,509.98,105.971,-0.015,1074.8,1074.8,1074.8,1074.8,1059.4,1059.4,1059.4,1059.4,1059.4,1074.9,1074.9,1074.9,1074.9,1074.9,1091.8,1091.8,1091.8,1091.8,1081.1,1081.1,1081.1,1081.1,1081.1,1076.7,1076.7,1076.7,1076.7,1076.7,5.5,5.1,5.06,5.28,5.29,5.23,5.2,0.0,0.0,5.49,5.1,5.34,0.0,0.0,5.34,5.25,5.14,0.0,5.51,5.24,5.23,0.0,0.0,5.31,5.26,5.15,0.0,0.0,840.3,835.8,831.9,73.483,72.896,73.192
P3,IB1,P3-IB1-3-1-SI05,SACU-2,19,19,0,100.0,0.0,MBUS-5,On-grid,509.91,106.185,-0.033,1079.9,1079.9,1079.9,1079.9,1085.9,1085.9,1085.9,1085.9,1085.9,1070.6,1070.6,1070.6,1070.6,1070.6,1079.0,1079.0,1079.0,1079.0,1084.3,1084.3,1084.3,1084.3,1084.3,1082.2,1082.2,1082.2,1082.2,1082.2,5.61,5.06,5.24,5.08,5.32,5.08,5.26,0.0,0.0,5.33,5.32,5.21,0.0,0.0,5.52,5.04,5.23,0.0,4.93,5.24,5.06,0.0,0.0,5.53,5.03,5.31,0.0,0.0,841.2,837.1,831.8,73.696,73.282,73.419
P3,IB1,P3-IB1-3-1-SI06,SACU-2,19,19,0,100.0,0.0,MBUS-6,On-grid,509.72,106.21,-0.014,1078.3,1078.3,1078.3,1078.3,1077.4,1077.4,1077.4,1077.4,1077.4,1082.4,1082.4,1082.4,1082.4,1082.4,1075.7,1075.7,1075.7,1075.7,1088.5,1088.5,1088.5,1088.5,1088.5,1071.6,1071.6,1071.6,1071.6,1071.6,5.47,5.04,5.26,5.07,5.43,5.32,5.12,0.0,0.0,5.36,5.18,5.1,0.0,0.0,5.5,5.08,5.19,0.0,5.22,5.36,5.16,0.0,0.0,5.48,5.09,5.31,0.0,0.0,839.3,830.7,835.2,74.023,73.378,73.438
P3,IB1,P3-IB1-3-1-SI07,SACU-2,19,19,0,100.0,0.0,MBUS-7,On-grid,509.21,106.431,0.004,1081.4,1081.4,1081.4,1081.4,1090.0,1090.0,1090.0,1090.0,1090.0,1096.8,1096.8,1096.8,1096.8,1096.8,1092.4,1092.4,1092.4,1092.4,1081.5,1081.5,1081.5,1081.5,1081.5,1079.9,1079.9,1079.9,1079.9,1079.9,5.4,5.09,5.29,5.27,5.04,5.38,5.2,0.0,0.0,5.4,5.08,5.31,0.0,0.0,5.3,5.23,5.07,0.0,5.48,5.13,5.29,0.0,0.0,5.29,5.28,5.17,0.0,0.0,839.3,835.7,829.8,74.161,73.729,73.629
P3,IB1,P3-IB1-3-1-SI08,SACU-2,19,19,0,100.0,0.0,MBUS-8,On-grid,509.36,106.589,-0.008,1086.5,1086.5,1086.5,1086.5,1076.5,1076.5,1076.5,1076.5,1076.5,1087.3,1087.3,1087.3,1087.3,1087.3,1085.8,1085.8,1085.8,1085.8,1082.1,1082.1,1082.1,1082.1,1082.1,1074.2,1074.2,1074.2,1074.2,1074.2,5.49,5.18,5.25,5.07,5.38,5.15,5.27,0.0,0.0,5.22,5.21,5.12,0.0,0.0,5.57,5.11,5.16,0.0,5.32,5.36,5.16,0.0,0.0,5.35,5.14,5.23,0.0,0.0,839.0,830.7,834.0,74.142,73.748,73.647
P3,IB1,P3-IB1-3-2-SI09,SACU-2,19,19,0,100.0,0.0,MBUS-9,On-grid,503.08,105.808,0.004,1079.8,1079.8,1079.8,1079.8,1075.5,1075.5,1075.5,1075.5,1075.5,1087.0,1087.0,1087.0,1087.0,1087.0,1083.4,1083.4,1083.4,1083.4,1067.5,1067.5,1067.5,1067.5,1067.5,1069.8,1069.8,1069.8,1069.8,1069.8,5.5,5.09,5.25,5.07,5.32,5.13,5.2,0.0,0.0,5.25,5.3,5.25,0.0,0.0,5.6,5.09,5.18,0.0,5.33,5.36,5.12,0.0,0.0,5.39,5.13,5.37,0.0,0.0,838.9,830.8,833.8,73.94,73.425,73.136
P3,IB1,P3-IB1-3-2-SI10,SACU-2,19,19,0,100.0,0.0,MBUS-10,On-grid,504.55,106.619,-0.058,1080.7,1080.7,1080.7,1080.7,1057.3,1057.3,1057.3,1057.3,1057.3,1086.2,1086.2,1086.2,1086.2,1086.2,1081.1,1081.1,1081.1,1081.1,1075.7,1075.7,1075.7,1075.7,1075.7,1081.1,1081.1,1081.1,1081.1,1081.1,5.53,5.12,5.31,5.14,5.43,4.93,5.26,0.0,0.0,5.63,5.15,5.3,0.0,0.0,5.59,5.07,5.28,0.0,5.48,5.3,5.16,0.0,0.0,5.49,5.13,5.15,0.0,0.0,840.5,831.1,836.0,74.43,73.477,73.452
P3,IB1,P3-IB1-3-2-SI11,SACU-2,19,19,0,100.0,0.0,MBUS-11,On-grid,513.66,107.9,-0.028,1080.2,1080.2,1080.2,1080.2,1095.9,1095.9,1095.9,1095.9,1095.9,1082.8,1082.8,1082.8,1082.8,1082.8,1086.1,1086.1,1086.1,1086.1,1081.7,1081.7,1081.7,1081.7,1081.7,1085.5,1085.5,1085.5,1085.5,1085.5,5.48,5.15,5.3,5.33,5.21,5.34,5.13,0.0,0.0,5.56,5.14,5.41,0.0,0.0,5.39,5.25,5.15,0.0,5.59,5.35,5.34,0.0,0.0,5.38,5.29,5.2,0.0,0.0,840.8,834.9,832.4,74.708,74.845,74.82
P3,IB1,P3-IB1-3-2-SI12,SACU-2,19,19,0,100.0,0.0,MBUS-12,On-grid,510.29,107.626,-0.029,1077.5,1077.5,1077.5,1077.5,1070.2,1070.2,1070.2,1070.2,1070.2,1078.1,1078.1,1078.1,1078.1,1078.1,1089.6,1089.6,1089.6,1089.6,1089.2,1089.2,1089.2,1089.2,1089.2,1089.9,1089.9,1089.9,1089.9,1089.9,5.57,5.37,5.28,5.16,5.46,5.28,5.13,0.0,0.0,5.59,5.12,5.35,0.0,0.0,5.36,5.3,5.17,0.0,5.51,5.21,5.3,0.0,0.0,5.35,5.28,5.18,0.0,0.0,840.6,831.5,835.2,74.631,74.304,74.715
P3,IB1,P3-IB1-3-2-SI13,SACU-2,19,19,0,100.0,0.0,MBUS-13,On-grid,509.98,107.211,0.022,1086.1,1086.1,1086.1,1086.1,1086.6,1086.6,1086.6,1086.6,1086.6,1078.8,1078.8,1078.8,1078.8,1078.8,1085.3,1085.3,1085.3,1085.3,1077.2,1077.2,1077.2,1077.2,1077.2,1070.2,1070.2,1070.2,1070.2,1070.2,5.35,5.13,5.47,5.24,5.11,5.38,5.14,0.0,0.0,5.54,5.18,5.35,0.0,0.0,5.38,5.11,5.27,0.0,5.28,5.3,5.3,0.0,0.0,5.1,5.21,5.34,0.0,0.0,840.7,832.0,836.5,74.222,74.166,73.877
P3,IB1,P3-IB1-3-2-SI14,SACU-2,19,19,0,100.0,0.0,MBUS-14,On-grid,511.16,107.288,-0.059,1080.0,1080.0,1080.0,1080.0,1075.1,1075.1,1075.1,1075.1,1075.1,1085.8,1085.8,1085.8,1085.8,1085.8,1085.5,1085.5,1085.5,1085.5,1087.6,1087.6,1087.6,1087.6,1087.6,1082.0,1082.0,1082.0,1082.0,1082.0,5.38,5.28,5.09,5.31,5.21,5.32,5.38,0.0,0.0,5.47,5.25,5.18,0.0,0.0,5.53,5.25,5.05,0.0,5.47,5.22,5.21,0.0,0.0,5.34,5.12,5.26,0.0,0.0,841.8,833.1,835.8,74.364,74.072,74.238
P3,IB1,P3-IB1-3-2-SI15,SACU-2,19,19,0,100.0,0.0,MBUS-15,On-grid,505.45,106.517,0.018,1083.4,1083.4,1083.4,1083.4,1089.5,1089.5,1089.5,1089.5,1089.5,1070.1,1070.1,1070.1,1070.1,1070.1,1087.4,1087.4,1087.4,1087.4,1080.8,1080.8,1080.8,1080.8,1080.8,1087.6,1087.6,1087.6,1087.6,1087.6,5.43,5.07,5.26,5.14,5.25,5.11,5.2,0.0,0.0,5.5,5.19,5.39,0.0,0.0,5.32,5.16,5.22,0.0,5.18,5.34,5.15,0.0,0.0,5.57,5.25,5.17,0.0,0.0,841.8,837.0,832.3,74.071,73.312,73.571
P3,IB1,P3-IB1-3-2-SI16,SACU-2,19,19,0,100.0,0.0,MBUS-16,On-grid,515.24,107.602,-0.007,1073.3,1073.3,1073.3,1073.3,1084.9,1084.9,1084.9,1084.9,1084.9,1087.7,1087.7,1087.7,1087.7,1087.7,1096.0,1096.0,1096.0,1096.0,1100.6,1100.6,1100.6,1100.6,1100.6,1084.7,1084.7,1084.7,1084.7,1084.7,5.54,5.11,5.14,5.38,5.26,5.37,5.18,0.0,0.0,5.59,5.18,5.35,0.0,0.0,5.37,5.15,5.09,0.0,5.52,5.2,5.26,0.0,0.0,5.51,5.27,5.21,0.0,0.0,841.9,837.7,831.1,74.94,74.177,74.47
P3,IB1,P3-IB1-4-1-SI01,SACU-2,19,19,0,100.0,0.0,MBUS-17,On-grid,509.13,104.829,0.024,1087.8,1087.8,1087.8,1087.8,1085.9,1085.9,1085.9,1085.9,1085.9,1093.0,1093.0,1093.0,1093.0,1093.0,1090.5,1090.5,1090.5,1090.5,1085.4,1085.4,1085.4,1085.4,1085.4,1086.4,1086.4,1086.4,1086.4,1086.4,5.45,5.05,5.14,4.92,5.29,4.98,5.24,0.0,0.0,5.32,5.17,5.07,0.0,0.0,5.36,5.18,4.87,0.0,5.32,5.15,4.91,0.0,0.0,5.36,5.08,4.99,0.0,0.0,838.5,833.5,830.7,73.272,72.673,72.621
P3,IB1,P3-IB1-4-1-SI02,SACU-2,19,19,0,100.0,0.0,MBUS-18,On-grid,509.4,105.521,-0.098,1076.0,1076.0,1076.0,1076.0,1087.9,1087.9,1087.9,1087.9,1087.9,1086.8,1086.8,1086.8,1086.8,1086.8,1082.5,1082.5,1082.5,1082.5,1096.1,1096.1,1096.1,1096.1,1096.1,1088.2,1088.2,1088.2,1088.2,1088.2,5.49,5.03,5.24,5.04,5.24,5.12,5.2,0.0,0.0,5.17,5.24,5.13,0.0,0.0,5.36,4.96,5.26,0.0,5.19,5.25,5.05,0.0,0.0,5.38,5.02,5.32,0.0,0.0,838.5,833.2,830.4,73.349,72.949,73.281
P3,IB1,P3-IB1-4-1-SI03,SACU-2,19,19,0,100.0,0.0,MBUS-19,On-grid,515.17,105.208,-0.021,1086.6,1086.6,1086.6,1086.6,1096.7,1096.7,1096.7,1096.7,1096.7,1095.1,1095.1,1095.1,1095.1,1095.1,1082.6,1082.6,1082.6,1082.6,1087.2,1087.2,1087.2,1087.2,1087.2,1082.1,1082.1,1082.1,1082.1,1082.1,5.15,5.29,5.07,5.23,5.03,5.28,5.05,0.0,0.0,5.29,5.01,5.21,0.0,0.0,5.24,5.13,4.95,0.0,5.3,4.99,5.1,0.0,0.0,5.08,5.23,5.05,0.0,0.0,840.0,830.8,834.7,73.429,72.605,72.83
P3,IB1,P3-IB1-4-1-SI04,SACU-2,19,19,0,100.0,0.0,MBUS-20,On-grid,515.4,106.478,0.086,1080.6,1080.6,1080.6,1080.6,1090.6,1090.6,1090.6,1090.6,1090.6,1081.6,1081.6,1081.6,1081.6,1081.6,1086.6,1086.6,1086.6,1086.6,1083.1,1083.1,1083.1,1083.1,1083.1,1095.6,1095.6,1095.6,1095.6,1095.6,5.43,5.14,5.15,5.26,5.12,5.31,5.13,0.0,0.0,5.35,5.09,5.34,0.0,0.0,0.0,5.2,5.05,5.15,5.28,5.14,5.28,0.0,0.0,5.24,5.2,5.1,0.0,0.0,838.8,834.9,829.3,74.2,73.833,73.843
P3,IB1,P3-IB1-4-1-SI05,SACU-2,19,12,7,63.16,36.84,MBUS-21,On-grid,323.92,66.106,0.034,1081.9,1081.9,1081.9,1081.9,1079.7,1079.7,1079.7,1079.7,1079.7,1076.1,1076.1,1076.1,1076.1,1076.1,1087.1,1087.1,1087.1,1087.1,359.7,359.7,359.7,359.7,359.7,355.9,355.9,355.9,355.9,355.9,4.77,5.38,5.37,5.37,4.86,0.0,5.16,5.35,0.0,4.93,5.34,5.19,0.0,0.0,5.13,5.09,0.0,0.0,0.0,0.0,0.0,0.0,0.0,0.0,0.0,0.0,0.0,0.0,837.6,833.3,828.9,46.404,45.969,45.55
P3,IB1,P3-IB1-4-1-SI06,SACU-2,19,19,0,100.0,0.0,MBUS-22,On-grid,512.29,105.65,0.052,1102.7,1102.7,1102.7,1102.7,1096.6,1096.6,1096.6,1096.6,1096.6,1085.3,1085.3,1085.3,1085.3,1085.3,1085.5,1085.5,1085.5,1085.5,1069.9,1069.9,1069.9,1069.9,1069.9,1086.9,1086.9,1086.9,1086.9,1086.9,5.35,5.04,5.07,4.95,5.32,5.09,5.1,0.0,0.0,5.49,5.09,5.02,0.0,0.0,5.49,5.01,5.08,0.0,5.28,5.16,5.16,0.0,0.0,5.41,5.08,5.22,0.0,0.0,839.1,830.6,834.1,73.6,73.237,72.955
P3,IB1,P3-IB1-4-1-SI07,SACU-2,19,2,17,10.53,89.47,MBUS-23,On-grid,53.51,11.092,-0.045,1100.4,1100.4,1100.4,1100.4,316.9,316.9,316.9,316.9,316.9,1084.8,1084.8,1084.8,1084.8,1084.8,320.6,320.6,320.6,320.6,316.9,316.9,316.9,316.9,316.9,318.1,318.1,318.1,318.1,318.1,0.0,5.27,0.0,0.0,0.0,0.0,0.0,0.0,0.0,5.08,0.0,0.0,0.0,0.0,0.0,0.0,0.0,0.0,0.0,0.0,0.0,0.0,0.0,0.0,0.0,0.0,0.0,0.0,835.3,826.9,831.0,7.897,7.847,7.798
P3,IB1,P3-IB1-4-1-SI08,SACU-2,19,9,10,47.37,52.63,MBUS-24,On-grid,239.19,49.424,0.011,1075.5,1075.5,1075.5,1075.5,1068.0,1068.0,1068.0,1068.0,1068.0,1080.7,1080.7,1080.7,1080.7,1080.7,370.5,370.5,370.5,370.5,1076.1,1076.1,1076.1,1076.1,1076.1,1080.8,1080.8,1080.8,1080.8,1080.8,5.28,0.0,5.07,5.23,5.42,0.0,0.0,0.0,0.0,0.0,0.0,5.19,0.0,0.0,0.0,0.0,0.0,0.0,0.0,5.09,5.25,0.0,0.0,5.27,0.0,5.02,0.0,0.0,837.1,828.8,832.0,34.622,34.137,34.656
P3,IB1,P3-IB1-4-2-SI09,SACU-2,19,2,17,10.53,89.47,MBUS-25,On-grid,52.0,10.765,0.004,1097.0,1097.0,1097.0,1097.0,321.1,321.1,321.1,321.1,321.1,1069.5,1069.5,1069.5,1069.5,1069.5,319.1,319.1,319.1,319.1,319.2,319.2,319.2,319.2,319.2,318.7,318.7,318.7,318.7,318.7,5.23,0.0,0.0,0.0,0.0,0.0,0.0,0.0,0.0,5.09,0.0,0.0,0.0,0.0,0.0,0.0,0.0,0.0,0.0,0.0,0.0,0.0,0.0,0.0,0.0,0.0,0.0,0.0,835.0,829.3,827.2,7.68,7.522,7.72
P3,IB1,P3-IB1-4-2-SI10,SACU-2,19,2,17,10.53,89.47,MBUS-26,On-grid,51.23,10.777,0.064,1074.4,1074.4,1074.4,1074.4,321.9,321.9,321.9,321.9,321.9,1062.7,1062.7,1062.7,1062.7,1062.7,317.7,317.7,317.7,317.7,318.8,318.8,318.8,318.8,318.8,316.1,316.1,316.1,316.1,316.1,5.36,0.0,0.0,0.0,0.0,0.0,0.0,0.0,0.0,5.23,0.0,0.0,0.0,0.0,0.0,0.0,0.0,0.0,0.0,0.0,0.0,0.0,0.0,0.0,0.0,0.0,0.0,0.0,835.7,831.1,826.3,7.699,7.561,7.684
P3,IB1,P3-IB1-4-2-SI11,SACU-2,19,4,15,21.05,78.95,MBUS-27,On-grid,108.42,22.026,0.037,1081.0,1081.0,1081.0,1081.0,359.1,359.1,359.1,359.1,359.1,1077.1,1077.1,1077.1,1077.1,1077.1,1086.1,1086.1,1086.1,1086.1,359.6,359.6,359.6,359.6,359.6,1090.0,1090.0,1090.0,1090.0,1090.0,5.36,0.0,0.0,0.0,0.0,0.0,0.0,0.0,0.0,5.3,0.0,0.0,0.0,0.0,5.4,0.0,0.0,0.0,0.0,0.0,0.0,0.0,0.0,0.0,0.0,5.25,0.0,0.0,836.8,828.2,831.7,16.258,15.266,15.684
P3,IB1,P3-IB1-4-2-SI12,SACU-2,19,6,13,31.58,68.42,MBUS-28,On-grid,163.51,33.69,-0.015,355.0,355.0,355.0,355.0,1076.4,1076.4,1076.4,1076.4,1076.4,1087.1,1087.1,1087.1,1087.1,1087.1,1090.1,1090.1,1090.1,1090.1,1079.2,1079.2,1079.2,1079.2,1079.2,353.3,353.3,353.3,353.3,353.3,0.0,0.0,0.0,0.0,0.0,5.43,0.0,0.0,0.0,4.9,5.53,5.12,0.0,0.0,0.0,5.25,0.0,0.0,0.0,0.0,5.23,0.0,0.0,0.0,0.0,0.0,0.0,0.0,836.5,833.8,827.0,23.728,23.277,23.655
P3,IB1,P3-IB1-4-2-SI13,SACU-2,19,19,0,100.0,0.0,MBUS-29,On-grid,508.67,105.981,-0.035,1087.8,1087.8,1087.8,1087.8,1092.6,1092.6,1092.6,1092.6,1092.6,1084.1,1084.1,1084.1,1084.1,1084.1,1072.3,1072.3,1072.3,1072.3,1079.2,1079.2,1079.2,1079.2,1079.2,1068.1,1068.1,1068.1,1068.1,1068.1,5.08,5.35,5.15,5.35,4.84,5.3,5.07,0.0,0.0,5.26,5.03,5.3,0.0,0.0,5.26,5.25,5.14,0.0,5.35,5.17,5.35,0.0,0.0,4.85,5.33,5.32,0.0,0.0,837.6,832.5,827.8,74.151,73.59,73.718
P3,IB1,P3-IB1-4-2-SI14,SACU-2,19,19,0,100.0,0.0,MBUS-30,On-grid,508.66,105.382,0.06,1088.4,1088.4,1088.4,1088.4,1094.8,1094.8,1094.8,1094.8,1094.8,1094.8,1094.8,1094.8,1094.8,1094.8,1076.4,1076.4,1076.4,1076.4,1071.8,1071.8,1071.8,1071.8,1071.8,1081.1,1081.1,1081.1,1081.1,1081.1,5.44,5.1,5.31,5.16,5.27,4.95,5.18,0.0,0.0,5.26,5.16,5.03,0.0,0.0,5.39,5.02,5.28,0.0,5.29,5.2,4.94,0.0,0.0,5.38,5.1,5.24,0.0,0.0,836.8,828.1,831.9,73.739,73.078,73.306
P3,IB1,P3-IB1-4-2-SI15,SACU-2,19,19,0,100.0,0.0,MBUS-31,On-grid,511.06,105.936,-0.051,1093.4,1093.4,1093.4,1093.4,1076.2,1076.2,1076.2,1076.2,1076.2,1071.3,1071.3,1071.3,1071.3,1071.3,1087.0,1087.0,1087.0,1087.0,1077.2,1077.2,1077.2,1077.2,1077.2,1078.0,1078.0,1078.0,1078.0,1078.0,5.44,4.92,5.22,5.09,5.34,5.12,5.29,0.0,0.0,5.41,5.12,5.2,0.0,0.0,5.44,5.06,5.33,0.0,5.41,5.3,5.08,0.0,0.0,5.51,5.04,5.27,0.0,0.0,838.0,833.7,829.5,73.849,73.365,73.207
P3,IB1,P3-IB1-4-2-SI16,SACU-2,19,16,3,84.21,15.79,MBUS-32,On-grid,430.62,88.996,-0.031,1093.9,1093.9,1093.9,1093.9,1085.1,1085.1,1085.1,1085.1,1085.1,1096.7,1096.7,1096.7,1096.7,1096.7,1077.3,1077.3,1077.3,1077.3,1079.5,1079.5,1079.5,1079.5,1079.5,1079.2,1079.2,1079.2,1079.2,1079.2,5.32,5.21,5.01,5.23,5.13,0.0,0.0,0.0,0.0,5.33,0.0,5.18,0.0,0.0,5.31,5.21,5.06,0.0,5.37,5.16,5.27,0.0,0.0,4.9,5.27,4.99,0.0,0.0,838.7,830.5,834.6,62.068,61.75,61.561
P3,IB2,P3-IB2-1-1-SI01,SACU-1,19,19,0,100.0,0.0,MBUS-1,On-grid,514.3,103.118,0.034,1081.2,1081.2,1081.2,1081.2,1075.2,1075.2,1075.2,1075.2,1075.2,1095.8,1095.8,1095.8,1095.8,1095.8,1075.2,1075.2,1075.2,1075.2,1082.0,1082.0,1082.0,1082.0,1082.0,1083.2,1083.2,1083.2,1083.2,1083.2,4.65,4.49,5.55,5.61,5.43,5.04,4.99,0.0,0.0,5.67,4.68,4.63,0.0,0.0,5.25,4.84,5.41,0.0,6.03,4.55,4.65,0.0,0.0,5.17,4.87,5.15,0.0,0.0,843.0,839.7,832.8,71.412,71.229,70.804
P3,IB2,P3-IB2-1-1-SI02,SACU-1,19,19,0,100.0,0.0,MBUS-2,On-grid,508.48,102.725,-0.029,1082.4,1082.4,1082.4,1082.4,1074.4,1074.4,1074.4,1074.4,1074.4,1086.9,1086.9,1086.9,1086.9,1086.9,1077.7,1077.7,1077.7,1077.7,1077.4,1077.4,1077.4,1077.4,1077.4,1082.7,1082.7,1082.7,1082.7,1082.7,5.02,5.13,5.03,5.15,5.1,5.14,4.92,0.0,0.0,5.44,4.95,5.11,0.0,0.0,5.09,5.13,4.95,0.0,5.35,4.94,5.18,0.0,0.0,5.28,5.07,5.07,0.0,0.0,842.1,832.4,836.9,71.694,70.895,70.971
P3,IB2,P3-IB2-1-1-SI03,SACU-1,19,19,0,100.0,0.0,MBUS-3,On-grid,512.95,103.162,0.062,1083.0,1083.0,1083.0,1083.0,1081.4,1081.4,1081.4,1081.4,1081.4,1076.5,1076.5,1076.5,1076.5,1076.5,1079.3,1079.3,1079.3,1079.3,1084.4,1084.4,1084.4,1084.4,1084.4,1090.5,1090.5,1090.5,1090.5,1090.5,5.39,5.01,5.04,4.97,5.1,4.97,4.98,0.0,0.0,5.39,5.1,5.16,0.0,0.0,5.33,4.86,5.03,0.0,5.34,5.09,4.92,0.0,0.0,5.27,4.92,5.06,0.0,0.0,842.6,838.5,832.7,71.379,71.038,71.253
P3,IB2,P3-IB2-1-1-SI04,SACU-1,19,19,0,100.0,0.0,MBUS-4,On-grid,515.1,103.448,0.014,1098.6,1098.6,1098.6,1098.6,1090.0,1090.0,1090.0,1090.0,1090.0,1094.1,1094.1,1094.1,1094.1,1094.1,1069.8,1069.8,1069.8,1069.8,1074.9,1074.9,1074.9,1074.9,1074.9,1082.3,1082.3,1082.3,1082.3,1082.3,5.36,4.97,5.08,5.01,5.14,4.93,5.1,0.0,0.0,5.24,5.07,4.89,0.0,0.0,5.32,4.99,5.06,0.0,5.26,5.12,4.94,0.0,0.0,5.22,5.05,5.06,0.0,0.0,840.9,836.0,831.7,71.9,71.614,71.422
P3,IB2,P3-IB2-1-1-SI05,SACU-1,19,19,0,100.0,0.0,MBUS-5,On-grid,518.42,104.477,0.024,1080.8,1080.8,1080.8,1080.8,1089.4,1089.4,1089.4,1089.4,1089.4,1093.0,1093.0,1093.0,1093.0,1093.0,1088.9,1088.9,1088.9,1088.9,1087.4,1087.4,1087.4,1087.4,1087.4,1086.0,1086.0,1086.0,1086.0,1086.0,5.2,5.17,5.05,5.22,4.81,5.17,4.93,0.0,0.0,5.37,4.98,5.25,0.0,0.0,5.29,5.12,5.01,0.0,5.33,5.09,5.16,0.0,0.0,4.92,5.12,5.01,0.0,0.0,838.1,828.2,832.7,72.899,72.705,72.667
P3,IB2,P3-IB2-1-1-SI06,SACU-1,19,19,0,100.0,0.0,MBUS-6,On-grid,513.24,104.014,0.077,1074.9,1074.9,1074.9,1074.9,1086.5,1086.5,1086.5,1086.5,1086.5,1090.2,1090.2,1090.2,1090.2,1090.2,1079.6,1079.6,1079.6,1079.6,1085.1,1085.1,1085.1,1085.1,1085.1,1093.0,1093.0,1093.0,1093.0,1093.0,5.42,4.98,5.12,5.05,5.32,5.04,5.15,0.0,0.0,5.28,5.1,5.06,0.0,0.0,5.45,4.94,5.07,0.0,5.26,5.13,5.0,0.0,0.0,5.29,4.95,5.13,0.0,0.0,838.8,830.6,834.0,72.563,72.122,71.963
P3,IB2,P3-IB2-1-1-SI07,SACU-1,19,19,0,100.0,0.0,MBUS-7,On-grid,516.35,104.489,-0.064,1088.7,1088.7,1088.7,1088.7,1071.4,1071.4,1071.4,1071.4,1071.4,1080.0,1080.0,1080.0,1080.0,1080.0,1090.9,1090.9,1090.9,1090.9,1094.6,1094.6,1094.6,1094.6,1094.6,1085.3,1085.3,1085.3,1085.3,1085.3,5.23,5.12,4.91,5.07,5.22,5.22,5.08,0.0,0.0,5.4,5.05,5.2,0.0,0.0,5.25,5.11,4.99,0.0,5.43,5.01,5.11,0.0,0.0,5.25,5.12,5.03,0.0,0.0,840.7,837.4,830.1,72.658,72.236,72.081
P3,IB2,P3-IB2-1-1-SI08,SACU-1,19,19,0,100.0,0.0,MBUS-8,On-grid,519.22,104.564,0.024,1088.9,1088.9,1088.9,1088.9,1084.3,1084.3,1084.3,1084.3,1084.3,1089.1,1089.1,1089.1,1089.1,1089.1,1090.7,1090.7,1090.7,1090.7,1084.3,1084.3,1084.3,1084.3,1084.3,1088.6,1088.6,1088.6,1088.6,1088.6,5.3,4.94,5.09,5.0,5.3,5.09,5.03,0.0,0.0,5.15,5.14,5.1,0.0,0.0,5.32,5.09,5.08,0.0,5.3,5.17,4.96,0.0,0.0,5.37,5.03,5.16,0.0,0.0,840.8,831.8,835.1,72.897,72.355,72.292
P3,IB2,P3-IB2-1-2-SI09,SACU-1,19,19,0,100.0,0.0,MBUS-9,On-grid,512.04,103.228,0.01,1088.6,1088.6,1088.6,1088.6,1089.2,1089.2,1089.2,1089.2,1089.2,1083.1,1083.1,1083.1,1083.1,1083.1,1089.3,1089.3,1089.3,1089.3,1075.5,1075.5,1075.5,1075.5,1075.5,1087.5,1087.5,1087.5,1087.5,1087.5,5.29,5.16,4.98,5.18,4.93,5.15,4.99,0.0,0.0,5.36,4.97,5.06,0.0,0.0,5.23,5.07,5.06,0.0,5.22,5.06,5.08,0.0,0.0,4.91,5.0,5.08,0.0,0.0,841.4,837.3,832.2,71.777,71.521,71.336
P3,IB2,P3-IB2-1-2-SI10,SACU-1,19,19,0,100.0,0.0,MBUS-10,On-grid,515.39,103.987,0.036,1070.0,1070.0,1070.0,1070.0,1072.6,1072.6,1072.6,1072.6,1072.6,1082.6,1082.6,1082.6,1082.6,1082.6,1094.8,1094.8,1094.8,1094.8,1092.5,1092.5,1092.5,1092.5,1092.5,1091.2,1091.2,1091.2,1091.2,1091.2,5.36,5.1,4.98,5.11,5.09,5.15,5.05,0.0,0.0,5.36,5.0,5.17,0.0,0.0,5.35,4.99,5.17,0.0,5.32,5.12,5.09,0.0,0.0,5.43,5.04,5.13,0.0,0.0,840.0,835.1,830.9,72.553,71.805,72.045
P3,IB2,P3-IB2-1-2-SI11,SACU-1,19,19,0,100.0,0.0,MBUS-11,On-grid,512.19,103.96,0.024,1083.7,1083.7,1083.7,1083.7,1070.2,1070.2,1070.2,1070.2,1070.2,1085.2,1085.2,1085.2,1085.2,1085.2,1081.2,1081.2,1081.2,1081.2,1075.5,1075.5,1075.5,1075.5,1075.5,1074.2,1074.2,1074.2,1074.2,1074.2,5.28,4.99,5.11,5.0,5.38,5.24,5.2,0.0,0.0,5.13,5.14,5.06,0.0,0.0,5.32,5.02,5.12,5.02,0.0,5.14,5.01,0.0,0.0,5.34,4.98,5.16,0.0,0.0,840.7,838.9,830.3,72.083,71.616,71.775
P3,IB2,P3-IB2-1-2-SI12,SACU-1,19,19,0,100.0,0.0,MBUS-12,On-grid,510.66,103.659,0.08,1080.5,1080.5,1080.5,1080.5,1067.4,1067.4,1067.4,1067.4,1067.4,1088.8,1088.8,1088.8,1088.8,1088.8,1079.2,1079.2,1079.2,1079.2,1089.4,1089.4,1089.4,1089.4,1089.4,1080.8,1080.8,1080.8,1080.8,1080.8,5.31,5.08,4.97,5.09,5.08,5.18,5.1,0.0,0.0,5.35,4.96,5.23,0.0,0.0,5.31,5.1,5.0,0.0,5.32,5.0,5.08,0.0,0.0,5.29,5.08,5.05,0.0,0.0,839.3,833.6,830.2,72.211,71.61,71.769
P3,IB2,P3-IB2-1-2-SI13,SACU-1,19,19,0,100.0,0.0,MBUS-13,On-grid,513.6,104.548,-0.024,1073.8,1073.8,1073.8,1073.8,1081.3,1081.3,1081.3,1081.3,1081.3,1080.0,1080.0,1080.0,1080.0,1080.0,1089.5,1089.5,1089.5,1089.5,1079.6,1079.6,1079.6,1079.6,1079.6,1070.2,1070.2,1070.2,1070.2,1070.2,5.43,5.08,5.2,5.06,5.29,5.06,5.18,0.0,0.0,5.25,5.18,5.05,0.0,0.0,5.4,4.97,5.13,0.0,5.27,5.18,5.03,0.0,0.0,5.42,5.11,5.08,0.0,0.0,840.4,836.7,831.4,72.814,72.328,72.049
P3,IB2,P3-IB2-1-2-SI14,SACU-1,19,19,0,100.0,0.0,MBUS-14,On-grid,507.93,103.693,0.02,1072.4,1072.4,1072.4,1072.4,1068.6,1068.6,1068.6,1068.6,1068.6,1070.6,1070.6,1070.6,1070.6,1070.6,1078.5,1078.5,1078.5,1078.5,1078.0,1078.0,1078.0,1078.0,1078.0,1077.5,1077.5,1077.5,1077.5,1077.5,5.39,5.04,5.21,5.04,5.2,5.1,5.18,0.0,0.0,5.19,5.08,5.09,0.0,0.0,5.38,4.88,5.14,0.0,4.82,5.22,4.98,0.0,0.0,5.26,4.98,5.21,0.0,0.0,838.6,829.6,834.8,71.951,71.942,71.831
P3,IB2,P3-IB2-1-2-SI15,SACU-1,19,19,0,100.0,0.0,MBUS-15,On-grid,511.49,103.654,0.032,1063.4,1063.4,1063.4,1063.4,1063.6,1063.6,1063.6,1063.6,1063.6,1074.1,1074.1,1074.1,1074.1,1074.1,1066.0,1066.0,1066.0,1066.0,1071.9,1071.9,1071.9,1071.9,1071.9,1065.0,1065.0,1065.0,1065.0,1065.0,5.35,5.15,5.04,5.17,5.18,5.21,5.04,0.0,0.0,5.41,5.06,5.19,0.0,0.0,5.29,5.14,4.95,0.0,5.47,5.12,5.09,0.0,0.0,5.18,5.21,5.11,0.0,0.0,839.9,829.9,834.5,72.169,71.683,71.521
P3,IB2,P3-IB2-1-2-SI16,SACU-1,19,19,0,100.0,0.0,MBUS-16,On-grid,512.7,104.335,-0.037,1085.4,1085.4,1085.4,1085.4,1075.0,1075.0,1075.0,1075.0,1075.0,1093.9,1093.9,1093.9,1093.9,1093.9,1096.0,1096.0,1096.0,1096.0,1083.2,1083.2,1083.2,1083.2,1083.2,1085.6,1085.6,1085.6,1085.6,1085.6,5.37,4.96,5.05,4.98,5.26,5.07,5.18,0.0,0.0,5.2,5.19,5.04,0.0,0.0,5.32,4.99,5.01,0.0,4.75,5.21,5.07,0.0,0.0,5.33,5.14,5.22,0.0,0.0,841.2,836.7,832.0,72.37,72.307,72.395
P3,IB2,P3-IB2-2-1-SI01,SACU-1,19,19,0,100.0,0.0,MBUS-17,On-grid,519.72,104.18,-0.052,1088.6,1088.6,1088.6,1088.6,1086.6,1086.6,1086.6,1086.6,1086.6,1086.1,1086.1,1086.1,1086.1,1086.1,1092.6,1092.6,1092.6,1092.6,1096.4,1096.4,1096.4,1096.4,1096.4,1095.7,1095.7,1095.7,1095.7,1095.7,5.45,4.93,5.02,4.88,5.19,4.99,5.12,0.0,0.0,5.18,5.09,4.94,0.0,0.0,5.29,4.82,5.07,0.0,5.15,5.09,4.89,0.0,0.0,5.44,4.86,5.11,0.0,0.0,840.1,834.8,832.2,72.274,71.928,72.238
P3,IB2,P3-IB2-2-1-SI02,SACU-1,19,19,0,100.0,0.0,MBUS-18,On-grid,512.38,103.224,-0.001,1081.9,1081.9,1081.9,1081.9,1100.3,1100.3,1100.3,1100.3,1100.3,1090.7,1090.7,1090.7,1090.7,1090.7,1084.6,1084.6,1084.6,1084.6,1081.2,1081.2,1081.2,1081.2,1081.2,1080.0,1080.0,1080.0,1080.0,1080.0,5.34,4.93,5.12,5.03,5.17,4.91,5.12,0.0,0.0,5.18,5.14,5.01,0.0,0.0,5.37,4.96,5.14,0.0,5.21,5.15,4.9,0.0,0.0,5.35,5.03,4.98,0.0,0.0,837.2,836.1,825.1,72.112,71.783,71.833
P3,IB2,P3-IB2-2-1-SI03,SACU-1,19,19,0,100.0,0.0,MBUS-19,On-grid,511.39,102.32,-0.021,1087.1,1087.1,1087.1,1087.1,1089.0,1089.0,1089.0,1089.0,1089.0,1080.5,1080.5,1080.5,1080.5,1080.5,1084.2,1084.2,1084.2,1084.2,1075.8,1075.8,1075.8,1075.8,1075.8,1082.0,1082.0,1082.0,1082.0,1082.0,5.36,4.85,5.0,4.93,5.2,4.97,4.98,0.0,0.0,5.18,5.03,4.98,0.0,0.0,5.39,4.95,4.83,0.0,5.24,4.95,5.0,0.0,0.0,5.2,5.04,5.18,0.0,0.0,840.3,831.1,835.5,71.056,71.124,71.14
P3,IB2,P3-IB2-2-1-SI04,SACU-1,19,19,0,100.0,0.0,MBUS-20,On-grid,516.32,103.891,-0.081,1094.4,1094.4,1094.4,1094.4,1095.9,1095.9,1095.9,1095.9,1095.9,1082.4,1082.4,1082.4,1082.4,1082.4,1086.1,1086.1,1086.1,1086.1,1083.2,1083.2,1083.2,1083.2,1083.2,1066.7,1066.7,1066.7,1066.7,1066.7,5.24,5.11,4.92,5.11,5.24,5.16,4.97,0.0,0.0,5.37,4.93,5.13,0.0,0.0,5.17,5.07,4.98,0.0,5.39,4.99,5.06,0.0,0.0,5.1,5.1,5.03,0.0,0.0,840.8,837.2,830.7,71.858,71.716,71.744
P3,IB2,P3-IB2-2-1-SI05,SACU-1,19,19,0,100.0,0.0,MBUS-21,On-grid,512.04,102.613,0.036,1073.5,1073.5,1073.5,1073.5,1090.7,1090.7,1090.7,1090.7,1090.7,1076.4,1076.4,1076.4,1076.4,1076.4,1078.2,1078.2,1078.2,1078.2,1074.0,1074.0,1074.0,1074.0,1074.0,1076.8,1076.8,1076.8,1076.8,1076.8,5.35,4.96,5.05,4.91,5.2,4.94,4.79,0.0,0.0,5.38,5.04,4.96,0.0,0.0,5.39,4.92,4.98,0.0,5.15,5.13,4.95,0.0,0.0,5.09,5.06,4.99,0.0,0.0,840.2,830.2,835.1,71.35,70.799,71.011
P3,IB2,P3-IB2-2-1-SI06,SACU-1,19,19,0,100.0,0.0,MBUS-22,On-grid,513.87,103.373,0.031,1072.6,1072.6,1072.6,1072.6,1081.9,1081.9,1081.9,1081.9,1081.9,1069.7,1069.7,1069.7,1069.7,1069.7,1080.5,1080.5,1080.5,1080.5,1084.9,1084.9,1084.9,1084.9,1084.9,1083.0,1083.0,1083.0,1083.0,1083.0,5.43,4.95,5.02,4.95,5.27,5.01,5.05,0.0,0.0,5.13,5.16,5.02,0.0,0.0,5.25,4.82,5.14,0.0,5.12,5.13,4.99,0.0,0.0,5.43,4.96,5.11,0.0,0.0,838.6,834.7,828.2,71.746,71.494,71.673
P3,IB2,P3-IB2-2-1-SI07,SACU-1,19,19,0,100.0,0.0,MBUS-23,On-grid,511.64,102.671,-0.09,1090.4,1090.4,1090.4,1090.4,1080.9,1080.9,1080.9,1080.9,1080.9,1093.8,1093.8,1093.8,1093.8,1093.8,1092.9,1092.9,1092.9,1092.9,1083.7,1083.7,1083.7,1083.7,1083.7,1074.5,1074.5,1074.5,1074.5,1074.5,5.3,4.96,5.03,4.9,5.27,5.05,5.11,0.0,0.0,5.24,5.06,4.98,0.0,0.0,5.29,4.79,4.96,0.0,5.26,5.01,5.01,0.0,0.0,5.34,4.9,4.98,0.0,0.0,840.7,832.9,834.5,71.549,71.28,71.155
P3,IB2,P3-IB2-2-1-SI08,SACU-1,19,19,0,100.0,0.0,MBUS-24,On-grid,508.35,102.549,0.001,1075.7,1075.7,1075.7,1075.7,1077.5,1077.5,1077.5,1077.5,1077.5,1082.2,1082.2,1082.2,1082.2,1082.2,1083.9,1083.9,1083.9,1083.9,1072.0,1072.0,1072.0,1072.0,1072.0,1075.6,1075.6,1075.6,1075.6,1075.6,5.35,4.94,5.02,5.12,5.1,5.16,4.85,0.0,0.0,5.38,5.01,5.12,0.0,0.0,5.22,5.06,4.9,0.0,5.28,5.05,5.11,0.0,0.0,5.2,5.06,4.94,0.0,0.0,840.0,830.9,834.4,71.257,71.393,71.126
P3,IB2,P3-IB2-2-2-SI09,SACU-1,19,19,0,100.0,0.0,MBUS-25,On-grid,513.91,103.121,-0.041,1083.0,1083.0,1083.0,1083.0,1088.1,1088.1,1088.1,1088.1,1088.1,1092.0,1092.0,1092.0,1092.0,1092.0,1086.2,1086.2,1086.2,1086.2,1086.9,1086.9,1086.9,1086.9,1086.9,1064.8,1064.8,1064.8,1064.8,1064.8,5.34,4.85,5.04,5.05,4.99,5.13,4.92,0.0,0.0,5.2,5.03,5.08,0.0,0.0,5.26,5.03,4.93,0.0,5.35,5.03,4.91,0.0,0.0,5.36,5.07,5.0,0.0,0.0,839.4,829.1,835.5,71.653,71.27,71.515
P3,IB2,P3-IB2-2-2-SI10,SACU-1,19,19,0,100.0,0.0,MBUS-26,On-grid,509.88,102.851,-0.003,1083.5,1083.5,1083.5,1083.5,1094.1,1094.1,1094.1,1094.1,1094.1,1079.7,1079.7,1079.7,1079.7,1079.7,1089.9,1089.9,1089.9,1089.9,1086.6,1086.6,1086.6,1086.6,1086.6,1081.6,1081.6,1081.6,1081.6,1081.6,5.27,4.7,5.07,4.97,5.11,4.92,5.09,0.0,0.0,5.23,5.04,4.94,0.0,0.0,5.31,4.84,4.96,0.0,5.13,5.08,4.96,0.0,0.0,5.25,5.02,5.15,0.0,0.0,840.2,830.5,834.1,71.723,70.814,71.321
P3,IB2,P3-IB2-2-2-SI11,SACU-1,19,19,0,100.0,0.0,MBUS-27,On-grid,507.73,102.231,-0.027,1078.0,1078.0,1078.0,1078.0,1081.4,1081.4,1081.4,1081.4,1081.4,1083.8,1083.8,1083.8,1083.8,1083.8,1062.4,1062.4,1062.4,1062.4,1079.8,1079.8,1079.8,1079.8,1079.8,1080.1,1080.1,1080.1,1080.1,1080.1,5.24,5.07,4.9,5.05,5.04,5.12,4.98,0.0,0.0,5.19,5.16,5.07,0.0,0.0,5.23,5.1,5.07,0.0,5.16,4.94,5.05,0.0,0.0,5.19,5.01,5.01,0.0,0.0,841.5,835.7,832.1,71.005,70.622,70.514
P3,IB2,P3-IB2-2-2-SI12,SACU-1,19,19,0,100.0,0.0,MBUS-28,On-grid,510.89,103.048,0.025,1100.5,1100.5,1100.5,1100.5,1088.9,1088.9,1088.9,1088.9,1088.9,1091.0,1091.0,1091.0,1091.0,1091.0,1060.1,1060.1,1060.1,1060.1,1083.8,1083.8,1083.8,1083.8,1083.8,1090.0,1090.0,1090.0,1090.0,1090.0,5.04,5.03,4.89,5.12,4.9,5.17,5.02,0.0,0.0,5.29,4.89,5.03,0.0,0.0,5.29,5.12,4.96,0.0,5.18,4.98,5.12,0.0,0.0,4.9,5.04,4.97,0.0,0.0,839.5,831.0,835.6,71.914,71.244,71.266
P3,IB2,P3-IB2-2-2-SI13,SACU-1,19,19,0,100.0,0.0,MBUS-29,On-grid,512.57,103.636,0.067,1082.8,1082.8,1082.8,1082.8,1080.1,1080.1,1080.1,1080.1,1080.1,1079.8,1079.8,1079.8,1079.8,1079.8,1093.1,1093.1,1093.1,1093.1,1087.7,1087.7,1087.7,1087.7,1087.7,1084.3,1084.3,1084.3,1084.3,1084.3,5.43,5.03,5.02,4.95,5.16,4.99,5.12,0.0,0.0,5.34,5.1,5.03,0.0,0.0,5.29,4.92,5.09,0.0,5.18,5.19,5.03,0.0,0.0,5.33,4.91,5.19,0.0,0.0,840.4,835.3,832.1,71.929,71.728,71.749
P3,IB2,P3-IB2-2-2-SI14,SACU-1,19,19,0,100.0,0.0,MBUS-30,On-grid,508.96,102.64,0.126,1074.8,1074.8,1074.8,1074.8,1087.4,1087.4,1087.4,1087.4,1087.4,1095.9,1095.9,1095.9,1095.9,1095.9,1081.1,1081.1,1081.1,1081.1,1080.7,1080.7,1080.7,1080.7,1080.7,1074.5,1074.5,1074.5,1074.5,1074.5,5.32,4.94,4.65,5.1,4.99,5.14,5.15,0.0,0.0,5.23,5.01,5.16,0.0,0.0,5.27,5.12,5.08,0.0,5.21,5.18,5.0,0.0,0.0,5.26,4.83,5.18,0.0,0.0,841.1,835.8,831.6,71.165,71.17,71.306
P3,IB2,P3-IB2-2-2-SI15,SACU-1,19,19,0,100.0,0.0,MBUS-31,On-grid,513.59,103.217,0.086,1099.3,1099.3,1099.3,1099.3,1082.0,1082.0,1082.0,1082.0,1082.0,1077.4,1077.4,1077.4,1077.4,1077.4,1089.8,1089.8,1089.8,1089.8,1090.2,1090.2,1090.2,1090.2,1090.2,1066.6,1066.6,1066.6,1066.6,1066.6,5.31,4.93,4.85,5.03,5.09,5.14,4.96,0.0,0.0,5.29,4.84,5.14,0.0,0.0,5.15,5.05,4.91,0.0,5.33,5.01,5.05,0.0,0.0,5.23,5.12,5.01,0.0,0.0,842.0,835.3,835.4,71.402,71.556,71.422
P3,IB2,P3-IB2-2-2-SI16,SACU-1,19,19,0,100.0,0.0,MBUS-32,On-grid,508.47,102.474,-0.019,1089.5,1089.5,1089.5,1089.5,1074.6,1074.6,1074.6,1074.6,1074.6,1077.6,1077.6,1077.6,1077.6,1077.6,1090.5,1090.5,1090.5,1090.5,1064.3,1064.3,1064.3,1064.3,1064.3,1078.6,1078.6,1078.6,1078.6,1078.6,5.3,4.9,5.02,5.03,5.0,5.16,4.94,0.0,0.0,5.36,4.92,4.99,0.0,0.0,5.29,5.06,4.92,0.0,5.16,5.17,5.09,0.0,0.0,5.28,4.86,5.12,0.0,0.0,842.0,834.9,833.5,71.179,70.57,70.931
P3,IB2,P3-IB2-3-1-SI01,SACU-2,19,17,2,89.47,10.53,MBUS-1,On-grid,456.88,91.85,0.044,1078.3,1078.3,1078.3,1078.3,1084.6,1084.6,1084.6,1084.6,1084.6,1084.0,1084.0,1084.0,1084.0,1084.0,1086.9,1086.9,1086.9,1086.9,1091.0,1091.0,1091.0,1091.0,1091.0,1091.6,1091.6,1091.6,1091.6,1091.6,5.32,4.92,0.0,4.93,0.0,4.92,5.02,0.0,0.0,5.06,5.0,4.95,0.0,0.0,5.34,4.88,5.01,0.0,5.13,5.15,5.06,0.0,0.0,5.2,4.81,4.98,0.0,0.0,841.4,834.7,834.3,63.738,63.452,63.334
P3,IB2,P3-IB2-3-1-SI02,SACU-2,19,18,1,94.74,5.26,MBUS-2,On-grid,484.36,97.941,0.014,1080.8,1080.8,1080.8,1080.8,1076.6,1076.6,1076.6,1076.6,1076.6,1089.2,1089.2,1089.2,1089.2,1089.2,1080.3,1080.3,1080.3,1080.3,1074.9,1074.9,1074.9,1074.9,1074.9,1077.1,1077.1,1077.1,1077.1,1077.1,5.36,4.86,0.0,4.97,5.26,5.02,5.15,0.0,0.0,5.2,5.14,5.03,0.0,0.0,5.38,4.94,5.18,0.0,5.24,5.12,4.97,0.0,0.0,5.33,4.92,5.19,0.0,0.0,841.4,838.6,830.3,68.024,67.697,67.518
P3,IB2,P3-IB2-3-1-SI03,SACU-2,19,18,1,94.74,5.26,MBUS-3,On-grid,488.08,98.005,0.005,1095.5,1095.5,1095.5,1095.5,1069.0,1069.0,1069.0,1069.0,1069.0,1087.2,1087.2,1087.2,1087.2,1087.2,1086.7,1086.7,1086.7,1086.7,1096.3,1096.3,1096.3,1096.3,1096.3,1085.7,1085.7,1085.7,1085.7,1085.7,0.0,4.99,4.81,5.07,5.07,5.15,4.95,0.0,0.0,5.34,4.85,5.12,0.0,0.0,5.26,4.99,4.81,0.0,5.34,4.96,5.07,0.0,0.0,5.01,5.19,5.02,0.0,0.0,841.3,832.4,835.0,67.877,67.569,67.946
P3,IB2,P3-IB2-3-1-SI04,SACU-2,19,19,0,100.0,0.0,MBUS-4,On-grid,512.92,103.744,-0.109,1084.6,1084.6,1084.6,1084.6,1095.9,1095.9,1095.9,1095.9,1095.9,1092.5,1092.5,1092.5,1092.5,1092.5,1092.9,1092.9,1092.9,1092.9,1094.1,1094.1,1094.1,1094.1,1094.1,1102.2,1102.2,1102.2,1102.2,1102.2,5.2,4.91,5.16,5.16,5.05,5.16,4.97,0.0,0.0,5.29,4.9,5.08,0.0,0.0,5.24,4.97,4.82,0.0,5.27,5.04,5.11,0.0,0.0,5.12,5.02,4.97,0.0,0.0,839.5,834.8,830.7,72.267,71.694,71.761
P3,IB2,P3-IB2-3-1-SI05,SACU-2,19,11,8,57.89,42.11,MBUS-5,On-grid,299.31,60.014,-0.042,1092.4,1092.4,1092.4,1092.4,387.4,387.4,387.4,387.4,387.4,1091.0,1091.0,1091.0,1091.0,1091.0,1088.3,1088.3,1088.3,1088.3,1089.3,1089.3,1089.3,1089.3,1089.3,1096.8,1096.8,1096.8,1096.8,1096.8,5.15,5.05,0.0,0.0,0.0,0.0,0.0,0.0,0.0,5.28,0.0,0.0,0.0,0.0,0.0,5.02,5.25,0.0,4.85,5.26,5.01,0.0,0.0,5.01,4.98,5.23,0.0,0.0,837.9,833.5,829.0,42.047,41.533,41.567
P3,IB2,P3-IB2-3-1-SI06,SACU-2,19,19,0,100.0,0.0,MBUS-6,On-grid,511.5,103.987,0.062,1088.8,1088.8,1088.8,1088.8,1095.1,1095.1,1095.1,1095.1,1095.1,1085.9,1085.9,1085.9,1085.9,1085.9,1079.8,1079.8,1079.8,1079.8,1089.4,1089.4,1089.4,1089.4,1089.4,1079.2,1079.2,1079.2,1079.2,1079.2,5.34,4.89,5.07,4.99,5.13,5.22,4.98,0.0,0.0,5.33,4.98,5.14,0.0,0.0,5.39,4.98,5.06,0.0,5.29,5.09,4.87,0.0,0.0,5.29,4.99,5.22,0.0,0.0,838.7,829.9,833.7,72.29,72.167,72.197
P3,IB2,P3-IB2-3-1-SI07,SACU-2,19,7,12,36.84,63.16,MBUS-7,On-grid,188.92,38.031,-0.034,1084.3,1084.3,1084.3,1084.3,368.2,368.2,368.2,368.2,368.2,1079.7,1079.7,1079.7,1079.7,1079.7,1082.2,1082.2,1082.2,1082.2,371.5,371.5,371.5,371.5,371.5,1087.0,1087.0,1087.0,1087.0,1087.0,4.95,5.25,5.04,0.0,0.0,0.0,0.0,0.0,0.0,5.14,0.0,0.0,0.0,0.0,0.0,0.0,5.05,0.0,0.0,0.0,0.0,0.0,0.0,0.0,5.26,5.15,0.0,0.0,837.9,833.2,828.4,26.99,26.418,26.454
P3,IB2,P3-IB2-3-1-SI08,SACU-2,19,16,3,84.21,15.79,MBUS-8,On-grid,430.65,86.84,-0.011,1076.4,1076.4,1076.4,1076.4,1086.0,1086.0,1086.0,1086.0,1086.0,1092.2,1092.2,1092.2,1092.2,1092.2,1090.1,1090.1,1090.1,1090.1,1087.2,1087.2,1087.2,1087.2,1087.2,1091.9,1091.9,1091.9,1091.9,1091.9,5.28,5.08,4.9,5.11,4.97,5.14,4.99,0.0,0.0,5.27,4.84,0.0,0.0,0.0,0.0,5.08,4.91,0.0,5.39,4.96,5.1,0.0,0.0,5.26,0.0,4.91,0.0,0.0,838.2,830.1,832.6,60.829,60.203,60.314
P3,IB2,P3-IB2-3-2-SI09,SACU-2,19,10,9,52.63,47.37,MBUS-9,On-grid,269.94,54.294,-0.034,1083.6,1083.6,1083.6,1083.6,371.6,371.6,371.6,371.6,371.6,1092.5,1092.5,1092.5,1092.5,1092.5,1073.9,1073.9,1073.9,1073.9,1098.1,1098.1,1098.1,1098.1,1098.1,371.4,371.4,371.4,371.4,371.4,5.22,0.0,0.0,5.13,0.0,0.0,0.0,0.0,0.0,4.86,5.13,0.0,0.0,0.0,4.94,5.2,5.3,0.0,4.87,5.25,5.09,0.0,0.0,0.0,0.0,0.0,0.0,0.0,838.0,833.1,829.5,38.303,37.736,37.564
P3,IB2,P3-IB2-3-2-SI10,SACU-2,19,13,6,68.42,31.58,MBUS-10,On-grid,350.32,70.779,-0.094,1095.0,1095.0,1095.0,1095.0,1092.9,1092.9,1092.9,1092.9,1092.9,1089.5,1089.5,1089.5,1089.5,1089.5,1073.6,1073.6,1073.6,1073.6,1086.6,1086.6,1086.6,1086.6,1086.6,1079.2,1079.2,1079.2,1079.2,1079.2,5.5,4.88,0.0,0.0,5.48,0.0,0.0,0.0,0.0,5.36,0.0,0.0,0.0,0.0,5.43,4.93,5.1,0.0,5.29,5.08,4.93,0.0,0.0,5.45,4.94,5.19,0.0,0.0,838.1,829.2,832.9,49.583,49.288,49.158
P3,IB2,P3-IB2-3-2-SI11,SACU-2,19,12,7,63.16,36.84,MBUS-11,On-grid,321.56,64.354,-0.058,1079.5,1079.5,1079.5,1079.5,385.7,385.7,385.7,385.7,385.7,1077.0,1077.0,1077.0,1077.0,1077.0,1075.9,1075.9,1075.9,1075.9,1095.3,1095.3,1095.3,1095.3,1095.3,1082.2,1082.2,1082.2,1082.2,1082.2,5.32,0.0,4.94,0.0,0.0,0.0,0.0,0.0,0.0,4.94,5.05,0.0,0.0,0.0,0.0,5.15,5.0,0.0,4.99,4.98,5.12,0.0,0.0,5.07,5.17,5.04,0.0,0.0,837.9,834.4,828.2,45.191,44.779,44.652
P3,IB2,P3-IB2-3-2-SI12,SACU-2,19,14,5,73.68,26.32,MBUS-12,On-grid,378.82,76.373,-0.095,1087.9,1087.9,1087.9,1087.9,1083.2,1083.2,1083.2,1083.2,1083.2,1086.2,1086.2,1086.2,1086.2,1086.2,1088.8,1088.8,1088.8,1088.8,1077.1,1077.1,1077.1,1077.1,1077.1,1083.6,1083.6,1083.6,1083.6,1083.6,5.24,0.0,5.06,5.06,5.06,5.14,4.94,0.0,0.0,5.41,5.01,0.0,0.0,0.0,0.0,5.0,0.0,0.0,5.47,5.06,5.08,0.0,0.0,5.36,4.93,0.0,0.0,0.0,838.1,831.7,830.8,53.563,53.034,52.777
P3,IB2,P3-IB2-3-2-SI13,SACU-2,19,19,0,100.0,0.0,MBUS-13,On-grid,515.57,103.451,-0.062,1087.4,1087.4,1087.4,1087.4,1080.9,1080.9,1080.9,1080.9,1080.9,1092.4,1092.4,1092.4,1092.4,1092.4,1093.7,1093.7,1093.7,1093.7,1072.5,1072.5,1072.5,1072.5,1072.5,1082.9,1082.9,1082.9,1082.9,1082.9,5.28,5.04,4.85,5.1,5.19,5.11,4.94,0.0,0.0,5.28,4.9,5.06,0.0,0.0,5.24,5.01,4.95,0.0,5.3,5.01,5.14,0.0,0.0,5.25,5.05,4.97,0.0,0.0,839.8,835.1,828.4,72.195,71.739,71.356
P3,IB2,P3-IB2-3-2-SI14,SACU-2,19,19,0,100.0,0.0,MBUS-14,On-grid,513.55,104.419,0.055,1095.5,1095.5,1095.5,1095.5,1093.4,1093.4,1093.4,1093.4,1093.4,1079.8,1079.8,1079.8,1079.8,1079.8,1094.1,1094.1,1094.1,1094.1,1077.6,1077.6,1077.6,1077.6,1077.6,1085.9,1085.9,1085.9,1085.9,1085.9,4.89,4.7,5.24,5.31,4.96,5.06,5.47,0.0,0.0,5.13,5.07,5.2,0.0,0.0,5.57,5.43,4.31,0.0,5.14,4.85,5.42,0.0,0.0,5.29,5.41,4.7,0.0,0.0,841.4,833.8,835.3,72.473,72.312,71.807
P3,IB2,P3-IB2-3-2-SI15,SACU-2,19,19,0,100.0,0.0,MBUS-15,On-grid,509.39,102.77,-0.011,1086.9,1086.9,1086.9,1086.9,1068.1,1068.1,1068.1,1068.1,1068.1,1077.3,1077.3,1077.3,1077.3,1077.3,1078.8,1078.8,1078.8,1078.8,1072.4,1072.4,1072.4,1072.4,1072.4,1078.8,1078.8,1078.8,1078.8,1078.8,5.21,5.04,4.88,5.06,5.17,5.19,4.99,0.0,0.0,5.45,4.91,5.15,0.0,0.0,5.23,5.07,4.88,0.0,5.26,5.05,5.13,0.0,0.0,5.18,5.08,5.0,0.0,0.0,840.7,832.3,833.7,71.616,71.306,71.424
P3,IB2,P3-IB2-3-2-SI16,SACU-2,19,19,0,100.0,0.0,MBUS-16,On-grid,515.34,104.286,0.043,1089.2,1089.2,1089.2,1089.2,1087.8,1087.8,1087.8,1087.8,1087.8,1098.9,1098.9,1098.9,1098.9,1098.9,1085.7,1085.7,1085.7,1085.7,1089.5,1089.5,1089.5,1089.5,1089.5,1080.2,1080.2,1080.2,1080.2,1080.2,5.29,4.94,5.04,5.03,5.21,5.09,5.05,0.0,0.0,5.08,5.13,5.04,0.0,0.0,5.39,4.93,5.1,0.0,5.26,5.11,4.88,0.0,0.0,5.35,5.04,5.16,0.0,0.0,838.3,829.0,832.5,72.309,72.471,72.347
P3,IB2,P3-IB2-4-1-SI01,SACU-2,19,19,0,100.0,0.0,MBUS-17,On-grid,509.14,104.04,-0.009,1073.2,1073.2,1073.2,1073.2,1082.7,1082.7,1082.7,1082.7,1082.7,1058.8,1058.8,1058.8,1058.8,1058.8,1082.7,1082.7,1082.7,1082.7,1080.8,1080.8,1080.8,1080.8,1080.8,1086.0,1086.0,1086.0,1086.0,1086.0,5.47,5.04,5.14,5.07,5.39,5.07,5.15,0.0,0.0,5.41,5.21,4.94,0.0,0.0,5.35,4.92,5.14,0.0,5.24,5.11,4.98,0.0,0.0,5.5,5.07,5.13,0.0,0.0,840.9,837.0,830.5,72.142,71.825,71.75
P3,IB2,P3-IB2-4-1-SI02,SACU-2,19,19,0,100.0,0.0,MBUS-18,On-grid,509.51,103.89,-0.01,1074.0,1074.0,1074.0,1074.0,1077.3,1077.3,1077.3,1077.3,1077.3,1083.6,1083.6,1083.6,1083.6,1083.6,1080.7,1080.7,1080.7,1080.7,1081.6,1081.6,1081.6,1081.6,1081.6,1078.7,1078.7,1078.7,1078.7,1078.7,5.31,5.13,4.99,5.17,5.14,5.2,5.15,0.0,0.0,5.41,5.02,5.28,0.0,0.0,5.4,5.07,4.96,0.0,5.35,5.08,5.1,0.0,0.0,5.3,5.15,5.09,0.0,0.0,838.4,832.3,830.7,72.192,72.225,72.261
P3,IB2,P3-IB2-4-1-SI03,SACU-2,19,19,0,100.0,0.0,MBUS-19,On-grid,509.13,103.133,0.074,1085.3,1085.3,1085.3,1085.3,1073.2,1073.2,1073.2,1073.2,1073.2,1073.4,1073.4,1073.4,1073.4,1073.4,1079.0,1079.0,1079.0,1079.0,1080.7,1080.7,1080.7,1080.7,1080.7,1074.2,1074.2,1074.2,1074.2,1074.2,5.45,5.02,5.0,4.95,5.18,5.04,5.13,0.0,0.0,5.2,5.14,5.04,0.0,0.0,5.43,4.91,5.09,0.0,5.22,5.16,4.98,0.0,0.0,5.32,4.91,5.16,0.0,0.0,837.2,830.7,828.8,72.105,71.614,71.311
P3,IB2,P3-IB2-4-1-SI04,SACU-2,19,19,0,100.0,0.0,MBUS-20,On-grid,509.81,103.44,-0.091,1075.6,1075.6,1075.6,1075.6,1081.3,1081.3,1081.3,1081.3,1081.3,1093.4,1093.4,1093.4,1093.4,1093.4,1083.7,1083.7,1083.7,1083.7,1083.4,1083.4,1083.4,1083.4,1083.4,1084.5,1084.5,1084.5,1084.5,1084.5,5.28,5.16,4.93,5.15,5.1,5.18,5.0,0.0,0.0,5.42,4.94,4.94,0.0,0.0,5.41,5.05,5.0,0.0,5.4,5.0,5.14,0.0,0.0,5.19,5.05,5.01,0.0,0.0,836.1,830.5,828.2,72.326,71.536,71.8
P3,IB2,P3-IB2-4-1-SI05,SACU-2,19,19,0,100.0,0.0,MBUS-21,On-grid,510.12,104.403,-0.016,1064.9,1064.9,1064.9,1064.9,1077.2,1077.2,1077.2,1077.2,1077.2,1093.1,1093.1,1093.1,1093.1,1093.1,1078.9,1078.9,1078.9,1078.9,1064.3,1064.3,1064.3,1064.3,1064.3,1077.4,1077.4,1077.4,1077.4,1077.4,5.44,5.1,5.2,5.11,5.22,5.22,5.23,0.0,0.0,5.23,5.13,5.09,0.0,0.0,5.41,4.99,5.18,0.0,5.28,5.28,5.08,0.0,0.0,5.4,4.99,5.22,0.0,0.0,841.2,833.9,833.4,72.47,72.249,72.059
P3,IB2,P3-IB2-4-1-SI06,SACU-2,19,19,0,100.0,0.0,MBUS-22,On-grid,514.51,106.079,0.062,1080.5,1080.5,1080.5,1080.5,1063.9,1063.9,1063.9,1063.9,1063.9,1083.0,1083.0,1083.0,1083.0,1083.0,1085.1,1085.1,1085.1,1085.1,1082.3,1082.3,1082.3,1082.3,1082.3,1090.2,1090.2,1090.2,1090.2,1090.2,5.13,5.31,4.91,5.44,5.48,5.67,4.83,0.0,0.0,5.12,5.03,5.43,0.0,0.0,5.53,4.89,5.28,0.0,5.94,5.53,4.26,0.0,0.0,5.08,5.34,5.31,0.0,0.0,844.2,836.1,837.5,73.669,73.139,73.153
P3,IB2,P3-IB2-4-1-SI07,SACU-2,19,19,0,100.0,0.0,MBUS-23,On-grid,510.01,104.155,-0.152,1069.6,1069.6,1069.6,1069.6,1074.4,1074.4,1074.4,1074.4,1074.4,1078.5,1078.5,1078.5,1078.5,1078.5,1084.0,1084.0,1084.0,1084.0,1082.6,1082.6,1082.6,1082.6,1082.6,1072.2,1072.2,1072.2,1072.2,1072.2,5.25,5.17,5.04,5.22,5.18,5.22,5.03,0.0,0.0,5.52,0.0,5.13,0.0,0.0,5.17,5.09,4.96,4.99,5.7,5.06,5.19,0.0,0.0,5.35,5.08,5.06,0.0,0.0,841.7,836.0,832.7,72.422,72.063,71.708
P3,IB2,P3-IB2-4-1-SI08,SACU-2,19,19,0,100.0,0.0,MBUS-24,On-grid,511.88,105.625,-0.01,1074.4,1074.4,1074.4,1074.4,1080.5,1080.5,1080.5,1080.5,1080.5,1075.1,1075.1,1075.1,1075.1,1075.1,1084.0,1084.0,1084.0,1084.0,1093.2,1093.2,1093.2,1093.2,1093.2,1089.4,1089.4,1089.4,1089.4,1089.4,5.35,5.24,5.13,5.24,5.17,5.23,5.2,0.0,0.0,5.34,5.21,5.13,0.0,0.0,5.47,5.14,4.91,0.0,5.37,5.14,5.14,0.0,0.0,5.4,5.22,5.18,0.0,0.0,842.6,832.5,838.1,72.986,72.994,73.031
P3,IB2,P3-IB2-4-2-SI09,SACU-2,19,19,0,100.0,0.0,MBUS-25,On-grid,507.37,103.88,0.041,1080.9,1080.9,1080.9,1080.9,1077.7,1077.7,1077.7,1077.7,1077.7,1078.6,1078.6,1078.6,1078.6,1078.6,1085.7,1085.7,1085.7,1085.7,1063.7,1063.7,1063.7,1063.7,1063.7,1087.6,1087.6,1087.6,1087.6,1087.6,5.34,5.01,5.1,4.95,5.22,5.07,5.18,0.0,0.0,5.22,5.18,5.08,0.0,0.0,5.34,4.89,5.02,0.0,5.2,5.24,5.07,0.0,0.0,5.27,4.91,5.12,0.0,0.0,841.2,831.8,836.9,72.204,71.996,71.586
P3,IB2,P3-IB2-4-2-SI10,SACU-2,19,19,0,100.0,0.0,MBUS-26,On-grid,514.19,105.857,0.039,1088.8,1088.8,1088.8,1088.8,1084.7,1084.7,1084.7,1084.7,1084.7,1087.1,1087.1,1087.1,1087.1,1087.1,1098.7,1098.7,1098.7,1098.7,1080.9,1080.9,1080.9,1080.9,1080.9,1091.3,1091.3,1091.3,1091.3,1091.3,5.49,4.99,5.2,5.12,5.22,5.32,5.15,0.0,0.0,5.49,5.24,5.12,0.0,0.0,5.44,4.91,5.18,0.0,5.44,4.99,5.19,0.0,0.0,5.27,5.13,5.27,0.0,0.0,842.0,837.4,832.4,73.5,72.996,73.021
P3,IB2,P3-IB2-4-2-SI11,SACU-2,19,19,0,100.0,0.0,MBUS-27,On-grid,509.22,104.092,0.02,1090.5,1090.5,1090.5,1090.5,1081.8,1081.8,1081.8,1081.8,1081.8,1076.3,1076.3,1076.3,1076.3,1076.3,1064.1,1064.1,1064.1,1064.1,1083.5,1083.5,1083.5,1083.5,1083.5,1077.8,1077.8,1077.8,1077.8,1077.8,5.38,5.02,4.96,4.97,5.12,5.2,4.97,0.0,0.0,5.42,5.03,5.22,0.0,0.0,5.42,5.14,5.01,0.0,5.48,5.05,5.15,0.0,0.0,5.27,5.23,5.1,0.0,0.0,838.4,830.6,832.9,72.542,71.954,71.93
P3,IB2,P3-IB2-4-2-SI12,SACU-2,19,19,0,100.0,0.0,MBUS-28,On-grid,514.2,105.632,0.012,1086.9,1086.9,1086.9,1086.9,1074.5,1074.5,1074.5,1074.5,1074.5,1090.3,1090.3,1090.3,1090.3,1090.3,1073.3,1073.3,1073.3,1073.3,1084.8,1084.8,1084.8,1084.8,1084.8,1084.1,1084.1,1084.1,1084.1,1084.1,5.47,5.12,5.07,5.1,5.14,5.13,5.34,0.0,0.0,5.28,5.22,5.2,0.0,0.0,5.28,5.27,5.17,0.0,5.4,5.2,5.01,0.0,0.0,5.13,5.01,5.2,0.0,0.0,841.3,835.5,833.2,73.526,72.641,72.771
P3,IB2,P3-IB2-4-2-SI13,SACU-2,19,19,0,100.0,0.0,MBUS-29,On-grid,514.58,105.199,-0.041,1078.2,1078.2,1078.2,1078.2,1084.5,1084.5,1084.5,1084.5,1084.5,1067.0,1067.0,1067.0,1067.0,1067.0,1091.9,1091.9,1091.9,1091.9,1086.8,1086.8,1086.8,1086.8,1086.8,1087.0,1087.0,1087.0,1087.0,1087.0,5.47,5.12,5.21,5.05,5.03,5.05,5.18,0.0,0.0,5.3,5.27,5.1,0.0,0.0,5.39,4.91,5.11,0.0,5.15,5.34,5.11,0.0,0.0,5.16,5.13,5.06,0.0,0.0,841.0,832.0,836.1,73.332,72.546,72.808
P3,IB2,P3-IB2-4-2-SI14,SACU-2,19,19,0,100.0,0.0,MBUS-30,On-grid,514.66,105.779,-0.002,1084.9,1084.9,1084.9,1084.9,1077.3,1077.3,1077.3,1077.3,1077.3,1090.5,1090.5,1090.5,1090.5,1090.5,1083.9,1083.9,1083.9,1083.9,1085.7,1085.7,1085.7,1085.7,1085.7,1095.9,1095.9,1095.9,1095.9,1095.9,5.47,5.08,5.27,5.11,5.05,5.16,5.29,0.0,0.0,5.22,5.21,5.04,0.0,0.0,5.41,5.07,5.22,0.0,5.19,5.29,5.1,0.0,0.0,5.07,5.13,5.07,0.0,0.0,841.9,836.4,832.4,73.748,72.894,73.091
P3,IB2,P3-IB2-4-2-SI15,SACU-2,19,19,0,100.0,0.0,MBUS-31,On-grid,510.16,103.802,-0.039,1080.8,1080.8,1080.8,1080.8,1071.3,1071.3,1071.3,1071.3,1071.3,1076.6,1076.6,1076.6,1076.6,1076.6,1069.0,1069.0,1069.0,1069.0,1078.4,1078.4,1078.4,1078.4,1078.4,1076.2,1076.2,1076.2,1076.2,1076.2,5.39,4.97,5.21,5.1,5.2,5.08,5.14,0.0,0.0,5.24,5.11,4.98,0.0,0.0,5.48,4.99,5.13,0.0,5.29,5.15,4.91,0.0,0.0,5.46,4.98,5.18,0.0,0.0,839.2,829.1,833.8,72.338,71.894,71.998
P3,IB2,P3-IB2-4-2-SI16,SACU-2,19,19,0,100.0,0.0,MBUS-32,On-grid,509.42,103.508,-0.081,1077.4,1077.4,1077.4,1077.4,1078.0,1078.0,1078.0,1078.0,1078.0,1073.1,1073.1,1073.1,1073.1,1073.1,1070.3,1070.3,1070.3,1070.3,1086.8,1086.8,1086.8,1086.8,1086.8,1087.9,1087.9,1087.9,1087.9,1087.9,5.18,5.13,4.96,5.16,5.09,5.19,5.02,0.0,0.0,5.38,4.98,5.23,0.0,0.0,5.39,5.1,4.99,0.0,5.38,4.99,5.1,0.0,0.0,5.19,5.09,4.96,0.0,0.0,838.9,829.9,833.5,72.119,71.601,71.71
P3,IB3,P3-IB3-1-1-SI01,SACU-1,19,19,0,100.0,0.0,MBUS-1,On-grid,531.69,109.179,-0.037,1128.1,1128.1,1128.1,1128.1,1113.4,1113.4,1113.4,1113.4,1113.4,1124.7,1124.7,1124.7,1124.7,1124.7,1116.4,1116.4,1116.4,1116.4,1110.0,1110.0,1110.0,1110.0,1110.0,1109.5,1109.5,1109.5,1109.5,1109.5,5.43,5.15,5.1,5.06,5.28,5.14,5.23,0.0,0.0,5.32,5.03,5.19,0.0,0.0,5.45,5.17,5.02,0.0,5.28,5.17,5.19,0.0,0.0,5.36,5.15,5.3,0.0,0.0,839.1,830.1,834.8,75.682,75.798,75.631
P3,IB3,P3-IB3-1-1-SI02,SACU-1,19,19,0,100.0,0.0,MBUS-2,On-grid,510.37,104.051,0.025,1085.6,1085.6,1085.6,1085.6,1080.6,1080.6,1080.6,1080.6,1080.6,1077.3,1077.3,1077.3,1077.3,1077.3,1076.4,1076.4,1076.4,1076.4,1083.9,1083.9,1083.9,1083.9,1083.9,1073.8,1073.8,1073.8,1073.8,1073.8,5.29,5.1,4.96,5.16,5.08,5.17,5.0,0.0,0.0,5.36,5.11,5.13,0.0,0.0,5.37,5.13,4.99,0.0,5.37,5.1,5.2,0.0,0.0,5.29,5.1,5.22,0.0,0.0,845.4,840.5,835.3,72.052,71.693,71.703
P3,IB3,P3-IB3-1-1-SI03,SACU-1,19,19,0,100.0,0.0,MBUS-3,On-grid,516.18,103.628,0.012,1080.3,1080.3,1080.3,1080.3,1082.0,1082.0,1082.0,1082.0,1082.0,1083.2,1083.2,1083.2,1083.2,1083.2,1081.0,1081.0,1081.0,1081.0,1088.7,1088.7,1088.7,1088.7,1088.7,1082.6,1082.6,1082.6,1082.6,1082.6,5.12,5.1,4.97,5.13,5.16,5.18,5.0,0.0,0.0,5.43,4.91,5.1,0.0,0.0,5.23,5.08,4.87,0.0,5.43,5.03,5.02,0.0,0.0,5.23,5.09,5.07,0.0,0.0,847.8,838.3,842.6,71.587,70.944,70.968
P3,IB3,P3-IB3-1-1-SI04,SACU-1,19,19,0,100.0,0.0,MBUS-4,On-grid,509.73,104.005,-0.06,1078.7,1078.7,1078.7,1078.7,1092.8,1092.8,1092.8,1092.8,1092.8,1078.4,1078.4,1078.4,1078.4,1078.4,1091.3,1091.3,1091.3,1091.3,1075.3,1075.3,1075.3,1075.3,1075.3,1074.6,1074.6,1074.6,1074.6,1074.6,5.25,4.99,5.13,5.12,5.18,4.96,5.08,0.0,0.0,5.31,4.95,5.23,0.0,0.0,5.12,5.03,4.96,0.0,5.2,5.21,5.01,0.0,0.0,5.27,5.12,5.21,0.0,0.0,846.0,838.0,839.7,71.739,71.555,71.757
P3,IB3,P3-IB3-1-1-SI05,SACU-1,19,19,0,100.0,0.0,MBUS-5,On-grid,515.44,104.022,-0.061,1089.3,1089.3,1089.3,1089.3,1095.1,1095.1,1095.1,1095.1,1095.1,1079.6,1079.6,1079.6,1079.6,1079.6,1080.5,1080.5,1080.5,1080.5,1082.7,1082.7,1082.7,1082.7,1082.7,1082.8,1082.8,1082.8,1082.8,1082.8,5.55,0.0,4.83,5.16,5.1,5.09,5.21,0.0,0.0,5.09,5.16,5.25,4.84,0.0,5.08,5.16,5.1,0.0,5.57,4.67,5.03,0.0,0.0,5.22,4.93,5.34,0.0,0.0,848.3,846.4,835.4,71.647,71.271,71.284
P3,IB3,P3-IB3-1-1-SI06,SACU-1,19,19,0,100.0,0.0,MBUS-6,On-grid,509.29,103.56,-0.026,1078.4,1078.4,1078.4,1078.4,1086.9,1086.9,1086.9,1086.9,1086.9,1078.9,1078.9,1078.9,1078.9,1078.9,1079.8,1079.8,1079.8,1079.8,1081.3,1081.3,1081.3,1081.3,1081.3,1077.2,1077.2,1077.2,1077.2,1077.2,5.34,4.96,5.0,5.19,5.11,4.99,5.12,0.0,0.0,5.22,5.18,5.08,0.0,0.0,5.31,4.85,4.96,0.0,5.29,5.2,4.95,0.0,0.0,5.23,5.08,5.23,0.0,0.0,843.8,840.6,834.2,71.734,71.262,71.232
P3,IB3,P3-IB3-1-1-SI07,SACU-1,19,19,0,100.0,0.0,MBUS-7,On-grid,513.48,103.36,0.031,1081.2,1081.2,1081.2,1081.2,1076.4,1076.4,1076.4,1076.4,1076.4,1078.3,1078.3,1078.3,1078.3,1078.3,1084.3,1084.3,1084.3,1084.3,1077.9,1077.9,1077.9,1077.9,1077.9,1070.3,1070.3,1070.3,1070.3,1070.3,5.38,4.98,4.91,5.11,4.85,5.21,5.02,0.0,0.0,5.32,5.08,5.14,0.0,0.0,5.11,5.04,4.95,0.0,5.29,5.02,5.17,0.0,0.0,4.92,5.14,5.1,0.0,0.0,843.7,840.1,835.5,71.509,70.967,71.213
P3,IB3,P3-IB3-1-1-SI08,SACU-1,19,19,0,100.0,0.0,MBUS-8,On-grid,511.15,103.822,-0.077,1084.6,1084.6,1084.6,1084.6,1067.1,1067.1,1067.1,1067.1,1067.1,1085.7,1085.7,1085.7,1085.7,1085.7,1082.8,1082.8,1082.8,1082.8,1084.2,1084.2,1084.2,1084.2,1084.2,1083.5,1083.5,1083.5,1083.5,1083.5,5.22,5.13,5.09,5.12,5.13,5.26,5.06,0.0,0.0,5.32,4.99,5.14,0.0,0.0,5.43,5.06,4.98,0.0,5.12,5.17,5.14,0.0,0.0,5.37,5.09,5.04,0.0,0.0,844.3,839.0,834.2,72.1,71.561,71.405
P3,IB3,P3-IB3-1-2-SI09,SACU-1,19,19,0,100.0,0.0,MBUS-9,On-grid,510.01,103.112,-0.023,1083.8,1083.8,1083.8,1083.8,1074.2,1074.2,1074.2,1074.2,1074.2,1084.7,1084.7,1084.7,1084.7,1084.7,1070.3,1070.3,1070.3,1070.3,1082.2,1082.2,1082.2,1082.2,1082.2,1090.6,1090.6,1090.6,1090.6,1090.6,5.29,4.88,5.14,5.05,5.27,5.07,5.18,0.0,0.0,5.31,5.02,4.93,0.0,0.0,5.4,4.98,5.06,0.0,5.14,5.2,5.01,0.0,0.0,5.33,4.89,5.14,0.0,0.0,844.7,836.2,839.4,71.477,71.108,71.126
P3,IB3,P3-IB3-1-2-SI10,SACU-1,19,19,0,100.0,0.0,MBUS-10,On-grid,513.53,104.341,0.135,1094.2,1094.2,1094.2,1094.2,1080.3,1080.3,1080.3,1080.3,1080.3,1081.2,1081.2,1081.2,1081.2,1081.2,1072.5,1072.5,1072.5,1072.5,1087.4,1087.4,1087.4,1087.4,1087.4,1078.5,1078.5,1078.5,1078.5,1078.5,5.34,5.05,4.98,5.19,5.21,5.08,5.0,0.0,0.0,5.32,5.08,5.1,0.0,0.0,5.23,5.14,5.17,0.0,5.4,5.18,4.97,0.0,0.0,5.35,4.96,5.2,0.0,0.0,843.1,839.2,831.8,72.603,71.866,72.126
P3,IB3,P3-IB3-1-2-SI11,SACU-1,19,19,0,100.0,0.0,MBUS-11,On-grid,512.56,103.397,0.044,1074.8,1074.8,1074.8,1074.8,1082.1,1082.1,1082.1,1082.1,1082.1,1069.9,1069.9,1069.9,1069.9,1069.9,1067.2,1067.2,1067.2,1067.2,1080.0,1080.0,1080.0,1080.0,1080.0,1072.7,1072.7,1072.7,1072.7,1072.7,5.21,5.1,4.98,5.14,5.09,5.12,4.93,0.0,0.0,5.42,5.03,5.14,0.0,0.0,5.22,5.12,5.02,0.0,5.27,4.94,5.05,0.0,0.0,5.28,5.11,5.17,0.0,0.0,844.8,836.1,838.0,71.886,71.173,71.327
P3,IB3,P3-IB3-1-2-SI12,SACU-1,19,19,0,100.0,0.0,MBUS-12,On-grid,513.3,104.325,0.065,1078.6,1078.6,1078.6,1078.6,1090.7,1090.7,1090.7,1090.7,1090.7,1099.7,1099.7,1099.7,1099.7,1099.7,1072.1,1072.1,1072.1,1072.1,1097.4,1097.4,1097.4,1097.4,1097.4,1083.9,1083.9,1083.9,1083.9,1083.9,5.23,5.18,5.1,5.17,5.08,5.15,4.98,0.0,0.0,5.38,5.0,5.08,0.0,0.0,5.36,5.14,5.07,0.0,5.24,4.96,5.12,0.0,0.0,5.3,5.01,5.08,0.0,0.0,843.1,839.9,831.4,72.35,72.072,71.894
P3,IB3,P3-IB3-1-2-SI13,SACU-1,19,19,0,100.0,0.0,MBUS-13,On-grid,508.94,104.285,-0.01,1069.2,1069.2,1069.2,1069.2,1080.6,1080.6,1080.6,1080.6,1080.6,1087.9,1087.9,1087.9,1087.9,1087.9,1065.1,1065.1,1065.1,1065.1,1076.1,1076.1,1076.1,1076.1,1076.1,1074.6,1074.6,1074.6,1074.6,1074.6,5.41,5.05,5.24,5.05,5.21,5.14,5.26,0.0,0.0,5.3,5.18,5.09,0.0,0.0,5.55,5.1,5.21,0.0,5.27,5.25,5.09,0.0,0.0,5.61,5.2,5.13,0.0,0.0,843.3,835.0,837.6,72.209,71.848,71.932
P3,IB3,P3-IB3-1-2-SI14,SACU-1,19,19,0,100.0,0.0,MBUS-14,On-grid,514.72,105.31,-0.064,1087.1,1087.1,1087.1,1087.1,1089.8,1089.8,1089.8,1089.8,1089.8,1076.3,1076.3,1076.3,1076.3,1076.3,1084.3,1084.3,1084.3,1084.3,1081.5,1081.5,1081.5,1081.5,1081.5,1076.4,1076.4,1076.4,1076.4,1076.4,5.29,5.23,5.11,5.17,5.17,5.06,5.11,0.0,0.0,5.33,5.15,5.21,0.0,0.0,5.47,5.02,5.15,0.0,5.2,5.22,5.01,0.0,0.0,5.41,5.06,5.29,0.0,0.0,842.5,834.4,838.1,72.819,72.566,72.558
P3,IB3,P3-IB3-1-2-SI15,SACU-1,19,19,0,100.0,0.0,MBUS-15,On-grid,510.2,104.586,-0.025,1073.0,1073.0,1073.0,1073.0,1071.1,1071.1,1071.1,1071.1,1071.1,1082.3,1082.3,1082.3,1082.3,1082.3,1075.8,1075.8,1075.8,1075.8,1075.7,1075.7,1075.7,1075.7,1075.7,1077.7,1077.7,1077.7,1077.7,1077.7,5.5,0.0,0.0,0.0,4.86,5.34,5.13,5.22,0.0,5.28,5.02,5.26,0.0,0.0,5.22,5.19,5.1,0.0,5.36,5.16,5.23,5.26,0.0,5.1,5.22,5.16,5.1,0.0,841.9,838.3,832.8,72.721,72.078,72.38
P3,IB3,P3-IB3-1-2-SI16,SACU-1,19,19,0,100.0,0.0,MBUS-16,On-grid,512.97,104.758,-0.023,1070.8,1070.8,1070.8,1070.8,1071.3,1071.3,1071.3,1071.3,1071.3,1093.7,1093.7,1093.7,1093.7,1093.7,1071.0,1071.0,1071.0,1071.0,1077.9,1077.9,1077.9,1077.9,1077.9,1071.8,1071.8,1071.8,1071.8,1071.8,5.23,5.19,5.24,5.16,5.31,5.14,5.13,0.0,0.0,5.32,4.98,5.16,0.0,0.0,5.28,5.15,5.08,0.0,5.35,5.11,5.16,0.0,0.0,5.36,5.17,5.3,0.0,0.0,843.0,839.5,832.4,72.322,72.041,72.43
P3,IB3,P3-IB3-2-1-SI01,SACU-1,19,19,0,100.0,0.0,MBUS-17,On-grid,515.59,106.176,-0.065,1089.1,1089.1,1089.1,1089.1,1076.2,1076.2,1076.2,1076.2,1076.2,1083.4,1083.4,1083.4,1083.4,1083.4,1091.2,1091.2,1091.2,1091.2,1087.5,1087.5,1087.5,1087.5,1087.5,1083.6,1083.6,1083.6,1083.6,1083.6,5.42,5.12,5.14,4.96,5.09,5.3,5.11,0.0,0.0,5.34,5.13,5.13,0.0,0.0,5.32,5.15,5.05,0.0,5.37,5.2,5.19,0.0,0.0,5.31,5.25,5.33,0.0,0.0,842.0,832.0,837.1,73.741,73.423,73.651
P3,IB3,P3-IB3-2-1-SI02,SACU-1,19,19,0,100.0,0.0,MBUS-18,On-grid,528.4,108.922,0.078,1106.2,1106.2,1106.2,1106.2,1119.3,1119.3,1119.3,1119.3,1119.3,1103.8,1103.8,1103.8,1103.8,1103.8,1102.7,1102.7,1102.7,1102.7,1115.3,1115.3,1115.3,1115.3,1115.3,1118.8,1118.8,1118.8,1118.8,1118.8,5.15,5.25,5.27,5.29,5.03,5.27,5.12,0.0,0.0,5.56,4.92,5.42,0.0,0.0,5.29,5.26,5.23,0.0,5.37,5.21,5.18,0.0,0.0,5.36,5.26,5.29,0.0,0.0,840.9,835.3,832.6,75.659,75.529,75.44
P3,IB3,P3-IB3-2-1-SI03,SACU-1,19,19,0,100.0,0.0,MBUS-19,On-grid,512.35,103.423,-0.041,1072.9,1072.9,1072.9,1072.9,1083.1,1083.1,1083.1,1083.1,1083.1,1085.7,1085.7,1085.7,1085.7,1085.7,1076.4,1076.4,1076.4,1076.4,1075.7,1075.7,1075.7,1075.7,1075.7,1082.3,1082.3,1082.3,1082.3,1082.3,5.36,5.03,5.23,5.11,5.19,5.01,5.12,0.0,0.0,5.21,5.13,5.04,0.0,0.0,5.46,4.94,5.14,0.0,4.97,5.19,4.99,0.0,0.0,5.38,4.88,5.19,0.0,0.0,846.2,842.3,836.2,71.216,70.953,71.025
P3,IB3,P3-IB3-2-1-SI04,SACU-1,19,19,0,100.0,0.0,MBUS-20,On-grid,525.02,107.652,0.015,1101.3,1101.3,1101.3,1101.3,1101.8,1101.8,1101.8,1101.8,1101.8,1078.0,1078.0,1078.0,1078.0,1078.0,1075.3,1075.3,1075.3,1075.3,1085.3,1085.3,1085.3,1085.3,1085.3,1075.5,1075.5,1075.5,1075.5,1075.5,5.21,5.46,5.41,4.81,6.24,4.55,4.81,0.0,0.0,5.56,4.83,5.42,0.0,0.0,5.73,5.12,4.99,0.0,5.65,5.52,4.7,0.0,0.0,4.81,5.55,5.59,0.0,0.0,840.1,833.6,832.5,74.919,74.381,74.628
P3,IB3,P3-IB3-2-1-SI05,SACU-1,19,19,0,100.0,0.0,MBUS-21,On-grid,521.97,107.581,0.024,1104.6,1104.6,1104.6,1104.6,1107.7,1107.7,1107.7,1107.7,1107.7,1107.6,1107.6,1107.6,1107.6,1107.6,1081.2,1081.2,1081.2,1081.2,1083.8,1083.8,1083.8,1083.8,1083.8,1089.3,1089.3,1089.3,1089.3,1089.3,5.3,5.25,5.13,5.27,5.24,5.37,5.14,0.0,0.0,5.38,5.3,5.18,0.0,0.0,5.43,5.23,5.09,0.0,5.5,5.21,5.28,0.0,0.0,5.39,5.18,5.24,0.0,0.0,838.2,833.3,827.5,74.977,74.537,75.07
P3,IB3,P3-IB3-2-1-SI06,SACU-1,19,19,0,100.0,0.0,MBUS-22,On-grid,515.45,106.32,-0.096,1079.7,1079.7,1079.7,1079.7,1077.0,1077.0,1077.0,1077.0,1077.0,1083.0,1083.0,1083.0,1083.0,1083.0,1075.9,1075.9,1075.9,1075.9,1069.9,1069.9,1069.9,1069.9,1069.9,1075.3,1075.3,1075.3,1075.3,1075.3,5.35,5.29,5.12,5.26,5.16,5.29,5.18,0.0,0.0,5.4,5.29,5.21,0.0,0.0,5.49,5.13,5.32,0.0,5.28,5.18,5.27,0.0,0.0,5.36,5.22,5.31,0.0,0.0,837.1,832.8,827.7,74.188,73.634,73.651
P3,IB3,P3-IB3-2-1-SI07,SACU-1,19,19,0,100.0,0.0,MBUS-23,On-grid,515.49,105.893,0.013,1082.0,1082.0,1082.0,1082.0,1085.1,1085.1,1085.1,1085.1,1085.1,1091.8,1091.8,1091.8,1091.8,1091.8,1078.5,1078.5,1078.5,1078.5,1076.9,1076.9,1076.9,1076.9,1076.9,1076.7,1076.7,1076.7,1076.7,1076.7,5.4,5.1,5.23,5.11,5.18,5.2,5.06,0.0,0.0,5.54,5.1,5.21,0.0,0.0,5.35,5.23,5.07,0.0,5.46,5.16,5.23,0.0,0.0,5.25,5.2,5.19,0.0,0.0,838.2,829.5,832.3,74.001,73.392,73.657
P3,IB3,P3-IB3-2-1-SI08,SACU-1,19,19,0,100.0,0.0,MBUS-24,On-grid,511.22,105.232,0.017,1079.1,1079.1,1079.1,1079.1,1085.0,1085.0,1085.0,1085.0,1085.0,1082.7,1082.7,1082.7,1082.7,1082.7,1079.2,1079.2,1079.2,1079.2,1080.2,1080.2,1080.2,1080.2,1080.2,1071.0,1071.0,1071.0,1071.0,1071.0,5.45,5.13,5.18,5.07,5.2,5.14,5.24,0.0,0.0,5.29,5.28,5.15,0.0,0.0,5.53,5.03,5.26,0.0,5.55,5.31,5.1,0.0,0.0,5.35,5.13,5.29,0.0,0.0,838.0,834.7,828.5,73.85,73.063,73.096
P3,IB3,P3-IB3-2-2-SI09,SACU-1,19,19,0,100.0,0.0,MBUS-25,On-grid,514.44,105.735,0.067,1075.1,1075.1,1075.1,1075.1,1076.5,1076.5,1076.5,1076.5,1076.5,1077.4,1077.4,1077.4,1077.4,1077.4,1082.2,1082.2,1082.2,1082.2,1078.0,1078.0,1078.0,1078.0,1078.0,1072.3,1072.3,1072.3,1072.3,1072.3,5.52,5.12,5.18,5.07,5.29,5.28,5.12,0.0,0.0,5.55,5.22,5.21,0.0,0.0,5.52,4.99,5.26,0.0,5.3,5.22,5.24,0.0,0.0,5.49,5.23,5.19,0.0,0.0,839.3,833.6,829.2,73.645,73.056,73.797
P3,IB3,P3-IB3-2-2-SI10,SACU-1,19,19,0,100.0,0.0,MBUS-26,On-grid,518.62,106.522,-0.088,1077.2,1077.2,1077.2,1077.2,1091.1,1091.1,1091.1,1091.1,1091.1,1091.8,1091.8,1091.8,1091.8,1091.8,1094.9,1094.9,1094.9,1094.9,1074.0,1074.0,1074.0,1074.0,1074.0,1094.6,1094.6,1094.6,1094.6,1094.6,5.52,5.07,5.33,5.09,5.38,5.15,5.24,0.0,0.0,5.33,5.21,5.14,0.0,0.0,5.49,5.08,5.23,0.0,5.28,5.34,5.15,0.0,0.0,5.45,5.1,5.12,0.0,0.0,838.6,834.0,830.4,74.269,73.543,73.973
P3,IB3,P3-IB3-2-2-SI11,SACU-1,19,19,0,100.0,0.0,MBUS-27,On-grid,514.46,106.141,0.069,1068.4,1068.4,1068.4,1068.4,1089.3,1089.3,1089.3,1089.3,1089.3,1081.2,1081.2,1081.2,1081.2,1081.2,1076.7,1076.7,1076.7,1076.7,1071.1,1071.1,1071.1,1071.1,1071.1,1072.3,1072.3,1072.3,1072.3,1072.3,5.12,5.21,5.61,5.24,5.36,5.16,5.28,0.0,0.0,5.27,5.25,5.24,0.0,0.0,5.58,5.12,5.23,0.0,5.34,5.34,5.14,0.0,0.0,5.4,5.25,5.18,0.0,0.0,839.4,830.6,834.4,73.925,73.394,73.513
P3,IB3,P3-IB3-2-2-SI12,SACU-1,19,19,0,100.0,0.0,MBUS-28,On-grid,525.0,107.141,-0.095,1085.0,1085.0,1085.0,1085.0,1077.6,1077.6,1077.6,1077.6,1077.6,1086.5,1086.5,1086.5,1086.5,1086.5,1074.4,1074.4,1074.4,1074.4,1090.1,1090.1,1090.1,1090.1,1090.1,1074.4,1074.4,1074.4,1074.4,1074.4,5.45,5.3,5.2,5.31,5.28,5.25,5.12,0.0,0.0,5.46,5.07,5.28,0.0,0.0,5.32,5.31,5.21,0.0,5.52,5.15,5.26,0.0,0.0,5.39,5.26,5.4,0.0,0.0,838.7,836.8,828.4,74.402,73.757,74.128
P3,IB3,P3-IB3-2-2-SI13,SACU-1,19,19,0,100.0,0.0,MBUS-29,On-grid,519.42,106.424,-0.009,1075.8,1075.8,1075.8,1075.8,1070.9,1070.9,1070.9,1070.9,1070.9,1086.1,1086.1,1086.1,1086.1,1086.1,1067.9,1067.9,1067.9,1067.9,1084.4,1084.4,1084.4,1084.4,1084.4,1091.9,1091.9,1091.9,1091.9,1091.9,5.47,5.1,5.11,5.28,5.38,5.13,5.34,0.0,0.0,5.46,5.29,5.23,0.0,0.0,5.49,5.3,4.89,0.0,5.41,5.31,5.13,0.0,0.0,5.28,5.3,5.19,0.0,0.0,840.0,831.5,834.2,74.294,73.502,73.556
P3,IB3,P3-IB3-2-2-SI14,SACU-1,19,19,0,100.0,0.0,MBUS-30,On-grid,517.31,106.465,-0.012,1085.6,1085.6,1085.6,1085.6,1093.4,1093.4,1093.4,1093.4,1093.4,1076.7,1076.7,1076.7,1076.7,1076.7,1089.9,1089.9,1089.9,1089.9,1083.7,1083.7,1083.7,1083.7,1083.7,1078.1,1078.1,1078.1,1078.1,1078.1,5.47,5.22,5.09,5.26,5.28,5.18,5.12,0.0,0.0,5.5,5.19,5.29,0.0,0.0,5.45,5.09,5.23,0.0,5.3,5.14,5.28,0.0,0.0,5.37,5.16,5.4,0.0,0.0,839.5,835.2,830.1,74.302,73.669,73.59
P3,IB3,P3-IB3-2-2-SI15,SACU-1,19,19,0,100.0,0.0,MBUS-31,On-grid,520.53,106.879,0.028,1094.2,1094.2,1094.2,1094.2,1077.9,1077.9,1077.9,1077.9,1077.9,1085.9,1085.9,1085.9,1085.9,1085.9,1090.1,1090.1,1090.1,1090.1,1078.4,1078.4,1078.4,1078.4,1078.4,1068.8,1068.8,1068.8,1068.8,1068.8,5.38,5.13,5.17,5.17,4.91,5.35,5.14,0.0,0.0,5.41,5.23,5.25,0.0,0.0,5.18,5.26,5.25,0.0,5.26,5.28,5.27,0.0,0.0,4.83,5.36,5.24,0.0,0.0,842.2,833.2,836.8,74.156,73.781,73.765
P3,IB3,P3-IB3-2-2-SI16,SACU-1,19,19,0,100.0,0.0,MBUS-32,On-grid,523.69,107.614,-0.016,1099.0,1099.0,1099.0,1099.0,1059.5,1059.5,1059.5,1059.5,1059.5,1088.5,1088.5,1088.5,1088.5,1088.5,1085.0,1085.0,1085.0,1085.0,1074.6,1074.6,1074.6,1074.6,1074.6,1082.5,1082.5,1082.5,1082.5,1082.5,5.44,5.15,5.29,5.14,5.24,5.26,5.36,0.0,0.0,5.22,5.37,5.28,0.0,0.0,5.49,5.15,5.29,0.0,5.38,5.34,5.37,0.0,0.0,5.14,5.19,5.43,0.0,0.0,842.9,837.4,833.7,74.679,74.085,73.75
P3,IB3,P3-IB3-3-1-SI01,SACU-2,19,19,0,100.0,0.0,MBUS-1,On-grid,517.71,103.409,0.125,1076.8,1076.8,1076.8,1076.8,1087.3,1087.3,1087.3,1087.3,1087.3,1091.9,1091.9,1091.9,1091.9,1091.9,1075.2,1075.2,1075.2,1075.2,1078.9,1078.9,1078.9,1078.9,1078.9,1068.8,1068.8,1068.8,1068.8,1068.8,5.35,4.94,5.03,5.2,5.02,5.15,4.99,0.0,0.0,5.35,4.93,5.14,0.0,0.0,5.27,5.11,4.97,0.0,5.34,5.04,5.05,0.0,0.0,5.21,5.02,4.96,0.0,0.0,843.4,839.8,833.1,71.837,71.439,71.301
P3,IB3,P3-IB3-3-1-SI02,SACU-2,19,19,0,100.0,0.0,MBUS-2,On-grid,519.21,103.113,-0.095,1085.2,1085.2,1085.2,1085.2,1069.1,1069.1,1069.1,1069.1,1069.1,1085.6,1085.6,1085.6,1085.6,1085.6,1076.5,1076.5,1076.5,1076.5,1091.2,1091.2,1091.2,1091.2,1091.2,1089.2,1089.2,1089.2,1089.2,1089.2,5.28,4.9,5.01,4.88,5.29,4.99,5.1,0.0,0.0,5.16,5.05,4.96,0.0,0.0,5.27,4.92,5.09,0.0,5.11,5.16,5.0,0.0,0.0,5.42,4.93,5.11,0.0,0.0,844.0,839.9,835.1,71.054,70.967,71.233
P3,IB3,P3-IB3-3-1-SI03,SACU-2,19,17,2,89.47,10.53,MBUS-3,On-grid,461.33,92.273,0.024,1083.6,1083.6,1083.6,1083.6,1074.7,1074.7,1074.7,1074.7,1074.7,1065.3,1065.3,1065.3,1065.3,1065.3,1076.0,1076.0,1076.0,1076.0,1097.7,1097.7,1097.7,1097.7,1097.7,1078.5,1078.5,1078.5,1078.5,1078.5,5.46,4.9,5.09,5.14,5.37,0.0,4.91,0.0,0.0,0.0,4.97,5.21,0.0,0.0,5.29,4.99,5.11,0.0,5.1,5.16,4.97,0.0,0.0,5.15,5.09,4.99,0.0,0.0,843.5,832.6,837.7,64.413,63.662,63.732
P3,IB3,P3-IB3-3-1-SI04,SACU-2,19,18,1,94.74,5.26,MBUS-4,On-grid,489.88,98.749,-0.111,1069.7,1069.7,1069.7,1069.7,1074.8,1074.8,1074.8,1074.8,1074.8,1079.4,1079.4,1079.4,1079.4,1079.4,1082.6,1082.6,1082.6,1082.6,1082.5,1082.5,1082.5,1082.5,1082.5,1070.1,1070.1,1070.1,1070.1,1070.1,5.25,5.17,5.03,5.21,5.19,5.13,5.19,0.0,0.0,5.17,5.24,5.15,0.0,0.0,5.41,4.99,5.14,0.0,5.28,5.09,5.1,0.0,0.0,5.29,5.0,0.0,0.0,0.0,840.8,836.1,832.9,68.615,68.063,68.212
P3,IB3,P3-IB3-3-1-SI05,SACU-2,19,18,1,94.74,5.26,MBUS-5,On-grid,491.44,97.519,-0.102,1088.0,1088.0,1088.0,1088.0,1082.8,1082.8,1082.8,1082.8,1082.8,1074.0,1074.0,1074.0,1074.0,1074.0,1084.8,1084.8,1084.8,1084.8,1092.7,1092.7,1092.7,1092.7,1092.7,1079.6,1079.6,1079.6,1079.6,1079.6,0.0,5.17,4.98,5.04,4.93,5.16,4.98,0.0,0.0,5.37,5.01,5.13,0.0,0.0,5.17,5.12,4.98,0.0,5.31,4.95,4.98,0.0,0.0,5.2,5.01,4.94,0.0,0.0,844.9,840.8,836.4,67.378,66.756,67.012
P3,IB3,P3-IB3-3-1-SI06,SACU-2,19,19,0,100.0,0.0,MBUS-6,On-grid,519.44,103.319,-0.049,1075.3,1075.3,1075.3,1075.3,1067.3,1067.3,1067.3,1067.3,1067.3,1085.3,1085.3,1085.3,1085.3,1085.3,1075.7,1075.7,1075.7,1075.7,1079.3,1079.3,1079.3,1079.3,1079.3,1085.9,1085.9,1085.9,1085.9,1085.9,5.18,5.02,5.05,5.17,5.01,5.1,5.01,0.0,0.0,5.25,5.09,5.18,0.0,0.0,5.14,5.08,4.98,0.0,5.23,5.04,5.16,0.0,0.0,5.0,5.06,5.01,0.0,0.0,843.2,839.4,836.5,71.377,70.952,71.04
P3,IB3,P3-IB3-3-1-SI07,SACU-2,19,18,1,94.74,5.26,MBUS-7,On-grid,491.05,98.151,0.003,1088.7,1088.7,1088.7,1088.7,1087.5,1087.5,1087.5,1087.5,1087.5,1077.6,1077.6,1077.6,1077.6,1077.6,1077.4,1077.4,1077.4,1077.4,1066.7,1066.7,1066.7,1066.7,1066.7,1070.2,1070.2,1070.2,1070.2,1070.2,4.91,5.02,5.26,5.1,5.05,5.13,5.09,0.0,0.0,5.36,4.98,0.0,0.0,0.0,5.29,4.98,5.17,0.0,5.35,5.11,5.08,0.0,0.0,5.36,5.1,5.19,0.0,0.0,844.2,839.0,835.3,67.822,67.63,67.674
P3,IB3,P3-IB3-3-1-SI08,SACU-2,19,17,2,89.47,10.53,MBUS-8,On-grid,461.87,92.747,-0.029,1074.8,1074.8,1074.8,1074.8,1073.6,1073.6,1073.6,1073.6,1073.6,1080.6,1080.6,1080.6,1080.6,1080.6,1073.5,1073.5,1073.5,1073.5,1078.2,1078.2,1078.2,1078.2,1078.2,1092.9,1092.9,1092.9,1092.9,1092.9,5.45,5.01,0.0,5.18,5.3,0.0,4.97,0.0,0.0,5.19,5.06,5.19,0.0,0.0,5.24,5.1,4.87,0.0,5.22,5.19,5.2,0.0,0.0,5.17,5.21,5.06,0.0,0.0,842.3,833.7,836.9,64.412,63.93,64.371
P3,IB3,P3-IB3-3-2-SI09,SACU-2,19,19,0,100.0,0.0,MBUS-9,On-grid,521.09,105.316,-0.065,1081.7,1081.7,1081.7,1081.7,1074.5,1074.5,1074.5,1074.5,1074.5,1090.6,1090.6,1090.6,1090.6,1090.6,1082.6,1082.6,1082.6,1082.6,1085.7,1085.7,1085.7,1085.7,1085.7,1074.5,1074.5,1074.5,1074.5,1074.5,5.29,5.19,5.08,5.2,5.09,5.28,5.1,0.0,0.0,5.46,5.02,5.22,0.0,0.0,5.37,5.11,5.05,0.0,5.39,5.12,5.1,0.0,0.0,5.19,5.24,5.27,0.0,0.0,840.9,832.2,834.9,73.136,72.809,72.705
P3,IB3,P3-IB3-3-2-SI10,SACU-2,19,18,1,94.74,5.26,MBUS-10,On-grid,488.58,99.371,0.066,1078.6,1078.6,1078.6,1078.6,1067.1,1067.1,1067.1,1067.1,1067.1,1074.5,1074.5,1074.5,1074.5,1074.5,1077.5,1077.5,1077.5,1077.5,1071.5,1071.5,1071.5,1071.5,1071.5,1091.6,1091.6,1091.6,1091.6,1091.6,5.49,5.06,5.13,5.05,5.33,5.21,5.28,0.0,0.0,5.52,0.0,5.11,0.0,0.0,5.5,5.06,5.14,0.0,5.38,5.24,5.08,0.0,0.0,5.48,5.02,5.16,0.0,0.0,838.0,829.5,833.1,69.473,68.891,68.753
P3,IB3,P3-IB3-3-2-SI11,SACU-2,19,19,0,100.0,0.0,MBUS-11,On-grid,518.47,104.795,0.013,1077.8,1077.8,1077.8,1077.8,1072.4,1072.4,1072.4,1072.4,1072.4,1081.7,1081.7,1081.7,1081.7,1081.7,1088.6,1088.6,1088.6,1088.6,1082.5,1082.5,1082.5,1082.5,1082.5,1084.7,1084.7,1084.7,1084.7,1084.7,5.25,5.07,5.17,5.2,5.25,5.24,5.06,0.0,0.0,5.39,5.02,5.23,0.0,0.0,5.25,5.2,5.02,0.0,5.3,5.01,5.1,0.0,0.0,5.26,5.17,5.05,0.0,0.0,836.8,830.9,831.4,72.853,72.57,72.454
P3,IB3,P3-IB3-3-2-SI12,SACU-2,19,19,0,100.0,0.0,MBUS-12,On-grid,517.25,105.096,0.011,1090.7,1090.7,1090.7,1090.7,1082.6,1082.6,1082.6,1082.6,1082.6,1080.2,1080.2,1080.2,1080.2,1080.2,1069.6,1069.6,1069.6,1069.6,1087.3,1087.3,1087.3,1087.3,1087.3,1079.9,1079.9,1079.9,1079.9,1079.9,5.34,5.01,5.25,5.14,5.15,5.06,5.21,0.0,0.0,5.23,5.2,5.06,0.0,0.0,5.46,5.09,5.2,0.0,5.28,5.19,5.1,0.0,0.0,5.31,5.14,5.26,0.0,0.0,840.5,831.2,835.0,73.352,72.403,72.916
P3,IB3,P3-IB3-3-2-SI13,SACU-2,19,19,0,100.0,0.0,MBUS-13,On-grid,524.16,105.876,0.005,1085.9,1085.9,1085.9,1085.9,1085.2,1085.2,1085.2,1085.2,1085.2,1076.6,1076.6,1076.6,1076.6,1076.6,1084.6,1084.6,1084.6,1084.6,1086.2,1086.2,1086.2,1086.2,1086.2,1067.2,1067.2,1067.2,1067.2,1067.2,5.29,5.23,5.09,5.26,5.25,5.22,5.05,0.0,0.0,5.3,5.16,5.28,0.0,0.0,5.24,5.21,5.03,0.0,5.46,5.18,5.16,0.0,0.0,5.25,5.23,5.16,0.0,0.0,840.7,832.5,834.8,73.589,72.881,73.134
P3,IB3,P3-IB3-3-2-SI14,SACU-2,19,18,1,94.74,5.26,MBUS-14,On-grid,490.83,99.61,-0.028,1088.1,1088.1,1088.1,1088.1,1075.4,1075.4,1075.4,1075.4,1075.4,1076.6,1076.6,1076.6,1076.6,1076.6,1060.2,1060.2,1060.2,1060.2,1093.1,1093.1,1093.1,1093.1,1093.1,1088.9,1088.9,1088.9,1088.9,1088.9,5.35,5.25,5.12,5.17,5.18,5.31,5.13,0.0,0.0,5.39,5.09,0.0,0.0,0.0,5.04,5.27,5.13,0.0,5.3,5.13,5.06,0.0,0.0,5.2,5.23,5.15,0.0,0.0,840.8,832.4,834.7,69.555,68.728,68.942
P3,IB3,P3-IB3-3-2-SI15,SACU-2,19,19,0,100.0,0.0,MBUS-15,On-grid,519.06,106.075,-0.032,1076.5,1076.5,1076.5,1076.5,1076.6,1076.6,1076.6,1076.6,1076.6,1075.8,1075.8,1075.8,1075.8,1075.8,1077.1,1077.1,1077.1,1077.1,1070.2,1070.2,1070.2,1070.2,1070.2,1075.3,1075.3,1075.3,1075.3,1075.3,5.52,5.18,5.11,5.21,5.37,5.12,5.23,0.0,0.0,5.42,5.28,5.3,0.0,0.0,5.44,5.08,5.24,0.0,5.73,5.24,5.27,0.0,0.0,5.37,5.21,5.12,0.0,0.0,842.7,838.5,833.1,73.497,72.994,73.012
P3,IB3,P3-IB3-3-2-SI16,SACU-2,19,19,0,100.0,0.0,MBUS-16,On-grid,522.11,106.538,-0.092,1089.8,1089.8,1089.8,1089.8,1064.4,1064.4,1064.4,1064.4,1064.4,1079.9,1079.9,1079.9,1079.9,1079.9,1087.1,1087.1,1087.1,1087.1,1077.9,1077.9,1077.9,1077.9,1077.9,1079.7,1079.7,1079.7,1079.7,1079.7,5.37,5.25,5.06,5.25,5.24,5.3,5.3,0.0,0.0,5.29,5.24,5.23,0.0,0.0,5.44,5.23,5.1,0.0,5.3,5.32,5.29,0.0,0.0,5.2,5.28,5.25,0.0,0.0,842.3,834.3,837.8,73.969,73.343,73.414
P3,IB3,P3-IB3-4-1-SI01,SACU-2,19,19,0,100.0,0.0,MBUS-17,On-grid,516.17,103.978,0.011,1078.5,1078.5,1078.5,1078.5,1085.8,1085.8,1085.8,1085.8,1085.8,1081.6,1081.6,1081.6,1081.6,1081.6,1072.9,1072.9,1072.9,1072.9,1072.5,1072.5,1072.5,1072.5,1072.5,1074.6,1074.6,1074.6,1074.6,1074.6,5.45,5.03,5.14,5.03,5.37,5.11,5.15,0.0,0.0,5.29,5.11,5.12,0.0,0.0,5.49,5.1,4.69,0.0,5.29,5.08,5.13,0.0,0.0,5.28,5.07,5.28,0.0,0.0,839.8,831.0,834.0,72.391,71.823,71.917
P3,IB3,P3-IB3-4-1-SI02,SACU-2,19,19,0,100.0,0.0,MBUS-18,On-grid,519.55,105.32,0.0,1077.1,1077.1,1077.1,1077.1,1085.2,1085.2,1085.2,1085.2,1085.2,1078.4,1078.4,1078.4,1078.4,1078.4,1072.0,1072.0,1072.0,1072.0,1078.1,1078.1,1078.1,1078.1,1078.1,1078.7,1078.7,1078.7,1078.7,1078.7,5.31,5.15,5.1,5.15,5.26,5.17,5.13,0.0,0.0,5.35,5.2,5.12,0.0,0.0,5.42,5.01,5.13,0.0,5.24,5.17,5.02,0.0,0.0,5.2,5.17,5.24,0.0,0.0,838.8,832.0,832.7,73.291,72.961,73.057
P3,IB3,P3-IB3-4-1-SI03,SACU-2,19,19,0,100.0,0.0,MBUS-19,On-grid,518.72,104.252,-0.035,1070.8,1070.8,1070.8,1070.8,1082.6,1082.6,1082.6,1082.6,1082.6,1083.7,1083.7,1083.7,1083.7,1083.7,1081.2,1081.2,1081.2,1081.2,1079.6,1079.6,1079.6,1079.6,1079.6,1089.7,1089.7,1089.7,1089.7,1089.7,5.32,5.11,5.14,5.07,5.25,5.15,5.04,0.0,0.0,5.27,5.17,5.28,0.0,0.0,5.45,5.02,5.11,0.0,5.19,5.21,5.08,0.0,0.0,5.41,5.01,5.0,0.0,0.0,840.7,837.0,831.1,72.43,71.665,72.297
P3,IB3,P3-IB3-4-1-SI04,SACU-2,19,18,1,94.74,5.26,MBUS-20,On-grid,489.33,98.511,-0.036,1080.3,1080.3,1080.3,1080.3,1078.8,1078.8,1078.8,1078.8,1078.8,1072.4,1072.4,1072.4,1072.4,1072.4,1078.7,1078.7,1078.7,1078.7,1092.0,1092.0,1092.0,1092.0,1092.0,1080.4,1080.4,1080.4,1080.4,1080.4,0.0,5.1,5.03,5.24,5.2,5.07,5.02,0.0,0.0,5.42,5.15,5.02,0.0,0.0,5.37,5.13,5.04,0.0,5.35,4.98,5.11,0.0,0.0,5.33,5.09,5.02,0.0,0.0,839.1,834.2,830.5,69.037,68.19,68.278
P3,IB3,P3-IB3-4-1-SI05,SACU-2,19,18,1,94.74,5.26,MBUS-21,On-grid,488.67,97.727,-0.018,1068.3,1068.3,1068.3,1068.3,1078.8,1078.8,1078.8,1078.8,1078.8,1077.5,1077.5,1077.5,1077.5,1077.5,1075.3,1075.3,1075.3,1075.3,1087.5,1087.5,1087.5,1087.5,1087.5,1068.2,1068.2,1068.2,1068.2,1068.2,0.0,5.15,5.05,5.21,5.05,5.03,5.0,0.0,0.0,5.37,5.12,5.17,0.0,0.0,5.23,5.12,5.05,0.0,5.37,5.06,5.08,0.0,0.0,5.23,5.13,5.05,0.0,0.0,840.8,835.1,831.2,67.973,67.661,67.57
P3,IB3,P3-IB3-4-1-SI06,SACU-2,19,17,2,89.47,10.53,MBUS-22,On-grid,462.75,93.361,0.026,1076.3,1076.3,1076.3,1076.3,1086.0,1086.0,1086.0,1086.0,1086.0,1092.8,1092.8,1092.8,1092.8,1092.8,1084.0,1084.0,1084.0,1084.0,1081.2,1081.2,1081.2,1081.2,1081.2,1081.1,1081.1,1081.1,1081.1,1081.1,5.33,5.07,5.21,5.14,4.95,5.23,5.24,0.0,0.0,5.08,4.96,4.69,0.0,0.0,5.34,5.05,5.09,0.0,5.2,5.16,5.03,0.0,0.0,0.0,0.0,5.1,0.0,0.0,839.8,830.9,835.1,64.972,64.389,64.256
P3,IB3,P3-IB3-4-1-SI07,SACU-2,19,19,0,100.0,0.0,MBUS-23,On-grid,514.51,102.929,0.058,1062.3,1062.3,1062.3,1062.3,1083.3,1083.3,1083.3,1083.3,1083.3,1078.1,1078.1,1078.1,1078.1,1078.1,1086.4,1086.4,1086.4,1086.4,1064.5,1064.5,1064.5,1064.5,1064.5,1086.6,1086.6,1086.6,1086.6,1086.6,5.3,5.16,5.1,5.06,4.96,5.16,5.13,0.0,0.0,5.03,5.0,5.05,0.0,0.0,5.19,4.9,5.1,0.0,5.12,5.13,5.14,0.0,0.0,5.08,5.04,5.09,0.0,0.0,841.5,837.7,832.1,71.116,71.031,71.075
P3,IB3,P3-IB3-4-1-SI08,SACU-2,19,19,0,100.0,0.0,MBUS-24,On-grid,512.39,103.322,-0.043,1072.2,1072.2,1072.2,1072.2,1070.5,1070.5,1070.5,1070.5,1070.5,1076.1,1076.1,1076.1,1076.1,1076.1,1075.2,1075.2,1075.2,1075.2,1074.8,1074.8,1074.8,1074.8,1074.8,1078.6,1078.6,1078.6,1078.6,1078.6,5.35,5.06,5.05,5.18,4.94,5.29,5.09,0.0,0.0,5.28,4.93,5.19,0.0,0.0,5.11,5.11,5.03,0.0,5.15,5.08,5.17,0.0,0.0,4.87,5.18,5.12,0.0,0.0,839.6,836.3,830.5,71.964,71.365,71.494
P3,IB3,P3-IB3-4-2-SI09,SACU-2,19,19,0,100.0,0.0,MBUS-25,On-grid,520.31,103.781,0.005,1082.9,1082.9,1082.9,1082.9,1091.5,1091.5,1091.5,1091.5,1091.5,1098.6,1098.6,1098.6,1098.6,1098.6,1083.2,1083.2,1083.2,1083.2,1075.9,1075.9,1075.9,1075.9,1075.9,1074.4,1074.4,1074.4,1074.4,1074.4,5.16,5.07,5.12,4.99,4.96,5.18,5.18,0.0,0.0,5.1,4.92,5.02,0.0,0.0,5.27,4.92,5.09,0.0,5.21,5.01,5.08,0.0,0.0,4.97,5.0,5.16,0.0,0.0,843.4,834.7,837.6,71.847,71.509,71.268
P3,IB3,P3-IB3-4-2-SI10,SACU-2,19,16,3,84.21,15.79,MBUS-26,On-grid,432.13,86.557,0.063,1091.6,1091.6,1091.6,1091.6,1079.1,1079.1,1079.1,1079.1,1079.1,1091.9,1091.9,1091.9,1091.9,1091.9,1076.8,1076.8,1076.8,1076.8,1060.4,1060.4,1060.4,1060.4,1060.4,1085.6,1085.6,1085.6,1085.6,1085.6,5.34,4.95,4.91,5.11,5.27,0.0,4.92,0.0,0.0,5.33,5.07,5.03,0.0,0.0,5.23,5.04,4.82,0.0,0.0,5.1,0.0,0.0,0.0,5.08,5.12,5.05,0.0,0.0,840.9,834.8,833.3,60.382,59.931,59.838
P3,IB3,P3-IB3-4-2-SI11,SACU-2,19,17,2,89.47,10.53,MBUS-27,On-grid,462.88,92.378,0.102,1089.1,1089.1,1089.1,1089.1,1084.1,1084.1,1084.1,1084.1,1084.1,1087.6,1087.6,1087.6,1087.6,1087.6,1083.1,1083.1,1083.1,1083.1,1080.2,1080.2,1080.2,1080.2,1080.2,1063.9,1063.9,1063.9,1063.9,1063.9,5.22,4.92,0.0,0.0,4.95,5.04,5.17,0.0,0.0,5.07,5.12,5.07,0.0,0.0,5.38,5.0,5.06,0.0,5.01,5.21,4.98,0.0,0.0,4.98,5.02,5.1,0.0,0.0,840.5,832.6,835.7,64.297,63.931,63.966
P3,IB3,P3-IB3-4-2-SI12,SACU-2,19,17,2,89.47,10.53,MBUS-28,On-grid,462.02,93.168,0.035,1080.0,1080.0,1080.0,1080.0,1084.4,1084.4,1084.4,1084.4,1084.4,1095.1,1095.1,1095.1,1095.1,1095.1,1087.4,1087.4,1087.4,1087.4,1062.0,1062.0,1062.0,1062.0,1062.0,1080.5,1080.5,1080.5,1080.5,1080.5,5.25,5.1,4.97,5.23,5.1,5.24,5.09,0.0,0.0,5.37,4.98,5.18,0.0,0.0,5.29,4.99,5.18,0.0,5.45,5.06,5.17,0.0,0.0,5.34,0.0,0.0,0.0,0.0,841.4,834.8,834.0,64.75,64.394,64.195
P3,IB3,P3-IB3-4-2-SI13,SACU-2,19,17,2,89.47,10.53,MBUS-29,On-grid,466.86,93.825,-0.024,1092.7,1092.7,1092.7,1092.7,1087.7,1087.7,1087.7,1087.7,1087.7,1085.8,1085.8,1085.8,1085.8,1085.8,1089.0,1089.0,1089.0,1089.0,1088.7,1088.7,1088.7,1088.7,1088.7,1079.3,1079.3,1079.3,1079.3,1079.3,5.38,4.99,5.11,5.08,5.22,5.1,5.19,0.0,0.0,5.44,0.0,4.94,0.0,0.0,5.52,4.98,5.04,0.0,5.33,0.0,4.98,0.0,0.0,5.2,4.94,5.23,0.0,0.0,840.7,832.0,835.5,64.84,64.851,64.836
P3,IB3,P3-IB3-4-2-SI14,SACU-2,19,19,0,100.0,0.0,MBUS-30,On-grid,523.34,105.437,-0.013,1090.7,1090.7,1090.7,1090.7,1093.8,1093.8,1093.8,1093.8,1093.8,1091.0,1091.0,1091.0,1091.0,1091.0,1083.3,1083.3,1083.3,1083.3,1077.0,1077.0,1077.0,1077.0,1077.0,1089.6,1089.6,1089.6,1089.6,1089.6,5.21,5.14,5.12,5.17,4.96,5.27,5.07,0.0,0.0,5.42,5.07,5.26,0.0,0.0,5.28,5.12,5.01,0.0,5.38,5.12,5.09,0.0,0.0,5.33,5.16,5.11,0.0,0.0,840.8,833.7,832.9,73.368,72.776,72.921
P3,IB3,P3-IB3-4-2-SI15,SACU-2,19,19,0,100.0,0.0,MBUS-31,On-grid,516.68,104.871,0.039,1078.8,1078.8,1078.8,1078.8,1099.5,1099.5,1099.5,1099.5,1099.5,1081.0,1081.0,1081.0,1081.0,1081.0,1080.8,1080.8,1080.8,1080.8,1078.9,1078.9,1078.9,1078.9,1078.9,1082.9,1082.9,1082.9,1082.9,1082.9,5.4,5.02,5.03,5.21,5.19,5.12,5.18,0.0,0.0,5.4,5.12,5.18,0.0,0.0,5.4,4.97,5.21,0.0,5.23,5.21,5.02,0.0,0.0,5.44,4.97,5.19,0.0,0.0,838.9,832.9,830.1,72.937,72.692,72.745
P3,IB3,P3-IB3-4-2-SI16,SACU-2,19,18,1,94.74,5.26,MBUS-32,On-grid,494.55,100.389,0.038,1072.5,1072.5,1072.5,1072.5,1075.7,1075.7,1075.7,1075.7,1075.7,1076.9,1076.9,1076.9,1076.9,1076.9,1091.0,1091.0,1091.0,1091.0,1064.4,1064.4,1064.4,1064.4,1064.4,1092.6,1092.6,1092.6,1092.6,1092.6,4.81,5.28,0.0,5.78,5.67,5.03,4.96,0.0,0.0,5.51,5.19,4.97,0.0,0.0,6.04,5.18,4.28,0.0,5.42,5.33,5.06,0.0,0.0,5.15,5.14,5.0,0.0,0.0,840.3,833.3,832.3,69.61,69.502,69.203
P3,IB4,P3-IB4-1-1-SI01,SACU-1,19,2,17,10.53,89.47,MBUS-1,On-grid,57.17,11.174,0.007,1081.8,1081.8,1081.8,1081.8,319.3,319.3,319.3,319.3,319.3,1082.6,1082.6,1082.6,1082.6,1082.6,322.3,322.3,322.3,322.3,316.5,316.5,316.5,316.5,316.5,317.5,317.5,317.5,317.5,317.5,5.19,0.0,0.0,0.0,0.0,0.0,0.0,0.0,0.0,5.03,0.0,0.0,0.0,0.0,0.0,0.0,0.0,0.0,0.0,0.0,0.0,0.0,0.0,0.0,0.0,0.0,0.0,0.0,836.1,828.8,829.2,7.971,7.886,7.882
P3,IB4,P3-IB4-1-1-SI02,SACU-1,19,12,7,63.16,36.84,MBUS-2,On-grid,330.48,64.828,0.104,1064.9,1064.9,1064.9,1064.9,1085.2,1085.2,1085.2,1085.2,1085.2,1093.4,1093.4,1093.4,1093.4,1093.4,1084.4,1084.4,1084.4,1084.4,1080.4,1080.4,1080.4,1080.4,1080.4,1078.3,1078.3,1078.3,1078.3,1078.3,5.3,4.84,4.95,0.0,5.12,5.14,0.0,0.0,0.0,5.36,0.0,4.97,0.0,0.0,5.57,0.0,0.0,0.0,5.31,4.97,0.0,0.0,0.0,0.0,5.03,4.91,0.0,0.0,838.5,834.9,827.8,45.564,45.014,44.965
P3,IB4,P3-IB4-1-1-SI03,SACU-1,19,15,4,78.95,21.05,MBUS-3,On-grid,408.71,80.718,0.015,1077.1,1077.1,1077.1,1077.1,1090.0,1090.0,1090.0,1090.0,1090.0,1082.7,1082.7,1082.7,1082.7,1082.7,1076.5,1076.5,1076.5,1076.5,376.3,376.3,376.3,376.3,376.3,1076.4,1076.4,1076.4,1076.4,1076.4,4.92,5.18,4.95,5.19,4.6,5.26,5.05,0.0,0.0,4.96,5.02,5.16,0.0,0.0,4.83,5.2,5.03,0.0,0.0,0.0,0.0,0.0,0.0,0.0,5.19,4.99,0.0,0.0,839.8,835.1,830.5,56.544,55.786,55.806
P3,IB4,P3-IB4-1-1-SI04,SACU-1,19,3,16,15.79,84.21,MBUS-4,On-grid,84.28,16.393,0.032,1081.6,1081.6,1081.6,1081.6,342.8,342.8,342.8,342.8,342.8,1069.4,1069.4,1069.4,1069.4,1069.4,336.6,336.6,336.6,336.6,337.0,337.0,337.0,337.0,337.0,1074.7,1074.7,1074.7,1074.7,1074.7,5.19,0.0,0.0,0.0,0.0,0.0,0.0,0.0,0.0,5.08,0.0,0.0,0.0,0.0,0.0,0.0,0.0,0.0,0.0,0.0,0.0,0.0,0.0,0.0,0.0,5.03,0.0,0.0,836.2,827.5,830.4,11.958,11.521,11.817
P3,IB4,P3-IB4-1-1-SI05,SACU-1,19,13,6,68.42,31.58,MBUS-5,On-grid,356.14,70.401,-0.036,1067.5,1067.5,1067.5,1067.5,1096.3,1096.3,1096.3,1096.3,1096.3,1082.6,1082.6,1082.6,1082.6,1082.6,1087.1,1087.1,1087.1,1087.1,1072.7,1072.7,1072.7,1072.7,1072.7,1084.9,1084.9,1084.9,1084.9,1084.9,5.38,4.89,0.0,0.0,5.17,4.98,0.0,0.0,0.0,5.41,0.0,4.94,0.0,0.0,5.4,4.96,0.0,0.0,0.0,5.06,5.21,0.0,0.0,5.15,5.06,5.05,0.0,0.0,839.4,830.5,833.5,49.228,48.796,48.75
P3,IB4,P3-IB4-1-1-SI06,SACU-1,19,19,0,100.0,0.0,MBUS-6,On-grid,522.17,103.568,-0.016,1082.0,1082.0,1082.0,1082.0,1087.3,1087.3,1087.3,1087.3,1087.3,1084.1,1084.1,1084.1,1084.1,1084.1,1080.2,1080.2,1080.2,1080.2,1089.3,1089.3,1089.3,1089.3,1089.3,1076.0,1076.0,1076.0,1076.0,1076.0,5.28,5.03,5.1,4.96,5.21,5.03,5.05,0.0,0.0,5.08,5.08,5.02,0.0,0.0,5.26,4.92,5.04,0.0,4.98,5.16,4.85,0.0,0.0,4.92,5.12,5.21,0.0,0.0,841.4,834.7,835.8,71.779,71.422,71.565
P3,IB4,P3-IB4-1-1-SI07,SACU-1,19,18,1,94.74,5.26,MBUS-7,On-grid,490.8,97.889,0.058,1079.0,1079.0,1079.0,1079.0,1071.2,1071.2,1071.2,1071.2,1071.2,1091.9,1091.9,1091.9,1091.9,1091.9,1091.3,1091.3,1091.3,1091.3,1075.9,1075.9,1075.9,1075.9,1075.9,1086.3,1086.3,1086.3,1086.3,1086.3,5.34,4.96,5.04,4.94,5.25,5.01,0.0,0.0,0.0,5.16,5.09,5.03,0.0,0.0,5.42,4.96,4.95,0.0,5.21,5.14,4.97,0.0,0.0,5.33,5.0,4.89,0.0,0.0,839.1,830.1,833.7,68.519,67.65,67.876
P3,IB4,P3-IB4-1-1-SI08,SACU-1,19,19,0,100.0,0.0,MBUS-8,On-grid,518.94,103.197,0.042,1082.5,1082.5,1082.5,1082.5,1071.0,1071.0,1071.0,1071.0,1071.0,1080.7,1080.7,1080.7,1080.7,1080.7,1082.5,1082.5,1082.5,1082.5,1075.5,1075.5,1075.5,1075.5,1075.5,1085.5,1085.5,1085.5,1085.5,1085.5,5.02,5.09,4.94,5.17,5.13,5.17,5.01,0.0,0.0,5.34,4.94,5.19,0.0,0.0,5.2,5.11,4.92,0.0,5.31,4.99,5.12,0.0,0.0,5.16,5.02,4.95,0.0,0.0,839.4,832.6,832.3,72.159,71.172,71.585
P3,IB4,P3-IB4-1-2-SI09,SACU-1,19,15,4,78.95,21.05,MBUS-9,On-grid,413.01,80.915,0.144,1086.2,1086.2,1086.2,1086.2,1087.3,1087.3,1087.3,1087.3,1087.3,1083.8,1083.8,1083.8,1083.8,1083.8,1084.5,1084.5,1084.5,1084.5,1078.7,1078.7,1078.7,1078.7,1078.7,1094.6,1094.6,1094.6,1094.6,1094.6,5.33,0.0,0.0,0.0,0.0,4.86,5.03,0.0,0.0,5.26,5.02,4.92,0.0,0.0,5.33,4.95,4.87,0.0,5.26,5.09,4.85,0.0,0.0,5.07,5.06,4.94,0.0,0.0,840.1,831.5,834.7,56.429,55.659,55.902
P3,IB4,P3-IB4-1-2-SI10,SACU-1,19,14,5,73.68,26.32,MBUS-10,On-grid,385.71,76.702,-0.033,1089.1,1089.1,1089.1,1089.1,1074.0,1074.0,1074.0,1074.0,1074.0,1083.7,1083.7,1083.7,1083.7,1083.7,1086.0,1086.0,1086.0,1086.0,1083.5,1083.5,1083.5,1083.5,1083.5,1074.8,1074.8,1074.8,1074.8,1074.8,5.44,4.94,4.94,4.99,0.0,5.16,5.12,0.0,0.0,5.44,0.0,5.2,0.0,0.0,0.0,5.06,5.02,0.0,5.44,0.0,4.96,0.0,0.0,5.15,5.14,0.0,0.0,0.0,839.7,833.9,831.4,53.348,52.983,53.072
P3,IB4,P3-IB4-1-2-SI11,SACU-1,19,14,5,73.68,26.32,MBUS-11,On-grid,382.62,76.044,-0.019,1067.4,1067.4,1067.4,1067.4,1082.0,1082.0,1082.0,1082.0,1082.0,1089.7,1089.7,1089.7,1089.7,1089.7,1076.6,1076.6,1076.6,1076.6,1084.5,1084.5,1084.5,1084.5,1084.5,1088.8,1088.8,1088.8,1088.8,1088.8,5.45,5.0,5.05,0.0,5.3,5.01,0.0,0.0,0.0,5.37,5.04,0.0,0.0,0.0,5.45,4.91,0.0,0.0,5.25,4.93,5.07,0.0,0.0,5.43,0.0,4.91,0.0,0.0,838.2,833.6,830.2,53.484,52.61,52.839
P3,IB4,P3-IB4-1-2-SI12,SACU-1,19,14,5,73.68,26.32,MBUS-12,On-grid,385.14,76.679,0.01,1080.6,1080.6,1080.6,1080.6,1088.2,1088.2,1088.2,1088.2,1088.2,1090.8,1090.8,1090.8,1090.8,1090.8,1077.6,1077.6,1077.6,1077.6,373.6,373.6,373.6,373.6,373.6,1075.5,1075.5,1075.5,1075.5,1075.5,5.12,5.06,5.16,5.11,5.01,5.14,5.21,0.0,0.0,5.06,5.21,5.14,0.0,0.0,5.35,5.06,0.0,0.0,0.0,0.0,0.0,0.0,0.0,0.0,5.13,5.21,0.0,0.0,837.2,830.3,832.1,53.557,53.431,53.101
P3,IB4,P3-IB4-1-2-SI13,SACU-1,19,13,6,68.42,31.58,MBUS-13,On-grid,358.68,70.606,0.002,1074.8,1074.8,1074.8,1074.8,1097.5,1097.5,1097.5,1097.5,1097.5,1078.4,1078.4,1078.4,1078.4,1078.4,1084.5,1084.5,1084.5,1084.5,1093.8,1093.8,1093.8,1093.8,1093.8,1089.0,1089.0,1089.0,1089.0,1089.0,5.44,0.0,0.0,0.0,5.07,5.03,4.84,0.0,0.0,5.35,0.0,5.13,0.0,0.0,5.35,4.91,0.0,0.0,5.19,0.0,4.95,0.0,0.0,5.23,5.06,5.05,0.0,0.0,840.0,835.9,830.8,49.417,48.978,48.952
P3,IB4,P3-IB4-1-2-SI14,SACU-1,19,18,1,94.74,5.26,MBUS-14,On-grid,496.79,98.533,-0.017,1084.8,1084.8,1084.8,1084.8,1092.3,1092.3,1092.3,1092.3,1092.3,1086.3,1086.3,1086.3,1086.3,1086.3,1089.8,1089.8,1089.8,1089.8,1083.6,1083.6,1083.6,1083.6,1083.6,1085.9,1085.9,1085.9,1085.9,1085.9,5.32,4.88,5.01,4.95,5.21,5.13,4.99,0.0,0.0,5.23,0.0,5.13,0.0,0.0,5.16,4.95,5.12,0.0,5.19,4.94,5.13,0.0,0.0,5.24,4.95,5.09,0.0,0.0,839.3,834.7,829.0,68.4,68.153,68.165
P3,IB4,P3-IB4-1-2-SI15,SACU-1,19,19,0,100.0,0.0,MBUS-15,On-grid,524.56,104.13,-0.002,1073.3,1073.3,1073.3,1073.3,1093.1,1093.1,1093.1,1093.1,1093.1,1090.2,1090.2,1090.2,1090.2,1090.2,1097.0,1097.0,1097.0,1097.0,1083.0,1083.0,1083.0,1083.0,1083.0,1093.3,1093.3,1093.3,1093.3,1093.3,5.26,5.07,5.2,5.09,5.22,5.15,5.12,0.0,0.0,5.29,5.0,5.05,0.0,0.0,5.3,4.7,5.13,0.0,5.27,5.09,4.95,0.0,0.0,5.28,4.86,5.16,0.0,0.0,838.0,836.5,827.0,72.493,72.07,72.035
P3,IB4,P3-IB4-1-2-SI16,SACU-1,19,19,0,100.0,0.0,MBUS-16,On-grid,525.67,104.851,-0.024,1085.3,1085.3,1085.3,1085.3,1084.9,1084.9,1084.9,1084.9,1084.9,1088.1,1088.1,1088.1,1088.1,1088.1,1079.3,1079.3,1079.3,1079.3,1078.6,1078.6,1078.6,1078.6,1078.6,1085.1,1085.1,1085.1,1085.1,1085.1,5.3,5.08,0.0,5.01,5.15,5.03,5.12,0.0,0.0,5.16,5.05,5.06,5.08,0.0,5.24,5.05,5.2,5.12,0.0,5.23,5.05,0.0,0.0,5.32,4.9,5.2,0.0,0.0,837.6,833.1,827.8,72.965,72.492,72.608
P3,IB4,P3-IB4-2-1-SI01,SACU-1,19,19,0,100.0,0.0,MBUS-17,On-grid,526.44,105.11,0.097,1098.7,1098.7,1098.7,1098.7,1079.0,1079.0,1079.0,1079.0,1079.0,1092.4,1092.4,1092.4,1092.4,1092.4,1086.0,1086.0,1086.0,1086.0,1087.1,1087.1,1087.1,1087.1,1087.1,1104.8,1104.8,1104.8,1104.8,1104.8,5.37,4.94,5.14,5.01,5.24,5.01,5.14,0.0,0.0,5.24,5.17,5.04,0.0,0.0,5.45,5.01,5.1,0.0,5.29,5.21,4.99,0.0,0.0,5.28,4.95,5.18,0.0,0.0,839.3,831.5,833.5,73.245,72.631,72.627
P3,IB4,P3-IB4-2-1-SI02,SACU-1,19,19,0,100.0,0.0,MBUS-18,On-grid,521.78,104.318,0.042,1085.3,1085.3,1085.3,1085.3,1081.8,1081.8,1081.8,1081.8,1081.8,1089.6,1089.6,1089.6,1089.6,1089.6,1072.2,1072.2,1072.2,1072.2,1071.5,1071.5,1071.5,1071.5,1071.5,1088.9,1088.9,1088.9,1088.9,1088.9,5.16,5.25,5.08,5.25,5.14,5.19,4.99,0.0,0.0,5.4,5.01,5.17,0.0,0.0,5.33,5.15,5.14,0.0,5.42,5.08,5.21,0.0,0.0,5.16,5.08,4.99,0.0,0.0,839.9,836.5,829.6,72.549,72.411,72.191
P3,IB4,P3-IB4-2-1-SI03,SACU-1,19,17,2,89.47,10.53,MBUS-19,On-grid,470.2,94.306,0.057,1070.9,1070.9,1070.9,1070.9,1065.6,1065.6,1065.6,1065.6,1065.6,1087.9,1087.9,1087.9,1087.9,1087.9,1077.3,1077.3,1077.3,1077.3,1069.6,1069.6,1069.6,1069.6,1069.6,1084.9,1084.9,1084.9,1084.9,1084.9,5.23,5.04,5.09,5.36,5.45,4.99,5.2,0.0,0.0,5.93,4.93,4.78,0.0,0.0,4.75,4.84,6.14,0.0,5.4,0.0,0.0,0.0,0.0,5.33,5.23,5.14,0.0,0.0,840.1,832.6,833.6,65.575,65.006,65.18
P3,IB4,P3-IB4-2-1-SI04,SACU-1,19,19,0,100.0,0.0,MBUS-20,On-grid,523.51,105.391,-0.021,1096.9,1096.9,1096.9,1096.9,1097.7,1097.7,1097.7,1097.7,1097.7,1069.3,1069.3,1069.3,1069.3,1069.3,1075.6,1075.6,1075.6,1075.6,1086.3,1086.3,1086.3,1086.3,1086.3,1080.1,1080.1,1080.1,1080.1,1080.1,5.33,5.21,4.96,5.15,4.87,5.25,5.01,0.0,0.0,5.4,5.08,5.31,0.0,0.0,5.19,5.18,5.03,0.0,5.36,5.1,5.18,0.0,0.0,5.2,5.2,5.22,0.0,0.0,837.9,832.8,828.0,73.581,73.053,72.77
P3,IB4,P3-IB4-2-1-SI05,SACU-1,19,19,0,100.0,0.0,MBUS-21,On-grid,522.44,105.47,0.013,1081.0,1081.0,1081.0,1081.0,1090.3,1090.3,1090.3,1090.3,1090.3,1090.4,1090.4,1090.4,1090.4,1090.4,1081.8,1081.8,1081.8,1081.8,1086.5,1086.5,1086.5,1086.5,1086.5,1081.4,1081.4,1081.4,1081.4,1081.4,5.35,4.97,5.31,5.23,5.23,5.17,5.14,0.0,0.0,5.37,5.04,5.15,0.0,0.0,5.4,5.04,5.26,0.0,5.36,5.13,5.21,0.0,0.0,5.34,5.04,5.26,0.0,0.0,839.2,834.1,830.8,73.522,72.929,72.961
P3,IB4,P3-IB4-2-1-SI06,SACU-1,19,19,0,100.0,0.0,MBUS-22,On-grid,519.73,105.367,0.021,1072.4,1072.4,1072.4,1072.4,1089.9,1089.9,1089.9,1089.9,1089.9,1076.8,1076.8,1076.8,1076.8,1076.8,1079.4,1079.4,1079.4,1079.4,1091.9,1091.9,1091.9,1091.9,1091.9,1081.7,1081.7,1081.7,1081.7,1081.7,5.56,5.06,5.19,5.22,5.18,5.1,5.12,0.0,0.0,5.25,5.16,5.1,0.0,0.0,5.38,5.01,5.19,0.0,5.39,5.02,5.09,0.0,0.0,5.38,5.1,5.11,0.0,0.0,839.0,832.5,834.4,73.547,72.715,73.07
P3,IB4,P3-IB4-2-1-SI07,SACU-1,19,19,0,100.0,0.0,MBUS-23,On-grid,523.19,106.827,-0.017,1094.7,1094.7,1094.7,1094.7,1086.0,1086.0,1086.0,1086.0,1086.0,1086.7,1086.7,1086.7,1086.7,1086.7,1095.2,1095.2,1095.2,1095.2,1083.9,1083.9,1083.9,1083.9,1083.9,1074.7,1074.7,1074.7,1074.7,1074.7,5.34,5.3,5.17,5.3,5.06,5.35,5.13,0.0,0.0,5.44,5.17,5.37,0.0,0.0,5.28,5.2,5.15,0.0,5.27,5.26,5.07,0.0,0.0,5.0,5.2,5.14,0.0,0.0,842.5,838.0,832.5,74.387,73.969,73.648
P3,IB4,P3-IB4-2-1-SI08,SACU-1,19,19,0,100.0,0.0,MBUS-24,On-grid,521.38,105.203,-0.034,1079.8,1079.8,1079.8,1079.8,1076.1,1076.1,1076.1,1076.1,1076.1,1077.8,1077.8,1077.8,1077.8,1077.8,1085.7,1085.7,1085.7,1085.7,1080.1,1080.1,1080.1,1080.1,1080.1,1077.9,1077.9,1077.9,1077.9,1077.9,5.27,5.05,5.14,5.2,4.9,5.21,5.27,0.0,0.0,5.21,5.1,5.26,0.0,0.0,5.07,5.09,5.27,0.0,5.18,5.22,5.27,0.0,0.0,4.97,5.17,5.13,0.0,0.0,839.3,834.8,830.1,73.354,72.55,73.084
P3,IB4,P3-IB4-2-2-SI09,SACU-1,19,19,0,100.0,0.0,MBUS-25,On-grid,523.38,106.23,0.082,1075.4,1075.4,1075.4,1075.4,1084.8,1084.8,1084.8,1084.8,1084.8,1082.7,1082.7,1082.7,1082.7,1082.7,1089.7,1089.7,1089.7,1089.7,1100.3,1100.3,1100.3,1100.3,1100.3,1093.7,1093.7,1093.7,1093.7,1093.7,5.45,5.13,5.18,5.24,5.28,5.17,5.22,0.0,0.0,5.31,5.31,5.16,0.0,0.0,5.38,4.95,5.18,0.0,5.45,5.08,5.18,0.0,0.0,5.43,5.12,5.18,0.0,0.0,840.1,831.9,834.8,73.988,73.387,73.593
P3,IB4,P3-IB4-2-2-SI10,SACU-1,19,19,0,100.0,0.0,MBUS-26,On-grid,520.89,106.68,-0.043,1082.2,1082.2,1082.2,1082.2,1079.4,1079.4,1079.4,1079.4,1079.4,1094.7,1094.7,1094.7,1094.7,1094.7,1086.0,1086.0,1086.0,1086.0,1083.8,1083.8,1083.8,1083.8,1083.8,1079.3,1079.3,1079.3,1079.3,1079.3,5.35,5.11,5.35,5.2,5.28,5.26,5.32,0.0,0.0,5.23,5.22,5.15,0.0,0.0,5.4,5.16,5.33,0.0,5.3,5.33,5.13,0.0,0.0,5.42,5.12,5.31,0.0,0.0,841.4,837.1,832.5,74.205,73.612,73.933
P3,IB4,P3-IB4-2-2-SI11,SACU-1,19,19,0,100.0,0.0,MBUS-27,On-grid,524.58,105.76,0.004,1076.3,1076.3,1076.3,1076.3,1085.8,1085.8,1085.8,1085.8,1085.8,1081.7,1081.7,1081.7,1081.7,1081.7,1068.7,1068.7,1068.7,1068.7,1078.9,1078.9,1078.9,1078.9,1078.9,1087.6,1087.6,1087.6,1087.6,1087.6,5.46,5.1,5.1,5.24,5.08,5.26,5.07,0.0,0.0,5.5,5.06,5.23,0.0,0.0,5.34,5.18,5.14,0.0,5.42,5.17,5.21,0.0,0.0,5.41,5.2,5.18,0.0,0.0,839.6,836.0,829.3,73.49,73.17,73.14
P3,IB4,P3-IB4-2-2-SI12,SACU-1,19,19,0,100.0,0.0,MBUS-28,On-grid,519.82,106.264,-0.045,1076.4,1076.4,1076.4,1076.4,1086.5,1086.5,1086.5,1086.5,1086.5,1080.1,1080.1,1080.1,1080.1,1080.1,1083.6,1083.6,1083.6,1083.6,1099.4,1099.4,1099.4,1099.4,1099.4,1083.5,1083.5,1083.5,1083.5,1083.5,5.37,5.24,5.11,5.28,5.13,5.3,5.13,0.0,0.0,5.49,5.11,5.26,0.0,0.0,5.32,5.17,4.99,0.0,5.63,5.12,5.19,0.0,0.0,5.18,5.2,5.11,0.0,0.0,841.2,831.8,835.4,74.136,73.192,73.41
P3,IB4,P3-IB4-2-2-SI13,SACU-1,19,19,0,100.0,0.0,MBUS-29,On-grid,521.27,105.127,0.066,1079.7,1079.7,1079.7,1079.7,1076.5,1076.5,1076.5,1076.5,1076.5,1084.8,1084.8,1084.8,1084.8,1084.8,1094.5,1094.5,1094.5,1094.5,1084.6,1084.6,1084.6,1084.6,1084.6,1088.1,1088.1,1088.1,1088.1,1088.1,5.44,5.21,5.08,5.18,5.2,5.15,5.28,0.0,0.0,5.36,5.1,5.01,0.0,0.0,5.5,5.03,4.99,0.0,5.26,5.2,5.05,0.0,0.0,5.43,5.07,5.16,0.0,0.0,838.0,829.2,833.2,73.366,72.636,72.877
P3,IB4,P3-IB4-2-2-SI14,SACU-1,19,19,0,100.0,0.0,MBUS-30,On-grid,522.97,105.189,-0.003,1081.7,1081.7,1081.7,1081.7,1078.7,1078.7,1078.7,1078.7,1078.7,1092.7,1092.7,1092.7,1092.7,1092.7,1078.9,1078.9,1078.9,1078.9,1088.9,1088.9,1088.9,1088.9,1088.9,1078.3,1078.3,1078.3,1078.3,1078.3,5.3,5.15,4.98,5.19,5.19,5.24,5.15,0.0,0.0,5.38,5.15,5.21,0.0,0.0,5.25,5.17,5.06,5.22,5.22,5.1,0.0,0.0,0.0,5.36,5.18,5.05,0.0,0.0,837.1,833.3,828.7,73.45,73.116,73.075
P3,IB4,P3-IB4-2-2-SI15,SACU-1,19,19,0,100.0,0.0,MBUS-31,On-grid,522.35,106.005,-0.086,1072.6,1072.6,1072.6,1072.6,1087.8,1087.8,1087.8,1087.8,1087.8,1096.5,1096.5,1096.5,1096.5,1096.5,1077.3,1077.3,1077.3,1077.3,1082.1,1082.1,1082.1,1082.1,1082.1,1078.6,1078.6,1078.6,1078.6,1078.6,5.57,5.17,5.18,5.11,5.32,5.2,5.22,0.0,0.0,5.33,5.2,5.13,0.0,0.0,5.52,5.04,5.34,0.0,5.35,5.22,5.09,0.0,0.0,5.5,5.06,5.28,0.0,0.0,838.7,833.6,829.1,73.879,73.452,73.589
P3,IB4,P3-IB4-2-2-SI16,SACU-1,19,19,0,100.0,0.0,MBUS-32,On-grid,526.14,106.964,-0.048,1088.4,1088.4,1088.4,1088.4,1075.6,1075.6,1075.6,1075.6,1075.6,1088.7,1088.7,1088.7,1088.7,1088.7,1101.9,1101.9,1101.9,1101.9,1088.9,1088.9,1088.9,1088.9,1088.9,1099.8,1099.8,1099.8,1099.8,1099.8,5.34,5.19,5.03,5.24,5.28,5.16,5.36,0.0,0.0,5.35,5.17,5.17,0.0,0.0,5.15,5.19,5.11,0.0,5.4,5.2,5.05,0.0,0.0,5.48,5.0,5.15,0.0,0.0,840.6,834.8,831.5,74.591,73.776,73.902
P3,IB4,P3-IB4-3-1-SI01,SACU-2,19,19,0,100.0,0.0,MBUS-1,On-grid,527.49,104.613,-0.006,1079.7,1079.7,1079.7,1079.7,1088.3,1088.3,1088.3,1088.3,1088.3,1092.0,1092.0,1092.0,1092.0,1092.0,1095.3,1095.3,1095.3,1095.3,1078.5,1078.5,1078.5,1078.5,1078.5,1092.8,1092.8,1092.8,1092.8,1092.8,5.35,5.0,5.17,5.09,4.95,5.04,5.18,0.0,0.0,5.12,5.1,5.09,0.0,0.0,5.3,4.97,5.07,0.0,5.16,5.24,5.06,0.0,0.0,4.95,5.06,5.11,0.0,0.0,838.5,829.5,832.6,72.982,72.626,72.443
P3,IB4,P3-IB4-3-1-SI02,SACU-2,19,19,0,100.0,0.0,MBUS-2,On-grid,523.45,104.542,0.027,1079.0,1079.0,1079.0,1079.0,1087.9,1087.9,1087.9,1087.9,1087.9,1077.6,1077.6,1077.6,1077.6,1077.6,1077.5,1077.5,1077.5,1077.5,1078.9,1078.9,1078.9,1078.9,1078.9,1077.2,1077.2,1077.2,1077.2,1077.2,5.44,5.02,5.08,5.04,5.26,5.09,5.11,0.0,0.0,5.3,5.14,5.11,0.0,0.0,5.34,4.96,5.09,0.0,5.37,5.19,4.97,0.0,0.0,5.3,5.17,5.1,0.0,0.0,835.8,830.3,830.9,73.11,72.643,72.314
P3,IB4,P3-IB4-3-1-SI03,SACU-2,19,19,0,100.0,0.0,MBUS-3,On-grid,520.03,104.356,0.077,1085.3,1085.3,1085.3,1085.3,1066.1,1066.1,1066.1,1066.1,1066.1,1092.1,1092.1,1092.1,1092.1,1092.1,1081.9,1081.9,1081.9,1081.9,1080.9,1080.9,1080.9,1080.9,1080.9,1076.4,1076.4,1076.4,1076.4,1076.4,5.15,5.06,5.13,5.14,4.96,5.37,5.01,0.0,0.0,5.37,5.01,5.25,0.0,0.0,5.34,5.14,5.05,0.0,5.34,5.1,5.16,0.0,0.0,5.05,4.94,5.22,0.0,0.0,840.2,830.5,834.8,72.732,72.312,72.096
P3,IB4,P3-IB4-3-1-SI04,SACU-2,19,19,0,100.0,0.0,MBUS-4,On-grid,523.64,105.528,0.007,1079.9,1079.9,1079.9,1079.9,1069.2,1069.2,1069.2,1069.2,1069.2,1088.8,1088.8,1088.8,1088.8,1088.8,1094.4,1094.4,1094.4,1094.4,1088.8,1088.8,1088.8,1088.8,1088.8,1085.2,1085.2,1085.2,1085.2,1085.2,5.44,5.14,5.02,5.06,5.33,5.12,5.2,0.0,0.0,5.42,5.04,5.19,0.0,0.0,5.5,5.09,5.15,0.0,5.31,5.27,5.02,0.0,0.0,5.44,5.08,5.0,0.0,0.0,839.3,835.3,830.5,73.354,72.794,73.032
P3,IB4,P3-IB4-3-1-SI05,SACU-2,19,18,1,94.74,5.26,MBUS-5,On-grid,499.75,99.838,0.013,1080.7,1080.7,1080.7,1080.7,1092.7,1092.7,1092.7,1092.7,1092.7,1084.6,1084.6,1084.6,1084.6,1084.6,1093.2,1093.2,1093.2,1093.2,1097.5,1097.5,1097.5,1097.5,1097.5,1093.4,1093.4,1093.4,1093.4,1093.4,5.25,5.16,5.07,5.17,4.87,5.25,5.17,0.0,0.0,5.36,5.05,5.14,0.0,0.0,5.44,5.02,5.06,0.0,4.83,5.14,4.95,0.0,0.0,0.0,5.0,5.18,0.0,0.0,838.4,829.4,832.5,69.606,69.214,69.525
P3,IB4,P3-IB4-3-1-SI06,SACU-2,19,18,1,94.74,5.26,MBUS-6,On-grid,493.64,99.131,0.056,1071.7,1071.7,1071.7,1071.7,1087.8,1087.8,1087.8,1087.8,1087.8,1091.6,1091.6,1091.6,1091.6,1091.6,1091.5,1091.5,1091.5,1091.5,1080.9,1080.9,1080.9,1080.9,1080.9,1070.3,1070.3,1070.3,1070.3,1070.3,5.31,4.89,5.14,5.26,4.86,5.23,5.16,0.0,0.0,5.17,5.12,5.2,0.0,0.0,0.0,5.14,5.05,0.0,5.29,5.09,5.23,0.0,0.0,4.99,5.23,5.19,0.0,0.0,839.2,834.8,829.1,68.737,68.788,68.804
P3,IB4,P3-IB4-3-1-SI07,SACU-2,19,19,0,100.0,0.0,MBUS-7,On-grid,524.34,105.854,0.002,1089.0,1089.0,1089.0,1089.0,1092.3,1092.3,1092.3,1092.3,1092.3,1093.6,1093.6,1093.6,1093.6,1093.6,1090.0,1090.0,1090.0,1090.0,1070.7,1070.7,1070.7,1070.7,1070.7,1088.1,1088.1,1088.1,1088.1,1088.1,5.38,4.98,5.23,5.21,5.08,5.29,5.05,0.0,0.0,5.46,5.12,5.21,0.0,0.0,5.23,5.16,5.1,0.0,5.41,5.15,5.22,0.0,0.0,5.3,5.15,5.05,0.0,0.0,841.7,832.6,835.8,73.689,73.358,73.086
P3,IB4,P3-IB4-3-1-SI08,SACU-2,19,16,3,84.21,15.79,MBUS-8,On-grid,440.03,87.819,-0.021,1077.5,1077.5,1077.5,1077.5,1091.7,1091.7,1091.7,1091.7,1091.7,1081.7,1081.7,1081.7,1081.7,1081.7,1076.9,1076.9,1076.9,1076.9,1083.9,1083.9,1083.9,1083.9,1083.9,1091.1,1091.1,1091.1,1091.1,1091.1,5.47,5.09,5.12,5.06,5.14,5.13,5.1,0.0,0.0,5.19,5.12,5.14,0.0,0.0,0.0,5.14,5.07,0.0,0.0,5.12,5.13,0.0,0.0,0.0,5.13,5.03,0.0,0.0,838.4,833.3,830.8,61.246,60.981,61.014
P3,IB4,P3-IB4-3-2-SI09,SACU-2,19,19,0,100.0,0.0,MBUS-9,On-grid,524.1,104.748,0.005,1094.5,1094.5,1094.5,1094.5,1089.6,1089.6,1089.6,1089.6,1089.6,1077.8,1077.8,1077.8,1077.8,1077.8,1079.0,1079.0,1079.0,1079.0,1086.5,1086.5,1086.5,1086.5,1086.5,1083.3,1083.3,1083.3,1083.3,1083.3,5.42,5.06,5.14,5.08,4.91,5.18,5.09,0.0,0.0,5.27,5.09,5.21,0.0,0.0,5.48,5.07,5.14,0.0,5.18,5.16,5.0,0.0,0.0,5.28,5.09,5.05,0.0,0.0,840.4,832.5,834.3,72.99,72.583,72.739
P3,IB4,P3-IB4-3-2-SI10,SACU-2,19,18,1,94.74,5.26,MBUS-10,On-grid,496.61,99.357,0.016,1071.8,1071.8,1071.8,1071.8,1082.3,1082.3,1082.3,1082.3,1082.3,1091.5,1091.5,1091.5,1091.5,1091.5,1084.7,1084.7,1084.7,1084.7,1093.3,1093.3,1093.3,1093.3,1093.3,1085.8,1085.8,1085.8,1085.8,1085.8,0.0,5.18,4.98,5.1,5.23,5.11,5.09,0.0,0.0,5.33,5.03,4.98,0.0,0.0,5.52,5.1,4.93,0.0,5.53,5.24,5.01,0.0,0.0,5.28,5.18,5.05,0.0,0.0,841.0,832.3,835.5,69.083,68.924,68.655
P3,IB4,P3-IB4-3-2-SI11,SACU-2,19,19,0,100.0,0.0,MBUS-11,On-grid,524.02,105.096,0.023,1087.4,1087.4,1087.4,1087.4,1093.2,1093.2,1093.2,1093.2,1093.2,1075.3,1075.3,1075.3,1075.3,1075.3,1076.3,1076.3,1076.3,1076.3,1087.7,1087.7,1087.7,1087.7,1087.7,1094.9,1094.9,1094.9,1094.9,1094.9,5.33,5.17,4.95,5.24,5.08,5.21,5.07,0.0,0.0,5.38,5.12,5.23,0.0,0.0,5.29,5.14,5.1,0.0,5.44,5.33,5.22,0.0,0.0,5.29,5.15,5.14,0.0,0.0,841.2,833.4,836.2,73.383,72.213,72.746
P3,IB4,P3-IB4-3-2-SI12,SACU-2,19,18,1,94.74,5.26,MBUS-12,On-grid,500.71,100.17,0.032,1089.4,1089.4,1089.4,1089.4,1086.8,1086.8,1086.8,1086.8,1086.8,1082.9,1082.9,1082.9,1082.9,1082.9,1073.4,1073.4,1073.4,1073.4,1092.4,1092.4,1092.4,1092.4,1092.4,1089.1,1089.1,1089.1,1089.1,1089.1,5.38,5.19,5.07,5.11,5.07,5.27,5.19,0.0,0.0,5.25,5.22,5.18,0.0,0.0,5.39,5.18,5.06,0.0,0.0,5.14,5.19,0.0,0.0,5.32,5.2,5.13,0.0,0.0,841.6,836.9,832.1,69.667,69.243,69.505
P3,IB4,P3-IB4-3-2-SI13,SACU-2,19,18,1,94.74,5.26,MBUS-13,On-grid,503.17,100.537,0.068,1087.0,1087.0,1087.0,1087.0,1090.4,1090.4,1090.4,1090.4,1090.4,1085.6,1085.6,1085.6,1085.6,1085.6,1090.5,1090.5,1090.5,1090.5,1090.7,1090.7,1090.7,1090.7,1090.7,1070.2,1070.2,1070.2,1070.2,1070.2,5.46,5.2,0.0,5.08,5.31,5.12,5.16,0.0,0.0,5.44,5.18,5.18,0.0,0.0,5.4,5.18,5.01,0.0,5.26,5.16,5.11,0.0,0.0,5.41,5.15,5.27,0.0,0.0,841.6,832.7,836.3,69.861,69.58,69.404
P3,IB4,P3-IB4-3-2-SI14,SACU-2,19,19,0,100.0,0.0,MBUS-14,On-grid,523.48,105.652,0.003,1089.5,1089.5,1089.5,1089.5,1088.9,1088.9,1088.9,1088.9,1088.9,1095.9,1095.9,1095.9,1095.9,1095.9,1084.1,1084.1,1084.1,1084.1,1084.4,1084.4,1084.4,1084.4,1084.4,1076.6,1076.6,1076.6,1076.6,1076.6,5.45,5.1,5.15,5.18,5.16,5.32,5.14,0.0,0.0,5.35,5.12,5.26,0.0,0.0,5.27,5.24,5.06,0.0,5.43,5.12,4.98,0.0,0.0,5.43,5.14,5.21,0.0,0.0,843.6,834.2,838.9,73.159,73.026,73.131
P3,IB4,P3-IB4-3-2-SI15,SACU-2,19,19,0,100.0,0.0,MBUS-15,On-grid,518.58,104.766,0.041,1091.8,1091.8,1091.8,1091.8,1084.0,1084.0,1084.0,1084.0,1084.0,1085.6,1085.6,1085.6,1085.6,1085.6,1073.9,1073.9,1073.9,1073.9,1073.6,1073.6,1073.6,1073.6,1073.6,1061.8,1061.8,1061.8,1061.8,1061.8,5.4,5.09,5.04,5.22,5.21,5.17,5.25,0.0,0.0,5.41,5.06,5.17,0.0,0.0,5.32,5.1,5.2,0.0,5.31,5.16,5.19,0.0,0.0,5.39,5.16,5.12,0.0,0.0,842.1,838.2,832.0,72.727,72.384,72.356
P3,IB4,P3-IB4-3-2-SI16,SACU-2,19,18,1,94.74,5.26,MBUS-16,On-grid,491.97,99.937,0.008,1076.2,1076.2,1076.2,1076.2,1088.1,1088.1,1088.1,1088.1,1088.1,1104.7,1104.7,1104.7,1104.7,1104.7,1087.4,1087.4,1087.4,1087.4,1082.6,1082.6,1082.6,1082.6,1082.6,1074.0,1074.0,1074.0,1074.0,1074.0,5.45,0.0,5.04,5.17,5.15,5.17,5.12,0.0,0.0,5.44,5.07,5.21,0.0,0.0,5.39,5.11,5.22,0.0,5.44,5.17,5.21,0.0,0.0,5.34,5.21,5.17,0.0,0.0,842.5,838.8,833.4,69.465,69.105,68.9
P3,IB4,P3-IB4-4-1-SI01,SACU-2,19,13,6,68.42,31.58,MBUS-17,On-grid,353.26,69.098,-0.061,1080.8,1080.8,1080.8,1080.8,1098.2,1098.2,1098.2,1098.2,1098.2,1086.0,1086.0,1086.0,1086.0,1086.0,1088.8,1088.8,1088.8,1088.8,1086.1,1086.1,1086.1,1086.1,1086.1,1096.1,1096.1,1096.1,1096.1,1096.1,5.26,4.89,4.92,4.9,0.0,0.0,4.98,0.0,0.0,5.17,4.93,4.9,0.0,0.0,5.26,4.88,0.0,0.0,5.24,0.0,0.0,0.0,0.0,5.02,4.7,0.0,0.0,0.0,840.1,831.6,834.1,48.592,47.96,47.743
P3,IB4,P3-IB4-4-1-SI02,SACU-2,19,18,1,94.74,5.26,MBUS-18,On-grid,494.04,96.932,0.013,1083.7,1083.7,1083.7,1083.7,1082.3,1082.3,1082.3,1082.3,1082.3,1075.1,1075.1,1075.1,1075.1,1075.1,1075.5,1075.5,1075.5,1075.5,1074.9,1074.9,1074.9,1074.9,1074.9,1097.5,1097.5,1097.5,1097.5,1097.5,5.2,5.05,4.95,5.11,5.1,5.06,4.95,0.0,0.0,5.16,4.93,5.11,0.0,0.0,5.14,4.97,4.94,0.0,5.14,4.92,5.1,0.0,0.0,5.45,0.0,4.96,0.0,0.0,840.6,835.4,830.8,67.301,67.138,67.274
P3,IB4,P3-IB4-4-1-SI03,SACU-2,19,18,1,94.74,5.26,MBUS-19,On-grid,492.9,97.35,-0.09,1081.3,1081.3,1081.3,1081.3,1075.0,1075.0,1075.0,1075.0,1075.0,1072.3,1072.3,1072.3,1072.3,1072.3,1094.6,1094.6,1094.6,1094.6,1076.4,1076.4,1076.4,1076.4,1076.4,1068.8,1068.8,1068.8,1068.8,1068.8,5.08,5.02,4.91,5.07,5.07,5.06,4.94,0.0,0.0,5.32,4.92,5.16,0.0,0.0,5.08,5.05,5.01,0.0,5.3,4.94,0.0,0.0,0.0,5.24,5.13,4.97,0.0,0.0,839.0,830.1,833.5,68.07,67.36,67.558
P3,IB4,P3-IB4-4-1-SI04,SACU-2,19,18,1,94.74,5.26,MBUS-20,On-grid,494.59,97.764,0.044,1087.4,1087.4,1087.4,1087.4,1076.9,1076.9,1076.9,1076.9,1076.9,1067.9,1067.9,1067.9,1067.9,1067.9,1077.7,1077.7,1077.7,1077.7,1079.4,1079.4,1079.4,1079.4,1079.4,1090.2,1090.2,1090.2,1090.2,1090.2,5.18,4.91,4.89,5.03,5.1,5.12,4.94,0.0,0.0,5.44,5.11,5.02,0.0,0.0,5.32,4.99,0.0,0.0,5.13,5.21,5.02,0.0,0.0,5.24,5.03,5.03,0.0,0.0,839.2,832.7,832.4,68.438,67.905,67.643
P3,IB4,P3-IB4-4-1-SI05,SACU-2,19,17,2,89.47,10.53,MBUS-21,On-grid,465.77,91.723,0.037,1076.5,1076.5,1076.5,1076.5,1077.4,1077.4,1077.4,1077.4,1077.4,1071.1,1071.1,1071.1,1071.1,1071.1,1088.5,1088.5,1088.5,1088.5,1080.6,1080.6,1080.6,1080.6,1080.6,1083.5,1083.5,1083.5,1083.5,1083.5,5.23,5.12,5.02,5.17,5.21,0.0,4.89,0.0,0.0,5.23,0.0,5.06,0.0,0.0,5.09,5.04,4.94,0.0,5.24,4.94,5.13,0.0,0.0,5.12,5.08,4.91,0.0,0.0,838.2,834.5,829.4,64.053,63.629,63.717
P3,IB4,P3-IB4-4-1-SI06,SACU-2,19,11,8,57.89,42.11,MBUS-22,On-grid,303.13,59.374,-0.021,1084.0,1084.0,1084.0,1084.0,1091.7,1091.7,1091.7,1091.7,1091.7,1075.9,1075.9,1075.9,1075.9,1075.9,1086.6,1086.6,1086.6,1086.6,372.9,372.9,372.9,372.9,372.9,1077.0,1077.0,1077.0,1077.0,1077.0,5.09,5.0,0.0,5.07,0.0,5.13,5.05,0.0,0.0,5.04,4.75,5.27,0.0,0.0,5.17,5.05,0.0,0.0,0.0,0.0,0.0,0.0,0.0,0.0,0.0,4.98,0.0,0.0,838.9,834.5,829.1,41.589,40.805,41.101
P3,IB4,P3-IB4-4-1-SI07,SACU-2,19,7,12,36.84,63.16,MBUS-23,On-grid,192.58,37.615,-0.047,1081.7,1081.7,1081.7,1081.7,359.6,359.6,359.6,359.6,359.6,1091.7,1091.7,1091.7,1091.7,1091.7,1071.6,1071.6,1071.6,1071.6,1074.4,1074.4,1074.4,1074.4,1074.4,359.1,359.1,359.1,359.1,359.1,4.81,5.07,5.31,5.08,0.0,0.0,0.0,0.0,0.0,5.17,0.0,0.0,0.0,0.0,0.0,5.06,0.0,0.0,5.06,0.0,0.0,0.0,0.0,0.0,0.0,0.0,0.0,0.0,837.5,828.4,831.7,26.925,26.001,26.437
P3,IB4,P3-IB4-4-1-SI08,SACU-2,19,14,5,73.68,26.32,MBUS-24,On-grid,386.69,75.993,-0.002,1079.0,1079.0,1079.0,1079.0,1077.4,1077.4,1077.4,1077.4,1077.4,1085.7,1085.7,1085.7,1085.7,1085.7,1090.3,1090.3,1090.3,1090.3,1081.2,1081.2,1081.2,1081.2,1081.2,1094.1,1094.1,1094.1,1094.1,1094.1,5.43,4.98,5.02,4.95,5.2,5.07,0.0,0.0,0.0,5.25,5.15,5.05,0.0,0.0,5.31,4.62,5.16,0.0,0.0,5.01,0.0,0.0,0.0,0.0,0.0,5.09,0.0,0.0,838.1,833.1,828.4,53.228,52.577,52.785
P3,IB4,P3-IB4-4-2-SI09,SACU-2,19,4,15,21.05,78.95,MBUS-25,On-grid,110.92,21.551,0.07,1081.2,1081.2,1081.2,1081.2,339.6,339.6,339.6,339.6,339.6,1080.6,1080.6,1080.6,1080.6,1080.6,339.4,339.4,339.4,339.4,338.5,338.5,338.5,338.5,338.5,1085.9,1085.9,1085.9,1085.9,1085.9,4.85,5.08,0.0,0.0,0.0,0.0,0.0,0.0,0.0,5.01,0.0,0.0,0.0,0.0,0.0,0.0,0.0,0.0,0.0,0.0,0.0,0.0,0.0,0.0,0.0,5.08,0.0,0.0,835.3,831.4,826.4,15.662,15.096,15.196
P3,IB4,P3-IB4-4-2-SI10,SACU-2,19,6,13,31.58,68.42,MBUS-26,On-grid,165.9,32.434,0.007,1081.1,1081.1,1081.1,1081.1,355.8,355.8,355.8,355.8,355.8,1072.2,1072.2,1072.2,1072.2,1072.2,1083.3,1083.3,1083.3,1083.3,354.4,354.4,354.4,354.4,354.4,1074.6,1074.6,1074.6,1074.6,1074.6,4.89,0.0,0.0,5.08,0.0,0.0,0.0,0.0,0.0,4.92,0.0,0.0,0.0,0.0,0.0,5.11,0.0,0.0,0.0,0.0,0.0,0.0,0.0,0.0,5.31,5.25,0.0,0.0,836.3,827.7,831.7,23.067,22.322,22.68
P3,IB4,P3-IB4-4-2-SI11,SACU-2,19,4,15,21.05,78.95,MBUS-27,On-grid,109.08,21.478,0.039,1070.8,1070.8,1070.8,1070.8,356.3,356.3,356.3,356.3,356.3,1082.1,1082.1,1082.1,1082.1,1082.1,360.2,360.2,360.2,360.2,1062.0,1062.0,1062.0,1062.0,1062.0,1085.5,1085.5,1085.5,1085.5,1085.5,5.13,0.0,0.0,0.0,0.0,0.0,0.0,0.0,0.0,5.17,0.0,0.0,0.0,0.0,0.0,0.0,0.0,0.0,0.0,0.0,5.03,0.0,0.0,0.0,5.18,0.0,0.0,0.0,835.9,828.3,831.0,15.519,15.098,15.37
P3,IB4,P3-IB4-4-2-SI12,SACU-2,19,10,9,52.63,47.37,MBUS-28,On-grid,274.88,54.181,0.013,1096.3,1096.3,1096.3,1096.3,1089.5,1089.5,1089.5,1089.5,1089.5,1081.4,1081.4,1081.4,1081.4,1081.4,362.0,362.0,362.0,362.0,1083.4,1083.4,1083.4,1083.4,1083.4,357.0,357.0,357.0,357.0,357.0,4.65,5.21,5.1,5.19,5.3,0.0,0.0,0.0,0.0,4.95,4.98,5.26,0.0,0.0,0.0,0.0,0.0,0.0,5.07,5.11,0.0,0.0,0.0,0.0,0.0,0.0,0.0,0.0,837.8,829.9,831.6,38.082,37.413,37.516
P3,IB4,P3-IB4-4-2-SI13,SACU-2,19,3,16,15.79,84.21,MBUS-29,On-grid,81.6,16.202,-0.061,1078.6,1078.6,1078.6,1078.6,1074.4,1074.4,1074.4,1074.4,1074.4,1079.6,1079.6,1079.6,1079.6,1079.6,344.6,344.6,344.6,344.6,339.7,339.7,339.7,339.7,339.7,339.8,339.8,339.8,339.8,339.8,5.12,0.0,0.0,0.0,5.03,0.0,0.0,0.0,0.0,5.19,0.0,0.0,0.0,0.0,0.0,0.0,0.0,0.0,0.0,0.0,0.0,0.0,0.0,0.0,0.0,0.0,0.0,0.0,836.5,832.4,826.9,11.832,11.403,11.579
P3,IB4,P3-IB4-4-2-SI14,SACU-2,19,17,2,89.47,10.53,MBUS-30,On-grid,473.07,93.638,0.048,1090.4,1090.4,1090.4,1090.4,1088.3,1088.3,1088.3,1088.3,1088.3,1096.4,1096.4,1096.4,1096.4,1096.4,1094.5,1094.5,1094.5,1094.5,1082.8,1082.8,1082.8,1082.8,1082.8,1080.0,1080.0,1080.0,1080.0,1080.0,5.21,5.18,5.12,4.98,4.93,5.02,5.2,0.0,0.0,5.22,5.14,5.04,0.0,0.0,0.0,5.01,5.12,0.0,5.14,5.2,5.04,0.0,0.0,0.0,5.03,5.11,0.0,0.0,836.3,830.5,828.6,65.045,65.244,65.342
P3,IB4,P3-IB4-4-2-SI15,SACU-2,19,17,2,89.47,10.53,MBUS-31,On-grid,471.32,93.194,-0.026,1089.2,1089.2,1089.2,1089.2,1074.4,1074.4,1074.4,1074.4,1074.4,1082.0,1082.0,1082.0,1082.0,1082.0,1082.7,1082.7,1082.7,1082.7,1074.5,1074.5,1074.5,1074.5,1074.5,1080.1,1080.1,1080.1,1080.1,1080.1,5.24,5.16,4.97,5.13,4.83,5.1,5.14,0.0,0.0,5.05,5.08,0.0,0.0,0.0,0.0,5.17,4.98,0.0,5.31,5.13,5.17,0.0,0.0,4.77,5.11,5.02,0.0,0.0,838.5,830.5,832.5,65.054,64.604,64.358
P3,IB4,P3-IB4-4-2-SI16,SACU-2,19,16,3,84.21,15.79,MBUS-32,On-grid,438.97,87.29,-0.015,1084.3,1084.3,1084.3,1084.3,1086.4,1086.4,1086.4,1086.4,1086.4,1095.2,1095.2,1095.2,1095.2,1095.2,1091.4,1091.4,1091.4,1091.4,1081.0,1081.0,1081.0,1081.0,1081.0,1074.8,1074.8,1074.8,1074.8,1074.8,5.2,5.08,5.04,5.11,4.93,5.22,5.04,0.0,0.0,5.23,4.91,5.26,0.0,0.0,5.2,5.1,4.94,0.0,5.44,5.01,0.0,0.0,0.0,0.0,0.0,4.96,0.0,0.0,838.1,832.0,830.7,61.01,60.548,60.588
P3,IB5,P3-IB5-1-1-SI01,SACU-1,19,13,6,68.42,31.58,MBUS-1,On-grid,359.63,70.547,-0.023,1078.1,1078.1,1078.1,1078.1,1089.2,1089.2,1089.2,1089.2,1089.2,1084.8,1084.8,1084.8,1084.8,1084.8,1077.0,1077.0,1077.0,1077.0,1090.0,1090.0,1090.0,1090.0,1090.0,1090.5,1090.5,1090.5,1090.5,1090.5,5.31,4.89,5.04,4.98,0.0,0.0,5.03,0.0,0.0,5.2,5.04,4.98,0.0,0.0,5.4,4.89,0.0,0.0,0.0,0.0,4.92,0.0,0.0,5.43,0.0,4.95,0.0,0.0,837.8,829.8,833.4,49.536,48.715,48.951
P3,IB5,P3-IB5-1-1-SI02,SACU-1,19,19,0,100.0,0.0,MBUS-2,On-grid,526.38,103.474,0.049,1094.3,1094.3,1094.3,1094.3,1077.4,1077.4,1077.4,1077.4,1077.4,1066.8,1066.8,1066.8,1066.8,1066.8,1091.1,1091.1,1091.1,1091.1,1091.3,1091.3,1091.3,1091.3,1091.3,1098.5,1098.5,1098.5,1098.5,1098.5,5.23,4.95,4.99,4.96,5.18,5.0,5.09,0.0,0.0,5.23,5.12,5.1,0.0,0.0,5.34,4.91,5.09,0.0,5.16,5.16,5.01,0.0,0.0,5.2,4.89,5.12,0.0,0.0,837.3,832.3,828.0,72.204,71.87,71.66
P3,IB5,P3-IB5-1-1-SI03,SACU-1,19,16,3,84.21,15.79,MBUS-3,On-grid,439.92,85.515,-0.009,1067.5,1067.5,1067.5,1067.5,1077.3,1077.3,1077.3,1077.3,1077.3,1087.5,1087.5,1087.5,1087.5,1087.5,1071.9,1071.9,1071.9,1071.9,1088.7,1088.7,1088.7,1088.7,1088.7,1081.2,1081.2,1081.2,1081.2,1081.2,0.0,4.98,0.0,5.05,5.02,5.11,0.0,0.0,0.0,5.15,4.86,5.05,0.0,0.0,5.08,5.02,4.96,0.0,5.23,4.9,5.08,0.0,0.0,5.24,4.87,4.98,0.0,0.0,840.9,837.8,831.4,59.483,59.212,59.314
P3,IB5,P3-IB5-1-1-SI04,SACU-1,19,19,0,100.0,0.0,MBUS-4,On-grid,524.02,102.042,0.108,1090.9,1090.9,1090.9,1090.9,1077.2,1077.2,1077.2,1077.2,1077.2,1084.7,1084.7,1084.7,1084.7,1084.7,1074.1,1074.1,1074.1,1074.1,1089.0,1089.0,1089.0,1089.0,1089.0,1076.3,1076.3,1076.3,1076.3,1076.3,5.27,5.0,4.99,4.95,5.11,5.1,4.99,0.0,0.0,5.3,4.92,5.05,0.0,0.0,5.28,4.86,5.01,0.0,5.21,4.86,5.0,0.0,0.0,5.13,4.95,5.04,0.0,0.0,841.6,836.9,832.7,70.871,70.956,70.532
P3,IB5,P3-IB5-1-1-SI05,SACU-1,19,17,2,89.47,10.53,MBUS-5,On-grid,473.15,92.409,-0.012,1092.1,1092.1,1092.1,1092.1,1086.2,1086.2,1086.2,1086.2,1086.2,1079.8,1079.8,1079.8,1079.8,1079.8,1091.9,1091.9,1091.9,1091.9,1091.6,1091.6,1091.6,1091.6,1091.6,1086.1,1086.1,1086.1,1086.1,1086.1,5.3,4.93,5.0,5.05,5.28,0.0,5.04,0.0,0.0,5.05,5.03,4.99,0.0,0.0,5.22,4.82,4.98,0.0,5.15,5.09,4.99,0.0,0.0,0.0,4.91,4.99,0.0,0.0,840.0,835.6,830.4,64.289,63.739,63.905
P3,IB5,P3-IB5-1-1-SI06,SACU-1,19,13,6,68.42,31.58,MBUS-6,On-grid,361.17,70.726,0.102,1092.6,1092.6,1092.6,1092.6,1087.2,1087.2,1087.2,1087.2,1087.2,1084.8,1084.8,1084.8,1084.8,1084.8,1086.4,1086.4,1086.4,1086.4,1075.3,1075.3,1075.3,1075.3,1075.3,1087.8,1087.8,1087.8,1087.8,1087.8,5.19,5.0,4.86,0.0,5.17,5.02,4.97,0.0,0.0,5.31,4.93,4.97,0.0,0.0,5.48,0.0,0.0,0.0,0.0,0.0,5.06,0.0,0.0,5.42,0.0,4.99,0.0,0.0,839.1,831.6,834.1,49.342,48.762,48.945
P3,IB5,P3-IB5-1-1-SI07,SACU-1,19,4,15,21.05,78.95,MBUS-7,On-grid,113.97,22.123,0.11,1082.4,1082.4,1082.4,1082.4,342.5,342.5,342.5,342.5,342.5,1090.0,1090.0,1090.0,1090.0,1090.0,345.0,345.0,345.0,345.0,1074.9,1074.9,1074.9,1074.9,1074.9,339.7,339.7,339.7,339.7,339.7,4.94,5.25,0.0,0.0,0.0,0.0,0.0,0.0,0.0,4.9,0.0,0.0,0.0,0.0,0.0,0.0,0.0,0.0,5.02,0.0,0.0,0.0,0.0,0.0,0.0,0.0,0.0,0.0,835.7,827.2,831.6,15.672,15.492,15.402
P3,IB5,P3-IB5-1-1-SI08,SACU-1,19,11,8,57.89,42.11,MBUS-8,On-grid,297.45,58.835,-0.095,1085.2,1085.2,1085.2,1085.2,1082.3,1082.3,1082.3,1082.3,1082.3,1082.0,1082.0,1082.0,1082.0,1082.0,1088.8,1088.8,1088.8,1088.8,1070.4,1070.4,1070.4,1070.4,1070.4,1085.5,1085.5,1085.5,1085.5,1085.5,5.24,4.99,4.93,5.02,0.0,5.0,0.0,0.0,0.0,5.13,0.0,0.0,0.0,0.0,5.44,0.0,4.95,0.0,5.17,0.0,0.0,0.0,0.0,0.0,5.03,4.85,0.0,0.0,837.1,830.2,832.3,41.245,41.13,40.964
P3,IB5,P3-IB5-1-2-SI09,SACU-1,19,16,3,84.21,15.79,MBUS-9,On-grid,436.72,84.92,0.052,1073.9,1073.9,1073.9,1073.9,1073.5,1073.5,1073.5,1073.5,1073.5,1074.1,1074.1,1074.1,1074.1,1074.1,1073.6,1073.6,1073.6,1073.6,1079.3,1079.3,1079.3,1079.3,1079.3,1079.6,1079.6,1079.6,1079.6,1079.6,5.31,0.0,4.72,5.03,5.06,4.93,4.98,0.0,0.0,5.03,5.02,4.91,0.0,0.0,5.32,4.86,5.01,0.0,5.17,0.0,0.0,0.0,0.0,5.05,5.02,5.01,0.0,0.0,839.5,831.4,833.8,59.128,58.714,58.871
P3,IB5,P3-IB5-1-2-SI10,SACU-1,19,15,4,78.95,21.05,MBUS-10,On-grid,410.72,80.217,0.068,1083.1,1083.1,1083.1,1083.1,1094.6,1094.6,1094.6,1094.6,1094.6,1081.9,1081.9,1081.9,1081.9,1081.9,1070.4,1070.4,1070.4,1070.4,1082.5,1082.5,1082.5,1082.5,1082.5,1073.2,1073.2,1073.2,1073.2,1073.2,5.24,4.88,5.0,4.76,5.06,5.08,4.91,0.0,0.0,5.31,0.0,0.0,0.0,0.0,0.0,5.05,4.95,0.0,5.29,4.93,4.95,0.0,0.0,5.09,5.01,0.0,0.0,0.0,838.9,834.9,828.8,56.084,55.663,55.465
P3,IB5,P3-IB5-1-2-SI11,SACU-1,19,18,1,94.74,5.26,MBUS-11,On-grid,489.25,96.521,0.007,1088.7,1088.7,1088.7,1088.7,1070.5,1070.5,1070.5,1070.5,1070.5,1093.1,1093.1,1093.1,1093.1,1093.1,1078.4,1078.4,1078.4,1078.4,1085.1,1085.1,1085.1,1085.1,1085.1,1090.1,1090.1,1090.1,1090.1,1090.1,5.24,4.86,4.92,4.96,4.88,5.08,4.97,0.0,0.0,5.3,4.85,5.04,0.0,0.0,5.27,4.97,4.78,0.0,5.24,4.87,5.06,0.0,0.0,0.0,4.99,4.87,0.0,0.0,838.6,829.3,833.4,67.413,66.763,66.741
P3,IB5,P3-IB5-1-2-SI12,SACU-1,19,19,0,100.0,0.0,MBUS-12,On-grid,520.03,102.839,0.115,1079.1,1079.1,1079.1,1079.1,1083.8,1083.8,1083.8,1083.8,1083.8,1084.4,1084.4,1084.4,1084.4,1084.4,1077.5,1077.5,1077.5,1077.5,1065.3,1065.3,1065.3,1065.3,1065.3,1094.5,1094.5,1094.5,1094.5,1094.5,5.13,5.16,5.01,5.08,4.77,5.07,4.94,0.0,0.0,5.17,5.05,5.15,0.0,0.0,5.15,5.1,4.96,0.0,5.12,5.05,5.17,0.0,0.0,4.72,5.12,5.03,0.0,0.0,836.8,829.1,832.4,71.83,71.663,71.516
P3,IB5,P3-IB5-1-2-SI13,SACU-1,19,12,7,63.16,36.84,MBUS-13,On-grid,326.39,63.945,0.013,1089.1,1089.1,1089.1,1089.1,1049.7,1049.7,1049.7,1049.7,1049.7,1091.4,1091.4,1091.4,1091.4,1091.4,375.7,375.7,375.7,375.7,1066.5,1066.5,1066.5,1066.5,1066.5,1075.7,1075.7,1075.7,1075.7,1075.7,0.0,5.03,5.01,4.9,4.95,5.0,5.23,0.0,0.0,5.21,0.0,0.0,0.0,0.0,0.0,0.0,0.0,0.0,0.0,5.15,5.09,0.0,0.0,5.05,4.9,5.1,0.0,0.0,837.5,835.2,827.2,44.832,44.179,44.402
P3,IB5,P3-IB5-1-2-SI14,SACU-1,19,19,0,100.0,0.0,MBUS-14,On-grid,518.15,102.102,0.058,1086.1,1086.1,1086.1,1086.1,1091.0,1091.0,1091.0,1091.0,1091.0,1063.7,1063.7,1063.7,1063.7,1063.7,1073.0,1073.0,1073.0,1073.0,1080.9,1080.9,1080.9,1080.9,1080.9,1095.1,1095.1,1095.1,1095.1,1095.1,5.33,4.96,4.96,4.8,5.12,5.1,4.97,0.0,0.0,4.87,5.19,4.84,0.0,0.0,5.2,4.83,5.07,0.0,5.09,5.07,4.92,0.0,0.0,5.11,4.99,4.93,0.0,0.0,840.2,839.5,826.7,71.061,70.676,70.555
P3,IB5,P3-IB5-1-2-SI15,SACU-1,19,17,2,89.47,10.53,MBUS-15,On-grid,464.87,90.469,0.091,1083.8,1083.8,1083.8,1083.8,1081.6,1081.6,1081.6,1081.6,1081.6,1083.0,1083.0,1083.0,1083.0,1083.0,1074.4,1074.4,1074.4,1074.4,1090.4,1090.4,1090.4,1090.4,1090.4,1082.9,1082.9,1082.9,1082.9,1082.9,5.02,4.95,4.83,5.04,4.91,4.96,5.0,0.0,0.0,5.32,4.88,5.03,0.0,0.0,5.16,5.02,4.92,0.0,0.0,0.0,4.87,0.0,0.0,5.13,4.96,4.82,0.0,0.0,839.0,835.1,828.8,63.183,62.526,62.628
P3,IB5,P3-IB5-1-2-SI16,SACU-1,19,19,0,100.0,0.0,MBUS-16,On-grid,518.1,102.162,-0.009,1068.7,1068.7,1068.7,1068.7,1086.1,1086.1,1086.1,1086.1,1086.1,1092.8,1092.8,1092.8,1092.8,1092.8,1084.3,1084.3,1084.3,1084.3,1077.9,1077.9,1077.9,1077.9,1077.9,1080.1,1080.1,1080.1,1080.1,1080.1,5.05,5.11,5.04,5.19,4.94,5.05,4.86,0.0,0.0,5.25,4.82,5.05,0.0,0.0,5.18,5.05,4.86,0.0,5.15,4.96,5.11,0.0,0.0,5.0,5.06,5.03,0.0,0.0,838.8,830.4,833.1,71.127,70.645,71.136
P3,IB5,P3-IB5-2-1-SI01,SACU-1,19,19,0,100.0,0.0,MBUS-17,On-grid,525.48,104.602,-0.043,1104.2,1104.2,1104.2,1104.2,1086.2,1086.2,1086.2,1086.2,1086.2,1083.2,1083.2,1083.2,1083.2,1083.2,1091.9,1091.9,1091.9,1091.9,1087.2,1087.2,1087.2,1087.2,1087.2,1084.0,1084.0,1084.0,1084.0,1084.0,5.24,4.96,5.07,4.97,5.27,5.1,5.12,0.0,0.0,5.27,5.12,5.04,0.0,0.0,5.38,5.01,5.1,0.0,5.23,5.1,4.93,0.0,0.0,5.37,4.97,5.16,0.0,0.0,839.0,833.0,830.3,72.931,72.276,72.567
P3,IB5,P3-IB5-2-1-SI02,SACU-1,19,17,2,89.47,10.53,MBUS-18,On-grid,462.8,92.458,0.013,1079.5,1079.5,1079.5,1079.5,1080.4,1080.4,1080.4,1080.4,1080.4,1077.3,1077.3,1077.3,1077.3,1077.3,1082.3,1082.3,1082.3,1082.3,1073.1,1073.1,1073.1,1073.1,1073.1,1079.3,1079.3,1079.3,1079.3,1079.3,5.36,5.04,5.11,5.02,4.94,5.06,5.11,0.0,0.0,5.15,5.12,5.09,0.0,0.0,5.25,5.09,5.06,0.0,0.0,5.18,5.01,0.0,0.0,0.0,5.13,5.15,0.0,0.0,837.0,833.6,828.4,64.804,64.23,64.104
P3,IB5,P3-IB5-2-1-SI03,SACU-1,19,19,0,100.0,0.0,MBUS-19,On-grid,523.77,106.038,0.033,1091.8,1091.8,1091.8,1091.8,1077.2,1077.2,1077.2,1077.2,1077.2,1083.1,1083.1,1083.1,1083.1,1083.1,1100.2,1100.2,1100.2,1100.2,1093.9,1093.9,1093.9,1093.9,1093.9,1081.5,1081.5,1081.5,1081.5,1081.5,5.49,5.13,5.17,5.12,5.21,5.25,5.3,0.0,0.0,5.26,5.19,5.13,0.0,0.0,5.33,5.02,5.18,0.0,5.34,5.26,5.16,0.0,0.0,5.47,5.03,5.24,0.0,0.0,842.6,838.4,832.0,73.331,73.172,72.975
P3,IB5,P3-IB5-2-1-SI04,SACU-1,19,17,2,89.47,10.53,MBUS-20,On-grid,467.15,93.671,0.013,1081.5,1081.5,1081.5,1081.5,1091.5,1091.5,1091.5,1091.5,1091.5,1093.6,1093.6,1093.6,1093.6,1093.6,1091.2,1091.2,1091.2,1091.2,1085.6,1085.6,1085.6,1085.6,1085.6,1076.8,1076.8,1076.8,1076.8,1076.8,0.0,4.99,5.05,4.99,5.38,5.07,0.0,0.0,0.0,5.4,4.99,5.17,0.0,0.0,5.27,5.04,4.98,0.0,5.54,5.0,5.04,0.0,0.0,5.27,4.94,5.03,0.0,0.0,840.2,836.4,830.1,64.713,65.206,64.928
P3,IB5,P3-IB5-2-1-SI05,SACU-1,19,19,0,100.0,0.0,MBUS-21,On-grid,522.15,105.254,0.014,1076.3,1076.3,1076.3,1076.3,1082.0,1082.0,1082.0,1082.0,1082.0,1077.8,1077.8,1077.8,1077.8,1077.8,1091.7,1091.7,1091.7,1091.7,1082.2,1082.2,1082.2,1082.2,1082.2,1085.5,1085.5,1085.5,1085.5,1085.5,5.49,5.08,5.18,5.12,5.21,5.09,5.04,0.0,0.0,5.24,5.19,5.14,0.0,0.0,5.38,4.98,5.15,0.0,5.14,5.27,5.05,0.0,0.0,5.49,4.99,5.28,0.0,0.0,842.9,834.5,838.1,73.041,72.594,72.606
P3,IB5,P3-IB5-2-1-SI06,SACU-1,19,19,0,100.0,0.0,MBUS-22,On-grid,522.87,105.045,0.007,1081.0,1081.0,1081.0,1081.0,1087.2,1087.2,1087.2,1087.2,1087.2,1088.1,1088.1,1088.1,1088.1,1088.1,1097.1,1097.1,1097.1,1097.1,1081.2,1081.2,1081.2,1081.2,1081.2,1088.5,1088.5,1088.5,1088.5,1088.5,5.39,5.02,5.13,5.04,5.08,5.25,5.06,0.0,0.0,5.37,5.09,5.21,0.0,0.0,5.22,5.17,5.09,0.0,5.14,5.03,5.22,0.0,0.0,5.36,5.08,4.92,0.0,0.0,841.6,838.5,832.1,72.959,72.563,72.397
P3,IB5,P3-IB5-2-1-SI07,SACU-1,19,19,0,100.0,0.0,MBUS-23,On-grid,524.0,106.155,-0.032,1081.7,1081.7,1081.7,1081.7,1089.2,1089.2,1089.2,1089.2,1089.2,1098.6,1098.6,1098.6,1098.6,1098.6,1086.7,1086.7,1086.7,1086.7,1092.4,1092.4,1092.4,1092.4,1092.4,1097.8,1097.8,1097.8,1097.8,1097.8,5.46,5.02,5.23,5.22,5.17,5.12,5.15,0.0,0.0,5.14,5.19,5.17,0.0,0.0,5.59,5.08,5.08,0.0,5.52,5.2,4.99,0.0,0.0,5.31,5.04,5.26,0.0,0.0,842.4,834.1,836.9,73.447,73.022,73.222
P3,IB5,P3-IB5-2-1-SI08,SACU-1,19,18,1,94.74,5.26,MBUS-24,On-grid,492.7,98.823,-0.04,1083.5,1083.5,1083.5,1083.5,1077.6,1077.6,1077.6,1077.6,1077.6,1084.9,1084.9,1084.9,1084.9,1084.9,1085.5,1085.5,1085.5,1085.5,1081.0,1081.0,1081.0,1081.0,1081.0,1081.0,1081.0,1081.0,1081.0,1081.0,5.34,4.91,5.22,5.01,5.33,5.04,5.16,0.0,0.0,5.28,5.1,5.09,0.0,0.0,5.27,5.12,4.99,0.0,0.0,5.03,5.17,0.0,0.0,5.33,5.14,5.06,0.0,0.0,840.4,836.7,831.1,68.806,68.324,68.434
P3,IB5,P3-IB5-2-2-SI09,SACU-1,19,19,0,100.0,0.0,MBUS-25,On-grid,521.41,103.906,0.031,1082.4,1082.4,1082.4,1082.4,1065.3,1065.3,1065.3,1065.3,1065.3,1082.1,1082.1,1082.1,1082.1,1082.1,1091.4,1091.4,1091.4,1091.4,1086.1,1086.1,1086.1,1086.1,1086.1,1081.2,1081.2,1081.2,1081.2,1081.2,5.52,5.03,5.03,4.98,5.32,5.09,5.14,0.0,0.0,5.35,5.02,5.0,0.0,0.0,5.55,4.9,5.01,0.0,5.31,5.11,4.93,0.0,0.0,5.27,4.85,5.17,0.0,0.0,837.8,828.9,832.6,72.675,72.162,72.031
P3,IB5,P3-IB5-2-2-SI10,SACU-1,19,19,0,100.0,0.0,MBUS-26,On-grid,522.41,104.34,-0.024,1088.6,1088.6,1088.6,1088.6,1089.9,1089.9,1089.9,1089.9,1089.9,1080.9,1080.9,1080.9,1080.9,1080.9,1072.3,1072.3,1072.3,1072.3,1085.1,1085.1,1085.1,1085.1,1085.1,1097.4,1097.4,1097.4,1097.4,1097.4,5.46,5.0,5.13,5.01,5.12,5.05,5.14,0.0,0.0,5.28,5.05,5.06,0.0,0.0,5.51,4.96,5.05,0.0,5.19,5.09,5.12,0.0,0.0,5.06,5.03,5.05,0.0,0.0,838.8,830.1,834.3,72.592,72.239,72.267
P3,IB5,P3-IB5-2-2-SI11,SACU-1,19,19,0,100.0,0.0,MBUS-27,On-grid,518.16,103.48,0.026,1087.5,1087.5,1087.5,1087.5,1075.7,1075.7,1075.7,1075.7,1075.7,1075.6,1075.6,1075.6,1075.6,1075.6,1082.4,1082.4,1082.4,1082.4,1101.6,1101.6,1101.6,1101.6,1101.6,1091.1,1091.1,1091.1,1091.1,1091.1,5.32,4.95,5.08,5.01,5.11,5.04,4.95,0.0,0.0,5.31,4.96,5.19,0.0,0.0,5.18,5.11,4.94,0.0,5.3,5.05,5.05,0.0,0.0,5.13,5.11,4.98,0.0,0.0,840.1,831.3,834.3,72.402,71.619,71.705
P3,IB5,P3-IB5-2-2-SI12,SACU-1,19,19,0,100.0,0.0,MBUS-28,On-grid,517.11,104.521,0.022,1089.4,1089.4,1089.4,1089.4,1062.8,1062.8,1062.8,1062.8,1062.8,1067.6,1067.6,1067.6,1067.6,1067.6,1078.8,1078.8,1078.8,1078.8,1084.8,1084.8,1084.8,1084.8,1084.8,1088.5,1088.5,1088.5,1088.5,1088.5,5.44,5.11,5.01,5.22,5.22,5.31,5.07,0.0,0.0,5.46,4.96,5.33,0.0,0.0,5.36,5.15,5.08,0.0,5.28,5.12,5.17,0.0,0.0,5.22,5.19,5.15,0.0,0.0,841.5,836.8,832.9,72.754,72.189,72.369
P3,IB5,P3-IB5-2-2-SI14,SACU-1,19,8,11,42.11,57.89,MBUS-29,On-grid,220.03,44.055,0.047,1071.3,1071.3,1071.3,1071.3,383.7,383.7,383.7,383.7,383.7,1068.9,1068.9,1068.9,1068.9,1068.9,1086.4,1086.4,1086.4,1086.4,1077.0,1077.0,1077.0,1077.0,1077.0,1073.0,1073.0,1073.0,1073.0,1073.0,5.24,0.0,0.0,0.0,0.0,0.0,0.0,0.0,0.0,5.36,0.0,0.0,0.0,0.0,0.0,0.0,5.16,0.0,5.01,5.31,5.05,0.0,0.0,5.2,5.04,0.0,0.0,0.0,837.7,832.8,829.9,31.293,30.588,30.653
P3,IB5,P3-IB5-2-2-SI13,SACU-1,19,14,5,73.68,26.32,MBUS-30,On-grid,382.23,77.098,0.025,1085.5,1085.5,1085.5,1085.5,1091.5,1091.5,1091.5,1091.5,1091.5,1082.9,1082.9,1082.9,1082.9,1082.9,1077.4,1077.4,1077.4,1077.4,1082.1,1082.1,1082.1,1082.1,1082.1,1073.7,1073.7,1073.7,1073.7,1073.7,5.35,5.16,4.93,5.21,5.2,5.21,0.0,0.0,0.0,5.49,5.0,5.26,0.0,0.0,5.4,0.0,5.13,0.0,5.4,0.0,5.03,0.0,0.0,5.45,0.0,0.0,0.0,0.0,841.0,837.3,831.4,53.92,53.336,53.223
P3,IB5,P3-IB5-2-2-SI15,SACU-1,19,15,4,78.95,21.05,MBUS-31,On-grid,407.44,81.986,0.038,1079.9,1079.9,1079.9,1079.9,1078.4,1078.4,1078.4,1078.4,1078.4,1086.9,1086.9,1086.9,1086.9,1086.9,1095.9,1095.9,1095.9,1095.9,1071.0,1071.0,1071.0,1071.0,1071.0,1083.6,1083.6,1083.6,1083.6,1083.6,0.0,5.14,5.12,5.04,0.0,5.16,5.03,0.0,0.0,5.29,5.13,5.05,0.0,0.0,5.46,4.97,0.0,0.0,5.11,0.0,4.97,0.0,0.0,5.3,4.99,5.21,0.0,0.0,841.6,833.0,836.2,57.166,56.58,56.728
P3,IB5,P3-IB5-2-2-SI16,SACU-1,19,18,1,94.74,5.26,MBUS-32,On-grid,490.77,99.048,-0.081,1087.0,1087.0,1087.0,1087.0,1082.9,1082.9,1082.9,1082.9,1082.9,1084.2,1084.2,1084.2,1084.2,1084.2,1084.3,1084.3,1084.3,1084.3,1085.9,1085.9,1085.9,1085.9,1085.9,1091.4,1091.4,1091.4,1091.4,1091.4,5.21,5.12,4.91,5.13,4.97,5.24,5.01,0.0,0.0,0.0,5.18,4.98,0.0,0.0,5.41,4.97,5.05,0.0,5.07,5.05,5.04,0.0,0.0,5.34,5.07,5.11,0.0,0.0,842.6,833.4,837.1,68.78,68.214,68.384
P3,IB5,P3-IB5-3-1-SI01,SACU-2,19,17,2,89.47,10.53,MBUS-1,On-grid,504.48,110.825,0.077,1074.4,1074.4,1074.4,1074.4,1088.8,1088.8,1088.8,1088.8,1088.8,1090.3,1090.3,1090.3,1090.3,1090.3,1090.0,1090.0,1090.0,1090.0,1097.2,1097.2,1097.2,1097.2,1097.2,1090.5,1090.5,1090.5,1090.5,1090.5,6.2,5.83,0.0,0.0,6.07,6.07,5.98,0.0,0.0,6.12,5.95,6.05,0.0,0.0,6.04,6.07,5.99,0.0,6.03,5.95,6.06,0.0,0.0,6.03,6.1,6.08,0.0,0.0,840.3,837.0,831.3,77.259,76.434,76.439
P3,IB5,P3-IB5-3-1-SI02,SACU-2,19,12,7,63.16,36.84,MBUS-2,On-grid,357.66,78.412,-0.005,385.0,385.0,385.0,385.0,1082.1,1082.1,1082.1,1082.1,1082.1,1090.3,1090.3,1090.3,1090.3,1090.3,1086.1,1086.1,1086.1,1086.1,1094.0,1094.0,1094.0,1094.0,1094.0,1090.5,1090.5,1090.5,1090.5,1090.5,0.0,0.0,0.0,0.0,0.0,6.13,0.0,0.0,0.0,6.28,0.0,6.14,0.0,0.0,5.95,6.15,6.13,0.0,6.07,6.26,6.05,0.0,0.0,6.08,6.15,6.2,0.0,0.0,837.5,833.2,829.1,54.606,54.384,54.309
P3,IB5,P3-IB5-3-1-SI03,SACU-2,19,19,0,100.0,0.0,MBUS-3,On-grid,565.1,124.619,-0.029,1088.1,1088.1,1088.1,1088.1,1072.4,1072.4,1072.4,1072.4,1072.4,1079.0,1079.0,1079.0,1079.0,1079.0,1096.7,1096.7,1096.7,1096.7,1093.8,1093.8,1093.8,1093.8,1093.8,1081.5,1081.5,1081.5,1081.5,1081.5,6.38,6.07,6.07,6.0,6.31,6.17,6.18,0.0,0.0,6.16,6.08,6.2,0.0,0.0,6.22,5.99,6.16,0.0,6.18,6.16,6.01,0.0,0.0,6.36,5.96,6.27,0.0,0.0,838.2,834.8,828.6,86.816,85.826,86.329
P3,IB5,P3-IB5-3-1-SI04,SACU-2,19,18,1,94.74,5.26,MBUS-4,On-grid,531.91,117.985,0.016,1099.2,1099.2,1099.2,1099.2,1091.9,1091.9,1091.9,1091.9,1091.9,1100.1,1100.1,1100.1,1100.1,1100.1,1096.7,1096.7,1096.7,1096.7,1075.9,1075.9,1075.9,1075.9,1075.9,1090.0,1090.0,1090.0,1090.0,1090.0,6.22,5.91,5.91,6.08,6.22,6.07,6.1,0.0,0.0,6.17,6.09,5.91,0.0,0.0,6.41,5.95,0.0,0.0,6.22,6.19,6.02,0.0,0.0,6.32,6.01,6.06,0.0,0.0,838.8,835.2,828.5,82.174,81.858,81.999
P3,IB5,P3-IB5-3-1-SI05,SACU-2,19,16,3,84.21,15.79,MBUS-5,On-grid,474.93,104.072,0.046,1082.7,1082.7,1082.7,1082.7,1094.2,1094.2,1094.2,1094.2,1094.2,1082.1,1082.1,1082.1,1082.1,1082.1,1095.1,1095.1,1095.1,1095.1,1086.6,1086.6,1086.6,1086.6,1086.6,1095.4,1095.4,1095.4,1095.4,1095.4,0.0,0.0,0.0,6.09,5.77,6.16,5.99,0.0,0.0,6.23,6.11,6.11,0.0,0.0,5.95,5.99,5.91,0.0,6.14,6.0,6.15,0.0,0.0,6.04,6.08,6.05,0.0,0.0,841.5,838.4,831.8,72.11,71.795,71.46
P3,IB5,P3-IB5-3-1-SI06,SACU-2,19,19,0,100.0,0.0,MBUS-6,On-grid,565.6,124.745,-0.002,1083.4,1083.4,1083.4,1083.4,1091.6,1091.6,1091.6,1091.6,1091.6,1105.8,1105.8,1105.8,1105.8,1105.8,1085.0,1085.0,1085.0,1085.0,1082.6,1082.6,1082.6,1082.6,1082.6,1089.9,1089.9,1089.9,1089.9,1089.9,6.29,6.03,5.93,6.1,6.14,6.16,6.01,0.0,0.0,6.31,5.94,6.02,0.0,0.0,6.21,6.07,5.95,0.0,6.42,5.99,6.2,0.0,0.0,6.21,6.07,6.02,0.0,0.0,839.5,836.9,827.6,86.345,86.597,86.241
P3,IB5,P3-IB5-3-1-SI07,SACU-2,19,19,0,100.0,0.0,MBUS-7,On-grid,564.55,124.87,0.01,1090.1,1090.1,1090.1,1090.1,1073.4,1073.4,1073.4,1073.4,1073.4,1087.9,1087.9,1087.9,1087.9,1087.9,1087.2,1087.2,1087.2,1087.2,1095.9,1095.9,1095.9,1095.9,1095.9,1072.2,1072.2,1072.2,1072.2,1072.2,6.17,6.19,5.96,6.13,5.84,6.23,6.09,0.0,0.0,6.18,5.95,6.29,0.0,0.0,6.33,6.09,6.01,0.0,6.33,6.13,6.17,0.0,0.0,5.92,6.2,6.13,0.0,0.0,838.2,832.4,830.8,86.51,86.635,86.297
P3,IB5,P3-IB5-3-1-SI08,SACU-2,19,19,0,100.0,0.0,MBUS-8,On-grid,564.89,124.094,0.048,1090.8,1090.8,1090.8,1090.8,1086.1,1086.1,1086.1,1086.1,1086.1,1086.7,1086.7,1086.7,1086.7,1086.7,1080.3,1080.3,1080.3,1080.3,1083.9,1083.9,1083.9,1083.9,1083.9,1085.9,1085.9,1085.9,1085.9,1085.9,6.04,6.13,6.02,6.1,5.73,6.14,5.97,0.0,0.0,6.22,6.06,6.14,0.0,0.0,6.08,6.14,6.02,0.0,6.26,6.01,6.15,0.0,0.0,5.89,6.01,5.86,0.0,0.0,839.4,831.4,834.1,86.138,85.798,85.545
P3,IB5,P3-IB5-3-2-SI09,SACU-2,19,19,0,100.0,0.0,MBUS-9,On-grid,560.95,123.384,0.011,1088.3,1088.3,1088.3,1088.3,1086.2,1086.2,1086.2,1086.2,1086.2,1101.6,1101.6,1101.6,1101.6,1101.6,1102.2,1102.2,1102.2,1102.2,1092.5,1092.5,1092.5,1092.5,1092.5,1093.0,1093.0,1093.0,1093.0,1093.0,6.33,5.95,5.99,5.95,6.06,6.03,6.07,0.0,0.0,5.85,6.07,5.97,0.0,0.0,6.16,5.83,5.98,0.0,6.03,6.11,5.92,0.0,0.0,6.22,5.86,6.08,0.0,0.0,841.2,838.2,831.3,85.489,84.888,85.249
P3,IB5,P3-IB5-3-2-SI10,SACU-2,19,15,4,78.95,21.05,MBUS-10,On-grid,442.64,96.837,-0.067,1086.7,1086.7,1086.7,1086.7,1111.7,1111.7,1111.7,1111.7,1111.7,1093.1,1093.1,1093.1,1093.1,1093.1,1092.1,1092.1,1092.1,1092.1,1086.6,1086.6,1086.6,1086.6,1086.6,1095.9,1095.9,1095.9,1095.9,1095.9,6.2,5.99,5.83,6.02,6.0,0.0,5.66,0.0,0.0,6.12,5.96,5.95,0.0,0.0,6.31,5.96,5.87,0.0,6.45,5.86,0.0,0.0,0.0,6.23,0.0,0.0,0.0,0.0,841.0,832.9,836.1,67.374,67.066,66.869
P3,IB5,P3-IB5-3-2-SI11,SACU-2,19,19,0,100.0,0.0,MBUS-11,On-grid,567.73,125.424,0.065,1099.8,1099.8,1099.8,1099.8,1104.5,1104.5,1104.5,1104.5,1104.5,1110.6,1110.6,1110.6,1110.6,1110.6,1084.8,1084.8,1084.8,1084.8,1080.3,1080.3,1080.3,1080.3,1080.3,1081.1,1081.1,1081.1,1081.1,1081.1,6.03,6.13,6.22,5.99,5.81,5.95,6.13,0.0,0.0,5.98,6.08,6.17,0.0,0.0,6.34,6.09,6.08,0.0,6.17,6.08,6.17,0.0,0.0,5.89,6.0,6.31,0.0,0.0,837.5,832.5,831.3,87.153,86.946,86.652
P3,IB5,P3-IB5-3-2-SI12,SACU-2,19,18,1,94.74,5.26,MBUS-12,On-grid,530.85,117.332,-0.028,1079.9,1079.9,1079.9,1079.9,1068.1,1068.1,1068.1,1068.1,1068.1,1083.3,1083.3,1083.3,1083.3,1083.3,1087.7,1087.7,1087.7,1087.7,1086.5,1086.5,1086.5,1086.5,1086.5,1088.2,1088.2,1088.2,1088.2,1088.2,6.19,5.97,6.14,6.19,0.0,6.13,6.22,0.0,0.0,6.17,5.91,6.24,0.0,0.0,6.17,6.03,5.87,0.0,6.33,6.22,5.95,0.0,0.0,5.73,6.22,6.02,0.0,0.0,838.0,834.3,829.5,81.599,81.002,80.92
P3,IB5,P3-IB5-3-2-SI13,SACU-2,19,19,0,100.0,0.0,MBUS-13,On-grid,560.65,124.176,0.11,1079.1,1079.1,1079.1,1079.1,1078.0,1078.0,1078.0,1078.0,1078.0,1082.7,1082.7,1082.7,1082.7,1082.7,1094.1,1094.1,1094.1,1094.1,1091.4,1091.4,1091.4,1091.4,1091.4,1090.5,1090.5,1090.5,1090.5,1090.5,6.25,5.93,6.06,5.95,6.07,6.04,6.11,0.0,0.0,6.09,6.07,6.03,0.0,0.0,6.29,5.88,6.07,0.0,6.16,6.09,6.11,0.0,0.0,6.16,6.16,6.19,0.0,0.0,841.2,832.2,836.5,86.096,85.607,85.867
P3,IB5,P3-IB5-3-2-SI14,SACU-2,19,18,1,94.74,5.26,MBUS-14,On-grid,525.2,116.005,0.026,1080.8,1080.8,1080.8,1080.8,1080.6,1080.6,1080.6,1080.6,1080.6,1084.5,1084.5,1084.5,1084.5,1084.5,1078.1,1078.1,1078.1,1078.1,1092.9,1092.9,1092.9,1092.9,1092.9,1091.0,1091.0,1091.0,1091.0,1091.0,6.22,6.06,5.9,5.78,5.91,6.0,6.04,0.0,0.0,6.14,5.89,6.13,0.0,0.0,6.15,6.11,5.83,0.0,6.5,5.96,6.05,0.0,0.0,6.28,0.0,5.97,0.0,0.0,840.9,837.4,830.9,80.594,80.056,79.874
P3,IB5,P3-IB5-3-2-SI15,SACU-2,19,10,9,52.63,47.37,MBUS-15,On-grid,296.63,64.769,-0.076,1093.6,1093.6,1093.6,1093.6,1095.4,1095.4,1095.4,1095.4,1095.4,1079.9,1079.9,1079.9,1079.9,1079.9,1079.4,1079.4,1079.4,1079.4,1080.3,1080.3,1080.3,1080.3,1080.3,381.7,381.7,381.7,381.7,381.7,0.0,0.0,0.0,5.99,0.0,6.05,0.0,0.0,0.0,5.9,6.19,6.09,0.0,0.0,6.01,6.03,6.15,0.0,6.08,6.08,0.0,0.0,0.0,0.0,0.0,0.0,0.0,0.0,840.0,834.5,830.8,45.259,44.577,44.533
P3,IB5,P3-IB5-3-2-SI16,SACU-2,19,10,9,52.63,47.37,MBUS-16,On-grid,296.57,65.515,-0.028,1084.1,1084.1,1084.1,1084.1,1084.8,1084.8,1084.8,1084.8,1084.8,1088.9,1088.9,1088.9,1088.9,1088.9,1084.3,1084.3,1084.3,1084.3,1087.9,1087.9,1087.9,1087.9,1087.9,1084.4,1084.4,1084.4,1084.4,1084.4,0.0,0.0,0.0,6.1,6.25,0.0,0.0,0.0,0.0,6.22,0.0,0.0,0.0,0.0,0.0,6.09,5.97,0.0,6.35,5.96,6.1,0.0,0.0,6.28,0.0,5.99,0.0,0.0,840.0,832.4,835.8,45.249,45.191,44.958
P3,IB5,P3-IB5-4-1-SI01,SACU-2,19,14,5,73.68,26.32,MBUS-17,On-grid,410.78,91.547,-0.065,1079.6,1079.6,1079.6,1079.6,1093.6,1093.6,1093.6,1093.6,1093.6,1094.8,1094.8,1094.8,1094.8,1094.8,1082.8,1082.8,1082.8,1082.8,1063.1,1063.1,1063.1,1063.1,1063.1,1077.8,1077.8,1077.8,1077.8,1077.8,6.46,5.97,6.04,6.02,6.1,6.05,5.95,0.0,0.0,6.47,0.0,5.91,0.0,0.0,6.49,0.0,0.0,0.0,6.6,0.0,0.0,0.0,0.0,6.53,5.95,6.02,0.0,0.0,838.2,833.9,828.6,63.882,63.483,63.526
P3,IB5,P3-IB5-4-1-SI02,SACU-2,19,19,0,100.0,0.0,MBUS-18,On-grid,558.97,124.752,-0.123,1071.8,1071.8,1071.8,1071.8,1078.8,1078.8,1078.8,1078.8,1078.8,1081.1,1081.1,1081.1,1081.1,1081.1,1081.1,1081.1,1081.1,1081.1,1085.3,1085.3,1085.3,1085.3,1085.3,1079.0,1079.0,1079.0,1079.0,1079.0,6.22,6.12,6.25,6.18,6.0,6.09,6.19,0.0,0.0,6.08,6.24,6.14,0.0,0.0,6.17,6.22,6.19,0.0,6.15,6.2,6.05,0.0,0.0,5.98,6.05,6.26,0.0,0.0,839.1,834.3,829.8,86.771,86.197,86.174
P3,IB5,P3-IB5-4-1-SI03,SACU-2,19,15,4,78.95,21.05,MBUS-19,On-grid,442.12,98.475,0.048,1099.6,1099.6,1099.6,1099.6,1096.5,1096.5,1096.5,1096.5,1096.5,1080.4,1080.4,1080.4,1080.4,1080.4,1086.1,1086.1,1086.1,1086.1,1090.8,1090.8,1090.8,1090.8,1090.8,1075.1,1075.1,1075.1,1075.1,1075.1,6.43,5.87,5.89,6.14,6.28,0.0,0.0,0.0,0.0,6.29,6.07,6.18,0.0,0.0,6.29,6.05,0.0,0.0,0.0,6.1,6.11,0.0,0.0,6.25,6.16,6.14,0.0,0.0,839.9,834.9,830.4,68.562,68.299,67.954
P3,IB5,P3-IB5-4-1-SI04,SACU-2,19,18,1,94.74,5.26,MBUS-20,On-grid,533.49,118.553,0.037,1094.5,1094.5,1094.5,1094.5,1086.2,1086.2,1086.2,1086.2,1086.2,1076.9,1076.9,1076.9,1076.9,1076.9,1071.6,1071.6,1071.6,1071.6,1075.9,1075.9,1075.9,1075.9,1075.9,1087.0,1087.0,1087.0,1087.0,1087.0,6.38,6.23,5.63,6.11,6.88,5.85,5.8,0.0,0.0,6.26,6.25,6.09,0.0,0.0,6.33,6.03,6.14,0.0,6.48,6.19,6.0,0.0,0.0,6.18,0.0,6.14,0.0,0.0,840.9,839.0,828.7,82.229,81.785,82.017
P3,IB5,P3-IB5-4-1-SI05,SACU-2,19,19,0,100.0,0.0,MBUS-21,On-grid,558.96,123.831,0.017,1086.1,1086.1,1086.1,1086.1,1089.4,1089.4,1089.4,1089.4,1089.4,1084.6,1084.6,1084.6,1084.6,1084.6,1080.7,1080.7,1080.7,1080.7,1078.7,1078.7,1078.7,1078.7,1078.7,1085.8,1085.8,1085.8,1085.8,1085.8,6.21,5.97,6.07,6.1,6.0,6.16,6.15,0.0,0.0,6.19,6.02,6.04,0.0,0.0,6.27,6.03,6.15,0.0,6.3,6.19,6.01,0.0,0.0,6.36,6.03,6.23,0.0,0.0,837.5,832.4,828.8,86.012,86.076,86.015
P3,IB5,P3-IB5-4-1-SI06,SACU-2,19,19,0,100.0,0.0,MBUS-22,On-grid,564.58,125.631,-0.042,1079.2,1079.2,1079.2,1079.2,1099.3,1099.3,1099.3,1099.3,1099.3,1086.2,1086.2,1086.2,1086.2,1086.2,1078.0,1078.0,1078.0,1078.0,1079.4,1079.4,1079.4,1079.4,1079.4,1074.4,1074.4,1074.4,1074.4,1074.4,6.22,6.2,6.06,6.2,6.11,6.2,6.1,0.0,0.0,6.37,6.13,6.2,0.0,0.0,6.24,6.16,6.12,0.0,6.38,6.17,6.25,0.0,0.0,6.24,6.25,6.28,0.0,0.0,838.2,830.4,831.4,87.266,86.937,86.724
P3,IB5,P3-IB5-4-1-SI07,SACU-2,19,19,0,100.0,0.0,MBUS-23,On-grid,566.11,125.982,-0.123,1094.7,1094.7,1094.7,1094.7,1100.3,1100.3,1100.3,1100.3,1100.3,1081.5,1081.5,1081.5,1081.5,1081.5,1093.9,1093.9,1093.9,1093.9,1094.5,1094.5,1094.5,1094.5,1094.5,1083.4,1083.4,1083.4,1083.4,1083.4,6.39,6.06,6.14,6.0,6.21,6.14,6.11,0.0,0.0,6.31,6.05,6.07,0.0,0.0,6.32,6.06,6.15,0.0,6.04,6.29,6.08,0.0,0.0,6.34,6.06,6.24,0.0,0.0,840.1,830.2,833.8,87.102,87.116,87.061
P3,IB5,P3-IB5-4-1-SI08,SACU-2,19,19,0,100.0,0.0,MBUS-24,On-grid,565.6,125.555,-0.013,1085.4,1085.4,1085.4,1085.4,1089.9,1089.9,1089.9,1089.9,1089.9,1088.1,1088.1,1088.1,1088.1,1088.1,1078.6,1078.6,1078.6,1078.6,1091.6,1091.6,1091.6,1091.6,1091.6,1083.2,1083.2,1083.2,1083.2,1083.2,6.53,6.0,6.19,6.09,6.21,6.0,6.2,0.0,0.0,6.33,6.01,6.22,0.0,0.0,6.47,5.92,6.13,0.0,6.2,6.11,6.11,0.0,0.0,6.19,6.13,6.17,0.0,0.0,839.1,833.9,829.9,87.161,86.767,86.742
P3,IB5,P3-IB5-4-2-SI09,SACU-2,19,19,0,100.0,0.0,MBUS-25,On-grid,565.38,125.485,-0.009,1084.9,1084.9,1084.9,1084.9,1094.0,1094.0,1094.0,1094.0,1094.0,1095.6,1095.6,1095.6,1095.6,1095.6,1084.6,1084.6,1084.6,1084.6,1074.4,1074.4,1074.4,1074.4,1074.4,1091.6,1091.6,1091.6,1091.6,1091.6,6.07,6.26,6.07,6.2,5.85,6.29,6.03,0.0,0.0,6.42,5.97,6.23,0.0,0.0,6.13,6.01,6.12,0.0,6.21,6.25,6.3,0.0,0.0,6.12,6.23,6.23,0.0,0.0,840.9,831.2,834.1,86.984,87.032,86.788
P3,IB5,P3-IB5-4-2-SI10,SACU-2,19,19,0,100.0,0.0,MBUS-26,On-grid,558.42,123.967,-0.052,1083.7,1083.7,1083.7,1083.7,1088.7,1088.7,1088.7,1088.7,1088.7,1091.6,1091.6,1091.6,1091.6,1091.6,1066.5,1066.5,1066.5,1066.5,1076.3,1076.3,1076.3,1076.3,1076.3,1081.6,1081.6,1081.6,1081.6,1081.6,6.23,6.14,6.0,6.15,5.9,6.16,5.91,0.0,0.0,6.31,6.02,6.08,0.0,0.0,6.28,6.18,6.06,0.0,6.5,6.08,6.17,0.0,0.0,6.21,6.12,6.08,0.0,0.0,840.9,836.4,831.6,85.872,86.178,85.487
P3,IB5,P3-IB5-4-2-SI11,SACU-2,19,19,0,100.0,0.0,MBUS-27,On-grid,559.08,123.778,-0.052,1083.6,1083.6,1083.6,1083.6,1087.6,1087.6,1087.6,1087.6,1087.6,1088.4,1088.4,1088.4,1088.4,1088.4,1096.9,1096.9,1096.9,1096.9,1085.0,1085.0,1085.0,1085.0,1085.0,1076.3,1076.3,1076.3,1076.3,1076.3,5.97,6.18,5.97,6.15,5.89,6.28,6.04,0.0,0.0,6.3,5.92,6.18,0.0,0.0,6.04,5.97,6.1,0.0,6.3,6.01,6.12,0.0,0.0,6.07,6.2,6.08,0.0,0.0,840.3,831.3,835.2,86.004,85.485,85.428
P3,IB5,P3-IB5-4-2-SI12,SACU-2,19,18,1,94.74,5.26,MBUS-28,On-grid,528.41,117.018,0.021,1085.1,1085.1,1085.1,1085.1,1088.8,1088.8,1088.8,1088.8,1088.8,1092.1,1092.1,1092.1,1092.1,1092.1,1084.9,1084.9,1084.9,1084.9,1082.9,1082.9,1082.9,1082.9,1082.9,1073.5,1073.5,1073.5,1073.5,1073.5,6.29,5.96,6.04,5.95,6.17,6.06,5.99,0.0,0.0,6.3,6.15,6.11,0.0,0.0,6.07,6.05,6.02,0.0,6.13,6.22,5.93,0.0,0.0,6.14,5.89,0.0,0.0,0.0,843.1,839.8,831.4,81.158,80.747,80.522
P3,IB5,P3-IB5-4-2-SI13,SACU-2,19,19,0,100.0,0.0,MBUS-29,On-grid,571.83,126.483,-0.019,1085.4,1085.4,1085.4,1085.4,1072.4,1072.4,1072.4,1072.4,1072.4,1087.7,1087.7,1087.7,1087.7,1087.7,1081.0,1081.0,1081.0,1081.0,1098.6,1098.6,1098.6,1098.6,1098.6,1101.3,1101.3,1101.3,1101.3,1101.3,6.37,6.01,6.12,6.05,6.24,6.2,6.23,0.0,0.0,6.15,6.09,6.21,0.0,0.0,6.38,6.08,6.21,0.0,6.11,6.1,6.16,0.0,0.0,6.34,6.09,6.26,0.0,0.0,841.7,837.2,831.8,87.453,87.347,87.02
P3,IB5,P3-IB5-4-2-SI14,SACU-2,19,18,1,94.74,5.26,MBUS-30,On-grid,541.34,120.341,0.009,1104.3,1104.3,1104.3,1104.3,1095.1,1095.1,1095.1,1095.1,1095.1,1102.9,1102.9,1102.9,1102.9,1102.9,1058.6,1058.6,1058.6,1058.6,1099.1,1099.1,1099.1,1099.1,1099.1,1102.3,1102.3,1102.3,1102.3,1102.3,6.02,6.16,6.2,6.04,6.2,6.17,6.11,0.0,0.0,6.25,6.23,6.26,0.0,0.0,5.98,6.32,6.24,0.0,0.0,6.22,6.25,0.0,0.0,6.51,6.19,6.3,0.0,0.0,842.6,838.6,831.5,83.646,82.91,83.22
P3,IB5,P3-IB5-4-2-SI15,SACU-2,19,18,1,94.74,5.26,MBUS-31,On-grid,532.26,118.04,0.02,1096.2,1096.2,1096.2,1096.2,1096.8,1096.8,1096.8,1096.8,1096.8,1096.5,1096.5,1096.5,1096.5,1096.5,1094.1,1094.1,1094.1,1094.1,1083.2,1083.2,1083.2,1083.2,1083.2,1090.1,1090.1,1090.1,1090.1,1090.1,6.33,5.91,6.02,5.9,6.2,5.94,0.0,0.0,0.0,6.22,6.09,5.98,0.0,0.0,6.22,5.87,6.21,0.0,6.41,6.19,6.01,0.0,0.0,6.4,6.04,5.93,0.0,0.0,841.6,838.2,830.3,81.794,81.481,81.369
P3,IB5,P3-IB5-4-2-SI16,SACU-2,19,19,0,100.0,0.0,MBUS-32,On-grid,555.36,123.713,0.072,1096.5,1096.5,1096.5,1096.5,1091.5,1091.5,1091.5,1091.5,1091.5,1090.8,1090.8,1090.8,1090.8,1090.8,1102.0,1102.0,1102.0,1102.0,1098.6,1098.6,1098.6,1098.6,1098.6,1018.1,1018.1,1018.1,1018.1,1018.1,6.15,6.07,5.86,6.16,5.93,6.06,6.05,0.0,0.0,6.26,5.93,5.97,0.0,0.0,6.38,6.06,5.72,0.0,6.24,6.14,6.08,0.0,0.0,5.36,6.38,6.4,0.0,0.0,845.0,838.6,837.2,85.478,84.848,85.121
P4,IDT4,P4-IDT4-1.1-SI01,SACU-1,19,19,0,100.0,0.0,MBUS-1,On-grid,581.47,150.034,-0.009,1136.5,1136.5,1136.5,1136.5,1132.7,1132.7,1132.7,1132.7,1132.7,1121.4,1121.4,1121.4,1121.4,1121.4,1120.7,1120.7,1120.7,1120.7,1124.0,1124.0,1124.0,1124.0,1124.0,1125.5,1125.5,1125.5,1125.5,1125.5,7.1,6.81,7.15,6.79,7.05,6.94,7.2,0.0,0.0,7.01,6.96,7.25,0.0,0.0,7.37,7.22,0.0,7.24,7.02,7.33,7.09,0.0,0.0,7.22,6.95,7.07,0.0,0.0,847.2,837.1,843.4,103.354,102.973,102.853
P4,IDT4,P4-IDT4-1.1-SI02,SACU-1,19,19,0,100.0,0.0,MBUS-2,On-grid,577.33,149.479,-0.047,1122.0,1122.0,1122.0,1122.0,1126.9,1126.9,1126.9,1126.9,1126.9,1127.1,1127.1,1127.1,1127.1,1127.1,1126.9,1126.9,1126.9,1126.9,1118.3,1118.3,1118.3,1118.3,1118.3,1138.8,1138.8,1138.8,1138.8,1138.8,6.89,7.21,6.99,7.05,7.2,7.23,6.81,0.0,0.0,7.22,6.98,7.29,0.0,0.0,0.0,7.25,7.31,7.04,7.35,7.16,6.58,0.0,0.0,7.23,6.88,6.83,0.0,0.0,847.1,839.2,840.8,103.364,102.854,102.373
P4,IDT4,P4-IDT4-1.1-SI03,SACU-1,19,19,0,100.0,0.0,MBUS-3,On-grid,579.04,147.93,0.093,1128.9,1128.9,1128.9,1128.9,1139.0,1139.0,1139.0,1139.0,1139.0,1124.5,1124.5,1124.5,1124.5,1124.5,1129.1,1129.1,1129.1,1129.1,1110.5,1110.5,1110.5,1110.5,1110.5,1123.9,1123.9,1123.9,1123.9,1123.9,6.0,7.09,6.82,7.21,6.67,7.08,6.86,7.19,6.95,7.07,6.93,7.46,0.0,0.0,6.94,6.92,6.89,7.23,7.29,7.27,0.0,0.0,0.0,7.52,0.0,0.0,0.0,0.0,845.0,839.2,836.3,102.235,101.819,101.933
P4,IDT4,P4-IDT4-1.1-SI04,SACU-1,19,19,0,100.0,0.0,MBUS-4,On-grid,585.82,147.547,0.046,1123.7,1123.7,1123.7,1123.7,1128.0,1128.0,1128.0,1128.0,1128.0,1120.0,1120.0,1120.0,1120.0,1120.0,1132.9,1132.9,1132.9,1132.9,1126.4,1126.4,1126.4,1126.4,1126.4,1125.5,1125.5,1125.5,1125.5,1125.5,7.18,6.85,7.08,6.78,6.72,7.1,7.05,0.0,0.0,6.96,6.94,7.09,0.0,0.0,7.04,6.63,6.94,6.68,7.34,6.88,6.96,0.0,0.0,7.25,6.84,0.0,0.0,0.0,844.6,835.2,839.8,101.755,101.238,101.484
P4,IDT4,P4-IDT4-1.1-SI05,SACU-1,19,19,0,100.0,0.0,MBUS-5,On-grid,579.86,145.962,0.012,1126.4,1126.4,1126.4,1126.4,1126.2,1126.2,1126.2,1126.2,1126.2,1127.0,1127.0,1127.0,1127.0,1127.0,1130.2,1130.2,1130.2,1130.2,1115.0,1115.0,1115.0,1115.0,1115.0,1160.7,1160.7,1160.7,1160.7,1160.7,6.94,7.02,6.81,6.99,6.81,7.04,6.8,0.0,0.0,7.29,0.0,7.05,6.65,7.04,6.7,7.01,6.81,7.06,7.08,6.55,0.0,0.0,0.0,7.03,6.7,0.0,0.0,0.0,845.3,838.7,836.5,100.72,100.798,100.341
P4,IDT4,P4-IDT4-1.1-SI06,SACU-1,19,19,0,100.0,0.0,MBUS-6,On-grid,582.4,149.198,-0.058,1131.7,1131.7,1131.7,1131.7,1144.1,1144.1,1144.1,1144.1,1144.1,1140.5,1140.5,1140.5,1140.5,1140.5,1149.8,1149.8,1149.8,1149.8,1152.6,1152.6,1152.6,1152.6,1152.6,1134.0,1134.0,1134.0,1134.0,1134.0,7.12,6.89,7.07,6.87,6.84,6.87,7.14,0.0,0.0,6.97,7.15,6.75,0.0,0.0,6.9,6.83,7.1,6.84,7.01,7.14,6.85,0.0,0.0,7.09,6.98,0.0,0.0,0.0,846.9,841.6,836.2,102.596,102.684,102.583
P4,IDT4,P4-IDT4-1.1-SI07,SACU-1,19,19,0,100.0,0.0,MBUS-7,On-grid,580.91,150.257,0.018,1142.6,1142.6,1142.6,1142.6,1120.2,1120.2,1120.2,1120.2,1120.2,1126.3,1126.3,1126.3,1126.3,1126.3,1144.6,1144.6,1144.6,1144.6,1135.9,1135.9,1135.9,1135.9,1135.9,1159.7,1159.7,1159.7,1159.7,1159.7,7.27,6.95,7.12,6.95,7.27,7.3,7.04,0.0,0.0,7.44,7.29,6.95,0.0,0.0,6.84,7.04,6.77,0.0,7.38,7.08,7.27,0.0,0.0,6.52,6.88,6.84,0.0,0.0,847.3,839.4,842.0,103.432,103.398,102.738
P4,IDT4,P4-IDT4-1.1-SI08,SACU-1,19,18,1,94.74,5.26,MBUS-8,On-grid,545.22,139.402,0.043,1109.5,1109.5,1109.5,1109.5,1147.3,1147.3,1147.3,1147.3,1147.3,1154.1,1154.1,1154.1,1154.1,1154.1,1125.2,1125.2,1125.2,1125.2,1139.1,1139.1,1139.1,1139.1,1139.1,1131.2,1131.2,1131.2,1131.2,1131.2,7.38,6.86,7.28,7.04,6.87,6.89,6.87,0.0,0.0,7.06,0.0,6.6,0.0,0.0,7.33,6.83,7.12,0.0,7.08,6.69,6.89,0.0,0.0,6.77,7.07,6.49,0.0,0.0,848.6,838.0,843.6,95.878,95.553,95.74
P4,IDT4,P4-IDT4-1.2-SI09,SACU-1,19,15,4,78.95,21.05,MBUS-9,On-grid,456.92,113.971,0.007,1130.6,1130.6,1130.6,1130.6,1118.8,1118.8,1118.8,1118.8,1118.8,1125.6,1125.6,1125.6,1125.6,1125.6,1115.0,1115.0,1115.0,1115.0,1166.9,1166.9,1166.9,1166.9,1166.9,1156.7,1156.7,1156.7,1156.7,1156.7,0.0,6.95,6.65,6.96,6.88,0.0,6.88,0.0,0.0,7.0,6.75,7.03,0.0,0.0,7.14,6.91,0.0,0.0,6.85,6.52,6.3,0.0,0.0,6.98,6.17,0.0,0.0,0.0,848.7,839.2,844.3,78.68,78.054,77.953
P4,IDT4,P4-IDT4-1.2-SI10,SACU-1,19,15,4,78.95,21.05,MBUS-10,On-grid,460.99,115.868,-0.087,1134.8,1134.8,1134.8,1134.8,1143.1,1143.1,1143.1,1143.1,1143.1,1123.5,1123.5,1123.5,1123.5,1123.5,1125.0,1125.0,1125.0,1125.0,1122.3,1122.3,1122.3,1122.3,1122.3,1152.9,1152.9,1152.9,1152.9,1152.9,6.84,6.67,0.0,6.7,6.71,6.87,6.98,0.0,0.0,7.46,0.0,0.0,0.0,0.0,0.0,7.03,6.8,0.0,7.07,7.17,7.02,0.0,0.0,6.73,6.94,6.59,0.0,0.0,849.1,837.9,843.6,79.791,79.59,79.368
P4,IDT4,P4-IDT4-1.2-SI11,SACU-1,19,14,5,73.68,26.32,MBUS-11,On-grid,430.53,108.072,-0.032,1129.7,1129.7,1129.7,1129.7,1117.0,1117.0,1117.0,1117.0,1117.0,1151.2,1151.2,1151.2,1151.2,1151.2,1123.4,1123.4,1123.4,1123.4,1122.2,1122.2,1122.2,1122.2,1122.2,1103.9,1103.9,1103.9,1103.9,1103.9,7.23,6.84,0.0,6.77,7.16,7.0,6.76,0.0,0.0,0.0,6.99,6.67,0.0,0.0,7.28,6.83,0.0,7.08,7.25,0.0,6.8,0.0,0.0,0.0,6.91,0.0,0.0,0.0,846.1,841.2,838.4,74.376,74.289,74.138
P4,IDT4,P4-IDT4-1.2-SI12,SACU-1,19,19,0,100.0,0.0,MBUS-12,On-grid,580.2,147.458,0.028,1118.2,1118.2,1118.2,1118.2,1142.9,1142.9,1142.9,1142.9,1142.9,1121.3,1121.3,1121.3,1121.3,1121.3,1130.5,1130.5,1130.5,1130.5,1114.6,1114.6,1114.6,1114.6,1114.6,1127.4,1127.4,1127.4,1127.4,1127.4,6.93,7.18,6.85,7.16,6.63,7.1,6.78,0.0,0.0,7.2,6.87,7.24,0.0,0.0,6.86,7.16,6.77,7.07,7.21,6.95,7.1,0.0,0.0,0.0,6.7,7.13,0.0,0.0,847.4,836.8,842.5,101.603,101.34,101.221
P4,IDT4,P4-IDT4-1.2-SI13,SACU-1,19,18,1,94.74,5.26,MBUS-13,On-grid,546.45,136.693,0.007,1119.0,1119.0,1119.0,1119.0,1129.4,1129.4,1129.4,1129.4,1129.4,1141.3,1141.3,1141.3,1141.3,1141.3,1138.7,1138.7,1138.7,1138.7,1143.3,1143.3,1143.3,1143.3,1143.3,1121.0,1121.0,1121.0,1121.0,1121.0,6.72,6.82,6.68,7.06,6.26,6.9,6.66,0.0,0.0,7.06,6.42,6.86,0.0,0.0,6.97,6.74,6.47,0.0,7.07,6.58,6.82,0.0,0.0,6.9,6.96,0.0,0.0,0.0,848.2,839.6,843.6,93.889,93.493,93.666
P4,IDT4,P4-IDT4-1.2-SI14,SACU-1,19,19,0,100.0,0.0,MBUS-14,On-grid,579.04,143.817,0.008,1124.9,1124.9,1124.9,1124.9,1129.7,1129.7,1129.7,1129.7,1129.7,1133.6,1133.6,1133.6,1133.6,1133.6,1128.0,1128.0,1128.0,1128.0,1123.1,1123.1,1123.1,1123.1,1123.1,1154.6,1154.6,1154.6,1154.6,1154.6,6.84,6.96,6.62,6.94,6.62,6.99,6.7,0.0,0.0,7.0,6.92,6.9,0.0,0.0,6.93,6.72,6.71,0.0,7.09,6.79,7.02,0.0,0.0,7.12,6.23,6.55,0.0,0.0,850.4,845.1,840.2,98.832,98.341,98.851
P4,IDT4,P4-IDT4-1.2-SI15,SACU-1,19,17,2,89.47,10.53,MBUS-15,On-grid,517.52,130.364,-0.044,1140.2,1140.2,1140.2,1140.2,1111.5,1111.5,1111.5,1111.5,1111.5,1121.2,1121.2,1121.2,1121.2,1121.2,1103.4,1103.4,1103.4,1103.4,1119.8,1119.8,1119.8,1119.8,1119.8,1124.5,1124.5,1124.5,1124.5,1124.5,6.53,6.96,6.89,0.0,6.83,6.93,7.0,6.84,0.0,6.95,6.89,6.88,0.0,0.0,7.27,6.9,0.0,0.0,6.76,6.8,7.01,0.0,0.0,7.16,7.03,0.0,0.0,0.0,845.8,840.7,836.6,89.9,89.496,89.781
P4,IDT4,P4-IDT4-1.2-SI16,SACU-1,19,16,3,84.21,15.79,MBUS-16,On-grid,491.27,122.29,-0.027,1122.4,1122.4,1122.4,1122.4,1112.7,1112.7,1112.7,1112.7,1112.7,1128.9,1128.9,1128.9,1128.9,1128.9,1108.8,1108.8,1108.8,1108.8,1121.3,1121.3,1121.3,1121.3,1121.3,377.4,377.4,377.4,377.4,377.4,6.74,6.78,7.07,6.81,7.14,6.96,0.0,0.0,6.79,0.0,7.13,0.0,6.92,6.71,6.77,6.86,7.09,7.18,7.23,0.0,6.69,0.0,0.0,0.0,0.0,0.0,0.0,0.0,846.5,835.1,841.6,84.409,83.551,84.327
P4,IDT4,P4-IDT4-2.1-SI01,SACU-1,19,19,0,100.0,0.0,MBUS-17,On-grid,581.78,144.789,-0.011,1119.9,1119.9,1119.9,1119.9,1112.3,1112.3,1112.3,1112.3,1112.3,1119.3,1119.3,1119.3,1119.3,1119.3,1127.3,1127.3,1127.3,1127.3,1116.0,1116.0,1116.0,1116.0,1116.0,1121.4,1121.4,1121.4,1121.4,1121.4,7.14,0.0,6.69,6.97,6.8,6.79,7.01,6.78,0.0,6.95,7.0,6.77,0.0,0.0,7.02,6.71,6.97,0.0,6.96,7.04,6.81,0.0,0.0,7.25,6.45,7.0,0.0,0.0,847.8,841.0,839.2,99.655,99.519,99.235
P4,IDT4,P4-IDT4-2.1-SI02,SACU-1,19,16,3,84.21,15.79,MBUS-18,On-grid,489.02,122.419,-0.07,1126.8,1126.8,1126.8,1126.8,1117.3,1117.3,1117.3,1117.3,1117.3,1136.3,1136.3,1136.3,1136.3,1136.3,1109.3,1109.3,1109.3,1109.3,1127.5,1127.5,1127.5,1127.5,1127.5,1126.8,1126.8,1126.8,1126.8,1126.8,7.06,6.66,6.94,6.66,0.0,0.0,7.02,0.0,0.0,6.59,6.9,0.0,0.0,0.0,7.02,6.8,6.88,6.89,6.62,7.07,0.0,0.0,0.0,6.77,6.94,7.05,0.0,0.0,844.6,839.7,834.9,84.663,83.87,84.285
P4,IDT4,P4-IDT4-2.1-SI03,SACU-1,19,16,3,84.21,15.79,MBUS-19,On-grid,490.35,122.836,-0.116,1104.7,1104.7,1104.7,1104.7,1135.4,1135.4,1135.4,1135.4,1135.4,1121.1,1121.1,1121.1,1121.1,1121.1,1128.5,1128.5,1128.5,1128.5,1123.2,1123.2,1123.2,1123.2,1123.2,1124.9,1124.9,1124.9,1124.9,1124.9,7.0,7.02,6.94,7.14,6.73,6.93,6.87,0.0,0.0,7.29,6.8,7.04,0.0,0.0,7.28,0.0,0.0,0.0,7.29,6.94,0.0,0.0,0.0,6.96,7.02,6.8,0.0,0.0,846.7,840.7,838.7,84.908,84.094,84.413
P4,IDT4,P4-IDT4-2.1-SI04,SACU-1,19,19,0,100.0,0.0,MBUS-20,On-grid,584.64,147.187,-0.053,1113.6,1113.6,1113.6,1113.6,1121.2,1121.2,1121.2,1121.2,1121.2,1112.7,1112.7,1112.7,1112.7,1112.7,1123.6,1123.6,1123.6,1123.6,1112.6,1112.6,1112.6,1112.6,1112.6,1117.3,1117.3,1117.3,1117.3,1117.3,6.97,7.1,6.91,7.09,6.65,6.94,7.11,0.0,0.0,7.17,7.0,7.2,0.0,0.0,7.0,7.04,6.93,0.0,7.11,7.05,7.19,0.0,0.0,6.71,7.11,7.17,0.0,0.0,847.3,841.1,838.4,101.325,101.114,100.967
P4,IDT4,P4-IDT4-2.1-SI05,SACU-1,19,13,6,68.42,31.58,MBUS-21,On-grid,402.01,100.238,-0.022,1120.3,1120.3,1120.3,1120.3,1131.6,1131.6,1131.6,1131.6,1131.6,1128.5,1128.5,1128.5,1128.5,1128.5,1126.3,1126.3,1126.3,1126.3,1123.1,1123.1,1123.1,1123.1,1123.1,1124.7,1124.7,1124.7,1124.7,1124.7,6.89,7.06,0.0,0.0,0.0,6.82,6.92,0.0,0.0,6.99,6.95,6.73,0.0,0.0,7.0,6.74,6.94,7.04,7.02,0.0,0.0,0.0,0.0,0.0,0.0,6.78,0.0,0.0,845.0,835.1,840.0,69.569,69.13,68.905
P4,IDT4,P4-IDT4-2.1-SI06,SACU-1,19,18,1,94.74,5.26,MBUS-22,On-grid,550.32,138.257,-0.004,1103.9,1103.9,1103.9,1103.9,1100.8,1100.8,1100.8,1100.8,1100.8,1123.2,1123.2,1123.2,1123.2,1123.2,1108.6,1108.6,1108.6,1108.6,1128.4,1128.4,1128.4,1128.4,1128.4,1127.6,1127.6,1127.6,1127.6,1127.6,7.24,6.68,7.15,6.96,7.19,6.79,7.16,0.0,0.0,6.91,6.98,6.95,0.0,0.0,7.38,6.94,7.05,0.0,6.89,7.05,6.86,0.0,0.0,7.09,6.82,0.0,0.0,0.0,848.5,838.9,844.4,95.415,94.507,94.6
P4,IDT4,P4-IDT4-2.1-SI07,SACU-1,19,18,1,94.74,5.26,MBUS-23,On-grid,552.5,140.446,0.053,1122.0,1122.0,1122.0,1122.0,1121.8,1121.8,1121.8,1121.8,1121.8,1126.0,1126.0,1126.0,1126.0,1126.0,1119.9,1119.9,1119.9,1119.9,1121.1,1121.1,1121.1,1121.1,1121.1,1110.6,1110.6,1110.6,1110.6,1110.6,7.13,7.02,7.17,6.99,6.94,7.0,7.22,0.0,0.0,7.13,7.04,7.0,0.0,0.0,7.39,0.0,7.15,0.0,6.95,7.23,6.88,0.0,0.0,7.24,6.89,0.0,6.66,0.0,846.5,839.6,838.3,96.924,96.618,96.291
P4,IDT4,P4-IDT4-2.1-SI08,SACU-1,19,17,2,89.47,10.53,MBUS-24,On-grid,526.14,132.534,-0.005,1126.5,1126.5,1126.5,1126.5,1127.9,1127.9,1127.9,1127.9,1127.9,1134.3,1134.3,1134.3,1134.3,1134.3,1130.4,1130.4,1130.4,1130.4,1130.2,1130.2,1130.2,1130.2,1130.2,1127.3,1127.3,1127.3,1127.3,1127.3,7.3,0.0,6.91,0.0,6.79,7.15,6.92,0.0,0.0,7.13,6.74,7.21,0.0,0.0,7.05,7.0,6.78,0.0,7.61,6.95,6.8,0.0,0.0,7.14,7.07,6.95,0.0,0.0,844.5,833.1,840.3,91.271,90.978,91.204
P4,IDT4,P4-IDT4-2.2-SI09,SACU-1,19,18,1,94.74,5.26,MBUS-25,On-grid,546.9,138.548,0.083,1116.7,1116.7,1116.7,1116.7,1103.7,1103.7,1103.7,1103.7,1103.7,1127.6,1127.6,1127.6,1127.6,1127.6,1129.1,1129.1,1129.1,1129.1,1120.7,1120.7,1120.7,1120.7,1120.7,1113.4,1113.4,1113.4,1113.4,1113.4,6.91,7.1,0.0,7.15,6.68,6.98,6.9,7.24,0.0,7.08,6.88,0.0,0.0,0.0,0.0,6.82,7.09,6.8,7.19,6.79,7.16,0.0,0.0,6.7,7.07,6.94,0.0,0.0,848.6,840.9,840.0,95.122,95.102,95.306
P4,IDT4,P4-IDT4-2.2-SI10,SACU-1,19,17,2,89.47,10.53,MBUS-26,On-grid,323.85,50.041,-0.009,1285.0,1285.0,1285.0,1285.0,1285.0,1285.0,1285.0,1285.0,1285.0,1285.1,1285.1,1285.1,1285.1,1285.1,1285.0,1285.0,1285.0,1285.0,1285.0,1285.0,1285.0,1285.0,1285.0,1284.9,1284.9,1284.9,1284.9,1284.9,2.07,2.51,2.31,2.44,1.87,2.49,2.25,0.0,0.0,2.26,2.21,2.51,0.0,0.0,2.19,2.38,2.18,0.0,2.41,2.39,0.0,0.0,0.0,0.0,2.5,2.37,0.0,0.0,843.8,834.3,839.5,34.752,34.161,34.695
P4,IDT4,P4-IDT4-2.2-SI11,SACU-1,19,19,0,100.0,0.0,MBUS-27,On-grid,582.92,147.487,0.004,1122.1,1122.1,1122.1,1122.1,1115.4,1115.4,1115.4,1115.4,1115.4,1122.9,1122.9,1122.9,1122.9,1122.9,1123.4,1123.4,1123.4,1123.4,1124.7,1124.7,1124.7,1124.7,1124.7,1120.1,1120.1,1120.1,1120.1,1120.1,7.24,6.86,7.06,6.92,7.07,6.9,6.91,0.0,0.0,7.05,7.09,7.14,0.0,0.0,7.11,7.09,7.07,0.0,6.69,6.79,6.81,0.0,0.0,7.3,7.05,6.89,0.0,0.0,846.3,841.7,836.4,101.919,101.304,101.678
P4,IDT4,P4-IDT4-2.2-SI12,SACU-1,19,19,0,100.0,0.0,MBUS-28,On-grid,583.95,149.208,0.067,1132.4,1132.4,1132.4,1132.4,1127.2,1127.2,1127.2,1127.2,1127.2,1124.4,1124.4,1124.4,1124.4,1124.4,1124.1,1124.1,1124.1,1124.1,1121.6,1121.6,1121.6,1121.6,1121.6,1129.4,1129.4,1129.4,1129.4,1129.4,7.02,7.12,7.06,6.9,6.83,7.01,7.13,0.0,0.0,7.27,7.25,6.96,0.0,0.0,0.0,6.9,7.23,6.93,7.34,7.25,6.97,0.0,0.0,7.35,6.83,7.19,0.0,0.0,850.0,845.0,841.0,102.291,101.818,102.126
P4,IDT4,P4-IDT4-2.2-SI13,SACU-1,19,19,0,100.0,0.0,MBUS-29,On-grid,573.06,147.139,0.039,1108.9,1108.9,1108.9,1108.9,1116.2,1116.2,1116.2,1116.2,1116.2,1095.8,1095.8,1095.8,1095.8,1095.8,1122.1,1122.1,1122.1,1122.1,1121.2,1121.2,1121.2,1121.2,1121.2,381.0,381.0,381.0,381.0,381.0,7.07,7.09,7.36,6.49,6.83,7.11,7.39,7.12,7.24,6.63,7.18,6.57,7.36,7.03,6.91,7.14,7.4,7.11,7.66,0.0,0.0,0.0,0.0,0.0,0.0,0.0,0.0,0.0,848.2,840.8,841.0,101.357,100.732,100.681
P4,IDT4,P4-IDT4-2.2-SI14,SACU-1,19,19,0,100.0,0.0,MBUS-30,On-grid,571.26,146.476,0.011,1125.1,1125.1,1125.1,1125.1,1097.8,1097.8,1097.8,1097.8,1097.8,1131.8,1131.8,1131.8,1131.8,1131.8,1128.3,1128.3,1128.3,1128.3,1126.2,1126.2,1126.2,1126.2,1126.2,1127.5,1127.5,1127.5,1127.5,1127.5,6.1,7.14,6.79,7.12,6.96,7.35,6.82,0.0,0.0,7.22,6.88,7.17,0.0,0.0,6.98,7.07,6.86,0.0,7.29,6.98,6.21,0.0,0.0,7.26,7.17,6.98,0.0,0.0,846.5,842.6,836.0,101.178,100.526,100.748
P4,IDT4,P4-IDT4-2.2-SI15,SACU-1,19,17,2,89.47,10.53,MBUS-31,On-grid,524.32,133.299,0.084,1126.8,1126.8,1126.8,1126.8,1126.8,1126.8,1126.8,1126.8,1126.8,1116.7,1116.7,1116.7,1116.7,1116.7,1115.7,1115.7,1115.7,1115.7,1118.2,1118.2,1118.2,1118.2,1118.2,1131.4,1131.4,1131.4,1131.4,1131.4,7.3,7.08,6.92,6.87,0.0,0.0,6.87,7.13,6.88,7.21,0.0,7.15,6.85,0.0,7.12,7.16,6.86,0.0,7.4,7.01,0.0,0.0,0.0,7.2,7.1,0.0,0.0,0.0,850.3,840.7,846.6,91.337,91.251,90.902
P4,IDT4,P4-IDT4-2.2-SI16,SACU-1,19,19,0,100.0,0.0,MBUS-32,On-grid,579.47,149.85,-0.033,1127.5,1127.5,1127.5,1127.5,1121.7,1121.7,1121.7,1121.7,1121.7,1129.6,1129.6,1129.6,1129.6,1129.6,1124.1,1124.1,1124.1,1124.1,1119.3,1119.3,1119.3,1119.3,1119.3,1119.9,1119.9,1119.9,1119.9,1119.9,7.02,7.27,6.89,0.0,7.13,7.04,0.0,7.39,7.09,6.98,7.03,0.0,0.0,7.24,0.0,7.27,7.04,7.23,7.04,7.09,7.08,0.0,0.0,6.95,6.64,7.35,0.0,0.0,848.2,843.0,839.9,102.971,102.504,102.505
P4,IDT4,P4-IDT4-3.1-SI01,SACU-2,19,19,0,100.0,0.0,MBUS-1,On-grid,580.43,144.958,-30.719,1112.1,1112.1,1112.1,1112.1,1102.7,1102.7,1102.7,1102.7,1102.7,1121.3,1121.3,1121.3,1121.3,1121.3,1134.5,1134.5,1134.5,1134.5,1119.1,1119.1,1119.1,1119.1,1119.1,1130.0,1130.0,1130.0,1130.0,1130.0,7.08,7.1,6.87,7.06,6.92,7.03,6.91,0.0,0.0,7.05,6.8,7.08,0.0,0.0,7.0,6.89,6.7,0.0,7.09,6.85,7.04,0.0,0.0,6.69,6.94,6.7,0.0,0.0,835.9,830.5,826.5,103.723,103.482,103.128
P4,IDT4,P4-IDT4-3.1-SI02,SACU-2,19,19,0,100.0,0.0,MBUS-2,On-grid,581.14,145.894,-30.708,1125.0,1125.0,1125.0,1125.0,1121.9,1121.9,1121.9,1121.9,1121.9,1129.6,1129.6,1129.6,1129.6,1129.6,1126.0,1126.0,1126.0,1126.0,1111.3,1111.3,1111.3,1111.3,1111.3,1137.9,1137.9,1137.9,1137.9,1137.9,6.93,7.06,6.76,7.03,6.94,7.14,6.92,0.0,0.0,7.18,6.86,7.04,0.0,0.0,7.3,6.94,6.86,0.0,7.03,7.02,7.12,0.0,0.0,6.9,6.85,6.6,0.0,0.0,837.2,830.3,828.6,103.57,103.847,103.888
P4,IDT4,P4-IDT4-3.1-SI03,SACU-2,19,19,0,100.0,0.0,MBUS-3,On-grid,577.1,144.671,-30.736,1134.8,1134.8,1134.8,1134.8,1125.8,1125.8,1125.8,1125.8,1125.8,1125.8,1125.8,1125.8,1125.8,1125.8,1107.9,1107.9,1107.9,1107.9,1125.4,1125.4,1125.4,1125.4,1125.4,1104.6,1104.6,1104.6,1104.6,1104.6,7.13,6.69,6.95,6.74,6.94,7.03,6.98,0.0,0.0,7.15,6.8,6.98,0.0,0.0,7.45,6.77,7.02,0.0,6.9,6.72,6.92,0.0,0.0,7.09,6.79,6.87,0.0,0.0,835.4,831.0,825.9,103.138,103.085,103.654
P4,IDT4,P4-IDT4-3.1-SI04,SACU-2,19,19,0,100.0,0.0,MBUS-4,On-grid,574.81,144.002,-30.672,1111.9,1111.9,1111.9,1111.9,1075.9,1075.9,1075.9,1075.9,1075.9,1093.9,1093.9,1093.9,1093.9,1093.9,1119.5,1119.5,1119.5,1119.5,1119.5,1119.5,1119.5,1119.5,1119.5,1114.5,1114.5,1114.5,1114.5,1114.5,6.91,6.86,7.02,6.85,7.24,7.06,6.46,0.0,0.0,7.01,6.86,0.0,6.77,0.0,7.28,6.86,6.97,6.87,0.0,7.03,0.0,0.0,7.03,0.0,6.8,0.0,6.85,7.04,838.4,828.7,833.8,102.387,102.632,102.694
P4,IDT4,P4-IDT4-3.1-SI05,SACU-2,19,19,0,100.0,0.0,MBUS-5,On-grid,580.67,145.571,-30.638,1117.8,1117.8,1117.8,1117.8,1129.4,1129.4,1129.4,1129.4,1129.4,1124.1,1124.1,1124.1,1124.1,1124.1,1117.8,1117.8,1117.8,1117.8,1139.6,1139.6,1139.6,1139.6,1139.6,1125.5,1125.5,1125.5,1125.5,1125.5,7.02,7.04,6.83,7.03,7.02,7.03,6.84,0.0,0.0,7.11,6.85,6.89,0.0,0.0,7.38,6.85,6.92,0.0,7.07,0.0,6.74,6.44,0.0,6.94,6.83,0.0,6.85,0.0,837.5,831.6,831.5,103.656,103.446,103.811
P4,IDT4,P4-IDT4-3.1-SI06,SACU-2,19,17,2,89.47,10.53,MBUS-6,On-grid,519.62,129.816,-30.722,1134.1,1134.1,1134.1,1134.1,1120.4,1120.4,1120.4,1120.4,1120.4,1119.1,1119.1,1119.1,1119.1,1119.1,1130.8,1130.8,1130.8,1130.8,1115.0,1115.0,1115.0,1115.0,1115.0,1125.4,1125.4,1125.4,1125.4,1125.4,6.83,6.91,6.77,0.0,6.58,7.05,6.85,0.0,0.0,7.15,6.78,7.08,6.88,0.0,7.07,6.86,6.68,0.0,7.36,6.83,6.89,0.0,0.0,6.97,0.0,0.0,0.0,0.0,835.8,827.1,831.6,93.311,93.009,93.414
P4,IDT4,P4-IDT4-3.1-SI07,SACU-2,19,19,0,100.0,0.0,MBUS-7,On-grid,580.94,145.12,-30.763,1126.3,1126.3,1126.3,1126.3,1117.7,1117.7,1117.7,1117.7,1117.7,1114.9,1114.9,1114.9,1114.9,1114.9,1110.9,1110.9,1110.9,1110.9,1128.3,1128.3,1128.3,1128.3,1128.3,1121.0,1121.0,1121.0,1121.0,1121.0,7.17,6.82,6.94,6.8,7.15,6.97,6.99,0.0,0.0,6.85,7.05,6.94,0.0,0.0,7.29,6.82,7.08,0.0,6.83,6.93,6.75,0.0,0.0,7.1,6.78,7.04,0.0,0.0,838.2,831.9,828.7,104.016,103.519,103.171
P4,IDT4,P4-IDT4-3.1-SI08,SACU-2,19,19,0,100.0,0.0,MBUS-8,On-grid,580.58,145.273,-30.714,1121.2,1121.2,1121.2,1121.2,1133.2,1133.2,1133.2,1133.2,1133.2,1120.8,1120.8,1120.8,1120.8,1120.8,1126.2,1126.2,1126.2,1126.2,1123.1,1123.1,1123.1,1123.1,1123.1,1124.5,1124.5,1124.5,1124.5,1124.5,7.18,6.86,6.95,6.99,6.88,6.99,6.75,0.0,0.0,7.07,6.87,7.04,0.0,0.0,7.12,6.86,6.75,0.0,7.0,6.88,6.94,0.0,0.0,7.29,6.94,6.9,0.0,0.0,839.0,833.0,830.5,103.771,103.338,103.338
P4,IDT4,P4-IDT4-3.2-SI09,SACU-2,19,19,0,100.0,0.0,MBUS-9,On-grid,582.41,145.619,-30.637,1120.5,1120.5,1120.5,1120.5,1115.1,1115.1,1115.1,1115.1,1115.1,1120.4,1120.4,1120.4,1120.4,1120.4,1128.9,1128.9,1128.9,1128.9,1111.7,1111.7,1111.7,1111.7,1111.7,1125.8,1125.8,1125.8,1125.8,1125.8,7.18,6.82,6.86,6.94,7.0,7.06,6.84,0.0,0.0,7.05,6.86,6.98,0.0,0.0,7.16,6.77,6.87,0.0,6.96,7.01,6.88,0.0,0.0,7.0,6.83,6.9,0.0,0.0,839.5,829.8,834.8,103.559,103.792,103.235
P4,IDT4,P4-IDT4-3.2-SI10,SACU-2,19,19,0,100.0,0.0,MBUS-10,On-grid,579.42,145.122,-30.682,1119.7,1119.7,1119.7,1119.7,1134.3,1134.3,1134.3,1134.3,1134.3,1123.2,1123.2,1123.2,1123.2,1123.2,1136.6,1136.6,1136.6,1136.6,1120.7,1120.7,1120.7,1120.7,1120.7,1116.7,1116.7,1116.7,1116.7,1116.7,7.26,6.83,6.92,6.94,0.0,0.0,6.87,6.89,6.84,7.11,6.89,6.84,0.0,0.0,7.09,6.75,6.92,0.0,6.88,7.03,6.86,0.0,0.0,7.22,6.54,7.01,0.0,0.0,841.8,833.7,833.8,103.25,103.089,102.689
P4,IDT4,P4-IDT4-3.2-SI11,SACU-2,19,19,0,100.0,0.0,MBUS-11,On-grid,584.45,144.676,-30.704,1120.9,1120.9,1120.9,1120.9,1131.1,1131.1,1131.1,1131.1,1131.1,1134.4,1134.4,1134.4,1134.4,1134.4,1122.9,1122.9,1122.9,1122.9,1112.7,1112.7,1112.7,1112.7,1112.7,1124.9,1124.9,1124.9,1124.9,1124.9,7.03,6.79,6.91,6.83,6.92,6.87,6.91,0.0,0.0,6.9,6.82,6.89,0.0,0.0,7.13,6.88,6.86,0.0,6.99,6.89,7.03,0.0,0.0,6.99,6.94,6.94,0.0,0.0,837.4,833.7,827.0,103.366,103.293,103.01
P4,IDT4,P4-IDT4-3.2-SI12,SACU-2,19,17,2,89.47,10.53,MBUS-12,On-grid,521.16,129.838,-30.637,1127.0,1127.0,1127.0,1127.0,1123.5,1123.5,1123.5,1123.5,1123.5,1129.2,1129.2,1129.2,1129.2,1129.2,1120.8,1120.8,1120.8,1120.8,1132.8,1132.8,1132.8,1132.8,1132.8,1116.4,1116.4,1116.4,1116.4,1116.4,7.08,6.89,6.74,6.88,6.99,7.01,0.0,0.0,0.0,6.88,6.89,0.0,0.0,0.0,7.22,6.88,6.82,0.0,6.93,6.93,6.78,0.0,0.0,7.14,6.89,7.0,0.0,0.0,838.4,832.7,830.2,93.156,92.591,93.138
P4,IDT4,P4-IDT4-3.2-SI13,SACU-2,19,16,3,84.21,15.79,MBUS-13,On-grid,491.84,122.777,-30.703,1126.3,1126.3,1126.3,1126.3,1135.2,1135.2,1135.2,1135.2,1135.2,1117.2,1117.2,1117.2,1117.2,1117.2,1126.1,1126.1,1126.1,1126.1,1123.4,1123.4,1123.4,1123.4,1123.4,1113.6,1113.6,1113.6,1113.6,1113.6,7.2,0.0,6.9,6.81,7.01,6.9,6.79,0.0,0.0,7.23,6.73,0.0,0.0,0.0,7.29,0.0,6.85,6.93,6.86,6.86,0.0,0.0,0.0,6.95,6.99,6.98,0.0,0.0,840.3,829.7,834.2,88.295,88.172,88.056
P4,IDT4,P4-IDT4-3.2-SI14,SACU-2,19,15,4,78.95,21.05,MBUS-14,On-grid,459.54,114.485,-30.688,1102.3,1102.3,1102.3,1102.3,1129.3,1129.3,1129.3,1129.3,1129.3,1124.7,1124.7,1124.7,1124.7,1124.7,1130.3,1130.3,1130.3,1130.3,1120.2,1120.2,1120.2,1120.2,1120.2,1127.5,1127.5,1127.5,1127.5,1127.5,7.24,6.7,6.94,6.96,7.39,0.0,0.0,0.0,0.0,6.78,6.81,7.06,0.0,0.0,0.0,0.0,6.7,6.76,6.99,7.07,0.0,0.0,0.0,6.98,6.76,6.89,0.0,0.0,837.9,828.5,834.2,82.672,82.388,82.729
P4,IDT4,P4-IDT4-3.2-SI15,SACU-2,19,14,5,73.68,26.32,MBUS-15,On-grid,398.35,98.883,-30.637,1121.7,1121.7,1121.7,1121.7,1132.2,1132.2,1132.2,1132.2,1132.2,1116.4,1116.4,1116.4,1116.4,1116.4,1117.6,1117.6,1117.6,1117.6,1123.9,1123.9,1123.9,1123.9,1123.9,1129.1,1129.1,1129.1,1129.1,1129.1,7.6,6.74,0.0,0.0,7.38,0.0,6.83,0.0,0.0,7.38,6.78,0.0,0.0,0.0,0.6,0.0,6.99,0.0,7.1,6.95,6.84,0.0,0.0,7.43,6.62,6.96,0.0,0.0,834.6,830.5,823.8,73.366,72.818,72.714
P4,IDT4,P4-IDT4-3.2-SI16,SACU-2,19,19,0,100.0,0.0,MBUS-16,On-grid,583.85,145.117,-30.63,1127.5,1127.5,1127.5,1127.5,1124.4,1124.4,1124.4,1124.4,1124.4,1140.3,1140.3,1140.3,1140.3,1140.3,1121.8,1121.8,1121.8,1121.8,1117.0,1117.0,1117.0,1117.0,1117.0,1123.5,1123.5,1123.5,1123.5,1123.5,6.94,7.02,6.73,6.97,6.7,7.05,6.8,0.0,0.0,6.87,6.69,6.91,0.0,0.0,7.09,6.94,6.83,0.0,6.8,7.1,7.06,0.0,0.0,6.67,6.98,6.97,0.0,0.0,837.1,831.4,827.4,103.715,103.588,103.58
P4,IDT4,P4-IDT4-4.1-SI01,SACU-2,19,19,0,100.0,0.0,MBUS-17,On-grid,580.54,145.437,-30.64,1131.5,1131.5,1131.5,1131.5,1118.9,1118.9,1118.9,1118.9,1118.9,1122.6,1122.6,1122.6,1122.6,1122.6,1123.4,1123.4,1123.4,1123.4,1117.5,1117.5,1117.5,1117.5,1117.5,1144.0,1144.0,1144.0,1144.0,1144.0,7.09,6.68,6.73,6.99,7.11,6.91,6.96,0.0,0.0,6.99,6.85,6.87,0.0,0.0,7.42,7.01,6.96,0.0,6.93,7.08,6.76,0.0,0.0,7.0,6.6,6.9,0.0,0.0,835.3,823.9,829.4,104.142,103.851,104.002
P4,IDT4,P4-IDT4-4.1-SI02,SACU-2,19,19,0,100.0,0.0,MBUS-18,On-grid,580.19,144.137,-30.785,1112.8,1112.8,1112.8,1112.8,1113.9,1113.9,1113.9,1113.9,1113.9,1130.1,1130.1,1130.1,1130.1,1130.1,1136.5,1136.5,1136.5,1136.5,1130.3,1130.3,1130.3,1130.3,1130.3,1135.2,1135.2,1135.2,1135.2,1135.2,7.09,6.7,6.96,6.7,6.88,6.88,7.06,6.86,0.0,6.9,6.97,0.0,0.0,0.0,7.04,6.63,6.93,6.71,0.0,6.78,6.7,0.0,0.0,0.0,6.65,6.9,6.89,0.0,840.8,834.1,831.5,102.607,102.178,102.468
P4,IDT4,P4-IDT4-4.2-SI03,SACU-2,19,19,0,100.0,0.0,MBUS-19,On-grid,575.36,144.679,-30.735,1121.1,1121.1,1121.1,1121.1,1118.8,1118.8,1118.8,1118.8,1118.8,1121.1,1121.1,1121.1,1121.1,1121.1,1137.7,1137.7,1137.7,1137.7,1126.9,1126.9,1126.9,1126.9,1126.9,1145.7,1145.7,1145.7,1145.7,1145.7,7.15,6.89,7.04,7.1,6.9,6.89,7.09,7.03,6.83,7.87,0.0,0.0,0.0,0.0,7.16,6.94,0.0,6.7,7.02,6.98,7.01,0.0,0.0,7.24,6.39,6.46,0.0,0.0,838.8,828.7,833.9,102.906,102.806,103.529
P4,IDT4,P4-IDT4-4.1-SI04,SACU-2,19,17,2,89.47,10.53,MBUS-20,On-grid,519.66,130.015,-30.715,1125.1,1125.1,1125.1,1125.1,1123.8,1123.8,1123.8,1123.8,1123.8,1127.3,1127.3,1127.3,1127.3,1127.3,1126.3,1126.3,1126.3,1126.3,1122.0,1122.0,1122.0,1122.0,1122.0,1119.6,1119.6,1119.6,1119.6,1119.6,7.2,6.74,6.99,6.74,7.06,6.93,7.01,0.0,0.0,7.04,7.03,6.86,0.0,0.0,0.0,6.81,7.04,6.76,7.26,7.05,0.0,0.0,0.0,7.0,6.79,0.0,0.0,0.0,837.0,830.8,827.3,93.643,93.374,93.509
P4,IDT4,P4-IDT4-4.1-SI05,SACU-2,19,19,0,100.0,0.0,MBUS-21,On-grid,576.41,144.798,-30.66,1117.4,1117.4,1117.4,1117.4,1124.0,1124.0,1124.0,1124.0,1124.0,1115.3,1115.3,1115.3,1115.3,1115.3,1120.6,1120.6,1120.6,1120.6,1121.5,1121.5,1121.5,1121.5,1121.5,1130.8,1130.8,1130.8,1130.8,1130.8,6.96,7.04,6.83,7.03,6.79,6.72,6.98,0.0,0.0,7.12,6.9,0.0,0.0,7.02,0.0,6.8,6.72,7.08,7.13,7.05,6.96,0.0,0.0,6.94,6.65,0.0,6.69,0.0,838.8,831.1,830.7,103.201,103.084,102.869
P4,IDT4,P4-IDT4-4.1-SI06,SACU-2,19,19,0,100.0,0.0,MBUS-22,On-grid,575.03,143.641,-30.664,1134.6,1134.6,1134.6,1134.6,1123.0,1123.0,1123.0,1123.0,1123.0,1123.4,1123.4,1123.4,1123.4,1123.4,1125.3,1125.3,1125.3,1125.3,1138.1,1138.1,1138.1,1138.1,1138.1,1131.8,1131.8,1131.8,1131.8,1131.8,6.79,6.92,6.71,6.77,6.85,7.03,6.72,0.0,0.0,6.9,6.82,6.82,0.0,0.0,0.0,6.95,6.73,6.93,6.55,6.53,6.62,0.0,0.0,6.7,6.8,6.97,0.0,0.0,840.0,833.6,830.9,102.264,102.152,101.865
P4,IDT4,P4-IDT4-4.1-SI07,SACU-2,19,18,1,94.74,5.26,MBUS-23,On-grid,548.91,137.823,-30.65,1126.5,1126.5,1126.5,1126.5,1116.5,1116.5,1116.5,1116.5,1116.5,1126.1,1126.1,1126.1,1126.1,1126.1,1132.0,1132.0,1132.0,1132.0,1128.9,1128.9,1128.9,1128.9,1128.9,1124.7,1124.7,1124.7,1124.7,1124.7,0.0,6.99,6.75,6.99,6.89,7.09,6.81,0.0,0.0,7.16,6.73,7.06,0.0,0.0,7.02,0.0,6.85,6.96,6.56,6.77,0.0,7.08,0.0,7.24,6.74,7.09,0.0,0.0,836.7,830.1,827.9,98.602,98.222,98.596
P4,IDT4,P4-IDT4-4.1-SI08,SACU-2,19,19,0,100.0,0.0,MBUS-24,On-grid,580.6,144.534,-30.692,1120.5,1120.5,1120.5,1120.5,1120.3,1120.3,1120.3,1120.3,1120.3,1118.0,1118.0,1118.0,1118.0,1118.0,1122.5,1122.5,1122.5,1122.5,1120.5,1120.5,1120.5,1120.5,1120.5,1123.4,1123.4,1123.4,1123.4,1123.4,7.27,6.75,6.78,6.91,7.04,0.0,6.92,0.0,0.0,7.11,6.96,6.61,0.0,0.0,7.18,6.78,6.73,6.97,7.35,0.0,6.66,0.0,6.92,6.82,6.92,6.78,0.0,0.0,838.6,830.8,831.3,103.299,103.058,102.853
P4,IDT4,P4-IDT4-4.2-SI09,SACU-2,19,15,4,78.95,21.05,MBUS-25,On-grid,457.58,114.11,-30.623,1134.8,1134.8,1134.8,1134.8,1116.7,1116.7,1116.7,1116.7,1116.7,1130.2,1130.2,1130.2,1130.2,1130.2,1114.4,1114.4,1114.4,1114.4,1119.2,1119.2,1119.2,1119.2,1119.2,392.1,392.1,392.1,392.1,392.1,0.0,0.0,6.96,6.75,6.72,6.78,0.0,7.19,6.94,0.0,7.03,6.85,7.01,6.81,6.89,6.95,7.07,6.92,7.09,0.0,0.0,0.0,0.0,0.0,0.0,0.0,0.0,0.0,839.8,829.3,833.4,82.935,82.311,82.002
P4,IDT4,P4-IDT4-4.2-SI10,SACU-2,19,19,0,100.0,0.0,MBUS-26,On-grid,575.05,143.768,-30.643,1117.0,1117.0,1117.0,1117.0,1124.3,1124.3,1124.3,1124.3,1124.3,1107.8,1107.8,1107.8,1107.8,1107.8,1117.7,1117.7,1117.7,1117.7,1124.0,1124.0,1124.0,1124.0,1124.0,1123.1,1123.1,1123.1,1123.1,1123.1,7.56,6.65,6.86,6.6,7.7,6.72,0.0,0.0,6.88,7.13,7.02,6.84,7.0,6.84,7.42,6.79,6.96,6.74,7.54,6.71,0.0,0.0,0.0,7.57,0.0,0.0,0.0,0.0,837.0,829.7,828.4,103.082,102.182,102.659
P4,IDT4,P4-IDT4-4.2-SI11,SACU-2,19,17,2,89.47,10.53,MBUS-27,On-grid,518.65,129.305,-30.635,1126.7,1126.7,1126.7,1126.7,1114.6,1114.6,1114.6,1114.6,1114.6,1123.3,1123.3,1123.3,1123.3,1123.3,1119.2,1119.2,1119.2,1119.2,1124.2,1124.2,1124.2,1124.2,1124.2,1119.5,1119.5,1119.5,1119.5,1119.5,7.05,6.73,0.0,6.91,6.96,6.81,0.0,0.0,0.0,7.1,6.78,0.0,0.0,0.0,7.25,6.78,6.7,7.03,6.86,7.04,6.92,0.0,0.0,7.1,6.8,6.79,0.0,0.0,838.4,829.1,833.2,92.631,92.746,92.545
P4,IDT4,P4-IDT4-4.2-SI12,SACU-2,19,19,0,100.0,0.0,MBUS-28,On-grid,576.06,144.332,-30.656,1122.5,1122.5,1122.5,1122.5,1122.5,1122.5,1122.5,1122.5,1122.5,1126.4,1126.4,1126.4,1126.4,1126.4,1112.0,1112.0,1112.0,1112.0,1116.3,1116.3,1116.3,1116.3,1116.3,1117.9,1117.9,1117.9,1117.9,1117.9,7.24,6.96,6.93,6.82,7.07,7.09,6.8,0.0,0.0,7.07,7.0,6.87,0.0,0.0,0.0,6.88,6.77,7.1,7.15,7.09,6.91,0.0,0.0,7.21,6.99,6.78,0.0,0.0,836.2,831.1,827.6,102.959,103.175,102.672
P4,IDT4,P4-IDT4-4.2-SI13,SACU-2,19,16,3,84.21,15.79,MBUS-29,On-grid,487.48,121.155,-30.681,1120.0,1120.0,1120.0,1120.0,1126.1,1126.1,1126.1,1126.1,1126.1,1125.4,1125.4,1125.4,1125.4,1125.4,1120.7,1120.7,1120.7,1120.7,1135.9,1135.9,1135.9,1135.9,1135.9,1123.4,1123.4,1123.4,1123.4,1123.4,7.23,6.97,6.75,6.98,6.92,6.95,6.57,0.0,0.0,6.98,6.94,7.01,0.0,0.0,7.54,6.67,6.9,0.0,7.58,0.0,0.0,0.0,0.0,7.13,6.75,0.0,0.0,0.0,838.3,827.3,833.4,87.36,86.926,87.415
P4,IDT4,P4-IDT4-4.2-SI14,SACU-2,19,19,0,100.0,0.0,MBUS-30,On-grid,582.77,144.528,-30.679,1118.8,1118.8,1118.8,1118.8,1131.6,1131.6,1131.6,1131.6,1131.6,1104.1,1104.1,1104.1,1104.1,1104.1,1124.3,1124.3,1124.3,1124.3,1129.4,1129.4,1129.4,1129.4,1129.4,1118.8,1118.8,1118.8,1118.8,1118.8,7.11,6.88,6.58,6.98,6.68,6.98,6.72,0.0,0.0,6.92,6.65,7.25,0.0,0.0,0.0,6.97,6.82,6.87,6.71,7.0,6.93,0.0,0.0,6.49,6.95,7.16,0.0,0.0,836.9,830.3,829.5,103.189,103.052,103.115
P4,IDT4,P4-IDT4-4.2-SI15,SACU-2,19,17,2,89.47,10.53,MBUS-31,On-grid,518.46,128.715,-30.662,1123.9,1123.9,1123.9,1123.9,1126.7,1126.7,1126.7,1126.7,1126.7,1117.9,1117.9,1117.9,1117.9,1117.9,1127.0,1127.0,1127.0,1127.0,1127.1,1127.1,1127.1,1127.1,1127.1,1117.1,1117.1,1117.1,1117.1,1117.1,7.24,6.63,6.83,6.65,6.85,7.05,0.0,0.0,0.0,6.79,6.88,0.0,6.87,0.0,0.0,6.96,6.88,0.0,6.93,6.81,6.95,0.0,0.0,6.69,6.96,6.83,0.0,0.0,835.7,828.8,827.5,93.069,92.642,92.391
P4,IDT4,P4-IDT4-4.2-SI16,SACU-2,19,16,3,84.21,15.79,MBUS-32,On-grid,488.43,122.514,-30.614,1120.3,1120.3,1120.3,1120.3,1123.4,1123.4,1123.4,1123.4,1123.4,1127.0,1127.0,1127.0,1127.0,1127.0,1127.5,1127.5,1127.5,1127.5,1126.5,1126.5,1126.5,1126.5,1126.5,1162.2,1162.2,1162.2,1162.2,1162.2,7.02,6.88,6.8,7.04,7.07,6.89,7.03,0.0,0.0,7.04,6.82,7.01,0.0,0.0,6.85,6.98,6.76,6.97,7.44,0.0,0.0,0.0,0.0,6.9,0.0,0.0,0.0,0.0,835.8,825.0,830.1,88.249,88.569,88.454
P4,IB5,P4-IB5-1.1-SI01,SACU-1,19,19,0,100.0,0.0,MBUS-1,On-grid,584.28,149.453,-0.075,1126.1,1126.1,1126.1,1126.1,1132.1,1132.1,1132.1,1132.1,1132.1,1125.0,1125.0,1125.0,1125.0,1125.0,1124.5,1124.5,1124.5,1124.5,1137.2,1137.2,1137.2,1137.2,1137.2,1131.0,1131.0,1131.0,1131.0,1131.0,7.17,7.03,7.1,7.0,6.99,7.07,7.12,0.0,0.0,7.15,7.13,7.05,0.0,0.0,7.31,7.0,7.05,0.0,6.6,7.12,6.91,0.0,0.0,7.07,6.95,7.04,0.0,0.0,844.6,834.9,839.1,103.81,103.045,103.263
P4,IB5,P4-IB5-1.1-SI02,SACU-1,19,19,0,100.0,0.0,MBUS-2,On-grid,587.57,149.493,0.026,1131.8,1131.8,1131.8,1131.8,1108.3,1108.3,1108.3,1108.3,1108.3,1137.7,1137.7,1137.7,1137.7,1137.7,1121.4,1121.4,1121.4,1121.4,1120.1,1120.1,1120.1,1120.1,1120.1,1127.7,1127.7,1127.7,1127.7,1127.7,6.89,7.11,6.97,7.13,6.89,7.31,7.11,0.0,0.0,7.08,6.93,7.14,0.0,0.0,7.15,7.14,6.93,0.0,7.62,7.12,7.15,0.0,0.0,6.94,7.1,7.1,0.0,0.0,844.3,834.5,838.5,103.488,102.985,102.964
P4,IB5,P4-IB5-1.1-SI03,SACU-1,19,19,0,100.0,0.0,MBUS-3,On-grid,586.36,150.241,0.043,1135.6,1135.6,1135.6,1135.6,1134.0,1134.0,1134.0,1134.0,1134.0,1131.0,1131.0,1131.0,1131.0,1131.0,1120.3,1120.3,1120.3,1120.3,1120.4,1120.4,1120.4,1120.4,1120.4,1114.2,1114.2,1114.2,1114.2,1114.2,7.09,7.05,7.08,6.93,6.74,7.12,7.18,0.0,0.0,6.99,7.18,7.06,0.0,0.0,7.23,7.04,7.22,0.0,7.01,7.3,7.1,0.0,0.0,6.91,7.12,7.34,0.0,0.0,844.2,837.2,837.0,103.464,103.519,103.564
P4,IB5,P4-IB5-1.1-SI04,SACU-1,19,15,4,78.95,21.05,MBUS-4,On-grid,461.79,119.072,0.075,1123.7,1123.7,1123.7,1123.7,1115.3,1115.3,1115.3,1115.3,1115.3,1120.3,1120.3,1120.3,1120.3,1120.3,1114.5,1114.5,1114.5,1114.5,1112.1,1112.1,1112.1,1112.1,1112.1,1134.9,1134.9,1134.9,1134.9,1134.9,7.12,7.14,6.98,7.18,6.99,7.3,7.09,0.0,0.0,7.39,6.98,7.31,0.0,0.0,7.48,0.0,7.15,0.0,0.0,7.14,0.0,0.0,0.0,0.0,7.13,6.98,0.0,0.0,844.5,835.4,839.6,82.202,82.048,81.923
P4,IB5,P4-IB5-1.1-SI05,SACU-1,19,18,1,94.74,5.26,MBUS-5,On-grid,525.46,134.815,-0.017,1108.8,1108.8,1108.8,1108.8,1134.7,1134.7,1134.7,1134.7,1134.7,1118.9,1118.9,1118.9,1118.9,1118.9,1115.2,1115.2,1115.2,1115.2,1142.5,1142.5,1142.5,1142.5,1142.5,1128.4,1128.4,1128.4,1128.4,1128.4,7.09,7.07,6.85,6.94,6.59,7.09,6.81,0.0,0.0,7.2,6.9,7.11,0.0,0.0,7.08,7.11,6.89,0.0,0.0,6.94,6.68,0.0,0.0,6.7,6.75,3.08,0.0,0.0,848.4,838.8,843.4,92.859,92.129,92.177
P4,IB5,P4-IB5-1.1-SI06,SACU-1,19,19,0,100.0,0.0,MBUS-6,On-grid,581.0,149.714,-0.071,1130.0,1130.0,1130.0,1130.0,1116.1,1116.1,1116.1,1116.1,1116.1,1137.9,1137.9,1137.9,1137.9,1137.9,1117.0,1117.0,1117.0,1117.0,1122.5,1122.5,1122.5,1122.5,1122.5,1119.3,1119.3,1119.3,1119.3,1119.3,6.96,7.16,6.97,7.08,7.42,7.15,7.2,0.0,0.0,6.96,7.08,6.9,0.0,0.0,7.37,7.2,7.24,0.0,6.91,7.21,7.02,0.0,0.0,7.27,6.95,7.14,0.0,0.0,848.2,842.0,840.7,102.794,102.876,102.285
P4,IB5,P4-IB5-1.1-SI07,SACU-1,19,14,5,73.68,26.32,MBUS-7,On-grid,425.36,109.287,-0.01,1115.5,1115.5,1115.5,1115.5,1112.7,1112.7,1112.7,1112.7,1112.7,1109.8,1109.8,1109.8,1109.8,1109.8,1131.9,1131.9,1131.9,1131.9,1127.0,1127.0,1127.0,1127.0,1127.0,1145.0,1145.0,1145.0,1145.0,1145.0,7.41,0.0,7.22,7.02,7.27,7.15,7.26,0.0,0.0,7.23,7.13,7.01,0.0,0.0,0.0,7.01,6.98,0.0,0.0,7.01,6.91,0.0,0.0,0.0,0.0,6.41,0.0,0.0,847.7,842.0,838.9,75.397,74.942,75.11
P4,IB5,P4-IB5-1.1-SI08,SACU-1,19,19,0,100.0,0.0,MBUS-8,On-grid,583.73,149.699,-0.018,1116.9,1116.9,1116.9,1116.9,1119.7,1119.7,1119.7,1119.7,1119.7,1128.4,1128.4,1128.4,1128.4,1128.4,1122.0,1122.0,1122.0,1122.0,1133.0,1133.0,1133.0,1133.0,1133.0,1122.8,1122.8,1122.8,1122.8,1122.8,7.22,7.04,7.11,7.04,7.08,7.09,7.18,0.0,0.0,7.03,6.99,7.09,0.0,0.0,7.24,7.11,7.09,0.0,7.0,7.09,6.89,0.0,0.0,7.12,7.24,7.06,0.0,0.0,846.8,837.2,842.9,103.077,102.82,102.837
P4,IB5,P4-IB5-1.2-SI09,SACU-1,19,18,1,94.74,5.26,MBUS-9,On-grid,549.92,142.13,0.003,1117.7,1117.7,1117.7,1117.7,1126.8,1126.8,1126.8,1126.8,1126.8,1124.2,1124.2,1124.2,1124.2,1124.2,1107.2,1107.2,1107.2,1107.2,1114.3,1114.3,1114.3,1114.3,1114.3,1132.9,1132.9,1132.9,1132.9,1132.9,7.25,7.03,7.08,7.08,7.03,7.1,7.2,7.12,7.21,7.22,7.21,7.16,0.0,0.0,7.37,7.09,7.29,7.22,7.77,0.0,0.0,0.0,0.0,7.36,0.0,0.0,0.0,0.0,848.9,842.3,839.7,97.831,96.832,97.332
P4,IB5,P4-IB5-1.2-SI10,SACU-1,19,19,0,100.0,0.0,MBUS-10,On-grid,581.29,148.984,-0.001,1133.0,1133.0,1133.0,1133.0,1116.6,1116.6,1116.6,1116.6,1116.6,1122.5,1122.5,1122.5,1122.5,1122.5,1121.2,1121.2,1121.2,1121.2,1117.4,1117.4,1117.4,1117.4,1117.4,1111.2,1111.2,1111.2,1111.2,1111.2,7.31,7.05,6.83,6.99,6.98,7.24,7.09,0.0,0.0,7.23,6.98,7.12,0.0,0.0,7.11,7.12,7.01,0.0,7.26,7.14,7.15,0.0,0.0,7.2,7.15,7.14,0.0,0.0,846.9,841.6,837.0,102.449,102.196,102.229
P4,IB5,P4-IB5-1.2-SI11,SACU-1,19,19,0,100.0,0.0,MBUS-11,On-grid,579.21,148.324,0.008,1127.6,1127.6,1127.6,1127.6,1122.5,1122.5,1122.5,1122.5,1122.5,1127.4,1127.4,1127.4,1127.4,1127.4,1123.0,1123.0,1123.0,1123.0,1103.6,1103.6,1103.6,1103.6,1103.6,1123.0,1123.0,1123.0,1123.0,1123.0,7.14,6.94,7.07,6.91,7.07,7.04,7.11,0.0,0.0,6.95,7.05,7.0,0.0,0.0,7.14,6.9,7.08,0.0,7.15,7.26,6.88,0.0,0.0,7.09,7.01,7.08,0.0,0.0,846.6,836.7,842.2,102.242,102.186,101.713
P4,IB5,P4-IB5-1.2-SI12,SACU-1,19,19,0,100.0,0.0,MBUS-12,On-grid,580.84,147.817,0.005,1113.4,1113.4,1113.4,1113.4,1122.7,1122.7,1122.7,1122.7,1122.7,1121.5,1121.5,1121.5,1121.5,1121.5,1120.8,1120.8,1120.8,1120.8,1130.0,1130.0,1130.0,1130.0,1130.0,1120.3,1120.3,1120.3,1120.3,1120.3,7.15,7.18,6.95,7.17,6.71,7.16,6.94,0.0,0.0,7.28,0.0,7.11,6.91,0.0,6.98,7.1,6.92,0.0,7.06,6.94,7.05,0.0,0.0,6.85,7.12,6.95,0.0,0.0,847.2,836.7,843.2,102.075,101.328,101.25
P4,IB5,P4-IB5-1.2-SI13,SACU-1,19,19,0,100.0,0.0,MBUS-13,On-grid,586.74,149.12,0.063,1127.0,1127.0,1127.0,1127.0,1123.4,1123.4,1123.4,1123.4,1123.4,1124.1,1124.1,1124.1,1124.1,1124.1,1126.8,1126.8,1126.8,1126.8,1123.0,1123.0,1123.0,1123.0,1123.0,1120.2,1120.2,1120.2,1120.2,1120.2,7.12,7.01,7.15,7.15,6.86,7.2,6.99,0.0,0.0,7.18,7.01,7.18,0.0,0.0,7.03,7.07,6.96,0.0,7.01,7.17,7.11,0.0,0.0,7.14,7.05,7.02,0.0,0.0,845.6,840.5,836.6,102.651,102.529,102.544
P4,IB5,P4-IB5-1.2-SI14,SACU-1,19,19,0,100.0,0.0,MBUS-14,On-grid,584.06,148.291,-0.028,1124.1,1124.1,1124.1,1124.1,1111.1,1111.1,1111.1,1111.1,1111.1,1115.7,1115.7,1115.7,1115.7,1115.7,1120.1,1120.1,1120.1,1120.1,1126.6,1126.6,1126.6,1126.6,1126.6,1133.1,1133.1,1133.1,1133.1,1133.1,7.1,6.95,7.1,6.93,7.02,7.09,7.21,0.0,0.0,7.19,7.12,7.05,0.0,0.0,7.32,6.9,7.04,0.0,6.9,7.19,6.96,0.0,0.0,6.9,7.05,6.87,0.0,0.0,847.9,836.9,842.8,102.019,101.791,101.61
P4,IB5,P4-IB5-1.2-SI15,SACU-1,19,19,0,100.0,0.0,MBUS-15,On-grid,582.95,149.127,0.003,1133.7,1133.7,1133.7,1133.7,1129.4,1129.4,1129.4,1129.4,1129.4,1114.6,1114.6,1114.6,1114.6,1114.6,1125.3,1125.3,1125.3,1125.3,1122.1,1122.1,1122.1,1122.1,1122.1,1123.3,1123.3,1123.3,1123.3,1123.3,7.22,6.96,7.02,6.9,6.89,7.06,7.15,0.0,0.0,6.98,7.23,7.09,0.0,0.0,7.13,7.04,7.12,0.0,7.12,7.21,7.02,0.0,0.0,7.08,6.92,7.07,0.0,0.0,845.9,839.1,837.1,102.938,102.644,102.496
P4,IB5,P4-IB5-1.2-SI16,SACU-1,19,19,0,100.0,0.0,MBUS-16,On-grid,586.9,150.419,0.003,1119.0,1119.0,1119.0,1119.0,1127.7,1127.7,1127.7,1127.7,1127.7,1126.0,1126.0,1126.0,1126.0,1126.0,1123.0,1123.0,1123.0,1123.0,1123.8,1123.8,1123.8,1123.8,1123.8,1132.3,1132.3,1132.3,1132.3,1132.3,7.44,7.09,7.0,7.24,6.94,7.25,7.02,0.0,0.0,7.25,7.02,7.23,0.0,0.0,7.14,7.17,6.92,7.19,7.38,7.05,0.0,0.0,0.0,6.99,7.1,7.01,0.0,0.0,847.0,837.7,841.6,103.837,103.36,103.031
P4,IB5,P4-IB5-2.1-SI01,SACU-1,19,19,0,100.0,0.0,MBUS-17,On-grid,584.63,149.697,0.021,1135.4,1135.4,1135.4,1135.4,1121.8,1121.8,1121.8,1121.8,1121.8,1116.8,1116.8,1116.8,1116.8,1116.8,1116.4,1116.4,1116.4,1116.4,1130.7,1130.7,1130.7,1130.7,1130.7,1130.8,1130.8,1130.8,1130.8,1130.8,6.94,7.09,6.94,7.08,6.92,7.24,7.04,0.0,0.0,7.29,7.03,7.23,0.0,0.0,7.16,7.13,6.96,0.0,7.12,7.03,7.06,0.0,0.0,6.94,7.12,6.99,0.0,0.0,846.1,835.6,841.4,103.437,103.32,103.126
P4,IB5,P4-IB5-2.1-SI02,SACU-1,19,19,0,100.0,0.0,MBUS-18,On-grid,586.46,149.8,0.01,1138.2,1138.2,1138.2,1138.2,1135.9,1135.9,1135.9,1135.9,1135.9,1124.6,1124.6,1124.6,1124.6,1124.6,1119.7,1119.7,1119.7,1119.7,1125.4,1125.4,1125.4,1125.4,1125.4,1115.8,1115.8,1115.8,1115.8,1115.8,7.1,7.06,6.92,7.05,6.95,6.97,7.09,0.0,0.0,6.99,7.07,7.28,0.0,0.0,7.27,7.02,7.17,0.0,7.07,7.2,6.99,0.0,0.0,7.24,7.01,7.2,0.0,0.0,846.8,840.1,838.8,103.244,103.001,102.856
P4,IB5,P4-IB5-2.1-SI03,SACU-1,19,19,0,100.0,0.0,MBUS-19,On-grid,586.52,149.304,0.033,1125.8,1125.8,1125.8,1125.8,1120.3,1120.3,1120.3,1120.3,1120.3,1127.4,1127.4,1127.4,1127.4,1127.4,1123.1,1123.1,1123.1,1123.1,1132.7,1132.7,1132.7,1132.7,1132.7,1116.0,1116.0,1116.0,1116.0,1116.0,7.17,7.09,6.97,7.11,6.99,7.2,7.0,0.0,0.0,7.21,7.03,6.97,0.0,0.0,7.08,7.08,6.94,0.0,7.11,7.1,7.03,0.0,0.0,7.12,7.04,7.09,0.0,0.0,843.5,834.1,839.0,103.805,102.85,102.976
P4,IB5,P4-IB5-2.1-SI04,SACU-1,19,19,0,100.0,0.0,MBUS-20,On-grid,584.11,149.139,0.039,1124.2,1124.2,1124.2,1124.2,1119.3,1119.3,1119.3,1119.3,1119.3,1128.4,1128.4,1128.4,1128.4,1128.4,1128.7,1128.7,1128.7,1128.7,1116.6,1116.6,1116.6,1116.6,1116.6,1116.0,1116.0,1116.0,1116.0,1116.0,7.28,7.01,6.94,7.13,7.03,7.21,7.0,0.0,0.0,7.12,6.99,7.11,0.0,0.0,7.1,7.05,6.95,0.0,7.2,7.02,7.2,0.0,0.0,7.32,7.11,7.08,0.0,0.0,845.7,838.2,839.1,102.937,102.46,102.524
P4,IB5,P4-IB5-2.1-SI05,SACU-1,19,19,0,100.0,0.0,MBUS-21,On-grid,583.2,148.889,-0.019,1119.8,1119.8,1119.8,1119.8,1125.4,1125.4,1125.4,1125.4,1125.4,1123.9,1123.9,1123.9,1123.9,1123.9,1118.9,1118.9,1118.9,1118.9,1110.2,1110.2,1110.2,1110.2,1110.2,1129.8,1129.8,1129.8,1129.8,1129.8,7.14,7.0,7.11,7.02,6.98,7.04,7.13,0.0,0.0,7.06,7.14,7.03,0.0,0.0,7.26,6.99,7.1,0.0,7.07,7.29,7.06,0.0,0.0,6.81,7.05,6.97,0.0,0.0,845.4,839.5,836.1,102.836,102.603,102.031
P4,IB5,P4-IB5-2.1-SI06,SACU-1,19,19,0,100.0,0.0,MBUS-22,On-grid,585.11,150.011,0.009,1113.4,1113.4,1113.4,1113.4,1134.7,1134.7,1134.7,1134.7,1134.7,1131.4,1131.4,1131.4,1131.4,1131.4,1136.7,1136.7,1136.7,1136.7,1119.3,1119.3,1119.3,1119.3,1119.3,1117.8,1117.8,1117.8,1117.8,1117.8,7.31,7.15,7.17,7.03,7.02,7.04,7.05,0.0,0.0,7.11,7.11,7.03,0.0,0.0,7.17,6.88,6.97,0.0,7.2,7.21,6.98,0.0,0.0,7.26,7.19,7.0,0.0,0.0,848.0,837.5,842.2,102.807,102.871,103.006
P4,IB5,P4-IB5-2.1-SI07,SACU-1,19,19,0,100.0,0.0,MBUS-23,On-grid,583.87,148.533,0.029,1110.9,1110.9,1110.9,1110.9,1127.3,1127.3,1127.3,1127.3,1127.3,1133.5,1133.5,1133.5,1133.5,1133.5,1124.2,1124.2,1124.2,1124.2,1110.9,1110.9,1110.9,1110.9,1110.9,1113.6,1113.6,1113.6,1113.6,1113.6,7.35,7.16,6.99,7.15,6.95,7.15,6.94,0.0,0.0,7.22,6.87,7.1,0.0,0.0,6.93,7.06,6.97,0.0,7.37,7.15,7.17,0.0,0.0,7.17,7.12,7.09,0.0,0.0,845.6,839.7,835.5,102.303,102.397,102.382
P4,IB5,P4-IB5-2.1-SI08,SACU-1,19,19,0,100.0,0.0,MBUS-24,On-grid,582.19,150.077,-0.006,1122.1,1122.1,1122.1,1122.1,1125.0,1125.0,1125.0,1125.0,1125.0,1130.1,1130.1,1130.1,1130.1,1130.1,1111.3,1111.3,1111.3,1111.3,1116.0,1116.0,1116.0,1116.0,1116.0,1109.0,1109.0,1109.0,1109.0,1109.0,7.06,7.26,7.02,7.19,6.77,7.28,7.04,0.0,0.0,7.2,7.03,7.23,0.0,0.0,7.22,7.24,7.09,0.0,7.39,7.22,7.25,0.0,0.0,6.97,7.02,7.2,0.0,0.0,848.2,842.3,840.0,103.077,102.808,102.825
P4,IB5,P4-IB5-2.2-SI09,SACU-1,19,18,1,94.74,5.26,MBUS-25,On-grid,554.82,142.522,0.002,1123.1,1123.1,1123.1,1123.1,1125.2,1125.2,1125.2,1125.2,1125.2,1124.1,1124.1,1124.1,1124.1,1124.1,1114.8,1114.8,1114.8,1114.8,1122.2,1122.2,1122.2,1122.2,1122.2,1124.7,1124.7,1124.7,1124.7,1124.7,7.06,7.15,7.14,7.0,0.0,7.01,7.18,0.0,0.0,7.25,7.17,7.02,0.0,0.0,7.37,7.02,7.27,0.0,7.37,7.15,7.22,0.0,0.0,7.2,7.14,7.12,0.0,0.0,845.8,841.3,836.6,98.551,97.865,97.674
P4,IB5,P4-IB5-2.2-SI10,SACU-1,19,19,0,100.0,0.0,MBUS-26,On-grid,585.58,151.679,0.043,1134.9,1134.9,1134.9,1134.9,1129.4,1129.4,1129.4,1129.4,1129.4,1117.1,1117.1,1117.1,1117.1,1117.1,1123.2,1123.2,1123.2,1123.2,1120.0,1120.0,1120.0,1120.0,1120.0,1139.6,1139.6,1139.6,1139.6,1139.6,7.13,7.16,7.02,7.15,6.94,7.32,7.14,0.0,0.0,7.34,7.28,7.35,0.0,0.0,7.27,7.2,7.09,0.0,7.36,7.13,7.12,0.0,0.0,7.52,6.88,7.19,0.0,0.0,846.3,841.9,836.4,104.641,104.204,104.436
P4,IB5,P4-IB5-2.2-SI11,SACU-1,19,18,1,94.74,5.26,MBUS-27,On-grid,557.0,142.619,0.019,1122.2,1122.2,1122.2,1122.2,1121.7,1121.7,1121.7,1121.7,1121.7,1113.0,1113.0,1113.0,1113.0,1113.0,1118.9,1118.9,1118.9,1118.9,1125.9,1125.9,1125.9,1125.9,1125.9,1113.8,1113.8,1113.8,1113.8,1113.8,7.28,7.08,7.18,0.0,7.11,7.14,7.17,0.0,0.0,7.19,7.25,7.16,0.0,0.0,7.39,6.99,6.97,0.0,7.29,7.18,6.9,0.0,0.0,7.22,7.21,7.07,0.0,0.0,847.8,837.9,842.9,97.773,97.758,97.968
P4,IB5,P4-IB5-2.2-SI12,SACU-1,19,14,5,73.68,26.32,MBUS-28,On-grid,428.29,110.884,-0.034,1121.4,1121.4,1121.4,1121.4,1126.1,1126.1,1126.1,1126.1,1126.1,1115.4,1115.4,1115.4,1115.4,1115.4,1123.0,1123.0,1123.0,1123.0,1110.1,1110.1,1110.1,1110.1,1110.1,1128.0,1128.0,1128.0,1128.0,1128.0,7.17,7.12,7.15,7.06,6.82,7.14,7.17,0.0,0.0,7.3,0.0,0.0,0.0,0.0,7.32,7.02,0.0,7.04,0.0,7.16,7.01,0.0,0.0,7.28,0.0,0.0,0.0,0.0,846.3,836.5,842.1,76.2,76.461,76.124
P4,IB5,P4-IB5-2.2-SI13,SACU-1,19,18,1,94.74,5.26,MBUS-29,On-grid,554.94,141.169,0.004,1130.0,1130.0,1130.0,1130.0,1124.5,1124.5,1124.5,1124.5,1124.5,1126.3,1126.3,1126.3,1126.3,1126.3,1125.8,1125.8,1125.8,1125.8,1145.3,1145.3,1145.3,1145.3,1145.3,1129.9,1129.9,1129.9,1129.9,1129.9,7.19,6.91,7.07,6.93,6.99,7.06,7.11,0.0,0.0,7.08,7.02,7.02,0.0,0.0,7.31,0.0,6.81,7.1,6.84,6.98,6.76,0.0,0.0,7.35,0.0,7.05,0.0,0.0,849.2,839.4,844.2,96.626,96.74,96.555
P4,IB5,P4-IB5-2.2-SI14,SACU-1,19,19,0,100.0,0.0,MBUS-30,On-grid,582.06,149.522,-0.074,1118.5,1118.5,1118.5,1118.5,1122.5,1122.5,1122.5,1122.5,1122.5,1117.6,1117.6,1117.6,1117.6,1117.6,1126.8,1126.8,1126.8,1126.8,1125.0,1125.0,1125.0,1125.0,1125.0,1120.5,1120.5,1120.5,1120.5,1120.5,7.1,7.28,7.06,7.18,6.84,7.05,7.16,0.0,0.0,7.01,7.15,7.06,0.0,0.0,7.13,6.96,7.18,0.0,7.08,7.15,7.15,0.0,0.0,6.88,6.98,7.04,0.0,0.0,849.1,843.7,840.1,103.183,102.046,102.431
P4,IB5,P4-IB5-2.2-SI15,SACU-1,19,19,0,100.0,0.0,MBUS-31,On-grid,586.65,148.921,0.007,1120.8,1120.8,1120.8,1120.8,1126.7,1126.7,1126.7,1126.7,1126.7,1123.0,1123.0,1123.0,1123.0,1123.0,1130.8,1130.8,1130.8,1130.8,1124.8,1124.8,1124.8,1124.8,1124.8,1147.5,1147.5,1147.5,1147.5,1147.5,7.16,6.99,6.98,6.94,6.95,7.1,6.94,0.0,0.0,7.13,6.98,7.16,0.0,0.0,6.98,6.95,6.99,7.12,7.15,7.18,0.0,0.0,0.0,6.96,6.91,6.93,0.0,0.0,849.8,839.7,844.4,102.238,101.562,101.858
P4,IB5,P4-IB5-2.2-SI16,SACU-1,19,19,0,100.0,0.0,MBUS-32,On-grid,583.66,150.326,0.025,1119.3,1119.3,1119.3,1119.3,1128.3,1128.3,1128.3,1128.3,1128.3,1125.8,1125.8,1125.8,1125.8,1125.8,1133.6,1133.6,1133.6,1133.6,1116.3,1116.3,1116.3,1116.3,1116.3,1126.1,1126.1,1126.1,1126.1,1126.1,7.25,7.23,7.08,7.22,7.0,7.19,7.01,0.0,0.0,7.0,7.13,7.42,0.0,0.0,7.02,7.1,6.98,0.0,7.31,7.13,7.28,0.0,0.0,7.16,7.1,7.04,0.0,0.0,844.7,840.2,835.1,104.073,103.363,103.41
P4,IB5,P4-IB5-3.1-SI01,SACU-2,19,19,0,100.0,0.0,MBUS-1,On-grid,584.65,148.509,-30.734,1134.2,1134.2,1134.2,1134.2,1126.9,1126.9,1126.9,1126.9,1126.9,1128.8,1128.8,1128.8,1128.8,1128.8,1124.3,1124.3,1124.3,1124.3,1128.0,1128.0,1128.0,1128.0,1128.0,1136.4,1136.4,1136.4,1136.4,1136.4,6.97,7.04,7.03,6.97,6.98,7.09,7.1,0.0,0.0,7.08,7.12,7.02,0.0,0.0,7.19,6.95,7.05,0.0,7.03,7.13,6.95,0.0,0.0,7.16,6.88,6.93,0.0,0.0,837.5,827.5,832.4,106.048,105.984,106.422
P4,IB5,P4-IB5-3.1-SI02,SACU-2,19,19,0,100.0,0.0,MBUS-2,On-grid,583.99,148.294,-30.593,1121.7,1121.7,1121.7,1121.7,1125.8,1125.8,1125.8,1125.8,1125.8,1123.0,1123.0,1123.0,1123.0,1123.0,1110.6,1110.6,1110.6,1110.6,1121.1,1121.1,1121.1,1121.1,1121.1,1120.5,1120.5,1120.5,1120.5,1120.5,7.06,7.13,7.0,7.16,6.94,7.21,7.01,0.0,0.0,7.03,7.35,7.08,0.0,0.0,7.25,7.06,7.07,0.0,7.14,7.05,7.12,0.0,0.0,7.42,6.92,7.19,0.0,0.0,837.2,830.6,828.4,106.101,105.583,105.857
P4,IB5,P4-IB5-3.1-SI03,SACU-2,19,19,0,100.0,0.0,MBUS-3,On-grid,581.57,147.988,-30.702,1124.6,1124.6,1124.6,1124.6,1121.4,1121.4,1121.4,1121.4,1121.4,1136.2,1136.2,1136.2,1136.2,1136.2,1124.2,1124.2,1124.2,1124.2,1126.2,1126.2,1126.2,1126.2,1126.2,1130.5,1130.5,1130.5,1130.5,1130.5,7.26,6.83,7.08,6.99,7.05,7.05,7.1,0.0,0.0,6.55,7.08,7.25,0.0,0.0,7.25,6.9,6.99,0.0,7.12,7.11,6.92,0.0,0.0,7.33,6.99,6.96,0.0,0.0,837.7,827.2,832.9,105.788,105.403,105.524
P4,IB5,P4-IB5-3.1-SI04,SACU-2,19,19,0,100.0,0.0,MBUS-4,On-grid,334.17,49.983,-30.707,1287.1,1287.1,1287.1,1287.1,1286.8,1286.8,1286.8,1286.8,1286.8,1286.8,1286.8,1286.8,1286.8,1286.8,1286.7,1286.7,1286.7,1286.7,1286.8,1286.8,1286.8,1286.8,1286.8,1286.7,1286.7,1286.7,1286.7,1286.7,1.93,2.1,2.22,2.18,1.97,2.19,2.16,0.0,0.0,1.98,2.15,2.13,0.0,0.0,2.1,2.01,2.09,0.0,1.86,2.1,1.92,0.0,0.0,1.93,2.08,2.27,0.0,0.0,833.9,824.5,829.5,42.407,41.543,42.02
P4,IB5,P4-IB5-3.1-SI05,SACU-2,19,19,0,100.0,0.0,MBUS-5,On-grid,580.64,148.066,-30.698,1119.8,1119.8,1119.8,1119.8,1126.0,1126.0,1126.0,1126.0,1126.0,1127.5,1127.5,1127.5,1127.5,1127.5,1124.7,1124.7,1124.7,1124.7,1115.8,1115.8,1115.8,1115.8,1115.8,1121.7,1121.7,1121.7,1121.7,1121.7,7.15,6.94,7.05,6.92,7.0,6.99,7.01,0.0,0.0,6.37,7.09,7.56,0.0,0.0,7.15,6.9,6.98,0.0,7.02,7.17,6.98,0.0,0.0,7.03,7.08,6.96,0.0,0.0,837.7,827.7,832.8,104.934,105.642,105.149
P4,IB5,P4-IB5-3.1-SI06,SACU-2,19,19,0,100.0,0.0,MBUS-6,On-grid,584.75,147.61,-30.66,1127.4,1127.4,1127.4,1127.4,1127.0,1127.0,1127.0,1127.0,1127.0,1129.3,1129.3,1129.3,1129.3,1129.3,1124.7,1124.7,1124.7,1124.7,1118.6,1118.6,1118.6,1118.6,1118.6,1126.7,1126.7,1126.7,1126.7,1126.7,7.12,6.96,6.88,6.97,6.81,7.08,6.98,0.0,0.0,7.0,6.72,7.0,0.0,0.0,7.12,7.09,7.02,0.0,7.38,7.14,7.17,0.0,0.0,6.77,7.08,6.99,0.0,0.0,837.9,832.4,828.8,105.01,105.062,104.972
P4,IB5,P4-IB5-3.1-SI07,SACU-2,19,19,0,100.0,0.0,MBUS-7,On-grid,335.26,49.98,-30.636,1287.2,1287.2,1287.2,1287.2,1287.3,1287.3,1287.3,1287.3,1287.3,1287.5,1287.5,1287.5,1287.5,1287.5,1287.6,1287.6,1287.6,1287.6,1287.7,1287.7,1287.7,1287.7,1287.7,1287.7,1287.7,1287.7,1287.7,1287.7,2.01,2.21,2.08,2.15,1.72,2.29,2.18,0.0,0.0,2.02,2.06,2.12,0.0,0.0,1.91,2.12,2.03,0.0,1.96,2.08,2.23,0.0,0.0,2.03,2.14,2.16,0.0,0.0,834.0,827.9,825.9,42.64,41.698,42.02
P4,IB5,P4-IB5-3.1-SI08,SACU-2,19,19,0,100.0,0.0,MBUS-8,On-grid,585.07,148.873,-30.64,1124.2,1124.2,1124.2,1124.2,1122.0,1122.0,1122.0,1122.0,1122.0,1138.1,1138.1,1138.1,1138.1,1138.1,1112.1,1112.1,1112.1,1112.1,1123.4,1123.4,1123.4,1123.4,1123.4,1122.6,1122.6,1122.6,1122.6,1122.6,7.23,7.02,6.99,7.15,6.95,7.21,7.03,0.0,0.0,7.17,6.91,7.1,0.0,0.0,7.03,7.22,7.23,0.0,7.36,7.04,7.19,0.0,0.0,7.18,7.1,7.01,0.0,0.0,838.0,830.5,831.0,106.301,105.875,105.225
P4,IB5,P4-IB5-3.2-SI09,SACU-2,19,19,0,100.0,0.0,MBUS-9,On-grid,586.83,149.401,-30.655,1127.2,1127.2,1127.2,1127.2,1122.0,1122.0,1122.0,1122.0,1122.0,1122.2,1122.2,1122.2,1122.2,1122.2,1131.1,1131.1,1131.1,1131.1,1136.9,1136.9,1136.9,1136.9,1136.9,1111.9,1111.9,1111.9,1111.9,1111.9,7.27,7.05,7.17,6.98,7.17,7.01,7.2,0.0,0.0,7.06,7.24,7.11,0.0,0.0,7.08,6.99,7.17,0.0,6.87,7.2,6.92,0.0,0.0,7.06,7.16,7.1,0.0,0.0,838.3,832.6,829.3,106.188,106.462,106.424
P4,IB5,P4-IB5-3.2-SI10,SACU-2,19,18,1,94.74,5.26,MBUS-10,On-grid,552.87,140.555,-30.718,1130.2,1130.2,1130.2,1130.2,1116.8,1116.8,1116.8,1116.8,1116.8,1112.0,1112.0,1112.0,1112.0,1112.0,1124.1,1124.1,1124.1,1124.1,1119.3,1119.3,1119.3,1119.3,1119.3,1123.5,1123.5,1123.5,1123.5,1123.5,7.11,6.85,7.12,6.56,7.04,7.04,7.21,0.0,0.0,7.13,7.14,6.89,0.0,0.0,7.32,7.02,6.99,0.0,7.2,0.0,6.97,0.0,0.0,7.06,6.98,7.14,0.0,0.0,839.5,829.8,835.5,100.181,100.252,99.881
P4,IB5,P4-IB5-3.2-SI11,SACU-2,19,17,2,89.47,10.53,MBUS-11,On-grid,510.84,131.867,-30.628,1132.2,1132.2,1132.2,1132.2,1117.3,1117.3,1117.3,1117.3,1117.3,1136.8,1136.8,1136.8,1136.8,1136.8,1129.2,1129.2,1129.2,1129.2,1138.5,1138.5,1138.5,1138.5,1138.5,1125.7,1125.7,1125.7,1125.7,1125.7,6.92,0.0,7.15,7.12,6.53,7.36,6.53,0.0,0.0,6.99,6.72,0.0,0.0,0.0,0.0,7.1,6.71,6.78,7.11,6.92,7.05,0.0,0.0,6.59,7.13,7.03,0.0,0.0,839.5,828.1,834.4,94.418,94.535,94.451
P4,IB5,P4-IB5-3.2-SI12,SACU-2,19,19,0,100.0,0.0,MBUS-12,On-grid,579.59,147.902,-30.619,1126.2,1126.2,1126.2,1126.2,1116.9,1116.9,1116.9,1116.9,1116.9,1125.7,1125.7,1125.7,1125.7,1125.7,1130.6,1130.6,1130.6,1130.6,1126.9,1126.9,1126.9,1126.9,1126.9,1133.6,1133.6,1133.6,1133.6,1133.6,7.34,6.92,7.16,6.95,6.84,7.27,6.94,0.0,0.0,7.23,6.22,7.18,0.0,0.0,7.01,7.06,6.83,0.0,7.2,6.94,7.21,0.0,0.0,6.66,7.13,7.05,0.0,0.0,838.1,830.8,830.5,105.287,105.54,105.361
P4,IB5,P4-IB5-3.2-SI13,SACU-2,19,19,0,100.0,0.0,MBUS-13,On-grid,577.17,148.302,-30.698,1134.3,1134.3,1134.3,1134.3,1122.8,1122.8,1122.8,1122.8,1122.8,1127.0,1127.0,1127.0,1127.0,1127.0,1122.2,1122.2,1122.2,1122.2,1112.9,1112.9,1112.9,1112.9,1112.9,1088.9,1088.9,1088.9,1088.9,1088.9,7.26,6.94,7.11,6.89,7.15,7.12,6.59,0.0,0.0,7.19,6.98,7.23,0.0,0.0,6.94,7.14,7.22,0.0,6.99,6.92,7.25,0.0,0.0,6.83,7.28,7.42,0.0,0.0,838.1,831.2,829.5,105.726,105.36,105.375
P4,IB5,P4-IB5-3.2-SI14,SACU-2,19,18,1,94.74,5.26,MBUS-14,On-grid,546.44,141.65,-30.679,1124.7,1124.7,1124.7,1124.7,1122.2,1122.2,1122.2,1122.2,1122.2,1124.2,1124.2,1124.2,1124.2,1124.2,1115.4,1115.4,1115.4,1115.4,1117.3,1117.3,1117.3,1117.3,1117.3,1128.6,1128.6,1128.6,1128.6,1128.6,7.38,7.04,6.93,7.24,7.22,7.06,7.23,0.0,0.0,7.21,7.23,7.03,0.0,0.0,7.4,6.97,7.19,0.0,7.06,7.27,6.73,0.0,0.0,0.0,6.81,7.1,0.0,0.0,839.3,828.6,835.2,100.997,100.509,100.663
P4,IB5,P4-IB5-3.2-SI15,SACU-2,19,19,0,100.0,0.0,MBUS-15,On-grid,585.47,148.99,-30.686,1125.6,1125.6,1125.6,1125.6,1125.4,1125.4,1125.4,1125.4,1125.4,1115.7,1115.7,1115.7,1115.7,1115.7,1126.4,1126.4,1126.4,1126.4,1113.6,1113.6,1113.6,1113.6,1113.6,1131.0,1131.0,1131.0,1131.0,1131.0,7.21,6.98,7.1,6.96,7.12,6.98,7.15,0.0,0.0,7.16,7.14,7.08,0.0,0.0,7.07,7.06,7.05,0.0,6.57,7.21,7.09,0.0,0.0,7.13,6.82,6.92,0.0,0.0,837.1,826.5,832.3,106.085,106.028,106.053
P4,IB5,P4-IB5-3.2-SI16,SACU-2,19,19,0,100.0,0.0,MBUS-16,On-grid,586.83,148.899,-30.592,1117.2,1117.2,1117.2,1117.2,1120.7,1120.7,1120.7,1120.7,1120.7,1125.6,1125.6,1125.6,1125.6,1125.6,1128.2,1128.2,1128.2,1128.2,1124.9,1124.9,1124.9,1124.9,1124.9,1119.5,1119.5,1119.5,1119.5,1119.5,7.22,7.16,6.99,7.2,6.92,7.21,7.07,0.0,0.0,7.17,7.01,7.19,0.0,0.0,7.09,7.06,6.98,0.0,7.11,7.01,7.02,0.0,0.0,7.0,0.0,7.01,7.0,0.0,836.2,828.8,828.6,105.81,106.155,105.812
P4,IB5,P4-IB5-4.1-SI01,SACU-2,19,19,0,100.0,0.0,MBUS-17,On-grid,581.06,148.765,-30.715,1115.0,1115.0,1115.0,1115.0,1121.1,1121.1,1121.1,1121.1,1121.1,1134.4,1134.4,1134.4,1134.4,1134.4,1121.7,1121.7,1121.7,1121.7,1130.5,1130.5,1130.5,1130.5,1130.5,1103.6,1103.6,1103.6,1103.6,1103.6,7.21,7.21,7.05,7.17,6.83,7.27,6.98,0.0,0.0,7.22,6.93,7.17,0.0,0.0,7.13,7.06,7.03,0.0,7.16,7.04,6.98,0.0,0.0,7.02,7.1,7.35,0.0,0.0,836.8,829.4,828.9,105.794,105.915,106.158
P4,IB5,P4-IB5-4.1-SI02,SACU-2,19,19,0,100.0,0.0,MBUS-18,On-grid,580.55,148.846,-30.626,1119.2,1119.2,1119.2,1119.2,1114.3,1114.3,1114.3,1114.3,1114.3,1111.9,1111.9,1111.9,1111.9,1111.9,1107.4,1107.4,1107.4,1107.4,1123.7,1123.7,1123.7,1123.7,1123.7,1131.7,1131.7,1131.7,1131.7,1131.7,7.27,7.07,7.14,7.05,7.13,7.15,7.23,0.0,0.0,7.18,7.24,7.1,0.0,0.0,7.3,7.13,7.24,6.9,7.13,7.26,0.0,0.0,0.0,7.18,6.9,7.22,0.0,0.0,839.5,834.8,829.5,105.962,105.788,105.959
P4,IB5,P4-IB5-4.1-SI03,SACU-2,19,19,0,100.0,0.0,MBUS-19,On-grid,582.72,149.651,-30.741,1118.1,1118.1,1118.1,1118.1,1123.4,1123.4,1123.4,1123.4,1123.4,1127.4,1127.4,1127.4,1127.4,1127.4,1119.8,1119.8,1119.8,1119.8,1125.7,1125.7,1125.7,1125.7,1125.7,1122.6,1122.6,1122.6,1122.6,1122.6,7.24,7.04,7.16,7.04,7.05,7.11,7.16,0.0,0.0,7.1,7.11,7.09,0.0,0.0,7.22,6.99,7.04,0.0,7.27,7.16,7.04,0.0,0.0,7.15,7.07,7.11,0.0,0.0,838.5,827.3,833.1,106.448,106.282,106.922
P4,IB5,P4-IB5-4.1-SI04,SACU-2,19,16,3,84.21,15.79,MBUS-20,On-grid,318.05,50.013,-30.742,1284.6,1284.6,1284.6,1284.6,1284.5,1284.5,1284.5,1284.5,1284.5,1284.7,1284.7,1284.7,1284.7,1284.7,1284.8,1284.8,1284.8,1284.8,1284.4,1284.4,1284.4,1284.4,1284.4,1284.7,1284.7,1284.7,1284.7,1284.7,2.26,2.58,2.42,2.54,2.25,2.49,0.0,0.0,0.0,2.5,0.0,2.56,0.0,0.0,2.41,2.47,2.5,0.0,0.0,2.53,2.58,0.0,0.0,2.3,2.56,2.72,0.0,0.0,836.4,830.9,826.7,42.094,41.566,41.715
P4,IB5,P4-IB5-4.1-SI05,SACU-2,19,19,0,100.0,0.0,MBUS-21,On-grid,582.05,148.716,-30.646,1118.6,1118.6,1118.6,1118.6,1131.7,1131.7,1131.7,1131.7,1131.7,1115.0,1115.0,1115.0,1115.0,1115.0,1115.7,1115.7,1115.7,1115.7,1127.6,1127.6,1127.6,1127.6,1127.6,1126.6,1126.6,1126.6,1126.6,1126.6,7.15,7.18,6.98,7.17,6.83,7.13,6.97,0.0,0.0,7.28,7.0,7.26,0.0,0.0,7.21,7.11,6.94,0.0,7.13,7.08,7.1,0.0,0.0,7.06,7.11,6.97,0.0,0.0,838.9,828.8,834.3,105.853,106.051,106.002
P4,IB5,P4-IB5-4.1-SI06,SACU-2,19,18,1,94.74,5.26,MBUS-22,On-grid,555.36,141.607,-30.726,1119.4,1119.4,1119.4,1119.4,1127.3,1127.3,1127.3,1127.3,1127.3,1114.1,1114.1,1114.1,1114.1,1114.1,1129.0,1129.0,1129.0,1129.0,1135.0,1135.0,1135.0,1135.0,1135.0,1133.4,1133.4,1133.4,1133.4,1133.4,7.2,7.05,7.13,7.07,7.03,6.95,7.14,0.0,0.0,7.24,7.07,7.1,0.0,0.0,7.23,0.0,7.1,7.07,7.18,7.18,0.0,0.0,0.0,7.18,6.93,6.99,0.0,0.0,839.7,829.9,835.2,100.666,101.098,101.08
P4,IB5,P4-IB5-4.1-SI07,SACU-2,19,17,2,89.47,10.53,MBUS-23,On-grid,526.23,133.394,-30.684,1122.3,1122.3,1122.3,1122.3,1123.3,1123.3,1123.3,1123.3,1123.3,1118.6,1118.6,1118.6,1118.6,1118.6,1120.1,1120.1,1120.1,1120.1,1126.9,1126.9,1126.9,1126.9,1126.9,1124.2,1124.2,1124.2,1124.2,1124.2,7.07,6.97,7.1,6.96,6.82,7.14,7.19,0.0,0.0,7.15,7.2,7.12,0.0,0.0,0.0,0.0,7.15,0.0,6.74,7.21,7.03,0.0,0.0,6.73,6.96,7.01,0.0,0.0,838.4,833.0,829.1,95.392,95.433,95.564
P4,IB5,P4-IB5-4.1-SI08,SACU-2,19,19,0,100.0,0.0,MBUS-24,On-grid,584.85,148.922,-30.713,1143.7,1143.7,1143.7,1143.7,1132.9,1132.9,1132.9,1132.9,1132.9,1116.1,1116.1,1116.1,1116.1,1116.1,1119.8,1119.8,1119.8,1119.8,1122.4,1122.4,1122.4,1122.4,1122.4,1129.5,1129.5,1129.5,1129.5,1129.5,6.88,6.97,6.99,6.87,6.94,7.05,7.09,0.0,0.0,7.03,7.2,7.08,0.0,0.0,7.22,7.14,6.9,0.0,7.17,7.04,7.14,0.0,0.0,7.15,7.04,6.98,0.0,0.0,840.7,830.4,836.0,105.625,106.141,105.855
P4,IB5,P4-IB5-4.2-SI09,SACU-2,19,17,2,89.47,10.53,MBUS-25,On-grid,523.01,132.818,-30.754,1114.9,1114.9,1114.9,1114.9,1113.2,1113.2,1113.2,1113.2,1113.2,1130.4,1130.4,1130.4,1130.4,1130.4,1118.7,1118.7,1118.7,1118.7,1112.1,1112.1,1112.1,1112.1,1112.1,1128.6,1128.6,1128.6,1128.6,1128.6,7.07,7.02,6.84,7.17,7.11,0.0,0.0,0.0,0.0,7.01,6.9,7.17,0.0,0.0,6.91,7.04,7.12,0.0,7.08,7.1,7.24,0.0,0.0,6.64,7.13,7.13,0.0,0.0,838.5,828.5,834.2,95.192,95.365,95.161
P4,IB5,P4-IB5-4.2-SI10,SACU-2,19,19,0,100.0,0.0,MBUS-26,On-grid,583.37,148.633,-30.692,1109.0,1109.0,1109.0,1109.0,1114.4,1114.4,1114.4,1114.4,1114.4,1124.9,1124.9,1124.9,1124.9,1124.9,1109.6,1109.6,1109.6,1109.6,1115.7,1115.7,1115.7,1115.7,1115.7,1123.2,1123.2,1123.2,1123.2,1123.2,7.18,7.2,6.89,7.24,6.91,7.3,6.96,0.0,0.0,7.14,7.15,7.17,0.0,0.0,7.19,7.17,6.92,0.0,6.86,7.1,7.07,0.0,0.0,6.98,7.15,7.02,0.0,0.0,840.8,830.8,836.4,105.658,105.715,105.327
P4,IB5,P4-IB5-4.2-SI11,SACU-2,19,14,5,73.68,26.32,MBUS-27,On-grid,428.75,109.616,-30.724,1122.5,1122.5,1122.5,1122.5,1125.7,1125.7,1125.7,1125.7,1125.7,1131.0,1131.0,1131.0,1131.0,1131.0,1113.4,1113.4,1113.4,1113.4,1110.0,1110.0,1110.0,1110.0,1110.0,1127.0,1127.0,1127.0,1127.0,1127.0,7.37,6.88,7.03,0.0,7.18,7.26,0.0,0.0,0.0,7.18,0.0,0.0,0.0,0.0,7.4,7.04,7.26,0.0,7.19,7.31,7.13,0.0,0.0,0.0,7.05,6.99,0.0,0.0,838.7,834.0,829.3,79.722,79.631,79.527
P4,IB5,P4-IB5-4.2-SI12,SACU-2,19,19,0,100.0,0.0,MBUS-28,On-grid,585.16,147.98,-30.676,1131.0,1131.0,1131.0,1131.0,1133.0,1133.0,1133.0,1133.0,1133.0,1141.0,1141.0,1141.0,1141.0,1141.0,1128.3,1128.3,1128.3,1128.3,1118.3,1118.3,1118.3,1118.3,1118.3,1132.3,1132.3,1132.3,1132.3,1132.3,7.11,6.91,6.99,6.88,7.06,6.98,7.09,0.0,0.0,6.9,6.98,6.77,0.0,0.0,7.27,6.88,7.03,0.0,6.92,7.31,6.96,0.0,0.0,6.94,7.1,7.01,0.0,0.0,841.9,831.7,836.7,105.03,104.833,105.122
P4,IB5,P4-IB5-4.2-SI13,SACU-2,19,19,0,100.0,0.0,MBUS-29,On-grid,583.53,148.084,-30.602,1124.3,1124.3,1124.3,1124.3,1116.6,1116.6,1116.6,1116.6,1116.6,1113.0,1113.0,1113.0,1113.0,1113.0,1125.2,1125.2,1125.2,1125.2,1125.9,1125.9,1125.9,1125.9,1125.9,1127.1,1127.1,1127.1,1127.1,1127.1,7.18,6.95,7.01,6.98,7.06,7.0,7.1,0.0,0.0,7.01,7.2,7.03,0.0,0.0,7.07,6.81,7.14,0.0,6.99,7.21,6.96,0.0,0.0,7.15,7.06,7.0,0.0,0.0,839.5,834.1,831.5,104.86,105.401,104.993
P4,IB5,P4-IB5-4.2-SI14,SACU-2,19,19,0,100.0,0.0,MBUS-30,On-grid,583.71,148.138,-30.682,1120.4,1120.4,1120.4,1120.4,1114.5,1114.5,1114.5,1114.5,1114.5,1129.9,1129.9,1129.9,1129.9,1129.9,1126.6,1126.6,1126.6,1126.6,1123.9,1123.9,1123.9,1123.9,1123.9,1116.7,1116.7,1116.7,1116.7,1116.7,7.23,6.91,7.19,6.97,7.13,7.03,7.21,0.0,0.0,7.04,6.94,7.12,0.0,0.0,7.27,6.82,7.01,0.0,7.06,7.16,6.91,0.0,0.0,7.15,6.99,7.08,0.0,0.0,839.7,829.5,833.9,105.346,105.649,105.773
P4,IB5,P4-IB5-4.2-SI15,SACU-2,19,18,1,94.74,5.26,MBUS-31,On-grid,331.34,50.036,-30.689,1288.5,1288.5,1288.5,1288.5,1288.5,1288.5,1288.5,1288.5,1288.5,1288.5,1288.5,1288.5,1288.5,1288.5,1288.6,1288.6,1288.6,1288.6,1288.3,1288.3,1288.3,1288.3,1288.3,1288.4,1288.4,1288.4,1288.4,1288.4,1.83,2.22,2.04,2.3,2.29,2.3,0.0,0.0,0.0,2.09,2.21,2.48,0.0,0.0,2.23,2.29,2.12,0.0,2.02,2.17,2.25,0.0,0.0,2.06,2.23,2.2,0.0,0.0,834.8,831.1,824.9,42.382,41.716,42.244
P4,IB5,P4-IB5-4.2-SI16,SACU-2,19,19,0,100.0,0.0,MBUS-32,On-grid,584.11,148.375,-30.777,1129.7,1129.7,1129.7,1129.7,1120.0,1120.0,1120.0,1120.0,1120.0,1146.3,1146.3,1146.3,1146.3,1146.3,1124.8,1124.8,1124.8,1124.8,1118.3,1118.3,1118.3,1118.3,1118.3,1119.7,1119.7,1119.7,1119.7,1119.7,7.19,6.91,7.07,6.97,7.09,7.06,7.03,0.0,0.0,6.92,7.02,7.0,0.0,0.0,7.18,6.92,7.08,0.0,7.06,7.1,6.96,0.0,0.0,7.17,6.91,7.16,0.0,0.0,836.7,831.8,826.7,105.793,105.976,105.792
P4,IB6,P4-IB6-1.1-SI01,SACU-1,19,19,0,100.0,0.0,MBUS-1,On-grid,580.59,148.311,0.004,1116.4,1116.4,1116.4,1116.4,1115.2,1115.2,1115.2,1115.2,1115.2,1120.7,1120.7,1120.7,1120.7,1120.7,1120.3,1120.3,1120.3,1120.3,1126.8,1126.8,1126.8,1126.8,1126.8,1119.1,1119.1,1119.1,1119.1,1119.1,7.34,6.95,6.96,6.95,7.26,6.79,7.11,0.0,0.0,7.15,7.23,6.88,0.0,0.0,0.0,6.88,7.05,6.94,7.3,7.09,6.89,0.0,0.0,7.34,6.91,7.15,0.0,0.0,844.9,834.4,839.4,102.701,102.141,102.488
P4,IB6,P4-IB6-1.1-SI02,SACU-1,19,19,0,100.0,0.0,MBUS-2,On-grid,583.13,148.325,0.028,1124.0,1124.0,1124.0,1124.0,1132.8,1132.8,1132.8,1132.8,1132.8,1116.2,1116.2,1116.2,1116.2,1116.2,1125.4,1125.4,1125.4,1125.4,1103.4,1103.4,1103.4,1103.4,1103.4,1119.9,1119.9,1119.9,1119.9,1119.9,7.05,7.14,6.97,7.14,7.27,7.14,0.0,0.0,6.92,7.09,7.35,7.13,0.0,0.0,7.09,7.13,0.0,7.12,0.0,7.28,6.79,7.1,0.0,0.0,6.95,6.94,0.0,6.42,846.1,841.1,835.7,102.243,101.752,101.854
P4,IB6,P4-IB6-1.1-SI03,SACU-1,19,19,0,100.0,0.0,MBUS-3,On-grid,336.52,50.042,-0.068,1286.7,1286.7,1286.7,1286.7,1286.6,1286.6,1286.6,1286.6,1286.6,1286.6,1286.6,1286.6,1286.6,1286.6,1286.3,1286.3,1286.3,1286.3,1286.5,1286.5,1286.5,1286.5,1286.5,1286.5,1286.5,1286.5,1286.5,1286.5,1.86,1.97,2.13,2.24,1.55,2.07,2.2,0.0,0.0,1.93,2.24,2.14,0.0,0.0,2.06,2.0,2.12,0.0,2.0,2.18,2.03,0.0,0.0,1.89,2.09,2.26,0.0,0.0,842.4,837.8,834.5,35.391,34.259,34.742
P4,IB6,P4-IB6-1.1-SI04,SACU-1,19,19,0,100.0,0.0,MBUS-4,On-grid,578.68,146.562,0.009,1091.8,1091.8,1091.8,1091.8,1130.9,1130.9,1130.9,1130.9,1130.9,1126.1,1126.1,1126.1,1126.1,1126.1,1122.9,1122.9,1122.9,1122.9,1110.4,1110.4,1110.4,1110.4,1110.4,1115.6,1115.6,1115.6,1115.6,1115.6,7.12,7.25,6.33,7.33,6.87,6.95,6.94,0.0,0.0,7.2,6.81,7.11,0.0,0.0,7.17,0.0,7.05,6.92,7.31,6.55,6.99,0.0,0.0,7.25,6.91,7.01,0.0,0.0,847.8,843.2,839.4,100.777,100.473,100.421
P4,IB6,P4-IB6-1.1-SI05,SACU-1,19,19,0,100.0,0.0,MBUS-5,On-grid,578.92,147.082,0.041,1113.2,1113.2,1113.2,1113.2,1117.5,1117.5,1117.5,1117.5,1117.5,1108.9,1108.9,1108.9,1108.9,1108.9,1117.7,1117.7,1117.7,1117.7,1116.5,1116.5,1116.5,1116.5,1116.5,1108.8,1108.8,1108.8,1108.8,1108.8,7.12,6.88,7.16,7.08,0.0,7.22,7.19,6.93,0.0,7.07,7.18,0.0,6.78,0.0,7.26,6.95,0.0,6.89,0.0,6.97,0.0,0.0,7.1,7.3,6.97,7.05,0.0,6.91,848.6,836.9,843.7,100.988,100.5,101.038
P4,IB6,P4-IB6-1.1-SI06,SACU-1,19,18,1,94.74,5.26,MBUS-6,On-grid,553.64,140.352,-0.094,1129.7,1129.7,1129.7,1129.7,1127.4,1127.4,1127.4,1127.4,1127.4,1133.4,1133.4,1133.4,1133.4,1133.4,1128.7,1128.7,1128.7,1128.7,1104.3,1104.3,1104.3,1104.3,1104.3,1109.7,1109.7,1109.7,1109.7,1109.7,7.16,6.91,0.0,7.12,6.86,7.05,7.08,6.94,6.94,7.25,0.0,0.0,0.0,0.0,0.0,0.0,0.0,7.05,6.77,7.03,7.07,7.58,6.95,0.0,0.0,6.94,7.22,7.13,846.9,836.8,841.2,96.958,96.235,96.359
P4,IB6,P4-IB6-1.1-SI07,SACU-1,19,19,0,100.0,0.0,MBUS-7,On-grid,582.58,147.371,-0.023,1112.1,1112.1,1112.1,1112.1,1121.7,1121.7,1121.7,1121.7,1121.7,1128.4,1128.4,1128.4,1128.4,1128.4,1118.4,1118.4,1118.4,1118.4,1126.5,1126.5,1126.5,1126.5,1126.5,1123.2,1123.2,1123.2,1123.2,1123.2,7.29,7.14,6.93,7.15,6.89,7.15,6.89,0.0,0.0,7.25,6.83,7.06,0.0,0.0,7.11,7.1,0.0,0.0,7.0,6.79,7.08,0.0,0.0,7.02,7.11,6.93,0.0,6.89,847.6,837.3,843.3,101.668,100.962,101.063
P4,IB6,P4-IB6-1.1-SI08,SACU-1,19,19,0,100.0,0.0,MBUS-8,On-grid,581.48,147.522,0.08,1114.9,1114.9,1114.9,1114.9,1112.8,1112.8,1112.8,1112.8,1112.8,1125.4,1125.4,1125.4,1125.4,1125.4,1118.8,1118.8,1118.8,1118.8,1123.1,1123.1,1123.1,1123.1,1123.1,1115.7,1115.7,1115.7,1115.7,1115.7,6.99,7.14,6.94,7.17,6.69,7.25,7.03,0.0,0.0,7.2,6.87,7.15,0.0,0.0,7.1,7.13,0.0,7.23,7.01,7.14,6.59,0.0,0.0,0.0,7.22,6.87,0.0,6.97,846.5,835.9,842.6,101.66,101.313,101.218
P4,IB6,P4-IB6-1.2-SI09,SACU-1,19,17,2,89.47,10.53,MBUS-9,On-grid,520.08,131.959,0.02,1095.1,1095.1,1095.1,1095.1,1121.9,1121.9,1121.9,1121.9,1121.9,1117.7,1117.7,1117.7,1117.7,1117.7,1120.5,1120.5,1120.5,1120.5,1134.0,1134.0,1134.0,1134.0,1134.0,1122.9,1122.9,1122.9,1122.9,1122.9,7.0,7.23,6.8,0.0,0.0,7.17,6.97,7.18,0.0,7.14,7.11,0.0,0.0,0.0,7.09,6.98,7.08,7.16,7.09,0.0,6.97,6.69,0.0,7.4,0.0,6.85,0.0,0.0,848.4,839.4,843.2,90.795,90.256,90.625
P4,IB6,P4-IB6-1.2-SI10,SACU-1,19,19,0,100.0,0.0,MBUS-10,On-grid,588.42,148.376,0.046,1119.3,1119.3,1119.3,1119.3,1122.0,1122.0,1122.0,1122.0,1122.0,1122.6,1122.6,1122.6,1122.6,1122.6,1127.9,1127.9,1127.9,1127.9,1117.5,1117.5,1117.5,1117.5,1117.5,1125.0,1125.0,1125.0,1125.0,1125.0,0.0,7.19,0.0,7.07,0.0,7.25,7.2,7.04,0.0,0.0,7.24,7.03,7.11,0.0,7.2,6.95,0.0,6.95,7.01,0.0,6.95,7.29,7.16,6.69,0.0,6.82,6.96,7.17,848.7,843.9,838.9,101.758,101.726,101.489
P4,IB6,P4-IB6-1.2-SI11,SACU-1,19,19,0,100.0,0.0,MBUS-11,On-grid,584.22,148.397,0.04,1137.3,1137.3,1137.3,1137.3,1121.6,1121.6,1121.6,1121.6,1121.6,1127.1,1127.1,1127.1,1127.1,1127.1,1122.9,1122.9,1122.9,1122.9,1130.5,1130.5,1130.5,1130.5,1130.5,1116.2,1116.2,1116.2,1116.2,1116.2,7.15,6.75,0.0,7.1,6.64,7.32,7.17,6.99,0.0,7.14,6.99,6.99,0.0,0.0,0.0,7.17,0.0,0.0,0.0,6.91,7.04,7.13,6.94,7.06,0.0,6.93,7.2,6.91,847.8,840.3,841.1,102.102,101.67,101.332
P4,IB6,P4-IB6-1.2-SI12,SACU-1,19,19,0,100.0,0.0,MBUS-12,On-grid,576.44,146.306,0.01,1123.9,1123.9,1123.9,1123.9,1119.4,1119.4,1119.4,1119.4,1119.4,1130.7,1130.7,1130.7,1130.7,1130.7,1106.4,1106.4,1106.4,1106.4,1127.3,1127.3,1127.3,1127.3,1127.3,1110.4,1110.4,1110.4,1110.4,1110.4,7.55,0.0,0.0,6.92,0.0,7.02,0.0,7.24,7.11,7.08,6.7,0.0,6.77,6.14,6.91,0.0,7.22,0.0,0.0,6.87,7.13,7.23,7.07,0.0,6.88,7.21,6.87,6.88,849.2,843.5,840.8,100.283,100.091,100.09
P4,IB6,P4-IB6-1.2-SI13,SACU-1,19,19,0,100.0,0.0,MBUS-13,On-grid,585.89,149.023,-0.09,1127.4,1127.4,1127.4,1127.4,1124.1,1124.1,1124.1,1124.1,1124.1,1125.8,1125.8,1125.8,1125.8,1125.8,1122.1,1122.1,1122.1,1122.1,1121.9,1121.9,1121.9,1121.9,1121.9,1120.7,1120.7,1120.7,1120.7,1120.7,7.27,7.15,6.99,7.03,6.99,7.04,0.0,7.21,6.94,7.29,6.89,0.0,0.0,0.0,6.99,7.15,7.09,7.01,7.23,7.03,7.17,0.0,0.0,0.0,6.98,7.13,0.0,0.0,848.2,837.9,842.6,102.723,102.235,102.136
P4,IB6,P4-IB6-1.2-SI14,SACU-1,19,19,0,100.0,0.0,MBUS-14,On-grid,580.48,147.946,-0.006,1099.0,1099.0,1099.0,1099.0,1126.2,1126.2,1126.2,1126.2,1126.2,1122.2,1122.2,1122.2,1122.2,1122.2,1125.2,1125.2,1125.2,1125.2,1121.5,1121.5,1121.5,1121.5,1121.5,1153.5,1153.5,1153.5,1153.5,1153.5,7.04,6.89,7.17,7.3,6.96,7.2,6.87,0.0,0.0,7.46,6.79,7.26,0.0,0.0,7.27,7.14,6.84,7.18,7.06,7.03,6.88,0.0,0.0,0.0,6.69,6.76,0.0,0.0,847.4,837.8,842.2,102.152,101.623,101.913
P4,IB6,P4-IB6-1.2-SI15,SACU-1,19,19,0,100.0,0.0,MBUS-15,On-grid,585.7,148.716,0.007,1128.0,1128.0,1128.0,1128.0,1118.7,1118.7,1118.7,1118.7,1118.7,1124.5,1124.5,1124.5,1124.5,1124.5,1121.7,1121.7,1121.7,1121.7,1120.0,1120.0,1120.0,1120.0,1120.0,1083.7,1083.7,1083.7,1083.7,1083.7,7.13,6.93,0.0,7.04,6.98,7.18,7.19,0.0,0.0,6.92,7.1,6.97,7.11,0.0,7.18,6.85,7.11,7.03,7.28,7.05,7.18,0.0,0.0,7.38,0.0,6.87,0.0,0.0,845.8,836.0,840.6,102.596,102.238,101.859
P4,IB6,P4-IB6-1.2-SI16,SACU-1,19,19,0,100.0,0.0,MBUS-16,On-grid,585.55,148.744,-0.026,1129.6,1129.6,1129.6,1129.6,1120.0,1120.0,1120.0,1120.0,1120.0,1121.2,1121.2,1121.2,1121.2,1121.2,1121.9,1121.9,1121.9,1121.9,1133.8,1133.8,1133.8,1133.8,1133.8,1121.7,1121.7,1121.7,1121.7,1121.7,7.07,7.19,6.65,7.19,7.0,7.01,7.22,0.0,0.0,7.04,7.19,7.03,0.0,0.0,7.19,7.14,6.98,0.0,6.86,7.15,6.86,0.0,0.0,7.22,7.11,7.02,0.0,0.0,845.0,839.4,836.7,102.751,102.529,102.608
P4,IB6,P4-IB6-2.1-SI01,SACU-1,19,19,0,100.0,0.0,MBUS-17,On-grid,337.12,50.043,0.055,1291.8,1291.8,1291.8,1291.8,1292.1,1292.1,1292.1,1292.1,1292.1,1291.8,1291.8,1291.8,1291.8,1291.8,1291.7,1291.7,1291.7,1291.7,1291.6,1291.6,1291.6,1291.6,1291.6,1291.4,1291.4,1291.4,1291.4,1291.4,1.7,2.34,0.0,2.45,0.0,2.5,2.37,2.46,2.41,1.87,0.0,2.5,0.0,0.0,1.59,1.62,1.39,2.39,1.45,2.45,1.78,0.0,0.0,2.28,2.39,1.67,0.0,0.0,841.1,835.6,833.0,34.823,34.613,34.627
P4,IB6,P4-IB6-2.1-SI02,SACU-1,19,19,0,100.0,0.0,MBUS-18,On-grid,583.22,148.981,0.105,1138.5,1138.5,1138.5,1138.5,1109.8,1109.8,1109.8,1109.8,1109.8,1123.0,1123.0,1123.0,1123.0,1123.0,1125.4,1125.4,1125.4,1125.4,1148.2,1148.2,1148.2,1148.2,1148.2,1121.9,1121.9,1121.9,1121.9,1121.9,7.04,7.12,6.81,6.81,6.99,6.87,0.0,7.16,0.0,7.17,7.04,7.27,0.0,0.0,7.11,7.03,6.92,0.0,6.95,6.88,6.78,0.0,0.0,7.14,7.11,7.21,0.0,0.0,844.8,834.3,839.4,102.821,102.357,102.525
P4,IB6,P4-IB6-2.1-SI03,SACU-1,19,19,0,100.0,0.0,MBUS-19,On-grid,587.32,150.166,-0.037,1119.8,1119.8,1119.8,1119.8,1127.0,1127.0,1127.0,1127.0,1127.0,1116.7,1116.7,1116.7,1116.7,1116.7,1120.7,1120.7,1120.7,1120.7,1130.6,1130.6,1130.6,1130.6,1130.6,1122.2,1122.2,1122.2,1122.2,1122.2,6.96,7.21,7.04,7.2,6.7,7.25,7.06,0.0,0.0,7.02,7.22,7.25,0.0,0.0,6.98,7.26,7.13,7.07,7.17,0.0,7.08,0.0,0.0,6.8,0.0,7.14,7.2,0.0,844.8,834.7,841.4,103.891,103.58,102.971
P4,IB6,P4-IB6-2.1-SI04,SACU-1,19,19,0,100.0,0.0,MBUS-20,On-grid,589.66,157.621,-0.028,1136.3,1136.3,1136.3,1136.3,1123.9,1123.9,1123.9,1123.9,1123.9,1125.6,1125.6,1125.6,1125.6,1125.6,1141.6,1141.6,1141.6,1141.6,1119.4,1119.4,1119.4,1119.4,1119.4,1123.2,1123.2,1123.2,1123.2,1123.2,7.46,7.33,7.36,7.27,7.73,7.52,0.0,0.0,0.0,7.9,7.28,7.49,7.48,0.0,7.54,7.32,7.2,7.36,7.67,7.52,0.0,0.0,0.0,7.44,7.47,7.53,0.0,0.0,845.4,840.5,836.2,108.753,108.274,108.488
P4,IB6,P4-IB6-2.1-SI05,SACU-1,19,19,0,100.0,0.0,MBUS-21,On-grid,571.84,147.079,0.024,1113.4,1113.4,1113.4,1113.4,1082.1,1082.1,1082.1,1082.1,1082.1,1087.2,1087.2,1087.2,1087.2,1087.2,1117.3,1117.3,1117.3,1117.3,1120.7,1120.7,1120.7,1120.7,1120.7,1126.0,1126.0,1126.0,1126.0,1126.0,7.39,7.07,7.42,7.05,7.33,6.18,7.32,0.0,0.0,6.77,7.12,7.28,0.0,0.0,7.4,7.13,0.0,6.37,6.71,7.39,7.1,0.0,0.0,7.23,7.29,6.98,0.0,0.0,846.1,836.8,841.9,101.758,101.086,101.133
P4,IB6,P4-IB6-2.1-SI06,SACU-1,19,19,0,100.0,0.0,MBUS-22,On-grid,584.85,151.506,-0.021,1140.0,1140.0,1140.0,1140.0,1129.5,1129.5,1129.5,1129.5,1129.5,1130.7,1130.7,1130.7,1130.7,1130.7,1129.4,1129.4,1129.4,1129.4,1115.8,1115.8,1115.8,1115.8,1115.8,1119.5,1119.5,1119.5,1119.5,1119.5,7.01,7.31,7.12,7.22,7.08,7.45,7.23,0.0,0.0,7.38,7.25,7.12,0.0,0.0,7.07,7.21,0.0,7.21,7.73,7.16,7.3,0.0,0.0,6.93,6.59,7.21,0.0,0.0,847.6,837.4,843.4,104.121,104.069,103.748
P4,IB6,P4-IB6-2.1-SI07,SACU-1,19,19,0,100.0,0.0,MBUS-23,On-grid,334.83,49.953,0.022,1286.1,1286.1,1286.1,1286.1,1286.0,1286.0,1286.0,1286.0,1286.0,1286.2,1286.2,1286.2,1286.2,1286.2,1286.2,1286.2,1286.2,1286.2,1286.2,1286.2,1286.2,1286.2,1286.2,1285.9,1285.9,1285.9,1285.9,1285.9,1.91,1.97,2.09,1.97,1.82,1.98,2.16,0.0,0.0,1.73,1.98,2.09,0.0,0.0,0.0,2.16,2.57,1.93,2.53,2.58,2.03,0.0,0.0,1.9,1.84,2.09,0.0,0.0,843.1,833.4,840.3,34.798,34.177,34.494
P4,IB6,P4-IB6-2.1-SI08,SACU-1,19,19,0,100.0,0.0,MBUS-24,On-grid,580.97,153.7,0.011,1102.7,1102.7,1102.7,1102.7,1134.1,1134.1,1134.1,1134.1,1134.1,1146.2,1146.2,1146.2,1146.2,1146.2,1113.0,1113.0,1113.0,1113.0,1134.0,1134.0,1134.0,1134.0,1134.0,1117.2,1117.2,1117.2,1117.2,1117.2,7.49,6.77,7.33,7.03,7.25,7.49,7.38,0.0,0.0,6.97,7.0,7.33,0.0,0.0,7.41,7.39,7.19,7.57,7.48,0.0,7.27,0.0,0.0,7.61,7.36,7.26,0.0,0.0,846.1,840.2,838.5,106.071,105.517,105.592
P4,IB6,P4-IB6-2.2-SI09,SACU-1,19,19,0,100.0,0.0,MBUS-25,On-grid,338.68,50.017,0.033,1292.5,1292.5,1292.5,1292.5,1292.4,1292.4,1292.4,1292.4,1292.4,1292.4,1292.4,1292.4,1292.4,1292.4,1292.5,1292.5,1292.5,1292.5,1292.2,1292.2,1292.2,1292.2,1292.2,1292.3,1292.3,1292.3,1292.3,1292.3,1.59,1.52,2.31,1.54,1.97,2.41,2.1,0.0,0.0,1.67,2.31,1.77,0.0,0.0,2.29,2.03,2.37,0.0,1.75,1.88,1.93,0.0,0.0,1.69,2.63,2.66,0.0,0.0,841.4,831.9,837.6,35.101,34.383,34.496
P4,IB6,P4-IB6-2.2-SI10,SACU-1,19,19,0,100.0,0.0,MBUS-26,On-grid,337.08,49.999,0.039,1287.9,1287.9,1287.9,1287.9,1288.1,1288.1,1288.1,1288.1,1288.1,1288.0,1288.0,1288.0,1288.0,1288.0,1287.8,1287.8,1287.8,1287.8,1287.9,1287.9,1287.9,1287.9,1287.9,1288.0,1288.0,1288.0,1288.0,1288.0,1.96,2.05,2.03,2.15,1.6,2.09,2.78,1.82,0.0,1.9,2.17,0.0,0.0,0.0,2.06,2.03,1.93,0.0,1.82,2.03,0.0,0.0,2.02,2.06,2.04,2.2,0.0,0.0,843.1,834.3,838.2,34.938,34.208,34.436
P4,IB6,P4-IB6-2.2-SI11,SACU-1,19,19,0,100.0,0.0,MBUS-27,On-grid,336.11,50.013,0.026,1287.3,1287.3,1287.3,1287.3,1287.6,1287.6,1287.6,1287.6,1287.6,1287.2,1287.2,1287.2,1287.2,1287.2,1287.3,1287.3,1287.3,1287.3,1286.9,1286.9,1286.9,1286.9,1286.9,1286.9,1286.9,1286.9,1286.9,1286.9,1.92,2.13,2.12,0.0,0.0,2.13,0.0,2.12,2.02,1.82,2.18,0.0,2.12,2.12,2.02,0.0,2.15,2.27,2.04,2.11,2.02,0.0,0.0,2.04,2.07,2.11,0.0,0.0,843.0,837.0,834.5,34.998,34.09,34.503
P4,IB6,P4-IB6-2.2-SI12,SACU-1,19,19,0,100.0,0.0,MBUS-28,On-grid,573.64,146.728,-0.022,1107.8,1107.8,1107.8,1107.8,1091.9,1091.9,1091.9,1091.9,1091.9,1099.1,1099.1,1099.1,1099.1,1099.1,1142.0,1142.0,1142.0,1142.0,1124.7,1124.7,1124.7,1124.7,1124.7,1109.8,1109.8,1109.8,1109.8,1109.8,7.33,7.1,7.25,6.71,6.96,6.81,6.9,6.86,0.0,7.22,0.0,7.11,0.0,0.0,7.14,0.0,6.89,6.68,7.63,7.04,7.14,0.0,0.0,7.17,6.84,6.84,0.0,0.0,849.2,840.1,844.6,101.209,100.323,100.234
P4,IB6,P4-IB6-2.2-SI13,SACU-1,19,19,0,100.0,0.0,MBUS-29,On-grid,583.58,149.284,0.102,1118.7,1118.7,1118.7,1118.7,1123.3,1123.3,1123.3,1123.3,1123.3,1116.8,1116.8,1116.8,1116.8,1116.8,1109.0,1109.0,1109.0,1109.0,1124.6,1124.6,1124.6,1124.6,1124.6,1123.8,1123.8,1123.8,1123.8,1123.8,7.06,7.21,7.14,7.12,7.06,7.11,7.04,0.0,0.0,7.0,7.32,7.04,0.0,0.0,7.39,7.15,6.69,0.0,7.25,7.21,6.92,0.0,0.0,7.04,6.94,6.9,0.0,0.0,846.2,841.7,836.7,102.892,102.587,102.613
P4,IB6,P4-IB6-2.2-SI14,SACU-1,19,19,0,100.0,0.0,MBUS-30,On-grid,579.49,148.266,0.068,1094.5,1094.5,1094.5,1094.5,1128.4,1128.4,1128.4,1128.4,1128.4,1123.2,1123.2,1123.2,1123.2,1123.2,1125.2,1125.2,1125.2,1125.2,1128.8,1128.8,1128.8,1128.8,1128.8,1119.8,1119.8,1119.8,1119.8,1119.8,7.15,6.92,6.86,7.25,6.88,7.13,7.01,0.0,0.0,7.19,7.19,7.0,0.0,0.0,7.08,0.0,6.78,7.03,7.16,7.15,7.11,0.0,0.0,7.27,7.04,7.1,0.0,0.0,846.9,842.4,837.8,101.727,101.73,101.384
P4,IB6,P4-IB6-2.2-SI15,SACU-1,19,19,0,100.0,0.0,MBUS-31,On-grid,581.8,147.815,0.044,1122.2,1122.2,1122.2,1122.2,1123.2,1123.2,1123.2,1123.2,1123.2,1099.5,1099.5,1099.5,1099.5,1099.5,1124.3,1124.3,1124.3,1124.3,1118.2,1118.2,1118.2,1118.2,1118.2,1118.0,1118.0,1118.0,1118.0,1118.0,7.18,7.05,7.16,7.09,7.05,7.0,7.03,0.0,0.0,7.45,6.13,0.0,7.18,0.0,7.31,7.13,0.0,7.0,7.16,7.07,6.98,0.0,0.0,7.31,7.0,6.95,0.0,0.0,845.2,835.2,841.1,102.074,101.783,101.497
P4,IB6,P4-IB6-2.2-SI16,SACU-1,19,19,0,100.0,0.0,MBUS-32,On-grid,336.69,50.037,0.001,1286.3,1286.3,1286.3,1286.3,1286.0,1286.0,1286.0,1286.0,1286.0,1286.0,1286.0,1286.0,1286.0,1286.0,1286.2,1286.2,1286.2,1286.2,1286.1,1286.1,1286.1,1286.1,1286.1,1286.0,1286.0,1286.0,1286.0,1286.0,2.04,2.08,2.14,2.11,2.06,2.11,2.14,0.0,0.0,2.01,2.09,2.07,0.0,0.0,1.8,2.15,2.14,1.99,2.31,2.1,0.0,0.0,1.9,1.98,2.19,0.0,0.0,0.0,842.1,837.4,833.2,35.031,34.168,34.472
P4,IB6,P4-IB6-3.1-SI01,SACU-2,19,19,0,100.0,0.0,MBUS-1,On-grid,584.58,149.26,-30.644,1114.6,1114.6,1114.6,1114.6,1136.8,1136.8,1136.8,1136.8,1136.8,1125.8,1125.8,1125.8,1125.8,1125.8,1126.4,1126.4,1126.4,1126.4,1128.7,1128.7,1128.7,1128.7,1128.7,1123.9,1123.9,1123.9,1123.9,1123.9,7.04,7.19,7.03,7.28,0.0,7.25,6.97,7.18,6.98,6.95,7.17,0.0,0.0,7.3,7.11,7.16,6.94,0.0,0.0,7.22,7.0,0.0,0.0,7.1,7.08,7.02,0.0,0.0,833.8,824.7,829.4,107.076,106.409,106.231
P4,IB6,P4-IB6-3.1-SI02,SACU-2,19,18,1,94.74,5.26,MBUS-2,On-grid,553.55,140.944,-30.703,1130.5,1130.5,1130.5,1130.5,1127.1,1127.1,1127.1,1127.1,1127.1,1136.2,1136.2,1136.2,1136.2,1136.2,1123.9,1123.9,1123.9,1123.9,1140.4,1140.4,1140.4,1140.4,1140.4,1128.7,1128.7,1128.7,1128.7,1128.7,7.29,6.91,6.87,6.92,7.42,7.02,0.0,0.0,7.12,6.97,6.99,6.82,0.0,0.0,7.34,6.99,7.18,0.0,7.17,6.98,7.0,0.0,0.0,6.88,6.9,0.0,0.0,0.0,836.6,825.6,832.1,100.621,100.813,100.931
P4,IB6,P4-IB6-3.1-SI03,SACU-2,19,19,0,100.0,0.0,MBUS-3,On-grid,588.37,150.782,-30.686,1129.4,1129.4,1129.4,1129.4,1124.5,1124.5,1124.5,1124.5,1124.5,1132.6,1132.6,1132.6,1132.6,1132.6,1151.9,1151.9,1151.9,1151.9,1143.8,1143.8,1143.8,1143.8,1143.8,1121.8,1121.8,1121.8,1121.8,1121.8,7.14,7.15,6.91,7.16,7.2,7.06,0.0,7.33,7.13,7.34,6.99,0.0,0.0,0.0,7.03,0.0,6.91,7.0,0.0,7.17,0.0,6.98,6.84,7.3,6.98,7.28,0.0,0.0,837.3,830.6,831.0,106.858,107.411,106.722
P4,IB6,P4-IB6-3.1-SI04,SACU-2,19,19,0,100.0,0.0,MBUS-4,On-grid,582.54,148.704,-30.796,1136.8,1136.8,1136.8,1136.8,1142.4,1142.4,1142.4,1142.4,1142.4,1122.3,1122.3,1122.3,1122.3,1122.3,1121.6,1121.6,1121.6,1121.6,1129.6,1129.6,1129.6,1129.6,1129.6,1121.1,1121.1,1121.1,1121.1,1121.1,7.28,7.0,7.16,6.42,6.92,6.71,0.0,0.0,7.13,7.02,6.59,7.33,0.0,7.1,7.45,7.08,0.0,0.0,7.26,7.11,7.04,0.0,0.0,7.28,7.13,7.15,0.0,0.0,838.8,828.7,834.0,105.942,105.562,105.686
P4,IB6,P4-IB6-3.1-SI05,SACU-2,19,19,0,100.0,0.0,MBUS-5,On-grid,582.4,150.6,-30.676,1121.2,1121.2,1121.2,1121.2,1139.2,1139.2,1139.2,1139.2,1139.2,1132.9,1132.9,1132.9,1132.9,1132.9,1116.9,1116.9,1116.9,1116.9,1153.4,1153.4,1153.4,1153.4,1153.4,1138.2,1138.2,1138.2,1138.2,1138.2,7.15,7.35,7.23,7.34,6.58,7.26,6.89,0.0,0.0,7.01,7.3,7.25,0.0,0.0,7.13,7.07,7.32,0.0,6.88,6.99,6.94,0.0,0.0,7.45,7.25,7.34,0.0,0.0,841.4,831.0,833.9,106.921,106.89,107.053
P4,IB6,P4-IB6-3.1-SI06,SACU-2,19,17,2,89.47,10.53,MBUS-6,On-grid,513.68,134.127,-30.73,1127.1,1127.1,1127.1,1127.1,1154.8,1154.8,1154.8,1154.8,1154.8,1150.6,1150.6,1150.6,1150.6,1150.6,1128.0,1128.0,1128.0,1128.0,1132.7,1132.7,1132.7,1132.7,1132.7,1141.6,1141.6,1141.6,1141.6,1141.6,7.47,7.04,0.0,0.0,6.68,7.08,6.93,0.0,0.0,6.96,6.7,7.17,0.0,0.0,7.02,7.04,7.22,0.0,7.12,7.24,7.13,0.0,0.0,7.26,6.96,6.82,0.0,0.0,840.8,830.7,835.5,95.947,95.491,95.848
P4,IB6,P4-IB6-3.1-SI07,SACU-2,19,19,0,100.0,0.0,MBUS-7,On-grid,336.53,49.995,-30.719,1294.3,1294.3,1294.3,1294.3,1294.3,1294.3,1294.3,1294.3,1294.3,1294.3,1294.3,1294.3,1294.3,1294.3,1294.2,1294.2,1294.2,1294.2,1294.4,1294.4,1294.4,1294.4,1294.4,1294.1,1294.1,1294.1,1294.1,1294.1,1.94,2.0,2.02,2.04,1.81,2.1,2.17,0.0,0.0,1.92,2.03,2.29,0.0,0.0,2.12,2.04,2.02,0.0,1.87,2.27,1.95,0.0,0.0,2.18,2.14,2.21,0.0,0.0,834.0,830.8,825.4,42.705,41.867,42.096
P4,IB6,P4-IB6-3.1-SI08,SACU-2,19,19,0,100.0,0.0,MBUS-8,On-grid,583.41,150.238,-30.672,1136.3,1136.3,1136.3,1136.3,1132.5,1132.5,1132.5,1132.5,1132.5,1140.5,1140.5,1140.5,1140.5,1140.5,1130.9,1130.9,1130.9,1130.9,1133.1,1133.1,1133.1,1133.1,1133.1,1136.8,1136.8,1136.8,1136.8,1136.8,7.26,6.85,7.02,7.22,6.92,7.05,6.97,0.0,0.0,7.19,6.67,7.05,0.0,0.0,7.35,6.99,7.14,0.0,7.13,7.25,7.04,0.0,0.0,7.08,7.17,7.05,0.0,0.0,839.8,829.5,833.9,106.708,107.029,106.755
P4,IB6,P4-IB6-3.2-SI09,SACU-2,19,19,0,100.0,0.0,MBUS-9,On-grid,591.09,150.967,-30.713,1128.2,1128.2,1128.2,1128.2,1130.7,1130.7,1130.7,1130.7,1130.7,1138.0,1138.0,1138.0,1138.0,1138.0,1145.2,1145.2,1145.2,1145.2,1115.8,1115.8,1115.8,1115.8,1115.8,1128.8,1128.8,1128.8,1128.8,1128.8,7.28,7.14,7.16,7.08,7.15,7.04,7.03,0.0,0.0,7.36,7.12,6.99,0.0,0.0,7.31,6.72,7.06,0.0,7.37,7.09,7.18,0.0,0.0,7.04,6.97,7.15,0.0,0.0,838.3,836.6,828.0,107.65,107.284,106.977
P4,IB6,P4-IB6-3.2-SI10,SACU-2,19,19,0,100.0,0.0,MBUS-10,On-grid,588.68,150.486,-30.757,1127.7,1127.7,1127.7,1127.7,1132.2,1132.2,1132.2,1132.2,1132.2,1125.4,1125.4,1125.4,1125.4,1125.4,1130.3,1130.3,1130.3,1130.3,1135.4,1135.4,1135.4,1135.4,1135.4,1136.6,1136.6,1136.6,1136.6,1136.6,7.12,7.2,6.94,7.22,7.12,7.07,6.91,0.0,7.19,7.17,7.18,7.21,0.0,7.27,7.1,7.12,6.96,0.0,0.0,7.14,0.0,0.0,6.95,7.17,0.0,0.0,0.0,7.1,839.9,829.8,834.0,106.93,106.732,106.822
P4,IB6,P4-IB6-3.2-SI11,SACU-2,19,19,0,100.0,0.0,MBUS-11,On-grid,584.82,148.88,-30.65,1120.0,1120.0,1120.0,1120.0,1120.6,1120.6,1120.6,1120.6,1120.6,1121.2,1121.2,1121.2,1121.2,1121.2,1121.6,1121.6,1121.6,1121.6,1126.9,1126.9,1126.9,1126.9,1126.9,1124.9,1124.9,1124.9,1124.9,1124.9,7.27,6.99,7.15,7.23,0.0,7.05,0.0,7.03,7.16,6.79,7.23,7.0,7.16,7.05,7.18,7.07,7.0,6.96,6.99,6.97,0.0,0.0,0.0,7.46,0.0,0.0,0.0,0.0,839.0,831.2,830.6,106.053,105.979,105.602
P4,IB6,P4-IB6-3.2-SI12,SACU-2,19,19,0,100.0,0.0,MBUS-12,On-grid,581.22,148.134,-30.726,1125.8,1125.8,1125.8,1125.8,1111.7,1111.7,1111.7,1111.7,1111.7,1127.9,1127.9,1127.9,1127.9,1127.9,1130.3,1130.3,1130.3,1130.3,1137.5,1137.5,1137.5,1137.5,1137.5,1145.8,1145.8,1145.8,1145.8,1145.8,7.16,7.11,6.95,7.16,6.9,7.06,7.15,0.0,0.0,6.96,7.15,6.99,0.0,0.0,7.07,7.05,6.95,7.15,6.98,6.9,7.02,0.0,0.0,7.02,6.76,0.0,0.0,0.0,837.3,830.1,828.1,105.911,105.117,105.637
P4,IB6,P4-IB6-3.2-SI13,SACU-2,19,16,3,84.21,15.79,MBUS-13,On-grid,491.88,125.423,-30.635,1122.5,1122.5,1122.5,1122.5,1142.4,1142.4,1142.4,1142.4,1142.4,1122.2,1122.2,1122.2,1122.2,1122.2,1129.9,1129.9,1129.9,1129.9,1133.9,1133.9,1133.9,1133.9,1133.9,1131.0,1131.0,1131.0,1131.0,1131.0,7.29,6.98,0.0,7.13,6.62,7.07,0.0,7.1,0.0,7.1,6.93,0.0,0.0,7.1,7.28,6.96,7.06,0.0,7.1,7.1,0.0,0.0,0.0,7.06,6.9,0.0,0.0,0.0,836.0,827.0,830.8,90.636,90.294,90.147
P4,IB6,P4-IB6-3.2-SI14,SACU-2,19,19,0,100.0,0.0,MBUS-14,On-grid,577.82,148.099,-30.673,1136.6,1136.6,1136.6,1136.6,1132.9,1132.9,1132.9,1132.9,1132.9,1135.3,1135.3,1135.3,1135.3,1135.3,1121.6,1121.6,1121.6,1121.6,1128.3,1128.3,1128.3,1128.3,1128.3,1096.8,1096.8,1096.8,1096.8,1096.8,6.86,7.08,7.14,0.0,6.52,7.03,7.04,7.22,0.0,7.01,7.08,7.03,0.0,0.0,7.02,7.12,6.73,0.0,7.13,7.06,7.0,0.0,0.0,6.89,7.24,7.02,0.0,0.0,838.0,828.0,832.9,105.994,105.164,105.13
P4,IB6,P4-IB6-3.2-SI15,SACU-2,19,19,0,100.0,0.0,MBUS-15,On-grid,585.5,149.5,-30.659,1134.7,1134.7,1134.7,1134.7,1121.7,1121.7,1121.7,1121.7,1121.7,1140.8,1140.8,1140.8,1140.8,1140.8,1133.7,1133.7,1133.7,1133.7,1147.6,1147.6,1147.6,1147.6,1147.6,1121.4,1121.4,1121.4,1121.4,1121.4,7.3,7.03,6.94,7.15,6.91,7.25,6.9,0.0,0.0,7.12,6.86,6.98,0.0,0.0,6.86,7.19,7.1,7.21,6.9,6.94,0.0,0.0,0.0,7.28,7.01,7.11,0.0,0.0,836.9,830.0,828.3,106.843,106.539,106.258
P4,IB6,P4-IB6-3.2-SI16,SACU-2,19,19,0,100.0,0.0,MBUS-16,On-grid,581.43,148.522,-30.646,1115.1,1115.1,1115.1,1115.1,1132.9,1132.9,1132.9,1132.9,1132.9,1118.8,1118.8,1118.8,1118.8,1118.8,1122.7,1122.7,1122.7,1122.7,1118.1,1118.1,1118.1,1118.1,1118.1,1131.3,1131.3,1131.3,1131.3,1131.3,7.26,7.03,7.07,6.93,7.01,6.88,7.12,0.0,0.0,7.01,6.86,7.22,0.0,0.0,7.25,0.0,6.91,7.18,7.39,7.01,0.0,0.0,6.97,7.0,7.04,0.0,0.0,7.04,836.8,827.3,831.2,106.123,106.115,105.782
P4,IB6,P4-IB6-4.1-SI01,SACU-2,19,19,0,100.0,0.0,MBUS-17,On-grid,582.91,150.017,-30.775,1119.4,1119.4,1119.4,1119.4,1119.6,1119.6,1119.6,1119.6,1119.6,1122.4,1122.4,1122.4,1122.4,1122.4,1127.1,1127.1,1127.1,1127.1,1123.4,1123.4,1123.4,1123.4,1123.4,1123.4,1123.4,1123.4,1123.4,1123.4,7.32,7.19,7.24,7.01,7.12,7.09,7.24,0.0,0.0,6.95,6.9,7.14,0.0,0.0,7.35,6.94,7.16,0.0,6.94,7.3,6.96,7.23,0.0,7.3,7.02,0.0,0.0,0.0,840.4,831.4,836.3,106.39,106.02,106.245
P4,IB6,P4-IB6-4.1-SI02,SACU-2,19,19,0,100.0,0.0,MBUS-18,On-grid,580.19,148.213,-30.621,1128.4,1128.4,1128.4,1128.4,1129.9,1129.9,1129.9,1129.9,1129.9,1132.2,1132.2,1132.2,1132.2,1132.2,1112.1,1112.1,1112.1,1112.1,1121.0,1121.0,1121.0,1121.0,1121.0,1130.3,1130.3,1130.3,1130.3,1130.3,7.13,6.88,7.12,6.92,0.0,6.92,7.13,7.13,0.0,6.98,7.07,6.92,0.0,0.0,7.39,6.98,7.12,0.0,6.97,7.08,7.17,0.0,0.0,6.85,6.84,7.19,0.0,0.0,842.9,833.3,836.1,105.651,104.784,105.1
P4,IB6,P4-IB6-4.1-SI03,SACU-2,19,19,0,100.0,0.0,MBUS-19,On-grid,582.41,148.762,-30.736,1126.0,1126.0,1126.0,1126.0,1134.0,1134.0,1134.0,1134.0,1134.0,1120.3,1120.3,1120.3,1120.3,1120.3,1129.9,1129.9,1129.9,1129.9,1120.2,1120.2,1120.2,1120.2,1120.2,1122.1,1122.1,1122.1,1122.1,1122.1,7.19,7.0,7.19,7.15,6.79,7.08,6.95,0.0,0.0,6.97,7.04,7.28,0.0,0.0,7.05,7.1,7.02,0.0,6.88,7.28,7.2,0.0,0.0,0.0,6.94,7.0,6.9,0.0,839.1,829.1,835.3,105.877,105.623,105.668
P4,IB6,P4-IB6-4.1-SI04,SACU-2,19,19,0,100.0,0.0,MBUS-20,On-grid,585.57,150.36,-30.729,1123.6,1123.6,1123.6,1123.6,1125.3,1125.3,1125.3,1125.3,1125.3,1139.8,1139.8,1139.8,1139.8,1139.8,1148.8,1148.8,1148.8,1148.8,1124.6,1124.6,1124.6,1124.6,1124.6,1115.1,1115.1,1115.1,1115.1,1115.1,7.3,6.97,7.01,7.24,6.97,7.13,6.98,0.0,0.0,7.17,7.08,6.98,0.0,0.0,7.18,7.11,6.89,6.89,7.4,7.21,6.95,0.0,0.0,7.39,7.17,0.0,0.0,0.0,841.4,831.2,836.5,106.582,106.4,106.28
P4,IB6,P4-IB6-4.1-SI05,SACU-2,19,19,0,100.0,0.0,MBUS-21,On-grid,578.3,148.012,-30.721,1120.0,1120.0,1120.0,1120.0,1140.1,1140.1,1140.1,1140.1,1140.1,1125.3,1125.3,1125.3,1125.3,1125.3,1126.0,1126.0,1126.0,1126.0,1137.8,1137.8,1137.8,1137.8,1137.8,1147.4,1147.4,1147.4,1147.4,1147.4,7.18,7.17,7.1,6.84,6.96,6.87,7.19,0.0,0.0,7.28,6.97,7.22,0.0,0.0,7.21,6.92,7.12,0.0,7.16,7.01,6.73,0.0,0.0,6.95,6.62,6.58,0.0,0.0,839.8,834.0,830.7,105.906,105.01,104.926
P4,IB6,P4-IB6-4.1-SI06,SACU-2,19,19,0,100.0,0.0,MBUS-22,On-grid,583.19,150.323,-30.648,1135.0,1135.0,1135.0,1135.0,1118.3,1118.3,1118.3,1118.3,1118.3,1126.1,1126.1,1126.1,1126.1,1126.1,1128.2,1128.2,1128.2,1128.2,1134.7,1134.7,1134.7,1134.7,1134.7,1122.4,1122.4,1122.4,1122.4,1122.4,7.28,7.15,7.18,7.0,7.1,7.28,7.03,0.0,0.0,7.29,6.62,7.27,7.01,7.29,7.19,6.98,0.0,0.0,7.16,7.23,0.0,0.0,0.0,7.07,7.08,7.04,0.0,0.0,843.1,832.0,838.2,106.573,106.057,106.263
P4,IB6,P4-IB6-4.1-SI07,SACU-2,19,19,0,100.0,0.0,MBUS-23,On-grid,581.49,149.57,-30.617,1135.7,1135.7,1135.7,1135.7,1118.1,1118.1,1118.1,1118.1,1118.1,1126.2,1126.2,1126.2,1126.2,1126.2,1126.8,1126.8,1126.8,1126.8,1122.6,1122.6,1122.6,1122.6,1122.6,1116.1,1116.1,1116.1,1116.1,1116.1,7.07,6.92,7.14,7.19,7.18,6.76,7.1,0.0,0.0,7.29,7.01,7.05,0.0,0.0,7.22,6.97,7.23,0.0,7.04,7.26,7.08,0.0,0.0,7.42,7.06,7.25,0.0,0.0,841.3,834.5,832.1,106.104,106.09,105.584
P4,IB6,P4-IB6-4.1-SI08,SACU-2,19,19,0,100.0,0.0,MBUS-24,On-grid,587.32,150.278,-30.708,1117.4,1117.4,1117.4,1117.4,1122.7,1122.7,1122.7,1122.7,1122.7,1124.8,1124.8,1124.8,1124.8,1124.8,1125.9,1125.9,1125.9,1125.9,1124.4,1124.4,1124.4,1124.4,1124.4,1124.7,1124.7,1124.7,1124.7,1124.7,7.35,7.07,7.18,7.24,6.95,7.36,7.11,0.0,0.0,7.05,7.16,7.05,0.0,0.0,7.26,7.01,7.02,7.19,7.28,7.27,7.13,0.0,0.0,7.34,6.96,0.0,0.0,0.0,839.5,833.9,831.3,107.237,106.353,106.483
P4,IB6,P4-IB6-4.2-SI09,SACU-2,19,19,0,100.0,0.0,MBUS-25,On-grid,584.9,150.069,-30.658,1122.3,1122.3,1122.3,1122.3,1124.5,1124.5,1124.5,1124.5,1124.5,1122.4,1122.4,1122.4,1122.4,1122.4,1114.4,1114.4,1114.4,1114.4,1119.0,1119.0,1119.0,1119.0,1119.0,1130.6,1130.6,1130.6,1130.6,1130.6,7.14,7.29,6.98,7.25,6.88,7.33,7.03,0.0,0.0,7.42,6.82,7.28,0.0,0.0,7.27,7.25,6.99,0.0,7.41,7.32,7.21,0.0,0.0,7.13,7.22,7.02,0.0,0.0,843.3,832.4,837.8,106.509,106.4,105.946
P4,IB6,P4-IB6-4.2-SI10,SACU-2,19,19,0,100.0,0.0,MBUS-26,On-grid,585.82,149.969,-30.724,1124.9,1124.9,1124.9,1124.9,1124.9,1124.9,1124.9,1124.9,1124.9,1143.0,1143.0,1143.0,1143.0,1143.0,1119.4,1119.4,1119.4,1119.4,1131.5,1131.5,1131.5,1131.5,1131.5,1120.4,1120.4,1120.4,1120.4,1120.4,7.07,7.06,7.18,7.16,6.95,7.11,7.16,0.0,0.0,7.03,7.2,6.97,0.0,0.0,7.39,7.05,6.96,0.0,7.34,7.27,6.91,0.0,0.0,7.26,7.06,7.31,0.0,0.0,840.7,834.3,832.2,106.337,106.367,106.499
P4,IB6,P4-IB6-4.2-SI11,SACU-2,19,19,0,100.0,0.0,MBUS-27,On-grid,586.47,150.474,-30.732,1130.1,1130.1,1130.1,1130.1,1125.0,1125.0,1125.0,1125.0,1125.0,1126.3,1126.3,1126.3,1126.3,1126.3,1128.6,1128.6,1128.6,1128.6,1141.7,1141.7,1141.7,1141.7,1141.7,1145.1,1145.1,1145.1,1145.1,1145.1,7.21,6.96,7.22,7.23,7.17,7.06,7.26,0.0,0.0,7.12,6.98,7.12,0.0,0.0,7.36,7.03,7.01,7.13,6.94,7.17,6.85,0.0,0.0,0.0,6.83,7.11,0.0,0.0,841.3,835.2,832.4,107.041,106.737,106.314
P4,IB6,P4-IB6-4.2-SI12,SACU-2,19,19,0,100.0,0.0,MBUS-28,On-grid,582.09,150.416,-30.733,1084.8,1084.8,1084.8,1084.8,1117.3,1117.3,1117.3,1117.3,1117.3,1127.1,1127.1,1127.1,1127.1,1127.1,1105.9,1105.9,1105.9,1105.9,1124.3,1124.3,1124.3,1124.3,1124.3,1125.5,1125.5,1125.5,1125.5,1125.5,7.39,7.43,6.81,7.46,6.95,7.3,7.21,0.0,0.0,7.24,7.43,7.22,0.0,0.0,0.0,7.0,7.44,7.41,7.13,7.38,7.05,0.0,0.0,7.39,7.08,7.12,0.0,0.0,845.1,837.6,836.4,106.383,106.185,106.577
P4,IB6,P4-IB6-4.2-SI13,SACU-2,19,19,0,100.0,0.0,MBUS-29,On-grid,585.34,151.518,-30.724,1131.3,1131.3,1131.3,1131.3,1120.2,1120.2,1120.2,1120.2,1120.2,1129.8,1129.8,1129.8,1129.8,1129.8,1122.1,1122.1,1122.1,1122.1,1123.0,1123.0,1123.0,1123.0,1123.0,1125.6,1125.6,1125.6,1125.6,1125.6,7.44,7.07,7.22,7.08,6.94,7.4,7.22,0.0,0.0,7.11,7.04,7.31,0.0,0.0,7.47,7.0,7.21,0.0,7.24,7.3,7.04,0.0,0.0,7.49,7.03,7.38,0.0,0.0,844.3,832.8,838.7,106.853,107.307,107.313
P4,IB6,P4-IB6-4.2-SI14,SACU-2,19,19,0,100.0,0.0,MBUS-30,On-grid,579.71,149.382,-30.681,1131.0,1131.0,1131.0,1131.0,1137.9,1137.9,1137.9,1137.9,1137.9,1135.1,1135.1,1135.1,1135.1,1135.1,1119.8,1119.8,1119.8,1119.8,1152.1,1152.1,1152.1,1152.1,1152.1,1124.9,1124.9,1124.9,1124.9,1124.9,6.85,7.28,6.94,6.96,7.01,6.98,6.95,0.0,0.0,7.34,7.19,7.02,0.0,0.0,7.38,7.03,7.25,0.0,6.89,7.04,6.8,0.0,0.0,7.18,6.97,7.31,0.0,0.0,841.8,834.5,834.5,105.888,105.94,105.975
P4,IB6,P4-IB6-4.2-SI15,SACU-2,19,19,0,100.0,0.0,MBUS-31,On-grid,583.91,150.405,-30.691,1133.0,1133.0,1133.0,1133.0,1149.6,1149.6,1149.6,1149.6,1149.6,1130.4,1130.4,1130.4,1130.4,1130.4,1120.5,1120.5,1120.5,1120.5,1135.7,1135.7,1135.7,1135.7,1135.7,1117.1,1117.1,1117.1,1117.1,1117.1,7.17,7.25,7.05,6.88,6.98,6.99,7.1,0.0,0.0,7.1,7.24,7.0,0.0,0.0,7.16,7.28,6.93,0.0,7.24,7.16,6.95,0.0,0.0,6.99,7.02,7.38,0.0,0.0,841.6,831.8,835.8,106.965,106.299,107.058
P4,IB6,P4-IB6-4.2-SI16,SACU-2,19,19,0,100.0,0.0,MBUS-32,On-grid,589.8,151.26,-30.747,1127.0,1127.0,1127.0,1127.0,1122.8,1122.8,1122.8,1122.8,1122.8,1153.0,1153.0,1153.0,1153.0,1153.0,1141.1,1141.1,1141.1,1141.1,1135.0,1135.0,1135.0,1135.0,1135.0,1131.3,1131.3,1131.3,1131.3,1131.3,7.27,7.2,6.95,7.09,6.92,7.2,0.0,7.17,0.0,6.98,6.94,0.0,6.93,0.0,7.0,7.17,7.19,7.02,7.44,7.16,0.0,0.0,0.0,7.38,7.08,7.18,0.0,0.0,841.1,832.7,831.7,107.383,107.212,107.715
P4,IB7,P4-IB7-1.1-SI01,SACU-1,19,19,0,100.0,0.0,MBUS-1,On-grid,588.73,158.967,-0.059,1107.4,1107.4,1107.4,1107.4,1123.2,1123.2,1123.2,1123.2,1123.2,1126.6,1126.6,1126.6,1126.6,1126.6,1132.1,1132.1,1132.1,1132.1,1125.7,1125.7,1125.7,1125.7,1125.7,1123.1,1123.1,1123.1,1123.1,1123.1,7.56,7.26,7.68,7.53,7.22,7.55,7.68,0.0,0.0,7.51,7.6,7.45,0.0,0.0,7.61,7.42,7.56,0.0,7.53,7.56,7.49,0.0,0.0,7.34,7.51,7.52,0.0,0.0,841.4,831.2,837.5,110.329,109.917,109.698
P4,IB7,P4-IB7-1.1-SI02,SACU-1,19,18,1,94.74,5.26,MBUS-2,On-grid,331.28,49.999,0.003,1291.5,1291.5,1291.5,1291.5,1291.4,1291.4,1291.4,1291.4,1291.4,1291.4,1291.4,1291.4,1291.4,1291.4,1291.3,1291.3,1291.3,1291.3,1291.4,1291.4,1291.4,1291.4,1291.4,1291.2,1291.2,1291.2,1291.2,1291.2,1.99,2.17,1.91,2.11,1.98,2.31,2.07,0.0,0.0,2.29,2.2,2.43,0.0,0.0,0.0,2.39,2.21,0.0,2.17,2.17,2.32,0.0,0.0,2.05,2.26,2.15,0.0,0.0,839.5,832.7,832.5,34.608,34.216,34.724
P4,IB7,P4-IB7-1.1-SI03,SACU-1,19,19,0,100.0,0.0,MBUS-3,On-grid,335.65,50.009,0.018,1289.7,1289.7,1289.7,1289.7,1289.5,1289.5,1289.5,1289.5,1289.5,1289.7,1289.7,1289.7,1289.7,1289.7,1289.5,1289.5,1289.5,1289.5,1289.5,1289.5,1289.5,1289.5,1289.5,1289.3,1289.3,1289.3,1289.3,1289.3,2.01,1.77,2.06,2.04,1.97,1.99,2.13,0.0,0.0,1.9,2.15,2.08,0.0,0.0,2.17,1.9,2.2,0.0,2.04,2.27,2.07,0.0,0.0,2.36,2.01,2.09,0.0,0.0,840.5,835.4,831.4,35.024,34.197,34.415
P4,IB7,P4-IB7-1.1-SI04,SACU-1,19,18,1,94.74,5.26,MBUS-4,On-grid,331.19,50.005,0.0,1287.0,1287.0,1287.0,1287.0,1287.0,1287.0,1287.0,1287.0,1287.0,1287.2,1287.2,1287.2,1287.2,1287.2,1287.1,1287.1,1287.1,1287.1,1287.0,1287.0,1287.0,1287.0,1287.0,1286.8,1286.8,1286.8,1286.8,1286.8,2.15,2.09,2.16,2.11,0.0,2.36,2.11,0.0,0.0,2.07,2.21,2.34,0.0,0.0,2.15,2.28,2.15,0.0,2.09,2.14,2.33,0.0,0.0,2.13,2.37,2.31,0.0,0.0,841.7,831.5,837.9,34.896,34.094,34.671
P4,IB7,P4-IB7-1.1-SI05,SACU-1,19,19,0,100.0,0.0,MBUS-5,On-grid,337.07,49.974,0.044,1288.4,1288.4,1288.4,1288.4,1288.4,1288.4,1288.4,1288.4,1288.4,1288.6,1288.6,1288.6,1288.6,1288.6,1288.2,1288.2,1288.2,1288.2,1288.4,1288.4,1288.4,1288.4,1288.4,1288.0,1288.0,1288.0,1288.0,1288.0,2.05,2.16,2.08,2.0,2.06,2.12,2.14,0.0,0.0,1.89,2.12,2.06,0.0,0.0,2.01,2.0,2.19,0.0,1.93,2.26,2.14,0.0,0.0,1.74,2.08,1.91,0.0,0.0,841.6,830.4,838.5,34.855,33.924,34.513
P4,IB7,P4-IB7-1.1-SI06,SACU-1,19,19,0,100.0,0.0,MBUS-6,On-grid,338.03,49.955,0.016,1290.0,1290.0,1290.0,1290.0,1289.9,1289.9,1289.9,1289.9,1289.9,1290.2,1290.2,1290.2,1290.2,1290.2,1289.9,1289.9,1289.9,1289.9,1289.9,1289.9,1289.9,1289.9,1289.9,1289.8,1289.8,1289.8,1289.8,1289.8,1.84,2.07,1.87,2.03,1.73,1.98,2.05,0.0,0.0,2.08,2.15,2.07,0.0,0.0,1.94,2.14,2.03,0.0,2.0,2.2,2.07,0.0,0.0,2.2,2.21,2.23,0.0,0.0,841.7,831.9,838.5,34.941,34.397,34.559
P4,IB7,P4-IB7-1.1-SI07,SACU-1,19,19,0,100.0,0.0,MBUS-7,On-grid,587.93,154.573,0.041,1130.9,1130.9,1130.9,1130.9,1126.0,1126.0,1126.0,1126.0,1126.0,1124.9,1124.9,1124.9,1124.9,1124.9,1112.6,1112.6,1112.6,1112.6,1123.6,1123.6,1123.6,1123.6,1123.6,1122.4,1122.4,1122.4,1122.4,1122.4,7.22,7.36,7.17,7.42,7.32,7.28,7.23,0.0,0.0,7.48,7.27,7.49,0.0,0.0,7.38,7.49,7.21,0.0,7.45,7.34,7.46,0.0,0.0,7.42,7.44,7.33,0.0,0.0,848.2,842.4,839.3,106.48,105.688,106.21
P4,IB7,P4-IB7-1.1-SI08,SACU-1,19,19,0,100.0,0.0,MBUS-8,On-grid,584.7,150.973,0.063,1135.7,1135.7,1135.7,1135.7,1128.7,1128.7,1128.7,1128.7,1128.7,1128.9,1128.9,1128.9,1128.9,1128.9,1111.0,1111.0,1111.0,1111.0,1116.5,1116.5,1116.5,1116.5,1116.5,1129.4,1129.4,1129.4,1129.4,1129.4,7.03,7.23,7.13,6.96,6.97,7.19,7.25,0.0,0.0,7.13,7.27,7.12,0.0,0.0,7.43,7.12,7.16,0.0,6.86,7.44,7.21,0.0,0.0,7.44,7.23,7.15,0.0,0.0,846.2,840.0,838.4,104.212,103.906,103.999
P4,IB7,P4-IB7-1.2-SI09,SACU-1,19,16,3,84.21,15.79,MBUS-9,On-grid,321.02,50.006,-0.036,1286.6,1286.6,1286.6,1286.6,1286.2,1286.2,1286.2,1286.2,1286.2,1286.5,1286.5,1286.5,1286.5,1286.5,1286.4,1286.4,1286.4,1286.4,1286.6,1286.6,1286.6,1286.6,1286.6,421.8,421.8,421.8,421.8,421.8,2.24,2.42,2.53,2.54,2.29,2.56,2.61,0.0,0.0,2.39,2.58,2.52,0.0,0.0,2.39,2.47,2.49,0.0,2.24,2.46,2.32,0.0,0.0,0.0,0.0,0.0,0.0,0.0,841.1,831.6,837.4,34.804,34.446,34.798
P4,IB7,P4-IB7-1.2-SI10,SACU-1,19,17,2,89.47,10.53,MBUS-10,On-grid,327.99,50.016,0.006,1287.9,1287.9,1287.9,1287.9,1287.7,1287.7,1287.7,1287.7,1287.7,1287.7,1287.7,1287.7,1287.7,1287.7,1287.9,1287.9,1287.9,1287.9,1287.9,1287.9,1287.9,1287.9,1287.9,1287.3,1287.3,1287.3,1287.3,1287.3,2.17,2.27,2.41,2.36,2.01,2.37,2.43,0.0,0.0,2.01,2.33,2.41,0.0,0.0,2.21,2.28,2.37,0.0,2.14,2.53,2.13,0.0,0.0,2.37,0.0,0.0,0.0,0.0,841.4,832.4,836.8,34.712,34.264,34.462
P4,IB7,P4-IB7-1.2-SI13,SACU-1,19,18,1,94.74,5.26,MBUS-13,On-grid,332.58,49.979,0.014,1288.0,1288.0,1288.0,1288.0,1287.8,1287.8,1287.8,1287.8,1287.8,1288.3,1288.3,1288.3,1288.3,1288.3,1287.8,1287.8,1287.8,1287.8,1287.8,1287.8,1287.8,1287.8,1287.8,1287.5,1287.5,1287.5,1287.5,1287.5,2.36,2.29,2.27,2.16,1.99,2.08,2.18,0.0,0.0,1.88,2.32,2.19,0.0,0.0,2.29,1.93,2.24,0.0,2.04,2.14,2.21,0.0,0.0,2.1,2.05,0.0,0.0,0.0,841.3,830.1,837.5,35.326,34.195,34.358
P4,IB7,P4-IB7-1.2-SI14,SACU-1,19,12,7,63.16,36.84,MBUS-14,On-grid,371.34,96.652,0.02,1146.3,1146.3,1146.3,1146.3,1130.7,1130.7,1130.7,1130.7,1130.7,1144.0,1144.0,1144.0,1144.0,1144.0,1149.4,1149.4,1149.4,1149.4,1116.5,1116.5,1116.5,1116.5,1116.5,1131.9,1131.9,1131.9,1131.9,1131.9,0.0,7.2,0.0,6.58,7.46,0.0,7.29,0.0,0.0,0.0,7.4,7.08,0.0,0.0,7.52,0.0,7.17,7.08,7.66,0.0,0.0,0.0,0.0,7.37,6.88,0.0,0.0,0.0,841.3,836.8,833.0,67.602,66.56,66.833
P4,IB7,P4-IB7-1.2-SI16,SACU-1,19,18,1,94.74,5.26,MBUS-16,On-grid,328.97,50.005,0.006,1288.5,1288.5,1288.5,1288.5,1288.5,1288.5,1288.5,1288.5,1288.5,1288.5,1288.5,1288.5,1288.5,1288.5,1288.3,1288.3,1288.3,1288.3,1288.4,1288.4,1288.4,1288.4,1288.4,1288.2,1288.2,1288.2,1288.2,1288.2,1.93,2.28,0.0,2.23,1.76,2.42,2.16,0.0,0.0,2.19,2.1,2.4,0.0,0.0,1.91,2.45,2.19,0.0,2.28,2.24,2.37,0.0,0.0,2.01,2.19,2.01,0.0,0.0,840.2,834.3,832.0,34.829,34.46,34.528
P4,IB7,P4-IB7-2.1-SI01,SACU-1,19,19,0,100.0,0.0,MBUS-17,On-grid,592.08,159.998,0.019,1130.4,1130.4,1130.4,1130.4,1129.6,1129.6,1129.6,1129.6,1129.6,1130.5,1130.5,1130.5,1130.5,1130.5,1107.5,1107.5,1107.5,1107.5,1129.1,1129.1,1129.1,1129.1,1129.1,1116.2,1116.2,1116.2,1116.2,1116.2,7.74,7.41,7.54,7.37,7.56,7.55,7.58,0.0,0.0,7.43,7.62,7.49,0.0,0.0,7.76,7.46,7.79,0.0,7.52,7.54,7.42,0.0,0.0,8.05,7.45,7.66,0.0,0.0,844.7,838.1,836.9,110.402,110.056,110.131
P4,IB7,P4-IB7-2.1-SI02,SACU-1,19,19,0,100.0,0.0,MBUS-18,On-grid,589.27,154.704,-0.053,1131.9,1131.9,1131.9,1131.9,1130.2,1130.2,1130.2,1130.2,1130.2,1125.5,1125.5,1125.5,1125.5,1125.5,1110.6,1110.6,1110.6,1110.6,1128.8,1128.8,1128.8,1128.8,1128.8,1126.3,1126.3,1126.3,1126.3,1126.3,7.47,7.31,7.22,7.46,7.27,7.3,7.41,0.0,0.0,7.44,7.33,7.28,0.0,0.0,7.68,7.32,7.33,0.0,7.21,7.41,7.2,0.0,0.0,7.15,7.29,7.26,0.0,0.0,845.7,835.8,841.5,106.857,106.723,106.526
P4,IB7,P4-IB7-2.1-SI03,SACU-1,19,19,0,100.0,0.0,MBUS-19,On-grid,336.82,49.976,0.044,1292.1,1292.1,1292.1,1292.1,1291.9,1291.9,1291.9,1291.9,1291.9,1291.9,1291.9,1291.9,1291.9,1291.9,1291.8,1291.8,1291.8,1291.8,1292.0,1292.0,1292.0,1292.0,1292.0,1291.7,1291.7,1291.7,1291.7,1291.7,1.98,2.09,1.98,2.03,1.66,2.08,2.05,0.0,0.0,2.1,2.16,2.06,0.0,0.0,1.94,2.01,2.14,0.0,2.15,2.07,2.11,0.0,0.0,2.15,2.24,2.21,0.0,0.0,841.9,834.8,833.7,35.103,34.31,34.399
P4,IB7,P4-IB7-2.1-SI04,SACU-1,19,17,2,89.47,10.53,MBUS-20,On-grid,523.51,140.544,0.069,1129.9,1129.9,1129.9,1129.9,1125.1,1125.1,1125.1,1125.1,1125.1,1136.4,1136.4,1136.4,1136.4,1136.4,1122.1,1122.1,1122.1,1122.1,1122.9,1122.9,1122.9,1122.9,1122.9,1123.4,1123.4,1123.4,1123.4,1123.4,7.48,7.53,7.38,0.0,0.0,7.43,7.55,0.0,0.0,6.89,7.46,7.93,0.0,0.0,7.35,7.36,7.57,0.0,7.1,7.37,7.54,0.0,0.0,7.41,7.39,7.3,0.0,0.0,845.0,838.4,837.9,97.005,96.762,96.572
P4,IB7,P4-IB7-2.1-SI05,SACU-1,19,19,0,100.0,0.0,MBUS-21,On-grid,588.47,158.426,0.076,1128.7,1128.7,1128.7,1128.7,1121.1,1121.1,1121.1,1121.1,1121.1,1119.4,1119.4,1119.4,1119.4,1119.4,1116.5,1116.5,1116.5,1116.5,1121.5,1121.5,1121.5,1121.5,1121.5,1122.3,1122.3,1122.3,1122.3,1122.3,7.63,7.22,7.45,7.32,7.65,7.35,7.5,0.0,0.0,7.7,7.48,7.37,0.0,0.0,7.86,7.4,7.46,0.0,7.8,7.66,7.43,0.0,0.0,7.8,7.38,7.46,0.0,0.0,845.5,835.3,840.5,109.282,109.084,109.254
P4,IB7,P4-IB7-2.1-SI06,SACU-1,19,19,0,100.0,0.0,MBUS-22,On-grid,587.79,159.889,0.058,1134.5,1134.5,1134.5,1134.5,1134.6,1134.6,1134.6,1134.6,1134.6,1116.7,1116.7,1116.7,1116.7,1116.7,1136.4,1136.4,1136.4,1136.4,1126.0,1126.0,1126.0,1126.0,1126.0,1128.7,1128.7,1128.7,1128.7,1128.7,7.52,7.44,7.61,7.48,7.47,7.49,7.6,0.0,0.0,7.5,7.68,7.72,0.0,0.0,7.6,7.41,7.47,0.0,7.4,7.68,7.45,0.0,0.0,7.48,7.39,7.61,0.0,0.0,847.2,837.2,843.6,109.983,109.79,109.882
P4,IB7,P4-IB7-2.1-SI07,SACU-1,19,19,0,100.0,0.0,MBUS-23,On-grid,587.57,156.682,-0.024,1130.1,1130.1,1130.1,1130.1,1127.6,1127.6,1127.6,1127.6,1127.6,1132.3,1132.3,1132.3,1132.3,1132.3,1115.5,1115.5,1115.5,1115.5,1138.2,1138.2,1138.2,1138.2,1138.2,1109.8,1109.8,1109.8,1109.8,1109.8,7.21,7.48,7.26,7.4,7.06,7.66,7.35,0.0,0.0,7.37,7.18,7.53,0.0,0.0,7.56,7.45,7.29,0.0,7.58,7.32,7.47,0.0,0.0,7.47,7.69,7.49,0.0,0.0,845.7,834.9,841.4,108.273,107.719,107.572
P4,IB7,P4-IB7-2.1-SI08,SACU-1,19,17,2,89.47,10.53,MBUS-24,On-grid,526.94,143.256,0.053,1115.3,1115.3,1115.3,1115.3,1122.8,1122.8,1122.8,1122.8,1122.8,1117.5,1117.5,1117.5,1117.5,1117.5,1123.3,1123.3,1123.3,1123.3,1110.8,1110.8,1110.8,1110.8,1110.8,1113.9,1113.9,1113.9,1113.9,1113.9,7.9,7.56,0.0,7.66,0.0,7.57,7.59,0.0,0.0,7.83,7.31,7.75,0.0,0.0,7.56,7.62,7.44,0.0,7.39,7.74,7.55,0.0,0.0,7.61,7.67,7.66,0.0,0.0,847.5,836.2,843.9,98.273,98.242,98.19
P4,IB7,P4-IB7-2.2-SI09,SACU-1,19,19,0,100.0,0.0,MBUS-25,On-grid,586.45,154.253,0.045,1145.0,1145.0,1145.0,1145.0,1119.4,1119.4,1119.4,1119.4,1119.4,1113.2,1113.2,1113.2,1113.2,1113.2,1121.0,1121.0,1121.0,1121.0,1138.5,1138.5,1138.5,1138.5,1138.5,1132.3,1132.3,1132.3,1132.3,1132.3,7.41,6.85,7.29,6.94,7.38,7.49,7.41,0.0,0.0,7.48,7.43,7.21,0.0,0.0,7.4,7.1,7.39,7.31,7.45,7.36,0.0,7.32,0.0,7.43,0.0,0.0,7.15,0.0,847.2,839.9,839.9,106.011,106.24,105.695
P4,IB7,P4-IB7-2.2-SI10,SACU-1,19,18,1,94.74,5.26,MBUS-26,On-grid,563.12,151.96,-0.006,1130.5,1130.5,1130.5,1130.5,1114.4,1114.4,1114.4,1114.4,1114.4,1127.3,1127.3,1127.3,1127.3,1127.3,1123.8,1123.8,1123.8,1123.8,1119.3,1119.3,1119.3,1119.3,1119.3,1131.0,1131.0,1131.0,1131.0,1131.0,7.66,7.54,7.5,7.67,7.66,7.81,0.0,0.0,0.0,7.56,7.7,7.64,0.0,0.0,7.51,7.64,7.42,0.0,7.68,7.53,7.66,0.0,0.0,7.43,7.57,7.43,0.0,0.0,848.6,838.9,844.6,104.266,104.286,103.77
P4,IB7,P4-IB7-2.2-SI11,SACU-1,19,19,0,100.0,0.0,MBUS-27,On-grid,580.97,153.859,0.036,1135.7,1135.7,1135.7,1135.7,1146.0,1146.0,1146.0,1146.0,1146.0,1112.8,1112.8,1112.8,1112.8,1112.8,1128.3,1128.3,1128.3,1128.3,1125.6,1125.6,1125.6,1125.6,1125.6,1130.6,1130.6,1130.6,1130.6,1130.6,7.52,7.17,7.24,6.84,7.22,6.44,7.27,7.02,7.38,7.6,7.17,6.83,0.0,0.0,7.42,7.33,7.44,7.28,7.85,7.29,0.0,0.0,0.0,7.82,0.0,0.0,0.0,0.0,847.9,836.5,844.2,106.228,105.513,105.356
P4,IB7,P4-IB7-2.2-SI12,SACU-1,19,19,0,100.0,0.0,MBUS-28,On-grid,577.62,149.253,0.015,1043.4,1043.4,1043.4,1043.4,1141.4,1141.4,1141.4,1141.4,1141.4,1106.9,1106.9,1106.9,1106.9,1106.9,1140.0,1140.0,1140.0,1140.0,1151.3,1151.3,1151.3,1151.3,1151.3,1139.3,1139.3,1139.3,1139.3,1139.3,6.98,6.69,7.44,7.2,6.89,6.97,7.18,0.0,0.0,7.12,7.25,7.33,0.0,0.0,7.13,7.0,6.9,7.22,7.4,0.0,6.75,0.0,0.0,7.15,7.02,7.25,0.0,0.0,850.7,844.3,841.2,102.53,102.096,102.311
P4,IB7,P4-IB7-2.2-SI13,SACU-1,19,19,0,100.0,0.0,MBUS-29,On-grid,587.6,151.687,0.041,1122.3,1122.3,1122.3,1122.3,1136.6,1136.6,1136.6,1136.6,1136.6,1136.8,1136.8,1136.8,1136.8,1136.8,1127.6,1127.6,1127.6,1127.6,1131.1,1131.1,1131.1,1131.1,1131.1,1142.0,1142.0,1142.0,1142.0,1142.0,7.31,7.04,6.84,7.4,7.07,7.06,7.12,7.08,0.0,7.03,7.18,0.0,0.0,0.0,7.44,7.27,7.17,0.0,7.27,7.36,7.14,0.0,0.0,7.21,6.92,6.85,0.0,0.0,847.4,841.8,838.6,104.551,104.038,104.048
P4,IB7,P4-IB7-2.2-SI15,SACU-1,19,18,1,94.74,5.26,MBUS-31,On-grid,559.95,149.735,0.071,1143.2,1143.2,1143.2,1143.2,1136.2,1136.2,1136.2,1136.2,1136.2,1113.1,1113.1,1113.1,1113.1,1113.1,1133.3,1133.3,1133.3,1133.3,1129.5,1129.5,1129.5,1129.5,1129.5,1122.5,1122.5,1122.5,1122.5,1122.5,7.29,7.18,7.35,7.26,7.13,7.52,7.51,0.0,0.0,7.45,7.81,7.46,0.0,0.0,7.42,7.45,7.43,0.0,7.64,0.0,7.25,0.0,0.0,7.69,7.44,7.75,0.0,0.0,844.6,834.4,840.2,103.723,102.822,103.083
P4,IB7,P4-IB7-2.2-SI16,SACU-1,19,18,1,94.74,5.26,MBUS-32,On-grid,557.27,151.912,0.037,1127.1,1127.1,1127.1,1127.1,1132.7,1132.7,1132.7,1132.7,1132.7,1131.3,1131.3,1131.3,1131.3,1131.3,1130.1,1130.1,1130.1,1130.1,1125.7,1125.7,1125.7,1125.7,1125.7,1126.8,1126.8,1126.8,1126.8,1126.8,7.5,7.64,7.5,0.0,7.35,7.54,7.57,0.0,0.0,7.59,7.52,7.77,0.0,0.0,7.49,7.63,7.52,0.0,7.71,7.39,7.66,0.0,0.0,7.41,7.61,7.61,0.0,0.0,843.5,837.5,834.6,105.131,104.749,104.583
P4,IB7,P4-IB7-3.1-SI01,SACU-2,19,0,19,0.0,100.0,MBUS-1,Communication disconnected,0.0,0.0,0.0,0.0,0.0,0.0,0.0,0.0,0.0,0.0,0.0,0.0,0.0,0.0,0.0,0.0,0.0,0.0,0.0,0.0,0.0,0.0,0.0,0.0,0.0,0.0,0.0,0.0,0.0,0.0,0.0,0.0,0.0,0.0,0.0,0.0,0.0,0.0,0.0,0.0,0.0,0.0,0.0,0.0,0.0,0.0,0.0,0.0,0.0,0.0,0.0,0.0,0.0,0.0,0.0,0.0,0.0,0.0,0.0,0.0,0.0,0.0,0.0,0.0,0.0
P4,IB7,P4-IB7-3.1-SI02,SACU-2,19,7,12,36.84,63.16,MBUS-2,On-grid,207.39,50.009,-37.571,1240.6,1240.6,1240.6,1240.6,1213.8,1213.8,1213.8,1213.8,1213.8,1132.7,1132.7,1132.7,1132.7,1132.7,365.1,365.1,365.1,365.1,362.0,362.0,362.0,362.0,362.0,361.9,361.9,361.9,361.9,361.9,4.94,5.75,5.49,5.69,6.02,0.0,6.51,0.0,0.0,7.8,0.0,0.0,0.0,0.0,0.0,0.0,0.0,0.0,0.0,0.0,0.0,0.0,0.0,0.0,0.0,0.0,0.0,0.0,830.4,821.8,826.9,45.364,44.712,44.848
P4,IB7,P4-IB7-3.1-SI03,SACU-2,19,12,7,63.16,36.84,MBUS-3,On-grid,281.87,50.001,-37.612,1277.9,1277.9,1277.9,1277.9,1277.6,1277.6,1277.6,1277.6,1277.6,1278.3,1278.3,1278.3,1278.3,1278.3,1278.1,1278.1,1278.1,1278.1,399.9,399.9,399.9,399.9,399.9,397.3,397.3,397.3,397.3,397.3,2.98,3.36,3.24,3.45,2.87,3.63,3.48,0.0,0.0,3.25,3.5,3.44,0.0,0.0,3.34,3.36,0.0,0.0,0.0,0.0,0.0,0.0,0.0,0.0,0.0,0.0,0.0,0.0,830.8,825.7,822.8,45.21,44.783,44.706
P4,IB7,P4-IB7-3.1-SI04,SACU-2,19,18,1,94.74,5.26,MBUS-4,On-grid,331.52,50.018,-37.619,1290.4,1290.4,1290.4,1290.4,1290.1,1290.1,1290.1,1290.1,1290.1,1290.2,1290.2,1290.2,1290.2,1290.2,1289.9,1289.9,1289.9,1289.9,1290.1,1290.1,1290.1,1290.1,1290.1,1289.7,1289.7,1289.7,1289.7,1289.7,2.15,2.16,2.26,2.17,2.16,0.0,2.26,0.0,0.0,2.01,2.16,2.35,0.0,0.0,2.13,2.16,2.29,0.0,2.08,2.35,2.21,0.0,0.0,2.17,2.24,2.18,0.0,0.0,831.2,821.2,826.9,44.662,44.76,44.944
P4,IB7,P4-IB7-3.1-SI05,SACU-2,19,19,0,100.0,0.0,MBUS-5,On-grid,335.22,50.041,-37.638,1290.0,1290.0,1290.0,1290.0,1288.9,1288.9,1288.9,1288.9,1288.9,1292.3,1292.3,1292.3,1292.3,1292.3,1290.8,1290.8,1290.8,1290.8,1289.0,1289.0,1289.0,1289.0,1289.0,1289.0,1289.0,1289.0,1289.0,1289.0,1.99,2.09,2.04,1.96,1.86,2.21,2.21,0.0,0.0,1.82,2.13,2.14,0.0,0.0,2.26,2.19,2.13,0.0,1.95,2.14,2.07,0.0,0.0,2.03,2.2,2.25,0.0,0.0,829.1,819.4,827.0,45.068,44.741,44.789
P4,IB7,P4-IB7-3.1-SI06,SACU-2,19,19,0,100.0,0.0,MBUS-6,On-grid,334.59,50.011,-37.6,1293.7,1293.7,1293.7,1293.7,1293.7,1293.7,1293.7,1293.7,1293.7,1294.2,1294.2,1294.2,1294.2,1294.2,1294.2,1294.2,1294.2,1294.2,1293.7,1293.7,1293.7,1293.7,1293.7,1293.8,1293.8,1293.8,1293.8,1293.8,1.73,1.97,1.86,1.9,1.61,2.48,2.32,0.0,0.0,2.1,2.13,2.37,2.11,0.0,1.95,2.24,2.25,2.05,1.95,2.24,0.0,0.0,0.0,2.03,2.17,0.0,0.0,0.0,832.0,821.5,827.6,45.06,44.805,44.888
P4,IB7,P4-IB7-3.1-SI07,SACU-2,19,0,19,0.0,100.0,MBUS-7,Communication disconnected,0.0,0.0,0.0,0.0,0.0,0.0,0.0,0.0,0.0,0.0,0.0,0.0,0.0,0.0,0.0,0.0,0.0,0.0,0.0,0.0,0.0,0.0,0.0,0.0,0.0,0.0,0.0,0.0,0.0,0.0,0.0,0.0,0.0,0.0,0.0,0.0,0.0,0.0,0.0,0.0,0.0,0.0,0.0,0.0,0.0,0.0,0.0,0.0,0.0,0.0,0.0,0.0,0.0,0.0,0.0,0.0,0.0,0.0,0.0,0.0,0.0,0.0,0.0,0.0,0.0
P4,IB7,P4-IB7-3.1-SI08,SACU-2,19,17,2,89.47,10.53,MBUS-8,On-grid,324.84,50.003,-37.68,1289.4,1289.4,1289.4,1289.4,1289.2,1289.2,1289.2,1289.2,1289.2,1289.1,1289.1,1289.1,1289.1,1289.1,1289.7,1289.7,1289.7,1289.7,1289.2,1289.2,1289.2,1289.2,1289.2,1289.3,1289.3,1289.3,1289.3,1289.3,2.18,2.34,2.35,2.29,1.79,2.19,2.28,0.0,0.0,2.18,0.0,0.0,0.0,0.0,2.24,2.48,2.54,2.46,2.27,2.55,2.41,0.0,0.0,2.04,2.38,0.0,0.0,0.0,830.6,825.4,823.6,45.16,44.606,44.934
P4,IB7,P4-IB7-3.2-SI09,SACU-2,19,19,0,100.0,0.0,MBUS-9,On-grid,333.71,49.974,-37.627,1291.3,1291.3,1291.3,1291.3,1291.3,1291.3,1291.3,1291.3,1291.3,1291.5,1291.5,1291.5,1291.5,1291.5,1291.3,1291.3,1291.3,1291.3,1291.3,1291.3,1291.3,1291.3,1291.3,1291.3,1291.3,1291.3,1291.3,1291.3,2.01,2.02,1.97,1.96,1.66,2.08,1.97,0.0,0.0,1.9,2.02,2.22,0.0,0.0,2.2,2.09,2.15,0.0,2.32,2.47,2.17,0.0,0.0,2.12,2.19,2.28,0.0,0.0,830.3,824.7,823.1,45.115,44.501,44.697
P4,IB7,P4-IB7-3.2-SI10,SACU-2,19,19,0,100.0,0.0,MBUS-10,On-grid,335.14,49.986,-37.611,1290.4,1290.4,1290.4,1290.4,1290.4,1290.4,1290.4,1290.4,1290.4,1290.6,1290.6,1290.6,1290.6,1290.6,1290.4,1290.4,1290.4,1290.4,1290.5,1290.5,1290.5,1290.5,1290.5,1290.3,1290.3,1290.3,1290.3,1290.3,1.8,1.93,2.06,2.08,1.76,2.09,2.05,0.0,0.0,1.95,2.22,2.13,0.0,0.0,2.05,2.08,2.13,0.0,1.91,2.18,2.24,0.0,0.0,1.92,2.3,2.22,0.0,0.0,830.9,825.7,822.9,45.259,44.428,45.032
P4,IB7,P4-IB7-4.1-SI01,SACU-2,19,0,19,0.0,100.0,MBUS-11,Communication disconnected,0.0,0.0,0.0,0.0,0.0,0.0,0.0,0.0,0.0,0.0,0.0,0.0,0.0,0.0,0.0,0.0,0.0,0.0,0.0,0.0,0.0,0.0,0.0,0.0,0.0,0.0,0.0,0.0,0.0,0.0,0.0,0.0,0.0,0.0,0.0,0.0,0.0,0.0,0.0,0.0,0.0,0.0,0.0,0.0,0.0,0.0,0.0,0.0,0.0,0.0,0.0,0.0,0.0,0.0,0.0,0.0,0.0,0.0,0.0,0.0,0.0,0.0,0.0,0.0,0.0
P4,IB7,P4-IB7-3.2-SI12,SACU-2,19,18,1,94.74,5.26,MBUS-12,On-grid,331.59,50.031,-37.641,1287.6,1287.6,1287.6,1287.6,1287.0,1287.0,1287.0,1287.0,1287.0,1287.3,1287.3,1287.3,1287.3,1287.3,1287.3,1287.3,1287.3,1287.3,1287.5,1287.5,1287.5,1287.5,1287.5,1287.3,1287.3,1287.3,1287.3,1287.3,2.23,2.19,2.1,2.35,1.99,2.23,1.99,0.0,0.0,2.47,2.21,2.22,0.0,0.0,2.17,0.0,2.15,0.0,2.14,2.33,2.27,0.0,0.0,2.27,2.17,2.07,0.0,0.0,830.6,821.1,825.6,46.03,44.9,45.217
P4,IB7,P4-IB7-3.2-SI13,SACU-2,19,19,0,100.0,0.0,MBUS-13,On-grid,335.13,49.997,-37.633,1289.0,1289.0,1289.0,1289.0,1288.8,1288.8,1288.8,1288.8,1288.8,1288.9,1288.9,1288.9,1288.9,1288.9,1288.9,1288.9,1288.9,1288.9,1288.7,1288.7,1288.7,1288.7,1288.7,1288.8,1288.8,1288.8,1288.8,1288.8,2.07,2.07,2.16,2.09,2.05,2.16,2.09,0.0,0.0,1.95,2.17,2.1,0.0,0.0,2.1,2.07,1.99,0.0,1.98,2.17,2.04,0.0,0.0,2.07,2.02,2.12,0.0,0.0,830.9,821.5,826.7,45.046,44.674,45.029
P4,IB7,P4-IB7-3.2-SI14,SACU-2,19,19,0,100.0,0.0,MBUS-14,On-grid,335.66,50.023,-37.644,1291.3,1291.3,1291.3,1291.3,1291.4,1291.4,1291.4,1291.4,1291.4,1291.3,1291.3,1291.3,1291.3,1291.3,1291.0,1291.0,1291.0,1291.0,1291.3,1291.3,1291.3,1291.3,1291.3,1291.1,1291.1,1291.1,1291.1,1291.1,2.0,2.06,2.03,2.02,1.89,2.24,2.13,0.0,0.0,2.05,2.15,2.17,0.0,0.0,2.09,1.98,2.17,0.0,2.04,2.15,2.01,0.0,0.0,2.1,2.12,1.98,0.0,0.0,831.7,821.3,826.5,45.148,44.624,44.83
P4,IB7,P4-IB7-3.2-SI15,SACU-2,19,17,2,89.47,10.53,MBUS-15,On-grid,326.44,50.019,-37.624,1287.6,1287.6,1287.6,1287.6,1287.8,1287.8,1287.8,1287.8,1287.8,1287.7,1287.7,1287.7,1287.7,1287.7,1287.6,1287.6,1287.6,1287.6,1287.2,1287.2,1287.2,1287.2,1287.2,1287.3,1287.3,1287.3,1287.3,1287.3,2.46,0.0,0.0,2.39,2.1,2.59,2.37,0.0,0.0,2.37,2.23,2.41,0.0,0.0,2.22,2.3,2.2,0.0,2.3,2.29,2.37,0.0,0.0,2.32,2.3,2.24,0.0,0.0,830.8,826.2,821.5,45.214,44.518,45.077
P4,IB7,P4-IB7-3.2-SI16,SACU-2,19,19,0,100.0,0.0,MBUS-16,On-grid,334.13,50.002,-37.648,1289.8,1289.8,1289.8,1289.8,1289.9,1289.9,1289.9,1289.9,1289.9,1290.0,1290.0,1290.0,1290.0,1290.0,1290.1,1290.1,1290.1,1290.1,1290.1,1290.1,1290.1,1290.1,1290.1,1289.8,1289.8,1289.8,1289.8,1289.8,2.11,2.27,2.02,2.23,1.84,2.29,2.05,0.0,0.0,2.08,2.04,2.22,0.0,0.0,2.0,2.21,1.96,0.0,2.1,2.17,1.99,0.0,0.0,1.95,2.11,1.92,0.0,0.0,831.1,822.3,827.0,45.342,44.275,44.841
P4,IB7,P4-IB7-4.1-SI01,SACU-2,19,0,19,0.0,100.0,MBUS-17,Communication disconnected,0.0,0.0,0.0,0.0,0.0,0.0,0.0,0.0,0.0,0.0,0.0,0.0,0.0,0.0,0.0,0.0,0.0,0.0,0.0,0.0,0.0,0.0,0.0,0.0,0.0,0.0,0.0,0.0,0.0,0.0,0.0,0.0,0.0,0.0,0.0,0.0,0.0,0.0,0.0,0.0,0.0,0.0,0.0,0.0,0.0,0.0,0.0,0.0,0.0,0.0,0.0,0.0,0.0,0.0,0.0,0.0,0.0,0.0,0.0,0.0,0.0,0.0,0.0,0.0,0.0
P4,IB7,P4-IB7-4.1-SI02,SACU-2,19,17,2,89.47,10.53,MBUS-18,On-grid,324.38,50.002,-37.617,1289.9,1289.9,1289.9,1289.9,1289.8,1289.8,1289.8,1289.8,1289.8,1289.7,1289.7,1289.7,1289.7,1289.7,1290.0,1290.0,1290.0,1290.0,1290.0,1290.0,1290.0,1290.0,1290.0,1289.8,1289.8,1289.8,1289.8,1289.8,2.18,2.3,2.17,2.52,0.0,2.47,2.04,0.0,0.0,2.36,0.0,2.32,0.0,0.0,2.3,2.52,2.45,0.0,2.12,2.47,2.56,0.0,0.0,2.4,2.34,2.6,0.0,0.0,831.4,826.1,822.6,44.996,44.549,44.909
P4,IB7,P4-IB7-4.1-SI03,SACU-2,19,10,9,52.63,47.37,MBUS-19,On-grid,259.38,50.012,-37.64,1267.5,1267.5,1267.5,1267.5,1267.4,1267.4,1267.4,1267.4,1267.4,1268.0,1268.0,1268.0,1268.0,1268.0,366.7,366.7,366.7,366.7,365.9,365.9,365.9,365.9,365.9,365.3,365.3,365.3,365.3,365.3,3.54,3.98,4.2,4.06,3.65,4.17,4.3,0.0,0.0,3.74,4.38,4.23,0.0,0.0,0.0,0.0,0.0,0.0,0.0,0.0,0.0,0.0,0.0,0.0,0.0,0.0,0.0,0.0,832.4,826.3,823.9,45.366,44.619,44.687
P4,IB7,P4-IB7-4.1-SI04,SACU-2,19,19,0,100.0,0.0,MBUS-20,On-grid,334.2,50.007,-37.648,1291.8,1291.8,1291.8,1291.8,1291.7,1291.7,1291.7,1291.7,1291.7,1291.9,1291.9,1291.9,1291.9,1291.9,1291.6,1291.6,1291.6,1291.6,1291.7,1291.7,1291.7,1291.7,1291.7,1291.7,1291.7,1291.7,1291.7,1291.7,2.07,2.04,1.99,2.23,1.86,2.11,1.89,0.0,0.0,2.08,2.09,2.21,0.0,0.0,2.03,2.19,2.03,0.0,2.07,2.21,2.23,0.0,0.0,2.02,2.24,2.16,0.0,0.0,830.9,824.9,823.8,44.961,44.684,44.968
P4,IB7,P4-IB7-4.1-SI05,SACU-2,19,6,13,31.58,68.42,MBUS-21,On-grid,182.0,50.025,-37.679,1170.5,1170.5,1170.5,1170.5,1140.5,1140.5,1140.5,1140.5,1140.5,1177.8,1177.8,1177.8,1177.8,1177.8,349.9,349.9,349.9,349.9,350.4,350.4,350.4,350.4,350.4,350.0,350.0,350.0,350.0,350.0,7.08,0.0,7.51,0.0,7.08,7.41,0.0,0.0,0.0,7.06,7.41,0.0,0.0,0.0,0.0,0.0,0.0,0.0,0.0,0.0,0.0,0.0,0.0,0.0,0.0,0.0,0.0,0.0,832.8,822.4,826.5,45.474,44.971,45.158
P4,IB7,P4-IB7-4.1-SI06,SACU-2,19,18,1,94.74,5.26,MBUS-22,On-grid,331.32,50.02,-37.631,1292.2,1292.2,1292.2,1292.2,1291.9,1291.9,1291.9,1291.9,1291.9,1291.9,1291.9,1291.9,1291.9,1291.9,1291.7,1291.7,1291.7,1291.7,1291.8,1291.8,1291.8,1291.8,1291.8,1292.0,1292.0,1292.0,1292.0,1292.0,2.2,2.06,2.11,2.02,2.1,2.13,2.26,0.0,0.0,0.0,2.31,2.16,0.0,0.0,2.21,2.09,2.25,0.0,1.93,2.33,2.18,0.0,0.0,2.16,2.3,2.47,0.0,0.0,830.4,826.3,824.2,44.931,44.751,44.684
P4,IB7,P4-IB7-4.1-SI07,SACU-2,19,7,12,36.84,63.16,MBUS-23,On-grid,217.56,59.8,-37.625,1122.2,1122.2,1122.2,1122.2,1126.7,1126.7,1126.7,1126.7,1126.7,1116.2,1116.2,1116.2,1116.2,1116.2,352.1,352.1,352.1,352.1,346.4,346.4,346.4,346.4,346.4,344.9,344.9,344.9,344.9,344.9,7.63,0.0,0.0,7.8,7.29,7.96,0.0,0.0,0.0,7.15,7.92,8.1,0.0,0.0,0.0,0.0,0.0,0.0,0.0,0.0,0.0,0.0,0.0,0.0,0.0,0.0,0.0,0.0,831.6,822.8,827.2,51.38,50.667,50.514
P4,IB7,P4-IB7-4.1-SI08,SACU-2,19,19,0,100.0,0.0,MBUS-24,On-grid,334.18,50.0,-37.628,1292.6,1292.6,1292.6,1292.6,1292.5,1292.5,1292.5,1292.5,1292.5,1292.6,1292.6,1292.6,1292.6,1292.6,1292.7,1292.7,1292.7,1292.7,1292.7,1292.7,1292.7,1292.7,1292.7,1292.2,1292.2,1292.2,1292.2,1292.2,1.94,1.95,2.15,2.1,1.66,2.21,2.21,0.0,0.0,1.86,2.24,2.06,0.0,0.0,2.01,2.1,2.16,0.0,1.97,2.11,2.02,0.0,0.0,1.85,2.14,2.16,0.0,0.0,831.0,821.4,827.5,45.23,44.712,45.033
P4,IB7,P4-IB7-4.2-SI09,SACU-2,19,17,2,89.47,10.53,MBUS-25,On-grid,325.78,50.025,-37.6,1291.7,1291.7,1291.7,1291.7,1291.7,1291.7,1291.7,1291.7,1291.7,1291.9,1291.9,1291.9,1291.9,1291.9,1291.9,1291.9,1291.9,1291.9,1291.9,1291.9,1291.9,1291.9,1291.9,1291.9,1291.9,1291.9,1291.9,1291.9,2.51,2.46,2.22,0.0,2.22,2.31,0.0,0.0,0.0,2.41,2.53,2.39,0.0,0.0,2.15,2.5,2.39,0.0,2.16,2.14,2.41,0.0,0.0,2.42,2.11,2.18,0.0,0.0,832.9,822.3,827.4,45.132,44.555,45.098
P4,IB7,P4-IB7-4.2-SI10,SACU-2,19,19,0,100.0,0.0,MBUS-26,On-grid,335.5,49.984,-37.662,1291.4,1291.4,1291.4,1291.4,1291.4,1291.4,1291.4,1291.4,1291.4,1291.1,1291.1,1291.1,1291.1,1291.1,1291.0,1291.0,1291.0,1291.0,1291.0,1291.0,1291.0,1291.0,1291.0,1290.7,1290.7,1290.7,1290.7,1290.7,2.03,2.16,2.21,2.06,2.04,2.09,1.95,0.0,0.0,2.1,2.15,2.03,0.0,0.0,2.12,2.04,2.09,0.0,1.93,2.21,1.91,0.0,0.0,2.12,1.99,2.13,0.0,0.0,831.6,826.8,824.0,45.335,44.514,44.772
P4,IB7,P4-IB7-4.2-SI11,SACU-2,19,13,6,68.42,31.58,MBUS-27,On-grid,295.04,50.013,-37.613,1281.5,1281.5,1281.5,1281.5,1280.9,1280.9,1280.9,1280.9,1280.9,1281.0,1281.0,1281.0,1281.0,1281.0,1280.8,1280.8,1280.8,1280.8,1281.2,1281.2,1281.2,1281.2,1281.2,409.4,409.4,409.4,409.4,409.4,2.72,3.07,3.06,3.01,2.8,3.16,3.13,0.0,0.0,2.99,3.33,0.0,0.0,0.0,3.09,3.16,3.04,0.0,3.17,0.0,0.0,0.0,0.0,0.0,0.0,0.0,0.0,0.0,832.3,823.2,827.8,45.408,44.832,44.98
P4,IB7,P4-IB7-4.2-SI12,SACU-2,19,17,2,89.47,10.53,MBUS-28,On-grid,325.61,49.994,-37.659,1288.0,1288.0,1288.0,1288.0,1287.9,1287.9,1287.9,1287.9,1287.9,1288.2,1288.2,1288.2,1288.2,1288.2,1288.0,1288.0,1288.0,1288.0,1288.1,1288.1,1288.1,1288.1,1288.1,1288.0,1288.0,1288.0,1288.0,1288.0,2.13,2.23,2.43,2.35,2.17,2.47,2.28,0.0,0.0,2.39,2.46,2.4,0.0,0.0,2.53,0.0,0.0,0.0,2.28,2.47,2.43,0.0,0.0,2.27,2.33,2.28,0.0,0.0,831.5,825.1,823.3,45.344,44.738,45.222
P4,IB7,P4-IB7-4.2-SI13,SACU-2,19,0,19,0.0,100.0,MBUS-29,Communication disconnected,0.0,0.0,0.0,0.0,0.0,0.0,0.0,0.0,0.0,0.0,0.0,0.0,0.0,0.0,0.0,0.0,0.0,0.0,0.0,0.0,0.0,0.0,0.0,0.0,0.0,0.0,0.0,0.0,0.0,0.0,0.0,0.0,0.0,0.0,0.0,0.0,0.0,0.0,0.0,0.0,0.0,0.0,0.0,0.0,0.0,0.0,0.0,0.0,0.0,0.0,0.0,0.0,0.0,0.0,0.0,0.0,0.0,0.0,0.0,0.0,0.0,0.0,0.0,0.0,0.0
P4,IB7,P4-IB7-4.2-SI14,SACU-2,19,0,19,0.0,100.0,MBUS-30,Communication disconnected,0.0,0.0,0.0,0.0,0.0,0.0,0.0,0.0,0.0,0.0,0.0,0.0,0.0,0.0,0.0,0.0,0.0,0.0,0.0,0.0,0.0,0.0,0.0,0.0,0.0,0.0,0.0,0.0,0.0,0.0,0.0,0.0,0.0,0.0,0.0,0.0,0.0,0.0,0.0,0.0,0.0,0.0,0.0,0.0,0.0,0.0,0.0,0.0,0.0,0.0,0.0,0.0,0.0,0.0,0.0,0.0,0.0,0.0,0.0,0.0,0.0,0.0,0.0,0.0,0.0
P4,IB7,P4-IB7-4.2-SI15,SACU-2,19,19,0,100.0,0.0,MBUS-31,On-grid,336.47,50.0,-37.605,1290.4,1290.4,1290.4,1290.4,1290.1,1290.1,1290.1,1290.1,1290.1,1290.1,1290.1,1290.1,1290.1,1290.1,1290.1,1290.1,1290.1,1290.1,1290.0,1290.0,1290.0,1290.0,1290.0,1289.7,1289.7,1289.7,1289.7,1289.7,1.77,2.11,2.2,1.86,2.03,2.03,1.89,0.0,0.0,2.02,2.06,1.97,0.0,0.0,2.11,2.31,2.08,0.0,2.09,2.15,2.12,0.0,0.0,2.06,2.19,2.31,0.0,0.0,832.1,821.9,826.8,45.339,44.891,45.144
P4,IB7,P4-IB7-4.2-SI16,SACU-2,19,19,0,100.0,0.0,MBUS-32,On-grid,335.7,50.007,-37.636,1291.8,1291.8,1291.8,1291.8,1291.9,1291.9,1291.9,1291.9,1291.9,1291.8,1291.8,1291.8,1291.8,1291.8,1291.5,1291.5,1291.5,1291.5,1291.5,1291.5,1291.5,1291.5,1291.5,1291.9,1291.9,1291.9,1291.9,1291.9,2.0,2.09,2.0,2.27,1.77,2.26,2.05,0.0,0.0,2.06,2.13,2.13,0.0,0.0,2.03,2.08,1.94,0.0,1.93,2.18,2.15,0.0,0.0,1.88,2.18,2.07,0.0,0.0,831.7,824.4,823.2,45.342,44.856,45.183
P4,IB8,P4-IB8-1.1-SI01,SACU-1,19,17,2,89.47,10.53,MBUS-1,On-grid,512.93,135.407,0.032,1097.2,1097.2,1097.2,1097.2,1101.5,1101.5,1101.5,1101.5,1101.5,1096.1,1096.1,1096.1,1096.1,1096.1,1105.2,1105.2,1105.2,1105.2,1092.0,1092.0,1092.0,1092.0,1092.0,1096.6,1096.6,1096.6,1096.6,1096.6,0.0,7.45,7.18,7.37,7.22,7.36,7.23,0.0,0.0,0.0,7.24,7.43,0.0,0.0,7.37,7.32,7.17,7.3,7.61,7.24,0.0,0.0,0.0,7.68,7.29,7.22,0.0,0.0,845.1,838.6,837.9,93.877,93.04,93.096
P4,IB8,P4-IB8-1.1-SI02,SACU-1,19,18,1,94.74,5.26,MBUS-2,On-grid,543.58,142.339,-0.059,1084.0,1084.0,1084.0,1084.0,1092.9,1092.9,1092.9,1092.9,1092.9,1098.2,1098.2,1098.2,1098.2,1098.2,1097.0,1097.0,1097.0,1097.0,1096.9,1096.9,1096.9,1096.9,1096.9,1093.3,1093.3,1093.3,1093.3,1093.3,7.47,7.52,7.3,7.3,7.26,7.25,7.44,0.0,0.0,7.26,7.33,7.16,0.0,0.0,7.48,6.91,7.4,0.0,7.53,7.25,7.01,0.0,0.0,7.06,7.34,0.0,0.0,0.0,846.5,841.1,838.0,98.3,97.615,97.649
P4,IB8,P4-IB8-1.1-SI03,SACU-1,19,14,5,73.68,26.32,MBUS-3,On-grid,423.32,112.935,-0.037,1092.2,1092.2,1092.2,1092.2,1080.7,1080.7,1080.7,1080.7,1080.7,1086.2,1086.2,1086.2,1086.2,1086.2,1094.0,1094.0,1094.0,1094.0,1085.7,1085.7,1085.7,1085.7,1085.7,1094.0,1094.0,1094.0,1094.0,1094.0,7.96,0.0,0.0,0.0,0.0,0.0,7.51,0.0,0.0,7.46,7.67,7.47,0.0,0.0,7.38,7.51,7.35,0.0,7.27,7.65,7.65,0.0,0.0,7.39,7.57,7.52,0.0,0.0,846.7,840.8,836.9,77.898,77.528,77.735
P4,IB8,P4-IB8-1.1-SI04,SACU-1,19,19,0,100.0,0.0,MBUS-4,On-grid,335.31,49.962,0.038,1269.1,1269.1,1269.1,1269.1,1269.2,1269.2,1269.2,1269.2,1269.2,1269.2,1269.2,1269.2,1269.2,1269.2,1266.9,1266.9,1266.9,1266.9,1269.1,1269.1,1269.1,1269.1,1269.1,1269.1,1269.1,1269.1,1269.1,1269.1,1.55,1.93,2.03,1.86,2.28,2.36,2.27,0.0,0.0,2.02,2.45,2.45,0.0,0.0,1.85,2.25,2.02,0.0,2.08,2.02,1.83,0.0,0.0,1.96,2.16,2.21,0.0,0.0,842.4,837.6,833.9,34.95,34.395,34.332
P4,IB8,P4-IB8-1.1-SI05,SACU-1,19,14,5,73.68,26.32,MBUS-5,On-grid,421.5,114.247,-0.02,1091.9,1091.9,1091.9,1091.9,1097.5,1097.5,1097.5,1097.5,1097.5,1102.5,1102.5,1102.5,1102.5,1102.5,1096.4,1096.4,1096.4,1096.4,1089.7,1089.7,1089.7,1089.7,1089.7,1090.0,1090.0,1090.0,1090.0,1090.0,0.0,0.0,7.54,7.44,7.58,7.48,7.55,0.0,0.0,7.39,7.66,7.44,0.0,0.0,7.64,7.48,7.57,0.0,7.87,0.0,0.0,0.0,0.0,7.88,7.48,0.0,0.0,0.0,848.3,843.8,839.0,78.454,78.277,78.26
P4,IB8,P4-IB8-1.1-SI06,SACU-1,19,9,10,47.37,52.63,MBUS-6,On-grid,252.83,50.033,-0.013,1248.2,1248.2,1248.2,1248.2,1093.1,1093.1,1093.1,1093.1,1093.1,1227.4,1227.4,1227.4,1227.4,1227.4,386.0,386.0,386.0,386.0,1108.2,1108.2,1108.2,1108.2,1108.2,385.2,385.2,385.2,385.2,385.2,3.04,3.43,3.54,3.52,0.0,0.0,7.7,0.0,0.0,4.27,4.63,4.67,0.0,0.0,0.0,0.0,0.0,0.0,0.0,7.84,0.0,0.0,0.0,0.0,0.0,0.0,0.0,0.0,844.5,833.7,840.4,35.399,34.177,34.439
P4,IB8,P4-IB8-1.1-SI07,SACU-1,19,17,2,89.47,10.53,MBUS-7,On-grid,325.65,50.005,-0.032,1270.6,1270.6,1270.6,1270.6,1265.4,1265.4,1265.4,1265.4,1265.4,1264.2,1264.2,1264.2,1264.2,1264.2,1265.3,1265.3,1265.3,1265.3,1265.9,1265.9,1265.9,1265.9,1265.9,1179.9,1179.9,1179.9,1179.9,1179.9,1.69,1.75,1.73,1.63,1.62,2.49,2.61,0.0,0.0,1.86,2.06,2.8,0.0,0.0,2.23,2.46,2.32,0.0,2.37,2.35,2.2,0.0,0.0,6.34,0.0,0.0,0.0,0.0,843.6,833.4,838.9,35.161,34.457,34.632
P4,IB8,P4-IB8-1.1-SI08,SACU-1,19,18,1,94.74,5.26,MBUS-8,On-grid,330.09,50.015,0.022,1266.9,1266.9,1266.9,1266.9,1264.9,1264.9,1264.9,1264.9,1264.9,1265.5,1265.5,1265.5,1265.5,1265.5,1262.8,1262.8,1262.8,1262.8,1263.0,1263.0,1263.0,1263.0,1263.0,1247.7,1247.7,1247.7,1247.7,1247.7,2.33,1.55,1.42,1.45,1.63,2.47,2.44,0.0,0.0,2.37,2.28,2.18,0.0,0.0,2.39,2.03,2.16,0.0,2.25,2.31,2.03,0.0,0.0,3.18,3.35,0.0,0.0,0.0,842.6,832.5,839.2,35.03,34.237,34.498
P4,IB8,P4-IB8-1.2-SI09,SACU-1,19,18,1,94.74,5.26,MBUS-9,On-grid,540.54,145.882,0.069,1093.0,1093.0,1093.0,1093.0,1095.2,1095.2,1095.2,1095.2,1095.2,1075.6,1075.6,1075.6,1075.6,1075.6,1099.5,1099.5,1099.5,1099.5,1092.0,1092.0,1092.0,1092.0,1092.0,1101.5,1101.5,1101.5,1101.5,1101.5,7.6,7.38,7.49,7.59,7.56,7.6,0.0,0.0,0.0,7.61,7.6,7.28,0.0,0.0,7.9,7.55,7.3,0.0,7.77,7.54,7.4,0.0,0.0,7.34,7.58,7.41,0.0,0.0,848.7,838.1,844.1,100.098,100.159,99.879
P4,IB8,P4-IB8-1.2-SI10,SACU-1,19,17,2,89.47,10.53,MBUS-10,On-grid,513.62,138.979,-0.082,1096.7,1096.7,1096.7,1096.7,1095.9,1095.9,1095.9,1095.9,1095.9,1094.6,1094.6,1094.6,1094.6,1094.6,1095.2,1095.2,1095.2,1095.2,1094.3,1094.3,1094.3,1094.3,1094.3,1089.1,1089.1,1089.1,1089.1,1089.1,7.6,7.41,0.0,0.0,7.33,7.61,7.49,0.0,0.0,7.88,7.59,7.34,0.0,0.0,7.86,7.42,7.66,0.0,7.59,7.73,7.46,0.0,0.0,7.75,7.62,7.7,0.0,0.0,847.4,841.6,839.0,95.666,95.141,95.303
P4,IB8,P4-IB8-1.2-SI11,SACU-1,19,17,2,89.47,10.53,MBUS-11,On-grid,512.22,137.978,0.019,1091.3,1091.3,1091.3,1091.3,1089.3,1089.3,1089.3,1089.3,1089.3,1096.6,1096.6,1096.6,1096.6,1096.6,1094.8,1094.8,1094.8,1094.8,1095.0,1095.0,1095.0,1095.0,1095.0,1102.2,1102.2,1102.2,1102.2,1102.2,7.79,0.0,0.0,7.43,7.8,7.6,7.25,0.0,0.0,7.65,7.59,7.52,0.0,0.0,7.44,7.59,7.32,0.0,0.0,7.57,7.21,7.18,0.0,7.55,7.63,7.47,0.0,0.0,847.5,837.3,843.4,95.197,94.578,94.498
P4,IB8,P4-IB8-1.2-SI12,SACU-1,19,15,4,78.95,21.05,MBUS-12,On-grid,311.69,49.997,0.006,1172.5,1172.5,1172.5,1172.5,1252.3,1252.3,1252.3,1252.3,1252.3,1267.0,1267.0,1267.0,1267.0,1267.0,1271.8,1271.8,1271.8,1271.8,1252.1,1252.1,1252.1,1252.1,1252.1,1265.6,1265.6,1265.6,1265.6,1265.6,6.49,0.0,0.0,0.0,0.0,3.42,3.18,0.0,0.0,2.2,2.14,2.55,0.0,0.0,2.18,1.98,1.82,1.4,0.0,3.16,3.42,0.0,0.0,1.84,2.31,2.3,0.0,0.0,843.2,833.1,839.0,35.003,34.309,34.366
P4,IB8,P4-IB8-1.2-SI13,SACU-1,19,17,2,89.47,10.53,MBUS-13,On-grid,511.22,138.774,0.001,1090.8,1090.8,1090.8,1090.8,1101.3,1101.3,1101.3,1101.3,1101.3,1103.1,1103.1,1103.1,1103.1,1103.1,1091.8,1091.8,1091.8,1091.8,1109.3,1109.3,1109.3,1109.3,1109.3,1079.7,1079.7,1079.7,1079.7,1079.7,7.63,7.43,7.93,7.48,0.0,7.41,7.57,0.0,0.0,7.38,7.55,7.4,0.0,0.0,7.82,7.43,7.58,7.35,7.84,7.38,0.0,0.0,0.0,7.74,7.26,0.0,0.0,0.0,846.9,840.1,838.6,95.753,95.418,95.155
P4,IB8,P4-IB8-1.2-SI14,SACU-1,19,16,3,84.21,15.79,MBUS-14,On-grid,479.37,128.946,0.055,1084.0,1084.0,1084.0,1084.0,1101.5,1101.5,1101.5,1101.5,1101.5,1112.1,1112.1,1112.1,1112.1,1112.1,1112.8,1112.8,1112.8,1112.8,1101.7,1101.7,1101.7,1101.7,1101.7,1085.2,1085.2,1085.2,1085.2,1085.2,7.77,7.37,7.52,0.0,7.0,7.37,7.52,0.0,0.0,7.13,7.45,7.39,0.0,0.0,7.47,7.3,7.49,0.0,7.75,7.34,7.09,0.0,0.0,7.41,0.0,0.0,0.0,0.0,845.9,840.7,836.3,89.388,88.206,88.172
P4,IB8,P4-IB8-1.2-SI15,SACU-1,19,17,2,89.47,10.53,MBUS-15,On-grid,325.9,49.942,0.018,1267.6,1267.6,1267.6,1267.6,1256.7,1256.7,1256.7,1256.7,1256.7,1267.7,1267.7,1267.7,1267.7,1267.7,1266.9,1266.9,1266.9,1266.9,1257.3,1257.3,1257.3,1257.3,1257.3,1267.6,1267.6,1267.6,1267.6,1267.6,2.12,2.14,1.78,1.73,2.45,0.0,3.04,0.0,0.0,2.09,2.56,2.64,0.0,0.0,1.91,2.14,2.0,0.0,2.64,3.01,0.0,0.0,0.0,2.54,2.77,2.32,0.0,0.0,842.2,834.3,836.1,35.271,34.384,34.538
P4,IB8,P4-IB8-1.2-SI16,SACU-1,19,19,0,100.0,0.0,MBUS-16,On-grid,577.5,152.919,0.012,1114.1,1114.1,1114.1,1114.1,1089.2,1089.2,1089.2,1089.2,1089.2,1099.9,1099.9,1099.9,1099.9,1099.9,1108.8,1108.8,1108.8,1108.8,1106.7,1106.7,1106.7,1106.7,1106.7,1101.5,1101.5,1101.5,1101.5,1101.5,7.67,7.07,7.07,7.31,7.62,7.44,7.26,0.0,0.0,7.77,7.3,7.43,0.0,0.0,7.43,7.3,7.4,0.0,7.48,7.23,7.38,0.0,0.0,7.85,7.22,7.46,0.0,0.0,846.9,841.4,836.9,105.868,105.23,104.992
P4,IB8,P4-IB8-2.1-SI01,SACU-1,19,13,6,68.42,31.58,MBUS-17,On-grid,390.08,103.303,-0.02,1092.8,1092.8,1092.8,1092.8,1085.6,1085.6,1085.6,1085.6,1085.6,1087.0,1087.0,1087.0,1087.0,1087.0,1085.7,1085.7,1085.7,1085.7,1090.6,1090.6,1090.6,1090.6,1090.6,1107.3,1107.3,1107.3,1107.3,1107.3,7.43,7.41,7.38,7.22,0.0,7.33,0.0,0.0,0.0,0.0,7.35,7.51,0.0,0.0,0.0,7.27,7.43,0.0,0.0,0.0,7.2,0.0,0.0,7.37,7.26,7.47,0.0,0.0,841.9,831.6,838.0,72.052,71.645,71.249
P4,IB8,P4-IB8-2.1-SI02,SACU-1,19,17,2,89.47,10.53,MBUS-18,On-grid,511.8,135.315,0.041,1091.8,1091.8,1091.8,1091.8,1096.7,1096.7,1096.7,1096.7,1096.7,1103.3,1103.3,1103.3,1103.3,1103.3,1079.4,1079.4,1079.4,1079.4,1083.5,1083.5,1083.5,1083.5,1083.5,1097.6,1097.6,1097.6,1097.6,1097.6,7.8,7.23,7.34,7.35,7.56,7.21,0.0,0.0,0.0,7.83,0.0,7.16,0.0,0.0,7.71,7.23,7.41,0.0,7.53,7.43,7.49,0.0,0.0,7.53,7.07,7.42,0.0,0.0,842.6,831.9,838.2,93.607,93.715,93.336
P4,IB8,P4-IB8-2.1-SI03,SACU-1,19,16,3,84.21,15.79,MBUS-19,On-grid,481.27,128.184,-0.019,1089.5,1089.5,1089.5,1089.5,1098.4,1098.4,1098.4,1098.4,1098.4,1090.1,1090.1,1090.1,1090.1,1090.1,1098.3,1098.3,1098.3,1098.3,1090.7,1090.7,1090.7,1090.7,1090.7,1089.8,1089.8,1089.8,1089.8,1089.8,7.75,7.29,7.38,7.26,7.58,7.27,7.38,0.0,0.0,7.81,7.22,7.19,0.0,0.0,7.76,7.09,0.0,0.0,0.0,7.24,7.43,0.0,0.0,7.98,0.0,7.17,0.0,0.0,842.9,835.3,835.1,88.666,88.019,88.453
P4,IB8,P4-IB8-2.1-SI04,SACU-1,19,19,0,100.0,0.0,MBUS-20,On-grid,572.36,151.158,0.032,1096.6,1096.6,1096.6,1096.6,1074.0,1074.0,1074.0,1074.0,1074.0,1090.4,1090.4,1090.4,1090.4,1090.4,1093.0,1093.0,1093.0,1093.0,1086.7,1086.7,1086.7,1086.7,1086.7,1080.3,1080.3,1080.3,1080.3,1080.3,7.55,7.32,7.21,7.41,7.35,7.46,7.37,0.0,0.0,7.69,7.23,7.43,0.0,0.0,7.64,7.35,7.17,0.0,7.59,7.35,7.4,0.0,0.0,7.49,7.49,7.45,0.0,0.0,845.0,833.0,839.6,104.682,104.325,104.204
P4,IB8,P4-IB8-2.1-SI05,SACU-1,19,15,4,78.95,21.05,MBUS-21,On-grid,452.68,118.723,0.023,1107.0,1107.0,1107.0,1107.0,1082.3,1082.3,1082.3,1082.3,1082.3,1082.3,1082.3,1082.3,1082.3,1082.3,1091.3,1091.3,1091.3,1091.3,1091.8,1091.8,1091.8,1091.8,1091.8,1103.1,1103.1,1103.1,1103.1,1103.1,7.13,7.36,7.18,7.39,7.32,7.34,7.33,0.0,0.0,7.85,0.0,0.0,0.0,0.0,7.53,7.4,0.0,0.0,0.0,7.29,7.36,0.0,0.0,7.29,7.31,7.34,0.0,0.0,843.7,835.3,837.2,82.289,81.891,81.543
P4,IB8,P4-IB8-2.1-SI06,SACU-1,19,17,2,89.47,10.53,MBUS-22,On-grid,512.73,134.815,-0.033,1095.7,1095.7,1095.7,1095.7,1107.3,1107.3,1107.3,1107.3,1107.3,1095.5,1095.5,1095.5,1095.5,1095.5,1102.5,1102.5,1102.5,1102.5,1094.3,1094.3,1094.3,1094.3,1094.3,1108.7,1108.7,1108.7,1108.7,1108.7,7.73,0.0,7.07,7.23,7.49,0.0,7.09,0.0,0.0,7.52,7.08,7.51,0.0,0.0,7.53,7.24,7.12,0.0,7.85,7.22,7.24,0.0,0.0,7.31,7.21,7.37,0.0,0.0,844.5,834.0,840.4,93.443,92.925,92.396
P4,IB8,P4-IB8-2.1-SI07,SACU-1,19,18,1,94.74,5.26,MBUS-23,On-grid,329.71,49.991,0.029,1268.3,1268.3,1268.3,1268.3,1263.2,1263.2,1263.2,1263.2,1263.2,1263.7,1263.7,1263.7,1263.7,1263.7,1268.1,1268.1,1268.1,1268.1,1269.3,1269.3,1269.3,1269.3,1269.3,1269.2,1269.2,1269.2,1269.2,1269.2,1.74,1.6,1.54,1.85,1.99,2.22,2.04,0.0,0.0,2.05,2.19,2.3,0.0,0.0,1.47,1.55,3.61,0.0,0.0,3.66,3.44,0.0,0.0,2.65,2.57,1.57,0.0,0.0,842.2,836.3,833.8,34.678,34.158,34.595
P4,IB8,P4-IB8-2.1-SI08,SACU-1,19,15,4,78.95,21.05,MBUS-24,On-grid,311.11,49.985,0.021,1279.0,1279.0,1279.0,1279.0,1279.2,1279.2,1279.2,1279.2,1279.2,1278.8,1278.8,1278.8,1278.8,1278.8,1278.7,1278.7,1278.7,1278.7,422.9,422.9,422.9,422.9,422.9,1278.9,1278.9,1278.9,1278.9,1278.9,2.44,2.74,2.79,2.75,2.31,2.75,2.52,0.0,0.0,2.62,2.89,3.03,0.0,0.0,2.66,2.59,2.6,0.0,0.0,0.0,0.0,0.0,0.0,0.0,0.0,2.4,2.33,0.0,842.6,836.3,834.7,34.929,34.227,34.677
P4,IB8,P4-IB8-2.2-SI09,SACU-1,19,17,2,89.47,10.53,MBUS-25,On-grid,327.95,49.988,0.012,1282.8,1282.8,1282.8,1282.8,1282.5,1282.5,1282.5,1282.5,1282.5,1282.9,1282.9,1282.9,1282.9,1282.9,1282.6,1282.6,1282.6,1282.6,1282.6,1282.6,1282.6,1282.6,1282.6,1282.5,1282.5,1282.5,1282.5,1282.5,2.02,1.94,2.27,2.17,2.04,0.0,2.53,0.0,0.0,2.29,2.37,2.21,0.0,0.0,2.12,2.41,2.52,0.0,2.19,0.0,2.19,0.0,0.0,2.08,2.38,2.62,0.0,0.0,841.6,836.4,833.1,35.263,34.181,34.491
P4,IB8,P4-IB8-2.2-SI10,SACU-1,19,18,1,94.74,5.26,MBUS-26,On-grid,331.78,50.007,-0.01,1284.8,1284.8,1284.8,1284.8,1284.9,1284.9,1284.9,1284.9,1284.9,1288.7,1288.7,1288.7,1288.7,1288.7,1286.9,1286.9,1286.9,1286.9,1285.3,1285.3,1285.3,1285.3,1285.3,1286.8,1286.8,1286.8,1286.8,1286.8,1.85,2.16,2.3,2.43,2.16,2.09,0.0,0.0,0.0,2.49,2.17,2.18,0.0,0.0,1.91,0.0,2.22,2.49,2.15,1.94,2.34,0.0,0.0,0.0,1.75,2.47,2.28,0.0,842.6,833.9,837.2,34.778,34.214,34.344
P4,IB8,P4-IB8-2.2-SI11,SACU-1,19,17,2,89.47,10.53,MBUS-27,On-grid,325.94,50.012,-0.013,1284.9,1284.9,1284.9,1284.9,1284.9,1284.9,1284.9,1284.9,1284.9,1285.1,1285.1,1285.1,1285.1,1285.1,1285.1,1285.1,1285.1,1285.1,1285.0,1285.0,1285.0,1285.0,1285.0,1284.8,1284.8,1284.8,1284.8,1284.8,2.22,0.0,2.54,2.47,2.3,0.0,2.22,0.0,0.0,1.93,2.39,2.41,0.0,0.0,2.36,2.36,2.43,0.0,2.21,2.06,2.21,0.0,0.0,1.93,2.52,2.68,0.0,0.0,843.0,832.1,838.6,34.726,34.232,34.548
P4,IB8,P4-IB8-2.2-SI12,SACU-1,19,10,9,52.63,47.37,MBUS-28,On-grid,262.76,50.004,-0.014,409.5,409.5,409.5,409.5,1255.6,1255.6,1255.6,1255.6,1255.6,1258.1,1258.1,1258.1,1258.1,1258.1,1262.2,1262.2,1262.2,1262.2,1268.8,1268.8,1268.8,1268.8,1268.8,1122.2,1122.2,1122.2,1122.2,1122.2,0.0,0.0,0.0,0.0,0.0,3.96,4.06,0.0,0.0,3.65,0.0,4.31,0.0,0.0,4.11,0.0,3.78,0.0,3.44,3.37,3.45,0.0,0.0,0.0,0.0,7.53,0.0,0.0,841.5,836.6,834.3,34.592,34.32,34.539
P4,IB8,P4-IB8-2.2-SI13,SACU-1,19,17,2,89.47,10.53,MBUS-29,On-grid,326.08,50.017,-0.026,1285.2,1285.2,1285.2,1285.2,1285.0,1285.0,1285.0,1285.0,1285.0,1285.2,1285.2,1285.2,1285.2,1285.2,1284.9,1284.9,1284.9,1284.9,1284.7,1284.7,1284.7,1284.7,1284.7,1284.9,1284.9,1284.9,1284.9,1284.9,2.37,2.54,1.46,2.55,2.19,0.0,2.25,2.06,0.0,0.0,2.28,2.63,0.0,0.0,2.29,2.4,2.16,0.0,0.0,2.35,2.45,0.0,0.0,2.23,2.51,2.46,0.0,0.0,842.0,831.8,838.1,34.966,34.097,34.542
P4,IB8,P4-IB8-2.2-SI14,SACU-1,19,18,1,94.74,5.26,MBUS-30,On-grid,545.87,142.261,0.077,1110.1,1110.1,1110.1,1110.1,1107.3,1107.3,1107.3,1107.3,1107.3,1114.3,1114.3,1114.3,1114.3,1114.3,1107.1,1107.1,1107.1,1107.1,1123.5,1123.5,1123.5,1123.5,1123.5,1098.4,1098.4,1098.4,1098.4,1098.4,7.55,6.94,7.11,6.79,7.17,7.21,7.36,0.0,0.0,6.95,6.96,7.48,0.0,0.0,7.4,7.01,7.38,0.0,7.29,7.24,0.0,0.0,0.0,7.64,7.2,7.39,0.0,0.0,843.8,839.8,834.7,98.614,97.785,97.871
P4,IB8,P4-IB8-2.2-SI15,SACU-1,19,12,7,63.16,36.84,MBUS-31,On-grid,364.32,95.033,0.015,1093.6,1093.6,1093.6,1093.6,1087.9,1087.9,1087.9,1087.9,1087.9,1098.1,1098.1,1098.1,1098.1,1098.1,1097.1,1097.1,1097.1,1097.1,1100.5,1100.5,1100.5,1100.5,1100.5,1103.3,1103.3,1103.3,1103.3,1103.3,7.63,0.0,7.32,0.0,7.4,0.0,7.2,0.0,0.0,7.4,7.41,7.15,0.0,0.0,7.6,0.0,0.0,0.0,0.0,0.0,7.24,0.0,0.0,7.04,7.4,7.29,0.0,0.0,842.8,831.7,839.2,65.871,65.557,65.432
P4,IB8,P4-IB8-2.2-SI16,SACU-1,19,19,0,100.0,0.0,MBUS-32,On-grid,572.72,152.639,0.029,1104.3,1104.3,1104.3,1104.3,1077.8,1077.8,1077.8,1077.8,1077.8,1089.9,1089.9,1089.9,1089.9,1089.9,1093.0,1093.0,1093.0,1093.0,1105.0,1105.0,1105.0,1105.0,1105.0,1070.9,1070.9,1070.9,1070.9,1070.9,7.61,7.29,7.11,7.09,7.55,7.49,7.62,0.0,0.0,7.63,7.51,7.4,0.0,0.0,7.76,7.42,7.37,0.0,7.51,7.5,7.33,0.0,0.0,7.89,6.94,7.62,0.0,0.0,843.3,836.2,835.0,105.605,105.527,104.956
P4,IB8,P4-IB8-3.1-SI01,SACU-2,19,19,0,100.0,0.0,MBUS-1,On-grid,575.23,149.203,0.016,1101.1,1101.1,1101.1,1101.1,1104.5,1104.5,1104.5,1104.5,1104.5,1095.9,1095.9,1095.9,1095.9,1095.9,1100.6,1100.6,1100.6,1100.6,1108.0,1108.0,1108.0,1108.0,1108.0,1100.3,1100.3,1100.3,1100.3,1100.3,7.16,7.18,7.24,7.32,7.17,7.3,7.29,0.0,0.0,7.26,7.23,7.41,0.0,0.0,7.16,7.29,7.36,0.0,7.14,7.12,6.86,0.0,0.0,7.26,7.29,7.35,0.0,0.0,842.5,833.7,836.3,103.661,102.768,103.146
P4,IB8,P4-IB8-3.1-SI02,SACU-2,19,19,0,100.0,0.0,MBUS-2,On-grid,586.5,152.406,0.01,1111.8,1111.8,1111.8,1111.8,1097.9,1097.9,1097.9,1097.9,1097.9,1122.3,1122.3,1122.3,1122.3,1122.3,1122.9,1122.9,1122.9,1122.9,1107.1,1107.1,1107.1,1107.1,1107.1,1108.8,1108.8,1108.8,1108.8,1108.8,7.38,7.19,7.25,7.16,7.14,7.29,7.45,0.0,0.0,7.03,7.39,7.69,0.0,0.0,7.24,7.19,7.42,0.0,7.48,7.46,7.2,0.0,0.0,7.35,7.36,7.34,0.0,0.0,844.3,835.6,836.4,105.671,104.7,105.317
P4,IB8,P4-IB8-3.1-SI03,SACU-2,19,19,0,100.0,0.0,MBUS-3,On-grid,590.26,153.025,0.052,1127.5,1127.5,1127.5,1127.5,1125.2,1125.2,1125.2,1125.2,1125.2,1121.8,1121.8,1121.8,1121.8,1121.8,1129.8,1129.8,1129.8,1129.8,1118.9,1118.9,1118.9,1118.9,1118.9,1126.0,1126.0,1126.0,1126.0,1126.0,7.15,7.3,7.17,7.17,7.2,7.35,7.21,0.0,0.0,7.17,7.26,7.27,0.0,0.0,7.4,0.0,7.18,7.13,7.66,7.22,7.17,0.0,0.0,7.25,7.09,7.39,0.0,0.0,846.8,835.5,841.9,105.697,105.289,105.587
P4,IB8,P4-IB8-3.1-SI04,SACU-2,19,19,0,100.0,0.0,MBUS-4,On-grid,588.5,153.857,-0.005,1130.7,1130.7,1130.7,1130.7,1121.7,1121.7,1121.7,1121.7,1121.7,1126.0,1126.0,1126.0,1126.0,1126.0,1108.1,1108.1,1108.1,1108.1,1112.3,1112.3,1112.3,1112.3,1112.3,1109.9,1109.9,1109.9,1109.9,1109.9,7.24,7.29,7.14,7.07,7.08,7.38,7.34,0.0,0.0,7.44,7.23,7.33,0.0,0.0,7.42,7.3,7.37,0.0,7.41,7.48,7.42,0.0,0.0,7.39,7.48,7.42,0.0,0.0,846.3,835.0,842.7,106.244,105.776,105.669
P4,IB8,P4-IB8-3.1-SI05,SACU-2,19,19,0,100.0,0.0,MBUS-5,On-grid,590.34,156.161,0.03,1126.0,1126.0,1126.0,1126.0,1122.0,1122.0,1122.0,1122.0,1122.0,1125.1,1125.1,1125.1,1125.1,1125.1,1113.1,1113.1,1113.1,1113.1,1115.9,1115.9,1115.9,1115.9,1115.9,1115.4,1115.4,1115.4,1115.4,1115.4,7.6,7.45,7.29,7.37,7.3,7.51,7.34,0.0,0.0,7.4,7.4,7.42,0.0,0.0,7.53,7.36,7.45,7.43,7.69,7.39,7.41,0.0,0.0,7.41,7.45,0.0,0.0,0.0,849.5,839.8,844.5,107.177,106.956,106.696
P4,IB8,P4-IB8-3.1-SI06,SACU-2,19,15,4,78.95,21.05,MBUS-6,On-grid,464.56,124.674,0.034,1126.0,1126.0,1126.0,1126.0,1118.1,1118.1,1118.1,1118.1,1118.1,1130.3,1130.3,1130.3,1130.3,1130.3,1130.5,1130.5,1130.5,1130.5,1123.1,1123.1,1123.1,1123.1,1123.1,1104.7,1104.7,1104.7,1104.7,1104.7,8.08,0.0,7.26,0.0,7.92,0.0,0.0,0.0,0.0,7.43,7.37,7.54,0.0,0.0,7.77,7.32,7.32,0.0,7.57,7.62,7.33,0.0,0.0,7.74,7.68,7.48,0.0,0.0,846.9,836.6,843.9,85.763,85.489,85.547
P4,IB8,P4-IB8-3.1-SI07,SACU-2,19,14,5,73.68,26.32,MBUS-7,On-grid,433.64,115.716,0.014,1108.3,1108.3,1108.3,1108.3,1131.8,1131.8,1131.8,1131.8,1131.8,1108.7,1108.7,1108.7,1108.7,1108.7,1126.8,1126.8,1126.8,1126.8,1117.9,1117.9,1117.9,1117.9,1117.9,1133.7,1133.7,1133.7,1133.7,1133.7,7.72,7.45,0.0,0.0,7.29,7.49,0.0,0.0,0.0,7.75,0.0,0.0,0.0,0.0,7.34,7.44,7.33,0.0,7.77,7.6,7.49,0.0,0.0,7.48,7.52,7.45,0.0,0.0,846.4,840.2,837.2,79.964,79.31,79.499
P4,IB8,P4-IB8-3.1-SI08,SACU-2,19,0,19,0.0,100.0,MBUS-8,Idle: Initializing,0.0,0.0,0.0,0.0,0.0,0.0,0.0,0.0,0.0,0.0,0.0,0.0,0.0,0.0,0.0,0.0,0.0,0.0,0.0,0.0,0.0,0.0,0.0,0.0,0.0,0.0,0.0,0.0,0.0,0.0,0.0,0.0,0.0,0.0,0.0,0.0,0.0,0.0,0.0,0.0,0.0,0.0,0.0,0.0,0.0,0.0,0.0,0.0,0.0,0.0,0.0,0.0,0.0,0.0,0.0,0.0,0.0,0.0,0.0,0.0,0.0,0.0,0.0,0.0,0.0
P4,IB8,P4-IB8-3.2-SI09,SACU-2,19,11,8,57.89,42.11,MBUS-9,On-grid,340.98,90.089,-0.001,1111.5,1111.5,1111.5,1111.5,1114.8,1114.8,1114.8,1114.8,1114.8,1116.1,1116.1,1116.1,1116.1,1116.1,1125.1,1125.1,1125.1,1125.1,1112.6,1112.6,1112.6,1112.6,1112.6,1116.0,1116.0,1116.0,1116.0,1116.0,7.63,7.42,7.31,7.56,7.51,7.3,0.0,0.0,0.0,7.69,7.32,0.0,0.0,0.0,7.69,0.0,0.0,0.0,7.79,0.0,0.0,0.0,0.0,7.53,0.0,0.0,0.0,0.0,844.4,840.0,834.5,62.452,62.027,61.922
P4,IB8,P4-IB8-3.2-SI10,SACU-2,19,11,8,57.89,42.11,MBUS-10,On-grid,339.51,89.977,0.009,1122.9,1122.9,1122.9,1122.9,1114.5,1114.5,1114.5,1114.5,1114.5,1108.9,1108.9,1108.9,1108.9,1108.9,1113.4,1113.4,1113.4,1113.4,1116.5,1116.5,1116.5,1116.5,1116.5,1120.5,1120.5,1120.5,1120.5,1120.5,7.5,7.42,0.0,7.29,7.29,7.55,0.0,0.0,0.0,7.81,0.0,0.0,0.0,0.0,7.66,0.0,0.0,0.0,7.47,7.41,0.0,0.0,0.0,0.0,7.4,7.25,0.0,0.0,844.1,833.2,841.7,62.168,61.884,62.084
P4,IB8,P4-IB8-3.2-SI11,SACU-2,19,0,19,0.0,100.0,MBUS-11,Idle: Initializing,0.0,0.0,0.0,0.0,0.0,0.0,0.0,0.0,0.0,0.0,0.0,0.0,0.0,0.0,0.0,0.0,0.0,0.0,0.0,0.0,0.0,0.0,0.0,0.0,0.0,0.0,0.0,0.0,0.0,0.0,0.0,0.0,0.0,0.0,0.0,0.0,0.0,0.0,0.0,0.0,0.0,0.0,0.0,0.0,0.0,0.0,0.0,0.0,0.0,0.0,0.0,0.0,0.0,0.0,0.0,0.0,0.0,0.0,0.0,0.0,0.0,0.0,0.0,0.0,0.0
P4,IB8,P4-IB8-3.2-SI12,SACU-2,19,10,9,52.63,47.37,MBUS-12,On-grid,307.26,81.349,-0.012,1109.7,1109.7,1109.7,1109.7,1116.0,1116.0,1116.0,1116.0,1116.0,1080.6,1080.6,1080.6,1080.6,1080.6,1124.6,1124.6,1124.6,1124.6,1119.8,1119.8,1119.8,1119.8,1119.8,1117.3,1117.3,1117.3,1117.3,1117.3,7.64,7.46,0.0,0.0,0.0,7.32,7.3,0.0,0.0,7.95,0.0,0.0,0.0,0.0,7.75,0.0,0.0,0.0,7.63,7.31,0.0,0.0,0.0,0.0,7.38,7.26,0.0,0.0,844.7,838.4,834.8,56.314,56.007,56.014
P4,IB8,P4-IB8-3.2-SI13,SACU-2,19,0,19,0.0,100.0,MBUS-13,Idle: Initializing,0.0,0.0,0.0,0.0,0.0,0.0,0.0,0.0,0.0,0.0,0.0,0.0,0.0,0.0,0.0,0.0,0.0,0.0,0.0,0.0,0.0,0.0,0.0,0.0,0.0,0.0,0.0,0.0,0.0,0.0,0.0,0.0,0.0,0.0,0.0,0.0,0.0,0.0,0.0,0.0,0.0,0.0,0.0,0.0,0.0,0.0,0.0,0.0,0.0,0.0,0.0,0.0,0.0,0.0,0.0,0.0,0.0,0.0,0.0,0.0,0.0,0.0,0.0,0.0,0.0
P4,IB8,P4-IB8-3.2-SI14,SACU-2,19,11,8,57.89,42.11,MBUS-14,On-grid,341.19,88.877,-0.037,1119.0,1119.0,1119.0,1119.0,1112.3,1112.3,1112.3,1112.3,1112.3,1126.8,1126.8,1126.8,1126.8,1126.8,1111.4,1111.4,1111.4,1111.4,1131.8,1131.8,1131.8,1131.8,1131.8,1126.5,1126.5,1126.5,1126.5,1126.5,7.48,7.15,7.31,7.25,7.49,7.25,0.0,0.0,0.0,7.35,7.22,0.0,0.0,0.0,0.0,0.0,7.46,0.0,7.34,0.0,0.0,0.0,0.0,7.6,0.0,0.0,0.0,0.0,842.7,835.5,836.6,62.067,61.293,61.304
P4,IB8,P4-IB8-3.2-SI15,SACU-2,19,16,3,84.21,15.79,MBUS-15,On-grid,492.7,129.517,-0.025,1110.5,1110.5,1110.5,1110.5,395.4,395.4,395.4,395.4,395.4,1106.3,1106.3,1106.3,1106.3,1106.3,1121.8,1121.8,1121.8,1121.8,1116.5,1116.5,1116.5,1116.5,1116.5,1119.3,1119.3,1119.3,1119.3,1119.3,7.2,7.4,7.4,7.47,0.0,0.0,0.0,0.0,0.0,7.18,7.58,7.48,0.0,0.0,6.99,7.34,7.48,0.0,7.2,7.49,7.4,0.0,0.0,7.23,7.54,7.53,0.0,0.0,844.9,837.9,835.6,89.36,89.421,89.29
P4,IB8,P4-IB8-3.2-SI16,SACU-2,19,19,0,100.0,0.0,MBUS-16,On-grid,576.41,152.498,0.044,1093.3,1093.3,1093.3,1093.3,1102.8,1102.8,1102.8,1102.8,1102.8,1097.9,1097.9,1097.9,1097.9,1097.9,1111.5,1111.5,1111.5,1111.5,1111.7,1111.7,1111.7,1111.7,1111.7,1105.9,1105.9,1105.9,1105.9,1105.9,7.46,7.41,7.46,7.52,7.33,7.38,7.48,0.0,0.0,7.33,7.46,7.36,0.0,0.0,7.4,7.16,7.2,0.0,7.37,7.47,7.26,0.0,0.0,7.53,7.32,7.59,0.0,0.0,843.7,836.7,836.2,105.731,105.262,105.428
P4,IB8,P4-IB8-4.1-SI01,SACU-2,19,12,7,63.16,36.84,MBUS-17,On-grid,370.77,95.896,0.043,1097.0,1097.0,1097.0,1097.0,1113.9,1113.9,1113.9,1113.9,1113.9,1120.9,1120.9,1120.9,1120.9,1120.9,390.3,390.3,390.3,390.3,1120.5,1120.5,1120.5,1120.5,1120.5,1115.6,1115.6,1115.6,1115.6,1115.6,6.99,7.5,0.0,7.55,0.0,7.59,7.24,0.0,0.0,7.22,7.4,0.0,0.0,0.0,0.0,0.0,0.0,0.0,7.23,7.39,0.0,0.0,0.0,7.04,7.41,7.32,0.0,0.0,842.1,835.3,833.9,66.664,66.332,66.24
P4,IB8,P4-IB8-4.1-SI02,SACU-2,19,19,0,100.0,0.0,MBUS-18,On-grid,577.72,148.893,0.014,1088.3,1088.3,1088.3,1088.3,1098.0,1098.0,1098.0,1098.0,1098.0,1090.9,1090.9,1090.9,1090.9,1090.9,1098.1,1098.1,1098.1,1098.1,1103.5,1103.5,1103.5,1103.5,1103.5,1085.3,1085.3,1085.3,1085.3,1085.3,7.51,7.2,7.33,7.23,7.22,7.23,7.43,0.0,0.0,7.33,7.35,7.22,0.0,0.0,7.37,7.1,7.3,0.0,7.2,7.35,7.11,0.0,0.0,7.46,7.11,7.44,0.0,0.0,844.7,838.7,834.7,103.242,103.036,102.519
P4,IB8,P4-IB8-4.1-SI03,SACU-2,19,18,1,94.74,5.26,MBUS-19,On-grid,543.89,140.922,0.076,1109.6,1109.6,1109.6,1109.6,1095.0,1095.0,1095.0,1095.0,1095.0,1120.3,1120.3,1120.3,1120.3,1120.3,1095.5,1095.5,1095.5,1095.5,1096.6,1096.6,1096.6,1096.6,1096.6,1095.2,1095.2,1095.2,1095.2,1095.2,7.07,7.26,7.04,7.24,6.98,7.38,7.09,0.0,0.0,0.0,6.91,7.13,0.0,0.0,7.06,7.26,7.15,7.38,7.53,7.22,7.07,0.0,0.0,7.47,7.08,0.0,0.0,0.0,843.7,834.5,840.7,97.412,96.717,97.24
P4,IB8,P4-IB8-4.1-SI04,SACU-2,19,19,0,100.0,0.0,MBUS-20,On-grid,570.44,147.285,0.013,1098.0,1098.0,1098.0,1098.0,1093.5,1093.5,1093.5,1093.5,1093.5,1090.5,1090.5,1090.5,1090.5,1090.5,1097.9,1097.9,1097.9,1097.9,1087.3,1087.3,1087.3,1087.3,1087.3,1091.6,1091.6,1091.6,1091.6,1091.6,7.09,7.32,7.16,7.16,6.78,7.36,7.12,0.0,0.0,7.42,7.13,7.35,0.0,0.0,7.21,6.8,7.28,0.0,7.36,7.17,7.26,0.0,0.0,7.21,7.3,7.26,0.0,0.0,845.8,838.8,839.3,101.316,101.073,101.594
P4,IB8,P4-IB8-4.1-SI05,SACU-2,19,19,0,100.0,0.0,MBUS-21,On-grid,334.94,49.994,0.007,1268.4,1268.4,1268.4,1268.4,1268.3,1268.3,1268.3,1268.3,1268.3,1268.5,1268.5,1268.5,1268.5,1268.5,1268.4,1268.4,1268.4,1268.4,1267.7,1267.7,1267.7,1267.7,1267.7,1264.0,1264.0,1264.0,1264.0,1264.0,2.31,2.37,2.31,2.13,2.35,2.69,2.22,0.0,0.0,1.91,2.06,2.28,0.0,0.0,0.0,1.94,2.02,1.96,2.07,1.8,1.74,0.0,0.0,2.2,1.52,2.04,0.0,0.0,841.8,831.7,837.3,34.963,34.269,34.632
P4,IB8,P4-IB8-4.1-SI06,SACU-2,19,15,4,78.95,21.05,MBUS-22,On-grid,454.4,117.18,-0.025,1096.2,1096.2,1096.2,1096.2,1098.6,1098.6,1098.6,1098.6,1098.6,1112.4,1112.4,1112.4,1112.4,1112.4,1096.7,1096.7,1096.7,1096.7,1095.2,1095.2,1095.2,1095.2,1095.2,1114.7,1114.7,1114.7,1114.7,1114.7,7.16,7.24,7.02,7.28,7.0,7.36,7.12,0.0,0.0,7.28,7.09,0.0,0.0,0.0,7.17,7.24,7.14,0.0,0.0,7.17,7.24,0.0,0.0,7.83,0.0,0.0,0.0,0.0,844.6,836.2,837.1,81.2,80.721,80.683
P4,IB8,P4-IB8-4.1-SI07,SACU-2,19,16,3,84.21,15.79,MBUS-23,On-grid,492.68,127.514,0.018,1126.7,1126.7,1126.7,1126.7,1119.8,1119.8,1119.8,1119.8,1119.8,1118.6,1118.6,1118.6,1118.6,1118.6,1122.3,1122.3,1122.3,1122.3,1122.5,1122.5,1122.5,1122.5,1122.5,1116.2,1116.2,1116.2,1116.2,1116.2,7.46,0.0,0.0,7.04,0.0,7.19,7.38,0.0,0.0,7.16,7.35,7.22,0.0,0.0,7.42,7.08,7.3,0.0,7.26,7.34,7.16,0.0,0.0,7.21,7.02,7.32,0.0,0.0,844.6,836.9,838.3,88.387,87.954,87.619
P4,IB8,P4-IB8-4.1-SI08,SACU-2,19,17,2,89.47,10.53,MBUS-24,On-grid,526.97,136.126,-0.003,1121.3,1121.3,1121.3,1121.3,1117.6,1117.6,1117.6,1117.6,1117.6,1118.5,1118.5,1118.5,1118.5,1118.5,1121.6,1121.6,1121.6,1121.6,1124.0,1124.0,1124.0,1124.0,1124.0,1114.9,1114.9,1114.9,1114.9,1114.9,7.29,7.12,7.24,7.14,7.09,7.4,7.09,0.0,0.0,7.23,7.28,7.41,0.0,0.0,0.0,7.04,7.24,0.0,7.19,7.29,7.1,0.0,0.0,7.35,7.08,0.0,0.0,0.0,843.5,832.9,840.2,94.162,93.491,94.177
P4,IB8,P4-IB8-4.2-SI09,SACU-2,19,17,2,89.47,10.53,MBUS-25,On-grid,328.53,50.018,-0.026,1286.7,1286.7,1286.7,1286.7,1286.5,1286.5,1286.5,1286.5,1286.5,1286.2,1286.2,1286.2,1286.2,1286.2,1286.2,1286.2,1286.2,1286.2,1286.1,1286.1,1286.1,1286.1,1286.1,1286.0,1286.0,1286.0,1286.0,1286.0,1.87,2.42,2.32,2.67,2.36,2.45,2.45,0.0,0.0,2.63,0.0,0.0,0.0,0.0,2.21,2.04,2.05,0.0,1.83,1.94,2.45,0.0,0.0,2.33,2.42,2.46,0.0,0.0,841.1,835.1,832.6,35.101,34.271,34.412
P4,IB8,P4-IB8-4.2-SI10,SACU-2,19,14,5,73.68,26.32,MBUS-26,On-grid,308.69,50.005,0.016,1281.4,1281.4,1281.4,1281.4,1281.2,1281.2,1281.2,1281.2,1281.2,1281.4,1281.4,1281.4,1281.4,1281.4,1281.0,1281.0,1281.0,1281.0,1281.2,1281.2,1281.2,1281.2,1281.2,1280.9,1280.9,1280.9,1280.9,1280.9,2.65,2.84,2.86,2.73,2.4,2.88,2.94,0.0,0.0,2.88,2.13,2.95,0.0,0.0,3.03,0.0,0.0,0.0,2.88,2.85,0.0,0.0,0.0,0.0,0.0,3.0,0.0,0.0,841.3,834.6,835.9,35.01,34.076,34.33
P4,IB8,P4-IB8-4.2-SI11,SACU-2,19,16,3,84.21,15.79,MBUS-27,On-grid,321.93,50.025,0.001,1287.2,1287.2,1287.2,1287.2,1287.0,1287.0,1287.0,1287.0,1287.0,1286.8,1286.8,1286.8,1286.8,1286.8,1286.7,1286.7,1286.7,1286.7,1286.9,1286.9,1286.9,1286.9,1286.9,1286.7,1286.7,1286.7,1286.7,1286.7,2.14,2.57,2.64,2.37,1.9,2.19,0.0,0.0,0.0,0.0,2.17,2.25,0.0,0.0,2.41,2.51,2.65,0.0,2.76,2.7,2.65,0.0,0.0,0.0,2.59,2.65,0.0,0.0,840.6,831.6,836.8,35.286,34.336,34.552
P4,IB8,P4-IB8-4.2-SI12,SACU-2,19,14,5,73.68,26.32,MBUS-28,On-grid,437.71,112.689,0.047,1116.2,1116.2,1116.2,1116.2,1132.6,1132.6,1132.6,1132.6,1132.6,1122.9,1122.9,1122.9,1122.9,1122.9,1132.4,1132.4,1132.4,1132.4,1103.8,1103.8,1103.8,1103.8,1103.8,1112.8,1112.8,1112.8,1112.8,1112.8,7.59,0.0,7.13,7.26,7.22,7.12,7.26,0.0,0.0,7.5,7.14,7.42,0.0,0.0,0.0,0.0,7.23,0.0,7.52,7.27,7.31,0.0,0.0,7.52,0.0,0.0,0.0,0.0,843.4,837.9,835.2,78.217,77.518,77.714
P4,IB8,P4-IB8-4.2-SI13,SACU-2,19,18,1,94.74,5.26,MBUS-29,On-grid,555.92,144.357,-0.032,1120.8,1120.8,1120.8,1120.8,1111.7,1111.7,1111.7,1111.7,1111.7,1143.1,1143.1,1143.1,1143.1,1143.1,1120.7,1120.7,1120.7,1120.7,1108.1,1108.1,1108.1,1108.1,1108.1,1111.7,1111.7,1111.7,1111.7,1111.7,7.21,7.3,7.28,7.15,7.3,7.26,7.42,0.0,0.0,0.0,6.94,7.05,6.88,0.0,7.59,7.12,7.24,0.0,7.38,7.2,7.43,0.0,0.0,0.0,0.0,7.32,7.32,0.0,846.8,836.0,842.8,99.701,99.131,99.505
P4,IB8,P4-IB8-4.2-SI14,SACU-2,19,17,2,89.47,10.53,MBUS-30,On-grid,527.07,137.008,-0.002,1118.7,1118.7,1118.7,1118.7,1120.7,1120.7,1120.7,1120.7,1120.7,1117.3,1117.3,1117.3,1117.3,1117.3,1115.4,1115.4,1115.4,1115.4,1113.7,1113.7,1113.7,1113.7,1113.7,1125.3,1125.3,1125.3,1125.3,1125.3,7.25,7.34,7.19,7.4,7.03,7.42,7.19,0.0,0.0,7.42,7.66,7.17,0.0,0.0,0.0,7.35,7.32,0.0,7.16,7.27,7.45,0.0,0.0,7.37,0.0,7.07,0.0,0.0,845.5,838.7,837.2,94.933,94.268,94.125
P4,IB8,P4-IB8-4.2-SI15,SACU-2,19,18,1,94.74,5.26,MBUS-31,On-grid,556.86,144.627,0.012,1113.4,1113.4,1113.4,1113.4,1116.8,1116.8,1116.8,1116.8,1116.8,1113.8,1113.8,1113.8,1113.8,1113.8,1123.8,1123.8,1123.8,1123.8,1120.6,1120.6,1120.6,1120.6,1120.6,1115.5,1115.5,1115.5,1115.5,1115.5,7.07,7.44,7.19,7.41,7.08,7.4,7.04,0.0,0.0,7.37,7.26,7.39,0.0,0.0,0.0,7.35,7.22,7.33,0.0,7.38,7.14,0.0,0.0,6.99,7.28,7.23,0.0,0.0,843.8,837.5,836.2,99.885,99.935,99.774
P4,IB8,P4-IB8-4.2-SI16,SACU-2,19,16,3,84.21,15.79,MBUS-32,On-grid,494.31,128.291,0.025,1117.0,1117.0,1117.0,1117.0,1124.7,1124.7,1124.7,1124.7,1124.7,1117.9,1117.9,1117.9,1117.9,1117.9,1112.8,1112.8,1112.8,1112.8,1118.6,1118.6,1118.6,1118.6,1118.6,1146.9,1146.9,1146.9,1146.9,1146.9,7.48,7.09,0.0,0.0,7.12,7.18,7.26,0.0,0.0,7.1,7.36,7.3,0.0,0.0,7.67,7.15,7.28,0.0,7.34,7.4,0.0,0.0,0.0,7.19,6.75,7.16,0.0,0.0,842.5,832.1,839.1,89.008,88.523,88.431
P4,IB9,P4-IB9-1.1-SI01,SACU-1,19,14,5,73.68,26.32,MBUS-1,On-grid,425.43,110.204,0.043,1090.0,1090.0,1090.0,1090.0,1107.0,1107.0,1107.0,1107.0,1107.0,1092.7,1092.7,1092.7,1092.7,1092.7,1099.0,1099.0,1099.0,1099.0,1097.2,1097.2,1097.2,1097.2,1097.2,1098.6,1098.6,1098.6,1098.6,1098.6,7.83,7.17,0.0,0.0,7.46,7.42,0.0,0.0,0.0,7.34,7.27,0.0,0.0,0.0,7.88,7.24,0.0,0.0,7.58,7.12,7.28,0.0,0.0,7.27,7.1,7.18,0.0,0.0,848.5,842.1,842.2,75.659,75.064,75.054
P4,IB9,P4-IB9-1.1-SI02,SACU-1,19,19,0,100.0,0.0,MBUS-2,On-grid,565.34,147.821,0.007,1081.0,1081.0,1081.0,1081.0,1086.2,1086.2,1086.2,1086.2,1086.2,1089.0,1089.0,1089.0,1089.0,1089.0,1086.2,1086.2,1086.2,1086.2,1085.2,1085.2,1085.2,1085.2,1085.2,1084.8,1084.8,1084.8,1084.8,1084.8,7.76,7.18,6.84,6.65,7.52,7.32,7.12,0.0,0.0,6.99,7.39,7.57,0.0,0.0,7.48,7.32,7.05,7.35,0.0,7.4,7.15,0.0,0.0,7.48,7.18,7.2,0.0,0.0,849.6,843.5,841.2,101.399,101.16,101.202
P4,IB9,P4-IB9-1.1-SI03,SACU-1,19,5,14,26.32,73.68,MBUS-3,On-grid,152.97,39.478,0.0,1091.7,1091.7,1091.7,1091.7,372.4,372.4,372.4,372.4,372.4,1089.7,1089.7,1089.7,1089.7,1089.7,1098.7,1098.7,1098.7,1098.7,376.0,376.0,376.0,376.0,376.0,1089.8,1089.8,1089.8,1089.8,1089.8,7.51,0.0,0.0,0.0,0.0,0.0,0.0,0.0,0.0,7.26,0.0,0.0,0.0,0.0,7.33,7.38,0.0,0.0,0.0,0.0,0.0,0.0,0.0,0.0,0.0,7.27,0.0,0.0,843.4,837.6,837.4,27.57,26.874,26.905
P4,IB9,P4-IB9-1.1-SI04,SACU-1,19,16,3,84.21,15.79,MBUS-4,On-grid,479.18,124.58,0.017,1109.4,1109.4,1109.4,1109.4,1080.0,1080.0,1080.0,1080.0,1080.0,1092.6,1092.6,1092.6,1092.6,1092.6,1083.7,1083.7,1083.7,1083.7,1076.8,1076.8,1076.8,1076.8,1076.8,1100.0,1100.0,1100.0,1100.0,1100.0,7.29,0.0,7.22,7.05,0.0,0.0,7.13,0.0,0.0,7.12,7.31,7.21,0.0,0.0,7.42,7.27,7.2,0.0,7.44,7.27,7.32,0.0,0.0,7.04,7.16,7.06,0.0,0.0,850.0,843.6,840.8,85.307,84.898,85.108
P4,IB9,P4-IB9-1.1-SI05,SACU-1,19,7,12,36.84,63.16,MBUS-5,On-grid,211.54,54.842,0.016,1095.1,1095.1,1095.1,1095.1,1101.5,1101.5,1101.5,1101.5,1101.5,1088.6,1088.6,1088.6,1088.6,1088.6,1097.6,1097.6,1097.6,1097.6,1082.9,1082.9,1082.9,1082.9,1082.9,1086.2,1086.2,1086.2,1086.2,1086.2,7.98,0.0,0.0,0.0,7.64,0.0,0.0,0.0,0.0,7.59,0.0,0.0,0.0,0.0,0.0,7.16,7.07,0.0,0.0,0.0,7.23,0.0,0.0,7.55,0.0,0.0,0.0,0.0,844.7,834.1,839.8,38.53,37.445,37.625
P4,IB9,P4-IB9-1.1-SI06,SACU-1,19,19,0,100.0,0.0,MBUS-6,On-grid,563.96,146.706,0.059,1082.2,1082.2,1082.2,1082.2,1089.6,1089.6,1089.6,1089.6,1089.6,1086.9,1086.9,1086.9,1086.9,1086.9,1085.4,1085.4,1085.4,1085.4,1094.2,1094.2,1094.2,1094.2,1094.2,1087.5,1087.5,1087.5,1087.5,1087.5,7.43,6.93,7.3,7.23,7.26,7.17,7.28,0.0,0.0,7.26,7.09,7.33,0.0,0.0,7.59,7.07,7.18,0.0,7.08,7.14,7.18,0.0,0.0,7.17,7.08,7.15,0.0,0.0,849.7,839.6,846.3,100.622,100.21,100.171
P4,IB9,P4-IB9-1.1-SI07,SACU-1,19,19,0,100.0,0.0,MBUS-7,On-grid,564.83,146.831,0.027,1077.5,1077.5,1077.5,1077.5,1089.0,1089.0,1089.0,1089.0,1089.0,1080.3,1080.3,1080.3,1080.3,1080.3,1071.3,1071.3,1071.3,1071.3,1088.1,1088.1,1088.1,1088.1,1088.1,1088.6,1088.6,1088.6,1088.6,1088.6,7.67,7.14,7.26,7.2,7.34,7.2,7.28,0.0,0.0,7.38,7.21,7.33,0.0,0.0,7.2,7.29,7.13,0.0,7.64,7.27,7.26,0.0,0.0,7.19,7.27,7.29,0.0,0.0,852.3,839.8,846.5,100.894,100.466,100.007
P4,IB9,P4-IB9-1.1-SI08,SACU-1,19,17,2,89.47,10.53,MBUS-8,On-grid,504.71,131.198,-0.014,1086.1,1086.1,1086.1,1086.1,1069.9,1069.9,1069.9,1069.9,1069.9,1083.8,1083.8,1083.8,1083.8,1083.8,1079.1,1079.1,1079.1,1079.1,1090.7,1090.7,1090.7,1090.7,1090.7,1101.1,1101.1,1101.1,1101.1,1101.1,7.66,7.32,7.1,7.28,7.46,7.42,6.86,0.0,0.0,7.51,0.0,0.0,0.0,0.0,7.29,7.41,7.02,7.28,7.41,7.17,0.0,0.0,0.0,7.27,7.07,6.96,0.0,0.0,848.9,843.5,841.4,90.535,89.637,89.702
P4,IB9,P4-IB9-1.2-SI09,SACU-1,19,17,2,89.47,10.53,MBUS-9,On-grid,513.78,134.784,0.0,1087.7,1087.7,1087.7,1087.7,1083.5,1083.5,1083.5,1083.5,1083.5,1087.9,1087.9,1087.9,1087.9,1087.9,1149.5,1149.5,1149.5,1149.5,1134.1,1134.1,1134.1,1134.1,1134.1,1130.2,1130.2,1130.2,1130.2,1130.2,7.44,7.24,7.29,7.17,7.49,7.24,7.35,0.0,0.0,7.49,0.0,0.0,0.0,0.0,7.17,6.91,7.14,7.03,7.26,7.31,7.29,0.0,0.0,0.0,7.25,7.33,0.0,0.0,851.3,844.6,842.6,92.481,92.2,91.859
P4,IB9,P4-IB9-1.2-SI10,SACU-1,19,19,0,100.0,0.0,MBUS-10,On-grid,575.07,149.155,-0.074,1079.0,1079.0,1079.0,1079.0,1101.3,1101.3,1101.3,1101.3,1101.3,1118.5,1118.5,1118.5,1118.5,1118.5,1115.1,1115.1,1115.1,1115.1,1124.6,1124.6,1124.6,1124.6,1124.6,1155.4,1155.4,1155.4,1155.4,1155.4,7.29,7.14,7.28,7.04,7.16,7.09,7.3,0.0,0.0,6.98,7.08,7.4,0.0,0.0,7.51,0.0,7.17,7.41,6.98,7.32,7.24,0.0,0.0,7.16,6.75,6.78,0.0,0.0,849.9,844.3,841.0,102.117,101.977,101.755
P4,IB9,P4-IB9-1.2-SI11,SACU-1,19,18,1,94.74,5.26,MBUS-11,On-grid,535.81,139.254,0.035,1091.8,1091.8,1091.8,1091.8,1090.1,1090.1,1090.1,1090.1,1090.1,1074.6,1074.6,1074.6,1074.6,1074.6,1073.1,1073.1,1073.1,1073.1,1085.4,1085.4,1085.4,1085.4,1085.4,1120.0,1120.0,1120.0,1120.0,1120.0,7.16,7.38,7.33,7.02,7.3,7.1,7.26,0.0,0.0,7.15,7.36,7.18,0.0,0.0,7.43,7.17,7.28,7.14,0.0,7.32,7.1,0.0,0.0,0.0,7.37,6.85,0.0,0.0,848.2,839.2,844.1,95.429,95.348,95.234
P4,IB9,P4-IB9-1.2-SI12,SACU-1,19,18,1,94.74,5.26,MBUS-12,On-grid,546.48,142.322,0.066,1126.8,1126.8,1126.8,1126.8,1118.2,1118.2,1118.2,1118.2,1118.2,1107.3,1107.3,1107.3,1107.3,1107.3,1106.6,1106.6,1106.6,1106.6,1107.6,1107.6,1107.6,1107.6,1107.6,1147.0,1147.0,1147.0,1147.0,1147.0,7.2,0.0,7.27,7.16,7.16,7.41,7.12,0.0,0.0,7.12,7.29,7.09,0.0,0.0,7.71,7.44,0.0,7.14,7.3,7.13,7.27,0.0,0.0,7.05,6.87,6.75,0.0,0.0,848.6,841.8,841.6,98.108,97.345,97.18
P4,IB9,P4-IB9-1.2-SI13,SACU-1,19,18,1,94.74,5.26,MBUS-13,On-grid,549.38,143.689,0.031,1129.0,1129.0,1129.0,1129.0,1145.1,1145.1,1145.1,1145.1,1145.1,1128.8,1128.8,1128.8,1128.8,1128.8,1120.2,1120.2,1120.2,1120.2,1114.7,1114.7,1114.7,1114.7,1114.7,1119.7,1119.7,1119.7,1119.7,1119.7,7.17,7.28,7.09,7.13,7.48,6.98,0.0,0.0,6.91,7.07,7.28,7.34,0.0,0.0,7.56,7.26,7.23,7.24,7.42,0.0,7.34,0.0,0.0,7.54,0.0,7.37,0.0,0.0,851.6,844.2,842.9,98.656,98.088,98.101
P4,IB9,P4-IB9-1.2-SI14,SACU-1,19,15,4,78.95,21.05,MBUS-14,On-grid,454.07,117.901,0.012,1145.8,1145.8,1145.8,1145.8,1132.9,1132.9,1132.9,1132.9,1132.9,1148.2,1148.2,1148.2,1148.2,1148.2,1127.8,1127.8,1127.8,1127.8,1095.9,1095.9,1095.9,1095.9,1095.9,1113.2,1113.2,1113.2,1113.2,1113.2,6.97,7.08,6.99,6.81,7.42,7.16,0.0,0.0,7.08,7.09,6.81,0.0,0.0,6.75,0.0,0.0,7.03,7.06,0.0,0.0,7.27,0.0,0.0,0.0,7.2,7.04,0.0,0.0,848.3,836.4,844.0,81.118,80.476,80.397
P4,IB9,P4-IB9-1.2-SI15,SACU-1,19,18,1,94.74,5.26,MBUS-15,On-grid,540.6,140.421,-0.026,1127.1,1127.1,1127.1,1127.1,1132.1,1132.1,1132.1,1132.1,1132.1,1140.7,1140.7,1140.7,1140.7,1140.7,1096.3,1096.3,1096.3,1096.3,1107.2,1107.2,1107.2,1107.2,1107.2,1130.3,1130.3,1130.3,1130.3,1130.3,7.43,6.8,7.11,6.86,6.99,0.0,6.59,7.07,0.0,7.06,6.91,6.86,0.0,0.0,7.41,6.93,6.82,7.28,7.17,7.25,0.0,0.0,0.0,6.98,7.16,0.0,0.0,0.0,848.2,836.5,844.5,96.234,96.282,96.273
P4,IB9,P4-IB9-1.2-SI16,SACU-1,19,18,1,94.74,5.26,MBUS-16,On-grid,545.79,141.412,0.035,1113.7,1113.7,1113.7,1113.7,1115.8,1115.8,1115.8,1115.8,1115.8,1109.5,1109.5,1109.5,1109.5,1109.5,1106.2,1106.2,1106.2,1106.2,1104.8,1104.8,1104.8,1104.8,1104.8,1102.5,1102.5,1102.5,1102.5,1102.5,7.3,7.06,7.28,7.06,7.36,7.09,7.17,0.0,0.0,7.09,7.05,7.35,0.0,0.0,7.49,7.05,7.24,0.0,7.21,7.29,7.06,0.0,0.0,7.27,7.05,0.0,0.0,0.0,847.4,834.9,843.8,97.491,96.822,97.156
P4,IB9,P4-IB9-2.1-SI01,SACU-1,19,15,4,78.95,21.05,MBUS-17,On-grid,455.89,117.773,-0.003,1119.7,1119.7,1119.7,1119.7,1099.3,1099.3,1099.3,1099.3,1099.3,1121.5,1121.5,1121.5,1121.5,1121.5,1105.2,1105.2,1105.2,1105.2,1100.7,1100.7,1100.7,1100.7,1100.7,1117.8,1117.8,1117.8,1117.8,1117.8,7.77,0.0,7.01,7.1,7.59,7.18,7.12,0.0,0.0,7.43,6.71,7.24,0.0,0.0,7.82,0.0,7.21,0.0,7.75,7.12,7.16,0.0,0.0,7.91,0.0,0.0,0.0,0.0,846.4,835.5,843.2,80.921,81.038,80.891
P4,IB9,P4-IB9-2.1-SI02,SACU-1,19,19,0,100.0,0.0,MBUS-18,On-grid,575.92,148.779,-0.075,1099.8,1099.8,1099.8,1099.8,1095.3,1095.3,1095.3,1095.3,1095.3,1084.9,1084.9,1084.9,1084.9,1084.9,1086.6,1086.6,1086.6,1086.6,1085.1,1085.1,1085.1,1085.1,1085.1,1113.1,1113.1,1113.1,1113.1,1113.1,7.51,7.46,7.0,6.84,7.5,7.19,7.3,0.0,0.0,7.24,7.15,7.42,0.0,0.0,7.53,7.25,7.22,0.0,6.8,7.48,6.95,0.0,0.0,7.03,6.91,7.32,0.0,0.0,849.8,844.4,839.4,101.912,101.881,101.736
P4,IB9,P4-IB9-2.1-SI03,SACU-1,19,19,0,100.0,0.0,MBUS-19,On-grid,576.05,148.872,-0.003,1108.3,1108.3,1108.3,1108.3,1104.3,1104.3,1104.3,1104.3,1104.3,1102.9,1102.9,1102.9,1102.9,1102.9,1088.7,1088.7,1088.7,1088.7,1120.3,1120.3,1120.3,1120.3,1120.3,1112.0,1112.0,1112.0,1112.0,1112.0,7.33,7.03,6.94,7.27,7.75,7.16,0.0,0.0,7.13,6.97,7.15,7.34,0.0,0.0,7.36,7.27,7.35,7.2,7.43,7.16,7.12,0.0,0.0,7.18,7.2,0.0,0.0,0.0,850.3,841.9,842.1,101.895,101.71,101.672
P4,IB9,P4-IB9-2.1-SI04,SACU-1,19,19,0,100.0,0.0,MBUS-20,On-grid,572.67,147.037,-0.018,1094.0,1094.0,1094.0,1094.0,1095.6,1095.6,1095.6,1095.6,1095.6,1105.6,1105.6,1105.6,1105.6,1105.6,1094.4,1094.4,1094.4,1094.4,1082.4,1082.4,1082.4,1082.4,1082.4,1096.7,1096.7,1096.7,1096.7,1096.7,7.38,6.96,7.0,7.14,7.3,7.3,7.01,0.0,0.0,7.0,7.19,7.09,0.0,0.0,7.53,7.24,6.99,7.17,7.36,7.34,7.28,0.0,0.0,7.24,7.09,0.0,0.0,0.0,850.2,840.1,846.2,101.527,100.476,100.757
P4,IB9,P4-IB9-2.1-SI05,SACU-1,19,19,0,100.0,0.0,MBUS-21,On-grid,573.32,146.894,-0.007,1092.4,1092.4,1092.4,1092.4,1096.5,1096.5,1096.5,1096.5,1096.5,1106.5,1106.5,1106.5,1106.5,1106.5,1093.8,1093.8,1093.8,1093.8,1075.9,1075.9,1075.9,1075.9,1075.9,1079.0,1079.0,1079.0,1079.0,1079.0,7.52,7.22,7.03,7.2,7.26,7.26,0.0,0.0,0.0,7.08,7.41,7.34,7.05,0.0,7.32,7.18,7.06,0.0,7.44,7.19,7.22,0.0,0.0,7.13,7.28,7.21,0.0,0.0,849.4,843.1,841.4,100.982,100.754,100.568
P4,IB9,P4-IB9-2.1-SI06,SACU-1,19,19,0,100.0,0.0,MBUS-22,On-grid,577.54,148.536,0.008,1099.9,1099.9,1099.9,1099.9,1099.0,1099.0,1099.0,1099.0,1099.0,1103.0,1103.0,1103.0,1103.0,1103.0,1093.0,1093.0,1093.0,1093.0,1093.1,1093.1,1093.1,1093.1,1093.1,1094.8,1094.8,1094.8,1094.8,1094.8,7.33,6.95,7.14,7.41,8.5,6.94,6.53,0.0,0.0,8.13,6.54,6.93,0.0,0.0,7.74,7.35,6.8,0.0,6.85,7.45,7.42,0.0,0.0,7.04,6.99,7.59,0.0,0.0,852.7,843.9,846.8,101.884,101.176,101.439
P4,IB9,P4-IB9-2.1-SI07,SACU-1,19,19,0,100.0,0.0,MBUS-23,On-grid,574.99,148.152,0.019,1086.0,1086.0,1086.0,1086.0,1085.9,1085.9,1085.9,1085.9,1085.9,1094.6,1094.6,1094.6,1094.6,1094.6,1103.0,1103.0,1103.0,1103.0,1095.7,1095.7,1095.7,1095.7,1095.7,1085.7,1085.7,1085.7,1085.7,1085.7,7.45,7.37,7.06,7.2,7.88,7.24,6.77,0.0,0.0,7.43,7.1,7.12,0.0,0.0,7.52,7.01,6.98,0.0,7.39,7.16,7.23,0.0,0.0,7.48,7.19,7.09,0.0,0.0,853.1,844.0,847.5,101.57,101.081,100.992
P4,IB9,P4-IB9-2.1-SI08,SACU-1,19,19,0,100.0,0.0,MBUS-24,On-grid,574.26,147.61,-0.027,1105.6,1105.6,1105.6,1105.6,1089.9,1089.9,1089.9,1089.9,1089.9,1110.8,1110.8,1110.8,1110.8,1110.8,1097.5,1097.5,1097.5,1097.5,1093.7,1093.7,1093.7,1093.7,1093.7,1078.8,1078.8,1078.8,1078.8,1078.8,7.21,7.16,7.05,7.08,7.34,7.1,7.33,0.0,0.0,7.02,6.93,7.18,0.0,0.0,7.16,7.2,7.32,0.0,7.3,7.15,7.17,0.0,0.0,7.15,7.29,7.04,0.0,0.0,854.4,849.6,843.6,100.706,100.733,100.554
P4,IB9,P4-IB9-2.2-SI09,SACU-1,19,19,0,100.0,0.0,MBUS-25,On-grid,571.64,146.775,-0.035,1087.7,1087.7,1087.7,1087.7,1095.9,1095.9,1095.9,1095.9,1095.9,1103.7,1103.7,1103.7,1103.7,1103.7,1087.7,1087.7,1087.7,1087.7,1095.9,1095.9,1095.9,1095.9,1095.9,1079.9,1079.9,1079.9,1079.9,1079.9,7.42,7.13,7.22,7.09,7.23,7.12,7.1,0.0,0.0,7.22,7.2,6.99,0.0,0.0,7.52,7.08,7.24,0.0,7.2,7.28,7.09,0.0,0.0,7.32,7.1,7.29,0.0,0.0,850.9,845.7,841.5,100.93,100.259,99.756
P4,IB9,P4-IB9-2.2-SI10,SACU-1,19,19,0,100.0,0.0,MBUS-26,On-grid,570.65,147.529,0.018,1092.2,1092.2,1092.2,1092.2,1091.5,1091.5,1091.5,1091.5,1091.5,1092.2,1092.2,1092.2,1092.2,1092.2,1074.1,1074.1,1074.1,1074.1,1090.1,1090.1,1090.1,1090.1,1090.1,1089.4,1089.4,1089.4,1089.4,1089.4,7.51,7.34,7.0,6.99,7.57,7.27,6.91,0.0,0.0,6.93,7.23,7.33,0.0,0.0,7.44,7.02,7.02,0.0,6.97,7.54,6.6,0.0,0.0,7.39,7.03,7.27,0.0,0.0,855.3,846.0,849.9,100.724,100.3,100.391
P4,IB9,P4-IB9-2.2-SI11,SACU-1,19,19,0,100.0,0.0,MBUS-27,On-grid,578.74,149.246,-0.016,1118.0,1118.0,1118.0,1118.0,1104.2,1104.2,1104.2,1104.2,1104.2,1091.1,1091.1,1091.1,1091.1,1091.1,1136.4,1136.4,1136.4,1136.4,1116.6,1116.6,1116.6,1116.6,1116.6,1100.7,1100.7,1100.7,1100.7,1100.7,9.01,6.51,6.73,6.71,8.01,7.8,6.08,0.0,0.0,7.25,7.48,7.0,0.0,0.0,8.26,5.97,6.56,0.0,7.17,6.98,6.95,0.0,0.0,7.04,7.3,7.11,0.0,0.0,857.4,847.3,851.2,101.693,101.625,101.282
P4,IB9,P4-IB9-2.2-SI12,SACU-1,19,18,1,94.74,5.26,MBUS-28,On-grid,535.79,137.613,-0.054,1090.9,1090.9,1090.9,1090.9,1092.1,1092.1,1092.1,1092.1,1092.1,1095.7,1095.7,1095.7,1095.7,1095.7,1046.9,1046.9,1046.9,1046.9,1093.4,1093.4,1093.4,1093.4,1093.4,1091.1,1091.1,1091.1,1091.1,1091.1,7.39,7.1,7.27,7.12,7.23,7.22,7.24,0.0,0.0,7.27,7.21,7.11,0.0,0.0,0.0,7.19,6.97,6.85,7.23,7.14,7.06,0.0,0.0,0.0,7.17,7.22,0.0,0.0,849.7,842.9,841.3,94.406,94.193,94.037
P4,IB9,P4-IB9-2.2-SI13,SACU-1,19,19,0,100.0,0.0,MBUS-29,On-grid,575.43,148.124,-0.059,1090.6,1090.6,1090.6,1090.6,1097.6,1097.6,1097.6,1097.6,1097.6,1096.9,1096.9,1096.9,1096.9,1096.9,1105.5,1105.5,1105.5,1105.5,1082.2,1082.2,1082.2,1082.2,1082.2,1079.6,1079.6,1079.6,1079.6,1079.6,7.55,7.26,7.14,6.83,7.4,7.26,7.07,0.0,0.0,7.47,7.06,7.13,0.0,0.0,8.2,6.25,6.28,8.13,7.22,7.32,7.16,0.0,0.0,0.0,7.09,7.24,0.0,0.0,851.2,846.1,841.0,101.562,101.284,101.203
P4,IB9,P4-IB9-2.2-SI14,SACU-1,19,19,0,100.0,0.0,MBUS-30,On-grid,583.52,150.157,0.041,1093.6,1093.6,1093.6,1093.6,1089.9,1089.9,1089.9,1089.9,1089.9,1123.5,1123.5,1123.5,1123.5,1123.5,1114.0,1114.0,1114.0,1114.0,1116.4,1116.4,1116.4,1116.4,1116.4,1101.3,1101.3,1101.3,1101.3,1101.3,7.41,7.08,7.2,7.1,7.62,7.4,6.94,0.0,0.0,7.21,7.04,7.17,0.0,0.0,7.51,7.14,7.19,0.0,7.26,7.43,7.35,0.0,0.0,7.42,7.37,7.06,0.0,0.0,850.2,846.6,839.3,102.832,102.692,102.605
P4,IB9,P4-IB9-2.2-SI15,SACU-1,19,19,0,100.0,0.0,MBUS-31,On-grid,572.31,147.607,-0.023,1094.3,1094.3,1094.3,1094.3,1092.4,1092.4,1092.4,1092.4,1092.4,1093.1,1093.1,1093.1,1093.1,1093.1,1106.0,1106.0,1106.0,1106.0,1098.3,1098.3,1098.3,1098.3,1098.3,1108.3,1108.3,1108.3,1108.3,1108.3,7.61,7.14,7.33,7.16,7.33,7.2,7.2,0.0,0.0,7.61,0.0,7.04,7.12,0.0,7.58,7.0,7.12,0.0,7.56,7.29,7.15,0.0,0.0,7.54,7.03,7.17,0.0,0.0,851.8,847.6,840.5,101.5,100.695,100.972
P4,IB9,P4-IB9-2.2-SI16,SACU-1,19,19,0,100.0,0.0,MBUS-32,On-grid,577.55,148.502,0.021,1097.2,1097.2,1097.2,1097.2,1088.5,1088.5,1088.5,1088.5,1088.5,1103.0,1103.0,1103.0,1103.0,1103.0,1104.1,1104.1,1104.1,1104.1,1087.2,1087.2,1087.2,1087.2,1087.2,1108.0,1108.0,1108.0,1108.0,1108.0,7.25,7.27,7.15,7.2,7.16,7.43,7.28,0.0,0.0,7.3,7.19,7.07,0.0,0.0,7.36,7.17,7.2,0.0,7.14,7.24,7.2,0.0,0.0,7.02,7.24,7.24,0.0,0.0,850.1,839.3,846.6,101.862,101.338,101.492
P4,IB9,P4-IB9-3.1-SI01,SACU-2,19,19,0,100.0,0.0,MBUS-1,On-grid,577.28,149.73,0.01,1104.4,1104.4,1104.4,1104.4,1111.3,1111.3,1111.3,1111.3,1111.3,1109.5,1109.5,1109.5,1109.5,1109.5,1110.4,1110.4,1110.4,1110.4,1087.2,1087.2,1087.2,1087.2,1087.2,1102.1,1102.1,1102.1,1102.1,1102.1,7.06,7.21,7.16,7.18,7.2,7.19,0.0,7.33,7.14,7.37,7.23,0.0,0.0,0.0,7.38,7.05,7.08,0.0,7.45,7.42,7.23,0.0,0.0,7.37,7.3,7.26,0.0,0.0,851.6,841.1,847.0,102.565,102.151,102.128
P4,IB9,P4-IB9-3.1-SI02,SACU-2,19,19,0,100.0,0.0,MBUS-2,On-grid,574.59,148.905,0.011,1099.8,1099.8,1099.8,1099.8,1099.5,1099.5,1099.5,1099.5,1099.5,1097.3,1097.3,1097.3,1097.3,1097.3,1101.3,1101.3,1101.3,1101.3,1104.0,1104.0,1104.0,1104.0,1104.0,1094.2,1094.2,1094.2,1094.2,1094.2,6.94,7.18,7.33,7.38,6.75,7.3,7.05,7.25,7.32,7.5,0.0,0.0,0.0,0.0,7.13,7.22,7.06,7.28,7.41,7.04,0.0,0.0,0.0,7.27,0.0,7.19,7.29,0.0,850.4,840.8,846.5,101.938,101.611,102.082
P4,IB9,P4-IB9-3.1-SI03,SACU-2,19,16,3,84.21,15.79,MBUS-3,On-grid,483.28,124.787,-0.052,1100.3,1100.3,1100.3,1100.3,1094.9,1094.9,1094.9,1094.9,1094.9,1082.8,1082.8,1082.8,1082.8,1082.8,1096.5,1096.5,1096.5,1096.5,1091.4,1091.4,1091.4,1091.4,1091.4,1112.1,1112.1,1112.1,1112.1,1112.1,7.0,7.18,0.0,7.41,6.83,7.33,7.25,7.38,7.33,7.44,0.0,0.0,0.0,0.0,7.09,7.28,7.14,0.0,7.08,7.41,0.0,0.0,0.0,0.0,6.98,7.21,0.0,0.0,848.6,837.2,844.0,85.798,85.308,85.248
P4,IB9,P4-IB9-3.1-SI04,SACU-2,19,2,17,10.53,89.47,MBUS-4,On-grid,60.39,16.01,-0.016,1135.7,1135.7,1135.7,1135.7,326.5,326.5,326.5,326.5,326.5,1116.7,1116.7,1116.7,1116.7,1116.7,325.1,325.1,325.1,325.1,322.6,322.6,322.6,322.6,322.6,324.7,324.7,324.7,324.7,324.7,7.29,0.0,0.0,0.0,0.0,0.0,0.0,0.0,0.0,7.41,0.0,0.0,0.0,0.0,0.0,0.0,0.0,0.0,0.0,0.0,0.0,0.0,0.0,0.0,0.0,0.0,0.0,0.0,841.5,835.6,833.2,11.382,11.354,11.551
P4,IB9,P4-IB9-3.1-SI05,SACU-2,19,15,4,78.95,21.05,MBUS-5,On-grid,461.12,119.084,0.04,1112.9,1112.9,1112.9,1112.9,1126.7,1126.7,1126.7,1126.7,1126.7,1104.6,1104.6,1104.6,1104.6,1104.6,1112.2,1112.2,1112.2,1112.2,1110.8,1110.8,1110.8,1110.8,1110.8,1104.6,1104.6,1104.6,1104.6,1104.6,7.3,7.34,7.17,7.35,6.96,7.24,7.1,0.0,0.0,7.39,7.34,7.25,0.0,0.0,7.18,7.24,7.22,0.0,0.0,0.0,7.21,0.0,0.0,0.0,0.0,7.08,0.0,0.0,845.0,838.9,835.5,82.372,82.03,81.837
P4,IB9,P4-IB9-3.1-SI06,SACU-2,19,3,16,15.79,84.21,MBUS-6,On-grid,92.67,24.113,0.007,1115.3,1115.3,1115.3,1115.3,327.9,327.9,327.9,327.9,327.9,1107.9,1107.9,1107.9,1107.9,1107.9,329.4,329.4,329.4,329.4,325.8,325.8,325.8,325.8,325.8,324.2,324.2,324.2,324.2,324.2,6.99,7.64,0.0,0.0,0.0,0.0,0.0,0.0,0.0,7.17,0.0,0.0,0.0,0.0,0.0,0.0,0.0,0.0,0.0,0.0,0.0,0.0,0.0,0.0,0.0,0.0,0.0,0.0,842.1,835.5,832.6,17.131,16.631,16.97
P4,IB9,P4-IB9-3.1-SI07,SACU-2,19,17,2,89.47,10.53,MBUS-7,On-grid,515.42,133.29,-0.045,1102.6,1102.6,1102.6,1102.6,1105.9,1105.9,1105.9,1105.9,1105.9,1110.2,1110.2,1110.2,1110.2,1110.2,1093.7,1093.7,1093.7,1093.7,1102.5,1102.5,1102.5,1102.5,1102.5,1090.7,1090.7,1090.7,1090.7,1090.7,7.31,7.12,7.25,7.25,7.3,7.26,0.0,0.0,0.0,7.29,6.99,0.0,0.0,0.0,6.93,7.39,7.28,0.0,7.12,7.21,7.26,0.0,0.0,7.03,7.31,7.37,0.0,0.0,844.2,833.8,839.5,91.936,91.516,92.032
P4,IB9,P4-IB9-3.1-SI08,SACU-2,19,17,2,89.47,10.53,MBUS-8,On-grid,523.26,135.182,-0.077,1115.3,1115.3,1115.3,1115.3,1121.8,1121.8,1121.8,1121.8,1121.8,1112.6,1112.6,1112.6,1112.6,1112.6,1104.2,1104.2,1104.2,1104.2,1107.4,1107.4,1107.4,1107.4,1107.4,1108.0,1108.0,1108.0,1108.0,1108.0,7.43,7.13,7.2,7.12,7.09,7.16,7.1,0.0,0.0,7.07,7.34,0.0,0.0,0.0,7.29,7.13,7.25,7.33,0.0,7.37,0.0,0.0,0.0,7.33,7.28,7.32,0.0,0.0,843.3,835.0,837.7,93.127,92.944,93.18
P4,IB9,P4-IB9-3.2-SI09,SACU-2,19,18,1,94.74,5.26,MBUS-9,On-grid,548.22,141.346,0.037,1110.8,1110.8,1110.8,1110.8,1105.5,1105.5,1105.5,1105.5,1105.5,1107.9,1107.9,1107.9,1107.9,1107.9,1111.5,1111.5,1111.5,1111.5,1095.1,1095.1,1095.1,1095.1,1095.1,1099.6,1099.6,1099.6,1099.6,1099.6,7.4,7.13,7.08,7.07,7.27,7.4,7.14,0.0,0.0,7.08,7.16,7.26,0.0,0.0,7.16,7.04,7.11,7.31,7.55,7.32,0.0,0.0,0.0,7.52,7.09,0.0,0.0,0.0,843.3,836.1,835.7,98.188,97.205,97.166
P4,IB9,P4-IB9-3.2-SI10,SACU-2,19,19,0,100.0,0.0,MBUS-10,On-grid,572.17,148.436,-0.023,1088.8,1088.8,1088.8,1088.8,1093.2,1093.2,1093.2,1093.2,1093.2,1090.1,1090.1,1090.1,1090.1,1090.1,1115.7,1115.7,1115.7,1115.7,1116.5,1116.5,1116.5,1116.5,1116.5,1101.0,1101.0,1101.0,1101.0,1101.0,7.12,7.31,7.14,7.25,7.09,7.34,7.11,0.0,0.0,7.19,7.26,0.0,0.0,0.0,7.07,7.27,7.32,7.24,7.15,7.0,7.15,0.0,0.0,7.22,7.35,7.2,0.0,0.0,841.1,833.1,834.9,103.455,102.142,102.527
P4,IB9,P4-IB9-3.2-SI11,SACU-2,19,18,1,94.74,5.26,MBUS-11,On-grid,546.02,140.757,-0.031,1093.8,1093.8,1093.8,1093.8,1099.5,1099.5,1099.5,1099.5,1099.5,1101.2,1101.2,1101.2,1101.2,1101.2,1102.9,1102.9,1102.9,1102.9,1110.2,1110.2,1110.2,1110.2,1110.2,1085.3,1085.3,1085.3,1085.3,1085.3,7.4,7.1,7.24,7.05,7.26,7.22,7.32,0.0,0.0,7.16,7.2,7.33,0.0,0.0,7.25,7.13,7.14,7.31,7.42,0.0,0.0,0.0,0.0,7.43,7.01,7.34,0.0,0.0,842.2,835.8,834.1,97.252,96.862,97.2
P4,IB9,P4-IB9-3.2-SI12,SACU-2,19,19,0,100.0,0.0,MBUS-12,On-grid,573.69,148.504,-0.055,1092.7,1092.7,1092.7,1092.7,1099.4,1099.4,1099.4,1099.4,1099.4,1093.9,1093.9,1093.9,1093.9,1093.9,1096.4,1096.4,1096.4,1096.4,1084.0,1084.0,1084.0,1084.0,1084.0,1101.5,1101.5,1101.5,1101.5,1101.5,7.17,7.33,7.24,7.28,6.92,7.21,7.25,0.0,0.0,7.37,7.27,7.05,0.0,0.0,7.22,7.23,7.13,0.0,7.44,7.27,7.34,0.0,0.0,7.2,7.13,7.28,0.0,0.0,847.9,842.9,839.4,102.333,101.604,101.743
P4,IB9,P4-IB9-3.2-SI13,SACU-2,19,19,0,100.0,0.0,MBUS-13,On-grid,573.88,147.817,-0.066,1085.8,1085.8,1085.8,1085.8,1101.1,1101.1,1101.1,1101.1,1101.1,1092.0,1092.0,1092.0,1092.0,1092.0,1085.0,1085.0,1085.0,1085.0,1095.5,1095.5,1095.5,1095.5,1095.5,1095.5,1095.5,1095.5,1095.5,1095.5,7.17,7.21,7.06,7.16,7.07,7.27,7.31,0.0,0.0,7.2,7.41,7.34,0.0,0.0,6.92,7.32,7.26,0.0,7.21,7.28,7.27,0.0,0.0,7.17,7.28,7.28,0.0,0.0,846.4,840.6,837.6,101.502,101.508,101.747
P4,IB9,P4-IB9-3.2-SI14,SACU-2,19,17,2,89.47,10.53,MBUS-14,On-grid,520.53,134.769,-0.013,1110.1,1110.1,1110.1,1110.1,1111.9,1111.9,1111.9,1111.9,1111.9,1121.0,1121.0,1121.0,1121.0,1121.0,1144.0,1144.0,1144.0,1144.0,1111.4,1111.4,1111.4,1111.4,1111.4,1129.3,1129.3,1129.3,1129.3,1129.3,7.32,7.08,7.3,7.17,6.91,0.0,7.17,7.33,0.0,7.42,7.12,0.0,0.0,0.0,7.15,7.04,6.85,0.0,7.24,7.42,7.06,0.0,0.0,0.0,7.15,7.06,0.0,0.0,847.6,837.2,842.7,92.956,92.44,92.38
P4,IB9,P4-IB9-3.2-SI15,SACU-2,19,17,2,89.47,10.53,MBUS-15,On-grid,511.91,133.026,0.043,1089.1,1089.1,1089.1,1089.1,1103.4,1103.4,1103.4,1103.4,1103.4,1099.0,1099.0,1099.0,1099.0,1099.0,1085.3,1085.3,1085.3,1085.3,1077.9,1077.9,1077.9,1077.9,1077.9,1098.8,1098.8,1098.8,1098.8,1098.8,7.33,7.1,7.22,7.21,6.97,7.18,7.28,0.0,0.0,7.34,7.33,7.15,0.0,0.0,7.58,7.11,0.0,0.0,7.34,7.08,0.0,0.0,0.0,7.19,7.31,7.26,0.0,0.0,846.3,836.4,841.7,91.29,91.106,91.404
P4,IB9,P4-IB9-3.2-SI16,SACU-2,19,18,1,94.74,5.26,MBUS-16,On-grid,554.43,144.101,-0.024,1109.8,1109.8,1109.8,1109.8,1116.3,1116.3,1116.3,1116.3,1116.3,1112.2,1112.2,1112.2,1112.2,1112.2,1109.8,1109.8,1109.8,1109.8,1113.9,1113.9,1113.9,1113.9,1113.9,1121.0,1121.0,1121.0,1121.0,1121.0,7.29,7.42,7.23,0.0,6.96,7.42,7.25,0.0,0.0,7.22,7.25,7.41,0.0,0.0,7.21,7.3,7.19,0.0,7.38,7.36,7.16,0.0,0.0,6.95,7.31,7.38,0.0,0.0,848.1,844.4,838.6,99.1,98.384,98.862
P4,IB9,P4-IB9-4.1-SI01,SACU-2,19,17,2,89.47,10.53,MBUS-17,On-grid,521.51,138.391,0.016,1125.9,1125.9,1125.9,1125.9,1114.1,1114.1,1114.1,1114.1,1114.1,1104.0,1104.0,1104.0,1104.0,1104.0,1129.4,1129.4,1129.4,1129.4,1124.8,1124.8,1124.8,1124.8,1124.8,1125.5,1125.5,1125.5,1125.5,1125.5,7.06,7.05,7.35,7.47,7.28,7.41,7.28,0.0,0.0,7.4,7.46,7.6,0.0,0.0,7.44,7.27,7.38,0.0,7.62,7.36,0.0,0.0,0.0,7.26,7.43,0.0,0.0,0.0,850.3,839.5,846.7,94.803,94.358,94.532
P4,IB9,P4-IB9-4.1-SI02,SACU-2,19,19,0,100.0,0.0,MBUS-18,On-grid,580.61,152.609,-0.036,1127.3,1127.3,1127.3,1127.3,1107.0,1107.0,1107.0,1107.0,1107.0,1123.5,1123.5,1123.5,1123.5,1123.5,1095.7,1095.7,1095.7,1095.7,1121.7,1121.7,1121.7,1121.7,1121.7,1126.5,1126.5,1126.5,1126.5,1126.5,7.13,7.26,7.0,7.23,7.0,7.13,7.47,0.0,0.0,7.39,7.23,7.3,0.0,0.0,0.0,7.34,7.39,7.22,7.48,7.13,7.29,0.0,0.0,7.42,0.0,7.32,7.25,0.0,848.0,836.6,844.0,105.014,104.642,104.807
P4,IB9,P4-IB9-4.1-SI03,SACU-2,19,19,0,100.0,0.0,MBUS-19,On-grid,578.61,150.626,0.024,1098.5,1098.5,1098.5,1098.5,1110.8,1110.8,1110.8,1110.8,1110.8,1108.3,1108.3,1108.3,1108.3,1108.3,1113.7,1113.7,1113.7,1113.7,1105.1,1105.1,1105.1,1105.1,1105.1,1107.2,1107.2,1107.2,1107.2,1107.2,7.3,7.37,7.28,7.41,7.0,7.17,7.27,0.0,0.0,7.32,7.2,7.35,0.0,0.0,7.23,7.31,7.19,7.23,7.45,7.18,7.34,0.0,0.0,7.2,7.09,0.0,0.0,0.0,846.9,841.0,838.0,103.877,103.489,103.447
P4,IB9,P4-IB9-4.1-SI04,SACU-2,19,19,0,100.0,0.0,MBUS-20,On-grid,577.39,150.712,0.038,1100.3,1100.3,1100.3,1100.3,1100.0,1100.0,1100.0,1100.0,1100.0,1112.8,1112.8,1112.8,1112.8,1112.8,1097.9,1097.9,1097.9,1097.9,1099.1,1099.1,1099.1,1099.1,1099.1,1108.7,1108.7,1108.7,1108.7,1108.7,7.5,7.27,7.12,7.41,7.39,7.25,7.21,0.0,0.0,7.46,7.32,7.1,0.0,0.0,7.33,7.33,7.15,0.0,7.41,7.24,7.31,0.0,0.0,7.06,7.24,7.22,0.0,0.0,844.4,834.4,840.9,103.975,103.545,103.9
P4,IB9,P4-IB9-4.1-SI05,SACU-2,19,19,0,100.0,0.0,MBUS-21,On-grid,581.37,150.963,-0.018,1125.9,1125.9,1125.9,1125.9,1116.4,1116.4,1116.4,1116.4,1116.4,1113.7,1113.7,1113.7,1113.7,1113.7,1110.5,1110.5,1110.5,1110.5,1114.5,1114.5,1114.5,1114.5,1114.5,1116.0,1116.0,1116.0,1116.0,1116.0,7.15,7.24,7.08,7.03,7.34,7.05,7.16,0.0,0.0,7.3,7.31,7.35,0.0,0.0,7.4,7.06,7.27,0.0,7.26,7.36,7.13,0.0,0.0,7.41,7.1,7.25,0.0,0.0,844.3,833.0,840.7,104.311,104.055,104.217
P4,IB9,P4-IB9-4.1-SI06,SACU-2,19,19,0,100.0,0.0,MBUS-22,On-grid,581.15,151.961,-0.067,1113.6,1113.6,1113.6,1113.6,1104.2,1104.2,1104.2,1104.2,1104.2,1111.1,1111.1,1111.1,1111.1,1111.1,1115.6,1115.6,1115.6,1115.6,1105.4,1105.4,1105.4,1105.4,1105.4,1116.8,1116.8,1116.8,1116.8,1116.8,7.35,7.2,7.41,7.27,7.22,7.32,7.38,0.0,0.0,7.14,7.42,7.22,0.0,0.0,7.42,7.13,7.35,0.0,7.27,7.41,7.26,0.0,0.0,7.22,7.1,7.47,0.0,0.0,846.6,838.3,838.1,104.452,104.467,104.692
P4,IB9,P4-IB9-4.1-SI07,SACU-2,19,19,0,100.0,0.0,MBUS-23,On-grid,571.81,149.739,-0.06,1093.8,1093.8,1093.8,1093.8,1091.3,1091.3,1091.3,1091.3,1091.3,1102.9,1102.9,1102.9,1102.9,1102.9,1103.1,1103.1,1103.1,1103.1,1093.1,1093.1,1093.1,1093.1,1093.1,1091.6,1091.6,1091.6,1091.6,1091.6,7.15,7.24,7.36,7.35,7.16,7.24,7.47,0.0,0.0,7.02,7.19,7.37,0.0,0.0,7.12,7.09,7.34,7.12,7.32,7.19,7.38,0.0,0.0,0.0,7.36,7.21,0.0,0.0,847.7,839.8,839.0,103.073,102.763,102.556
P4,IB9,P4-IB9-4.1-SI08,SACU-2,19,19,0,100.0,0.0,MBUS-24,On-grid,582.27,152.761,-0.073,1128.2,1128.2,1128.2,1128.2,1107.0,1107.0,1107.0,1107.0,1107.0,1114.8,1114.8,1114.8,1114.8,1114.8,1122.6,1122.6,1122.6,1122.6,1121.7,1121.7,1121.7,1121.7,1121.7,1124.7,1124.7,1124.7,1124.7,1124.7,7.32,7.11,7.31,7.2,7.14,7.58,7.21,0.0,0.0,7.39,7.24,7.45,0.0,0.0,7.27,7.28,0.0,7.37,7.15,7.31,7.34,0.0,0.0,7.25,7.32,7.22,0.0,0.0,849.2,843.3,840.4,105.343,104.535,104.389
P4,IB9,P4-IB9-4.2-SI09,SACU-2,19,19,0,100.0,0.0,MBUS-25,On-grid,575.87,149.266,0.064,1114.2,1114.2,1114.2,1114.2,1116.8,1116.8,1116.8,1116.8,1116.8,1114.6,1114.6,1114.6,1114.6,1114.6,1097.9,1097.9,1097.9,1097.9,1095.2,1095.2,1095.2,1095.2,1095.2,1089.6,1089.6,1089.6,1089.6,1089.6,7.3,6.93,7.19,7.17,7.42,0.0,7.27,0.0,7.34,7.31,7.41,7.21,0.0,0.0,7.33,7.38,6.59,0.0,7.3,7.13,7.31,0.0,0.0,6.73,7.33,7.31,0.0,0.0,843.9,833.6,840.2,102.779,102.781,102.984
P4,IB9,P4-IB9-4.2-SI10,SACU-2,19,17,2,89.47,10.53,MBUS-26,On-grid,521.43,135.238,-0.021,1122.8,1122.8,1122.8,1122.8,1112.6,1112.6,1112.6,1112.6,1112.6,1129.5,1129.5,1129.5,1129.5,1129.5,1122.5,1122.5,1122.5,1122.5,1110.0,1110.0,1110.0,1110.0,1110.0,1103.4,1103.4,1103.4,1103.4,1103.4,7.2,7.12,7.22,7.13,7.12,7.26,7.33,0.0,0.0,7.14,7.06,7.26,0.0,0.0,7.21,7.04,7.31,7.29,8.05,7.18,0.0,0.0,0.0,7.36,0.0,0.0,0.0,0.0,844.0,837.3,835.7,93.456,93.243,92.966
P4,IB9,P4-IB9-4.2-SI11,SACU-2,19,18,1,94.74,5.26,MBUS-27,On-grid,541.58,140.76,0.068,1109.4,1109.4,1109.4,1109.4,1101.2,1101.2,1101.2,1101.2,1101.2,1122.5,1122.5,1122.5,1122.5,1122.5,1123.1,1123.1,1123.1,1123.1,1076.9,1076.9,1076.9,1076.9,1076.9,1097.2,1097.2,1097.2,1097.2,1097.2,7.09,7.11,7.31,7.26,7.03,7.08,7.15,0.0,0.0,7.14,7.2,7.26,0.0,0.0,0.0,7.26,7.08,0.0,6.96,6.76,7.37,0.0,0.0,7.1,7.29,7.2,0.0,0.0,843.2,832.2,838.6,97.27,97.311,97.197
P4,IB9,P4-IB9-4.2-SI12,SACU-2,19,19,0,100.0,0.0,MBUS-28,On-grid,576.76,149.406,-0.056,1095.5,1095.5,1095.5,1095.5,1103.4,1103.4,1103.4,1103.4,1103.4,1088.0,1088.0,1088.0,1088.0,1088.0,1100.3,1100.3,1100.3,1100.3,1097.9,1097.9,1097.9,1097.9,1097.9,1090.9,1090.9,1090.9,1090.9,1090.9,6.94,7.3,7.36,7.09,7.22,7.07,7.2,0.0,0.0,7.27,7.5,7.2,0.0,0.0,7.2,7.28,7.04,7.29,7.67,7.34,7.08,0.0,0.0,7.66,7.24,0.0,0.0,0.0,844.9,833.8,840.2,103.01,102.665,102.83
P4,IB9,P4-IB9-4.2-SI13,SACU-2,19,19,0,100.0,0.0,MBUS-29,On-grid,583.14,150.539,-0.027,1108.7,1108.7,1108.7,1108.7,1106.4,1106.4,1106.4,1106.4,1106.4,1104.7,1104.7,1104.7,1104.7,1104.7,1113.1,1113.1,1113.1,1113.1,1109.1,1109.1,1109.1,1109.1,1109.1,1106.3,1106.3,1106.3,1106.3,1106.3,7.22,7.32,7.17,7.32,7.02,7.48,7.19,0.0,0.0,7.27,7.15,7.42,0.0,0.0,7.22,7.31,7.24,7.18,7.5,0.0,7.21,0.0,0.0,7.27,7.23,7.15,0.0,0.0,845.9,838.7,837.7,103.93,103.347,103.489
P4,IB9,P4-IB9-4.2-SI14,SACU-2,19,19,0,100.0,0.0,MBUS-30,On-grid,580.41,149.905,0.007,1094.9,1094.9,1094.9,1094.9,1112.8,1112.8,1112.8,1112.8,1112.8,1097.6,1097.6,1097.6,1097.6,1097.6,1096.9,1096.9,1096.9,1096.9,1103.5,1103.5,1103.5,1103.5,1103.5,1110.3,1110.3,1110.3,1110.3,1110.3,7.3,7.19,7.35,7.21,7.09,7.14,7.24,0.0,0.0,7.26,7.23,7.12,0.0,0.0,7.28,6.99,7.25,0.0,7.24,7.17,7.25,0.0,0.0,7.34,7.09,7.24,0.0,0.0,844.4,833.3,840.1,103.343,103.373,103.249
P4,IB9,P4-IB9-4.2-SI15,SACU-2,19,19,0,100.0,0.0,MBUS-31,On-grid,578.65,148.856,-0.001,1103.6,1103.6,1103.6,1103.6,1099.9,1099.9,1099.9,1099.9,1099.9,1103.0,1103.0,1103.0,1103.0,1103.0,1104.8,1104.8,1104.8,1104.8,1098.9,1098.9,1098.9,1098.9,1098.9,1113.8,1113.8,1113.8,1113.8,1113.8,7.1,7.28,7.09,7.14,7.26,7.16,7.23,0.0,0.0,7.21,7.07,7.4,0.0,0.0,7.23,7.13,7.2,0.0,7.31,7.16,7.16,0.0,0.0,7.17,7.06,7.28,0.0,0.0,845.0,834.2,840.1,102.888,102.076,102.264
P4,IB9,P4-IB9-4.2-SI16,SACU-2,19,14,5,73.68,26.32,MBUS-32,On-grid,427.21,110.765,-0.04,1102.5,1102.5,1102.5,1102.5,1113.6,1113.6,1113.6,1113.6,1113.6,1133.6,1133.6,1133.6,1133.6,1133.6,1115.1,1115.1,1115.1,1115.1,1107.8,1107.8,1107.8,1107.8,1107.8,1102.6,1102.6,1102.6,1102.6,1102.6,7.2,7.26,7.08,7.37,7.22,7.25,0.0,0.0,0.0,7.08,7.21,0.0,0.0,0.0,0.0,7.22,0.0,7.09,7.64,7.11,0.0,0.0,0.0,7.3,7.17,0.0,0.0,0.0,843.8,838.4,835.7,76.746,76.088,76.424
P6,IB2,P6-IB2-1.1-SI01,SACU-1,18,18,0,100.0,0.0,MBUS-1,On-grid,554.79,153.468,0.087,1100.6,1100.6,1100.6,1100.6,1096.5,1096.5,1096.5,1096.5,1096.5,1091.2,1091.2,1091.2,1091.2,1091.2,1098.6,1098.6,1098.6,1098.6,1102.3,1102.3,1102.3,1102.3,1102.3,1095.8,1095.8,1095.8,1095.8,1095.8,7.88,7.89,7.78,7.97,7.83,8.06,7.7,0.0,0.0,8.1,7.72,7.93,0.0,0.0,8.16,7.99,7.68,0.0,8.04,8.02,7.68,0.0,0.0,7.86,7.9,0.0,0.0,0.0,850.4,843.2,844.5,105.293,104.802,104.766
P6,IB2,P6-IB2-1.1-SI02,SACU-1,18,18,0,100.0,0.0,MBUS-2,On-grid,552.2,149.665,0.067,1113.2,1113.2,1113.2,1113.2,1084.9,1084.9,1084.9,1084.9,1084.9,1090.3,1090.3,1090.3,1090.3,1090.3,1078.8,1078.8,1078.8,1078.8,1098.6,1098.6,1098.6,1098.6,1098.6,1100.5,1100.5,1100.5,1100.5,1100.5,7.87,7.52,7.63,7.46,7.8,7.6,7.84,0.0,0.0,7.7,7.61,7.86,0.0,0.0,8.09,7.63,8.07,0.0,7.89,7.72,7.46,0.0,0.0,8.06,7.58,0.0,0.0,0.0,848.3,843.7,839.1,102.987,102.758,102.28
P6,IB2,P6-IB2-1.1-SI03,SACU-1,18,18,0,100.0,0.0,MBUS-3,On-grid,552.44,149.659,-0.033,1082.0,1082.0,1082.0,1082.0,1097.4,1097.4,1097.4,1097.4,1097.4,1107.7,1107.7,1107.7,1107.7,1107.7,1099.8,1099.8,1099.8,1099.8,1091.4,1091.4,1091.4,1091.4,1091.4,1071.7,1071.7,1071.7,1071.7,1071.7,7.74,7.32,7.85,7.7,7.73,7.64,7.96,0.0,0.0,7.7,7.84,7.72,0.0,0.0,8.1,7.63,7.61,0.0,7.6,8.03,7.67,0.0,0.0,7.86,7.72,0.0,0.0,0.0,850.1,840.7,844.5,102.884,102.615,102.475
P6,IB2,P6-IB2-1.1-SI04,SACU-1,18,18,0,100.0,0.0,MBUS-4,On-grid,553.62,150.085,-0.026,1102.8,1102.8,1102.8,1102.8,1093.7,1093.7,1093.7,1093.7,1093.7,1093.0,1093.0,1093.0,1093.0,1093.0,1079.3,1079.3,1079.3,1079.3,1100.8,1100.8,1100.8,1100.8,1100.8,1100.0,1100.0,1100.0,1100.0,1100.0,7.87,7.46,7.81,7.62,7.72,7.63,7.96,0.0,0.0,7.87,7.73,7.49,0.0,0.0,8.2,7.66,7.78,0.0,7.67,7.94,7.58,0.0,0.0,7.88,7.55,0.0,0.0,0.0,846.2,836.1,841.4,103.359,103.152,103.166
P6,IB2,P6-IB2-1.1-SI05,SACU-1,18,18,0,100.0,0.0,MBUS-5,On-grid,556.12,150.099,0.037,1105.8,1105.8,1105.8,1105.8,1092.8,1092.8,1092.8,1092.8,1092.8,1082.9,1082.9,1082.9,1082.9,1082.9,1103.7,1103.7,1103.7,1103.7,1085.5,1085.5,1085.5,1085.5,1085.5,1085.7,1085.7,1085.7,1085.7,1085.7,7.75,7.41,7.59,7.39,8.0,0.0,7.74,0.0,0.0,7.68,7.78,7.89,7.57,0.0,8.15,0.0,7.74,7.61,7.94,7.79,7.86,0.0,0.0,8.01,7.38,0.0,0.0,0.0,846.9,837.3,841.8,103.203,102.957,102.629
P6,IB2,P6-IB2-1.1-SI06,SACU-1,18,18,0,100.0,0.0,MBUS-6,On-grid,552.67,149.057,0.001,1081.9,1081.9,1081.9,1081.9,1082.4,1082.4,1082.4,1082.4,1082.4,1091.0,1091.0,1091.0,1091.0,1091.0,1089.7,1089.7,1089.7,1089.7,1085.3,1085.3,1085.3,1085.3,1085.3,1096.3,1096.3,1096.3,1096.3,1096.3,7.73,7.6,7.9,7.62,7.76,7.72,7.83,0.0,0.0,7.64,7.77,7.7,0.0,0.0,8.12,7.59,7.74,0.0,7.63,7.88,7.48,0.0,0.0,7.49,7.58,0.0,0.0,0.0,848.0,839.4,843.5,102.959,102.084,102.173
P6,IB2,P6-IB2-1.1-SI07,SACU-1,18,18,0,100.0,0.0,MBUS-7,On-grid,554.8,149.609,0.064,1093.4,1093.4,1093.4,1093.4,1099.8,1099.8,1099.8,1099.8,1099.8,1089.5,1089.5,1089.5,1089.5,1089.5,1103.6,1103.6,1103.6,1103.6,1104.5,1104.5,1104.5,1104.5,1104.5,1086.9,1086.9,1086.9,1086.9,1086.9,7.81,7.34,7.73,7.54,7.71,7.65,7.8,0.0,0.0,7.76,7.28,8.02,0.0,0.0,8.09,7.53,7.65,0.0,7.6,7.6,7.65,0.0,0.0,7.96,7.57,0.0,0.0,0.0,849.2,838.9,844.8,102.936,102.173,102.359
P6,IB2,P6-IB2-1.1-SI08,SACU-1,18,17,1,94.44,5.56,MBUS-8,On-grid,525.06,141.903,0.017,1105.4,1105.4,1105.4,1105.4,1105.6,1105.6,1105.6,1105.6,1105.6,1096.9,1096.9,1096.9,1096.9,1096.9,1097.7,1097.7,1097.7,1097.7,1094.6,1094.6,1094.6,1094.6,1094.6,1106.6,1106.6,1106.6,1106.6,1106.6,7.94,7.58,7.73,7.5,7.57,7.6,7.79,0.0,0.0,0.0,7.75,7.6,0.0,0.0,8.08,7.61,7.64,0.0,7.72,7.83,7.48,0.0,0.0,7.81,7.51,0.0,0.0,0.0,847.9,837.8,842.7,97.663,97.462,97.436
P6,IB2,P6-IB2-1.2-SI09,SACU-1,18,18,0,100.0,0.0,MBUS-9,On-grid,549.64,154.028,0.043,1098.6,1098.6,1098.6,1098.6,1098.2,1098.2,1098.2,1098.2,1098.2,1074.8,1074.8,1074.8,1074.8,1074.8,1079.8,1079.8,1079.8,1079.8,1084.9,1084.9,1084.9,1084.9,1084.9,1096.7,1096.7,1096.7,1096.7,1096.7,8.19,7.99,7.99,7.81,8.35,0.0,8.03,0.0,0.0,7.99,8.13,7.49,7.87,0.0,8.41,7.99,8.08,0.0,8.24,8.22,7.83,0.0,0.0,8.39,7.91,0.0,0.0,0.0,843.4,838.0,834.8,106.54,106.059,106.198
P6,IB2,P6-IB2-1.2-SI10,SACU-1,18,18,0,100.0,0.0,MBUS-10,On-grid,557.06,156.376,0.04,1083.9,1083.9,1083.9,1083.9,1097.0,1097.0,1097.0,1097.0,1097.0,1104.4,1104.4,1104.4,1104.4,1104.4,1092.7,1092.7,1092.7,1092.7,1099.8,1099.8,1099.8,1099.8,1099.8,1088.5,1088.5,1088.5,1088.5,1088.5,8.3,7.91,8.08,8.11,8.23,7.92,8.16,0.0,0.0,8.13,8.12,8.08,0.0,0.0,8.49,7.87,8.03,0.0,8.08,8.19,7.84,0.0,0.0,8.21,8.0,0.0,0.0,0.0,843.6,834.6,838.4,108.197,108.018,107.862
P6,IB2,P6-IB2-1.2-SI11,SACU-1,18,18,0,100.0,0.0,MBUS-11,On-grid,556.4,156.691,-0.029,1111.5,1111.5,1111.5,1111.5,1109.6,1109.6,1109.6,1109.6,1109.6,1102.2,1102.2,1102.2,1102.2,1102.2,1110.7,1110.7,1110.7,1110.7,1118.9,1118.9,1118.9,1118.9,1118.9,1097.8,1097.8,1097.8,1097.8,1097.8,8.3,7.84,8.07,7.91,7.76,8.02,8.08,0.0,0.0,8.17,8.03,7.82,0.0,0.0,8.1,7.99,0.0,8.05,8.1,8.07,7.74,0.0,0.0,8.33,7.96,0.0,0.0,0.0,844.5,835.0,839.1,108.349,108.157,108.129
P6,IB2,P6-IB2-1.2-SI12,SACU-1,18,18,0,100.0,0.0,MBUS-12,On-grid,558.06,153.201,-0.025,1100.4,1100.4,1100.4,1100.4,1098.9,1098.9,1098.9,1098.9,1098.9,1105.1,1105.1,1105.1,1105.1,1105.1,1100.7,1100.7,1100.7,1100.7,1084.5,1084.5,1084.5,1084.5,1084.5,1096.2,1096.2,1096.2,1096.2,1096.2,8.22,7.9,7.83,7.69,7.98,7.84,7.98,0.0,0.0,7.93,7.91,7.78,0.0,0.0,8.01,7.63,7.93,0.0,8.05,8.05,7.75,0.0,0.0,8.0,7.71,0.0,0.0,0.0,842.8,838.0,834.0,105.849,105.676,105.532
P6,IB2,P6-IB2-1.2-SI13,SACU-1,18,18,0,100.0,0.0,MBUS-13,On-grid,557.27,152.187,0.055,1102.8,1102.8,1102.8,1102.8,1098.3,1098.3,1098.3,1098.3,1098.3,1109.4,1109.4,1109.4,1109.4,1109.4,1104.2,1104.2,1104.2,1104.2,1100.8,1100.8,1100.8,1100.8,1100.8,1115.5,1115.5,1115.5,1115.5,1115.5,8.16,7.69,7.85,7.75,8.03,7.85,7.87,0.0,0.0,0.0,7.63,7.81,7.56,0.0,8.02,7.84,0.0,7.68,7.69,7.84,7.57,0.0,0.0,7.73,7.48,0.0,0.0,0.0,844.5,835.7,839.7,105.285,104.582,105.032
P6,IB2,P6-IB2-1.2-SI14,SACU-1,18,18,0,100.0,0.0,MBUS-14,On-grid,553.29,150.17,0.025,1085.5,1085.5,1085.5,1085.5,1068.2,1068.2,1068.2,1068.2,1068.2,1088.3,1088.3,1088.3,1088.3,1088.3,1106.2,1106.2,1106.2,1106.2,1091.2,1091.2,1091.2,1091.2,1091.2,1094.8,1094.8,1094.8,1094.8,1094.8,7.79,7.9,7.92,7.75,7.95,7.95,7.37,0.0,0.0,7.75,0.0,0.0,7.6,7.91,7.9,7.75,7.52,0.0,0.0,0.0,7.53,7.68,7.81,0.0,0.0,0.0,7.86,7.57,843.7,834.3,837.9,103.563,103.383,103.318
P6,IB2,P6-IB2-1.2-SI15,SACU-1,18,18,0,100.0,0.0,MBUS-15,On-grid,557.04,151.127,0.02,1101.9,1101.9,1101.9,1101.9,1105.7,1105.7,1105.7,1105.7,1105.7,1094.1,1094.1,1094.1,1094.1,1094.1,1101.5,1101.5,1101.5,1101.5,1090.2,1090.2,1090.2,1090.2,1090.2,1101.6,1101.6,1101.6,1101.6,1101.6,7.84,7.62,7.84,7.67,7.8,7.64,7.8,0.0,0.0,7.72,7.65,7.72,0.0,0.0,7.92,0.0,7.88,7.78,7.81,7.88,7.61,0.0,0.0,7.9,7.51,0.0,0.0,0.0,845.8,838.5,838.1,104.359,103.88,103.783
P6,IB2,P6-IB2-1.2-SI16,SACU-1,18,18,0,100.0,0.0,MBUS-16,On-grid,556.07,152.119,0.005,1105.7,1105.7,1105.7,1105.7,1104.2,1104.2,1104.2,1104.2,1104.2,1102.8,1102.8,1102.8,1102.8,1102.8,1084.0,1084.0,1084.0,1084.0,1099.2,1099.2,1099.2,1099.2,1099.2,1097.1,1097.1,1097.1,1097.1,1097.1,7.93,7.74,7.7,7.79,7.89,7.76,7.88,0.0,0.0,7.75,7.92,7.77,0.0,0.0,8.2,7.66,7.96,0.0,7.76,7.96,7.62,0.0,0.0,8.0,7.54,0.0,0.0,0.0,846.9,841.4,838.0,104.734,104.654,104.508
P6,IB2,P6-IB2-2.1-SI01,SACU-1,18,18,0,100.0,0.0,MBUS-17,On-grid,549.54,147.157,-0.011,1093.9,1093.9,1093.9,1093.9,1087.3,1087.3,1087.3,1087.3,1087.3,1085.0,1085.0,1085.0,1085.0,1085.0,1100.7,1100.7,1100.7,1100.7,1080.8,1080.8,1080.8,1080.8,1080.8,1085.6,1085.6,1085.6,1085.6,1085.6,7.88,7.54,7.61,7.53,7.92,7.19,0.0,0.0,0.0,7.65,7.72,7.92,7.44,0.0,7.82,7.57,7.65,0.0,7.78,7.78,0.0,0.0,0.0,7.83,7.55,7.47,0.0,0.0,848.5,839.1,842.6,101.265,100.972,100.987
P6,IB2,P6-IB2-2.1-SI02,SACU-1,18,18,0,100.0,0.0,MBUS-18,On-grid,547.8,148.706,0.05,1094.0,1094.0,1094.0,1094.0,1095.9,1095.9,1095.9,1095.9,1095.9,1078.8,1078.8,1078.8,1078.8,1078.8,1087.9,1087.9,1087.9,1087.9,1093.3,1093.3,1093.3,1093.3,1093.3,1061.5,1061.5,1061.5,1061.5,1061.5,8.15,7.63,7.76,7.45,8.04,7.66,7.79,0.0,0.0,7.91,7.89,7.76,0.0,0.0,8.11,7.66,7.62,0.0,8.02,7.55,7.54,0.0,0.0,7.36,7.95,0.0,0.0,0.0,844.4,838.6,836.6,102.824,102.439,102.406
P6,IB2,P6-IB2-2.1-SI03,SACU-1,18,18,0,100.0,0.0,MBUS-19,On-grid,547.78,147.817,0.0,1075.3,1075.3,1075.3,1075.3,1075.7,1075.7,1075.7,1075.7,1075.7,1084.1,1084.1,1084.1,1084.1,1084.1,1082.0,1082.0,1082.0,1082.0,1090.1,1090.1,1090.1,1090.1,1090.1,1082.0,1082.0,1082.0,1082.0,1082.0,8.15,7.62,7.76,7.59,8.02,7.72,7.75,0.0,0.0,7.83,7.82,7.69,0.0,0.0,7.97,7.44,7.8,0.0,7.83,7.9,7.56,0.0,0.0,8.27,7.52,0.0,0.0,0.0,845.9,839.6,836.8,101.765,101.242,101.614
P6,IB2,P6-IB2-2.1-SI04,SACU-1,18,18,0,100.0,0.0,MBUS-20,On-grid,548.88,147.693,0.022,1099.4,1099.4,1099.4,1099.4,1097.1,1097.1,1097.1,1097.1,1097.1,1075.9,1075.9,1075.9,1075.9,1075.9,1096.2,1096.2,1096.2,1096.2,1089.0,1089.0,1089.0,1089.0,1089.0,1060.3,1060.3,1060.3,1060.3,1060.3,8.05,7.6,7.62,7.57,7.81,7.58,7.75,0.0,0.0,7.74,7.78,7.69,0.0,0.0,8.14,7.48,7.68,0.0,7.72,7.89,7.14,0.0,0.0,8.1,7.13,0.0,0.0,0.0,848.1,838.1,843.0,101.692,101.168,101.054
P6,IB2,P6-IB2-2.1-SI05,SACU-1,18,18,0,100.0,0.0,MBUS-21,On-grid,547.76,148.918,0.011,1073.7,1073.7,1073.7,1073.7,1089.7,1089.7,1089.7,1089.7,1089.7,1093.5,1093.5,1093.5,1093.5,1093.5,1096.4,1096.4,1096.4,1096.4,1090.2,1090.2,1090.2,1090.2,1090.2,1071.0,1071.0,1071.0,1071.0,1071.0,8.22,7.71,7.93,7.78,7.87,7.63,7.91,0.0,0.0,7.99,7.74,7.61,0.0,0.0,8.11,7.61,7.64,0.0,7.9,7.81,7.5,0.0,0.0,8.0,7.5,0.0,0.0,0.0,843.6,833.7,839.1,102.952,102.854,102.793
P6,IB2,P6-IB2-2.1-SI06,SACU-1,18,18,0,100.0,0.0,MBUS-22,On-grid,551.16,149.261,-0.043,1079.1,1079.1,1079.1,1079.1,1093.0,1093.0,1093.0,1093.0,1093.0,1080.5,1080.5,1080.5,1080.5,1080.5,1097.0,1097.0,1097.0,1097.0,1088.3,1088.3,1088.3,1088.3,1088.3,1089.6,1089.6,1089.6,1089.6,1089.6,8.15,7.58,7.68,7.94,7.9,7.69,7.8,0.0,0.0,8.01,7.82,7.81,0.0,0.0,8.24,7.4,7.46,0.0,8.0,7.66,7.79,0.0,0.0,8.18,7.52,0.0,0.0,0.0,845.7,835.3,839.8,102.736,102.876,102.942
P6,IB2,P6-IB2-2.1-SI07,SACU-1,18,18,0,100.0,0.0,MBUS-23,On-grid,551.9,148.488,0.006,1091.6,1091.6,1091.6,1091.6,1083.6,1083.6,1083.6,1083.6,1083.6,1076.3,1076.3,1076.3,1076.3,1076.3,1091.6,1091.6,1091.6,1091.6,1094.7,1094.7,1094.7,1094.7,1094.7,1084.4,1084.4,1084.4,1084.4,1084.4,8.07,7.58,7.54,7.52,7.87,7.74,7.8,0.0,0.0,7.9,7.94,7.77,0.0,0.0,8.01,7.44,7.81,0.0,7.87,7.78,7.51,0.0,0.0,8.14,7.48,0.0,0.0,0.0,845.5,839.8,837.5,102.37,101.93,102.336
P6,IB2,P6-IB2-2.1-SI08,SACU-1,18,18,0,100.0,0.0,MBUS-24,On-grid,553.03,154.712,0.048,1085.8,1085.8,1085.8,1085.8,1087.8,1087.8,1087.8,1087.8,1087.8,1092.4,1092.4,1092.4,1092.4,1092.4,1090.2,1090.2,1090.2,1090.2,1090.6,1090.6,1090.6,1090.6,1090.6,1080.5,1080.5,1080.5,1080.5,1080.5,8.27,7.96,8.2,8.03,8.11,7.97,8.17,0.0,0.0,7.83,8.15,7.94,0.0,0.0,8.28,7.86,8.03,0.0,8.03,8.09,7.71,0.0,0.0,8.23,7.83,0.0,0.0,0.0,844.0,838.2,835.6,106.761,106.686,106.488
P6,IB2,P6-IB2-2.2-SI09,SACU-1,18,18,0,100.0,0.0,MBUS-25,On-grid,551.86,150.388,0.005,1095.7,1095.7,1095.7,1095.7,1095.0,1095.0,1095.0,1095.0,1095.0,1095.0,1095.0,1095.0,1095.0,1095.0,1087.0,1087.0,1087.0,1087.0,1077.8,1077.8,1077.8,1077.8,1077.8,1082.7,1082.7,1082.7,1082.7,1082.7,8.15,7.68,7.92,7.7,7.99,7.81,7.94,0.0,0.0,7.75,7.77,7.7,0.0,0.0,8.07,7.55,7.77,0.0,7.9,7.95,7.69,0.0,0.0,8.05,7.65,0.0,0.0,0.0,844.5,835.7,838.6,104.28,103.361,103.399
P6,IB2,P6-IB2-2.2-SI10,SACU-1,18,18,0,100.0,0.0,MBUS-26,On-grid,553.02,149.226,0.027,1103.9,1103.9,1103.9,1103.9,1096.8,1096.8,1096.8,1096.8,1096.8,1094.0,1094.0,1094.0,1094.0,1094.0,1089.6,1089.6,1089.6,1089.6,1092.8,1092.8,1092.8,1092.8,1092.8,1086.3,1086.3,1086.3,1086.3,1086.3,8.07,7.56,7.65,7.46,7.25,7.84,7.79,0.0,0.0,7.88,7.8,7.59,0.0,0.0,8.08,7.54,7.82,0.0,7.77,7.81,7.5,0.0,0.0,8.08,7.51,0.0,0.0,0.0,846.0,838.1,839.8,103.019,102.506,102.44
P6,IB2,P6-IB2-2.2-SI11,SACU-1,18,18,0,100.0,0.0,MBUS-27,On-grid,552.66,156.357,0.042,1091.4,1091.4,1091.4,1091.4,1092.6,1092.6,1092.6,1092.6,1092.6,1088.2,1088.2,1088.2,1088.2,1088.2,1092.7,1092.7,1092.7,1092.7,1071.0,1071.0,1071.0,1071.0,1071.0,1097.7,1097.7,1097.7,1097.7,1097.7,8.23,7.89,8.18,7.96,8.2,8.13,8.2,0.0,0.0,8.19,7.95,8.16,0.0,0.0,8.45,7.99,8.08,0.0,0.0,8.36,7.68,0.0,0.0,7.9,7.93,8.01,0.0,0.0,843.8,835.3,839.4,108.236,107.702,107.747
P6,IB2,P6-IB2-2.2-SI12,SACU-1,18,17,1,94.44,5.56,MBUS-28,On-grid,521.68,144.98,-0.002,1094.2,1094.2,1094.2,1094.2,1093.3,1093.3,1093.3,1093.3,1093.3,1087.4,1087.4,1087.4,1087.4,1087.4,1086.7,1086.7,1086.7,1086.7,1092.9,1092.9,1092.9,1092.9,1092.9,1078.2,1078.2,1078.2,1078.2,1078.2,8.04,7.54,7.86,8.05,7.71,0.0,8.12,0.0,0.0,8.02,7.99,7.76,0.0,0.0,8.22,8.16,0.0,7.97,7.73,8.34,7.96,0.0,0.0,7.91,7.48,0.0,0.0,0.0,845.7,836.1,840.7,100.0,100.063,99.663
P6,IB2,P6-IB2-2.2-SI13,SACU-1,18,18,0,100.0,0.0,MBUS-29,On-grid,561.48,151.013,0.034,1084.2,1084.2,1084.2,1084.2,1097.5,1097.5,1097.5,1097.5,1097.5,1094.5,1094.5,1094.5,1094.5,1094.5,1086.2,1086.2,1086.2,1086.2,1091.4,1091.4,1091.4,1091.4,1091.4,1084.3,1084.3,1084.3,1084.3,1084.3,7.99,7.76,7.89,7.6,7.61,7.75,7.8,0.0,0.0,7.69,7.89,7.72,0.0,0.0,7.95,7.83,7.61,0.0,7.76,7.9,7.54,0.0,0.0,7.74,7.59,0.0,0.0,0.0,847.6,841.0,838.8,104.854,102.833,103.544
P6,IB2,P6-IB2-2.2-SI14,SACU-1,18,18,0,100.0,0.0,MBUS-30,On-grid,550.84,152.192,-0.043,1098.1,1098.1,1098.1,1098.1,1086.9,1086.9,1086.9,1086.9,1086.9,1082.3,1082.3,1082.3,1082.3,1082.3,1102.5,1102.5,1102.5,1102.5,1087.6,1087.6,1087.6,1087.6,1087.6,1092.9,1092.9,1092.9,1092.9,1092.9,7.88,7.52,7.99,7.83,7.83,7.82,8.08,0.0,0.0,7.53,7.98,7.99,0.0,0.0,8.04,7.77,7.97,7.73,0.0,8.13,0.0,0.0,0.0,7.94,7.61,7.88,0.0,0.0,845.8,840.5,836.6,105.275,104.495,104.745
P6,IB2,P6-IB2-2.2-SI15,SACU-1,18,17,1,94.44,5.56,MBUS-31,On-grid,525.34,142.33,-0.042,1099.9,1099.9,1099.9,1099.9,1097.3,1097.3,1097.3,1097.3,1097.3,1103.8,1103.8,1103.8,1103.8,1103.8,1099.8,1099.8,1099.8,1099.8,1096.3,1096.3,1096.3,1096.3,1096.3,1090.2,1090.2,1090.2,1090.2,1090.2,7.86,7.58,7.79,7.59,7.61,7.74,7.9,0.0,0.0,7.7,7.79,7.43,0.0,0.0,8.0,7.63,7.82,0.0,7.58,0.0,0.0,0.0,0.0,7.54,7.84,7.94,0.0,0.0,847.4,841.2,838.2,98.289,97.277,97.741
P6,IB2,P6-IB2-2.2-SI16,SACU-1,18,18,0,100.0,0.0,MBUS-32,On-grid,555.17,151.793,0.086,1099.4,1099.4,1099.4,1099.4,1099.3,1099.3,1099.3,1099.3,1099.3,1086.0,1086.0,1086.0,1086.0,1086.0,1103.3,1103.3,1103.3,1103.3,1097.4,1097.4,1097.4,1097.4,1097.4,1089.3,1089.3,1089.3,1089.3,1089.3,7.99,7.7,7.83,7.65,7.86,7.82,7.79,0.0,0.0,7.71,8.06,7.85,0.0,0.0,7.94,7.6,7.79,0.0,7.73,7.97,7.56,0.0,0.0,8.21,7.64,0.0,0.0,0.0,846.0,841.4,836.8,104.613,104.466,104.397
P6,IB2,P6-IB2-3.1-SI01,SACU-2,18,18,0,100.0,0.0,MBUS-1,On-grid,556.23,149.421,-0.031,1092.3,1092.3,1092.3,1092.3,1104.5,1104.5,1104.5,1104.5,1104.5,1105.0,1105.0,1105.0,1105.0,1105.0,1105.3,1105.3,1105.3,1105.3,1094.9,1094.9,1094.9,1094.9,1094.9,1085.1,1085.1,1085.1,1085.1,1085.1,7.71,7.58,7.74,7.54,7.66,7.6,7.72,0.0,0.0,7.64,7.65,7.57,0.0,0.0,7.96,7.43,7.59,0.0,7.58,7.84,7.5,0.0,0.0,7.99,7.63,0.0,0.0,0.0,850.0,840.4,844.3,102.878,102.102,101.921
P6,IB2,P6-IB2-3.1-SI02,SACU-2,18,18,0,100.0,0.0,MBUS-2,On-grid,551.78,148.43,0.016,1086.5,1086.5,1086.5,1086.5,1083.2,1083.2,1083.2,1083.2,1083.2,1089.0,1089.0,1089.0,1089.0,1089.0,1090.1,1090.1,1090.1,1090.1,1095.0,1095.0,1095.0,1095.0,1095.0,1101.1,1101.1,1101.1,1101.1,1101.1,7.89,7.64,7.59,7.41,7.48,7.57,7.85,0.0,0.0,7.65,7.54,7.83,0.0,0.0,7.94,7.56,7.69,0.0,7.68,7.85,7.42,0.0,0.0,7.3,7.73,0.0,0.0,0.0,848.2,838.6,844.0,101.95,101.704,101.49
P6,IB2,P6-IB2-3.1-SI03,SACU-2,18,18,0,100.0,0.0,MBUS-3,On-grid,556.06,149.922,0.047,1090.5,1090.5,1090.5,1090.5,1106.7,1106.7,1106.7,1106.7,1106.7,1091.9,1091.9,1091.9,1091.9,1091.9,1096.8,1096.8,1096.8,1096.8,1095.0,1095.0,1095.0,1095.0,1095.0,1108.8,1108.8,1108.8,1108.8,1108.8,7.92,7.64,7.81,7.54,7.21,7.79,7.65,0.0,0.0,7.63,7.89,7.77,0.0,0.0,0.0,7.61,7.83,0.0,7.62,7.58,7.74,0.0,0.0,7.78,7.74,7.59,0.0,0.0,848.4,841.8,839.4,102.779,102.431,102.56
P6,IB2,P6-IB2-3.1-SI04,SACU-2,18,18,0,100.0,0.0,MBUS-4,On-grid,554.69,148.993,0.023,1087.0,1087.0,1087.0,1087.0,1109.1,1109.1,1109.1,1109.1,1109.1,1096.1,1096.1,1096.1,1096.1,1096.1,1083.1,1083.1,1083.1,1083.1,1096.5,1096.5,1096.5,1096.5,1096.5,1097.1,1097.1,1097.1,1097.1,1097.1,7.95,7.58,7.79,7.58,7.65,7.58,7.62,0.0,0.0,7.65,7.6,7.76,0.0,0.0,7.9,7.84,0.0,7.79,7.64,7.86,7.41,0.0,0.0,8.04,7.5,0.0,0.0,0.0,845.8,839.9,836.3,103.018,101.867,102.347
P6,IB2,P6-IB2-3.1-SI05,SACU-2,18,16,2,88.89,11.11,MBUS-5,On-grid,494.58,133.441,-0.028,1088.6,1088.6,1088.6,1088.6,1100.4,1100.4,1100.4,1100.4,1100.4,1088.1,1088.1,1088.1,1088.1,1088.1,1110.8,1110.8,1110.8,1110.8,1103.5,1103.5,1103.5,1103.5,1103.5,1090.8,1090.8,1090.8,1090.8,1090.8,7.93,7.56,7.74,7.57,7.75,7.8,7.57,0.0,0.0,7.76,7.81,7.61,0.0,0.0,7.9,7.46,0.0,7.67,0.0,0.0,7.43,0.0,0.0,7.94,7.61,0.0,0.0,0.0,845.9,839.9,837.7,91.685,91.712,91.333
P6,IB2,P6-IB2-3.1-SI06,SACU-2,18,18,0,100.0,0.0,MBUS-6,On-grid,559.37,151.348,0.06,1092.8,1092.8,1092.8,1092.8,1098.3,1098.3,1098.3,1098.3,1098.3,1099.4,1099.4,1099.4,1099.4,1099.4,1102.5,1102.5,1102.5,1102.5,1094.3,1094.3,1094.3,1094.3,1094.3,1106.0,1106.0,1106.0,1106.0,1106.0,7.95,7.67,7.84,7.68,7.8,7.73,7.87,0.0,0.0,7.74,7.83,7.69,0.0,0.0,7.82,7.8,0.0,7.79,7.82,7.99,7.41,0.0,0.0,7.58,7.7,0.0,0.0,0.0,845.6,835.3,840.8,104.038,104.039,104.002
P6,IB2,P6-IB2-3.1-SI07,SACU-2,18,18,0,100.0,0.0,MBUS-7,On-grid,556.51,150.648,-0.001,1100.5,1100.5,1100.5,1100.5,1090.5,1090.5,1090.5,1090.5,1090.5,1086.4,1086.4,1086.4,1086.4,1086.4,1096.7,1096.7,1096.7,1096.7,1079.5,1079.5,1079.5,1079.5,1079.5,1097.4,1097.4,1097.4,1097.4,1097.4,7.89,7.61,7.83,7.63,7.86,7.7,7.84,0.0,0.0,7.76,7.79,7.67,0.0,0.0,8.09,7.63,0.0,7.87,7.92,7.87,7.53,0.0,0.0,7.97,7.54,0.0,0.0,0.0,843.9,838.2,836.5,104.236,103.533,103.602
P6,IB2,P6-IB2-3.1-SI08,SACU-2,18,18,0,100.0,0.0,MBUS-8,On-grid,553.74,150.693,0.031,1074.8,1074.8,1074.8,1074.8,1087.2,1087.2,1087.2,1087.2,1087.2,1094.6,1094.6,1094.6,1094.6,1094.6,1102.1,1102.1,1102.1,1102.1,1083.7,1083.7,1083.7,1083.7,1083.7,1103.5,1103.5,1103.5,1103.5,1103.5,8.05,7.67,8.05,7.84,7.89,7.76,7.87,0.0,0.0,7.83,7.79,7.7,0.0,0.0,7.96,7.42,7.76,0.0,7.85,7.9,7.6,0.0,0.0,7.89,7.59,0.0,0.0,0.0,843.6,834.5,838.1,104.461,103.998,104.135
P6,IB2,P6-IB2-3.2-SI09,SACU-2,18,18,0,100.0,0.0,MBUS-9,On-grid,556.37,150.629,-0.059,1096.2,1096.2,1096.2,1096.2,1090.4,1090.4,1090.4,1090.4,1090.4,1095.3,1095.3,1095.3,1095.3,1095.3,1090.4,1090.4,1090.4,1090.4,1094.7,1094.7,1094.7,1094.7,1094.7,1087.7,1087.7,1087.7,1087.7,1087.7,7.93,7.88,7.64,7.63,7.72,7.92,7.9,0.0,0.0,7.77,7.86,7.74,0.0,0.0,8.0,7.67,7.81,0.0,7.84,7.94,0.0,0.0,0.0,7.62,7.87,7.66,0.0,0.0,846.0,841.1,836.3,104.028,103.443,103.402
P6,IB2,P6-IB2-3.2-SI10,SACU-2,18,18,0,100.0,0.0,MBUS-10,On-grid,559.86,149.952,-0.069,1090.5,1090.5,1090.5,1090.5,1093.3,1093.3,1093.3,1093.3,1093.3,1094.8,1094.8,1094.8,1094.8,1094.8,1091.9,1091.9,1091.9,1091.9,1075.6,1075.6,1075.6,1075.6,1075.6,1094.8,1094.8,1094.8,1094.8,1094.8,7.81,7.94,7.57,7.74,7.76,7.85,7.68,0.0,0.0,7.6,7.86,7.79,0.0,0.0,8.02,7.67,7.69,0.0,7.73,8.01,0.0,0.0,0.0,7.68,7.76,7.7,0.0,0.0,847.4,842.9,836.2,103.149,103.246,102.851
P6,IB2,P6-IB2-3.2-SI11,SACU-2,18,17,1,94.44,5.56,MBUS-11,On-grid,523.28,140.212,-0.015,1097.5,1097.5,1097.5,1097.5,1097.7,1097.7,1097.7,1097.7,1097.7,1087.7,1087.7,1087.7,1087.7,1087.7,1085.5,1085.5,1085.5,1085.5,1089.1,1089.1,1089.1,1089.1,1089.1,1093.9,1093.9,1093.9,1093.9,1093.9,7.81,7.55,7.63,7.57,7.51,7.66,7.72,0.0,0.0,7.82,0.0,7.48,0.0,0.0,7.84,7.67,7.68,0.0,7.39,7.89,7.54,0.0,0.0,7.82,7.54,0.0,0.0,0.0,847.3,843.2,838.0,96.664,95.994,96.176
P6,IB2,P6-IB2-3.2-SI12,SACU-2,18,18,0,100.0,0.0,MBUS-12,On-grid,554.21,149.743,0.014,1088.3,1088.3,1088.3,1088.3,1081.3,1081.3,1081.3,1081.3,1081.3,1088.5,1088.5,1088.5,1088.5,1088.5,1103.9,1103.9,1103.9,1103.9,1096.4,1096.4,1096.4,1096.4,1096.4,1095.2,1095.2,1095.2,1095.2,1095.2,7.78,7.56,7.85,7.71,7.73,7.72,7.86,0.0,0.0,7.7,7.8,7.64,0.0,0.0,7.77,7.53,7.77,0.0,7.68,7.86,7.59,0.0,0.0,7.9,7.55,0.0,0.0,0.0,845.4,840.9,836.0,103.572,102.719,102.876
P6,IB2,P6-IB2-3.2-SI13,SACU-2,18,18,0,100.0,0.0,MBUS-13,On-grid,554.25,150.327,0.029,1090.0,1090.0,1090.0,1090.0,1092.4,1092.4,1092.4,1092.4,1092.4,1099.2,1099.2,1099.2,1099.2,1099.2,1082.0,1082.0,1082.0,1082.0,1093.2,1093.2,1093.2,1093.2,1093.2,1101.7,1101.7,1101.7,1101.7,1101.7,7.65,7.54,7.82,7.63,7.76,7.75,7.9,0.0,0.0,7.76,7.74,7.62,0.0,0.0,7.96,7.76,7.79,0.0,7.57,7.83,7.54,0.0,0.0,7.82,7.72,0.0,0.0,0.0,847.5,837.3,841.1,103.29,103.137,103.407
P6,IB2,P6-IB2-3.2-SI14,SACU-2,18,18,0,100.0,0.0,MBUS-14,On-grid,553.66,149.375,0.001,1090.0,1090.0,1090.0,1090.0,1098.5,1098.5,1098.5,1098.5,1098.5,1094.2,1094.2,1094.2,1094.2,1094.2,1097.0,1097.0,1097.0,1097.0,1100.7,1100.7,1100.7,1100.7,1100.7,1103.9,1103.9,1103.9,1103.9,1103.9,7.73,7.52,7.7,7.72,7.58,7.53,7.81,0.0,0.0,7.47,7.73,7.6,0.0,0.0,7.92,7.57,7.69,0.0,7.58,7.78,7.44,0.0,0.0,7.75,7.46,0.0,0.0,0.0,849.5,839.8,843.3,102.709,102.386,102.377
P6,IB2,P6-IB2-3.2-SI15,SACU-2,18,18,0,100.0,0.0,MBUS-15,On-grid,553.56,150.258,0.014,1094.9,1094.9,1094.9,1094.9,1093.6,1093.6,1093.6,1093.6,1093.6,1091.1,1091.1,1091.1,1091.1,1091.1,1103.7,1103.7,1103.7,1103.7,1083.3,1083.3,1083.3,1083.3,1083.3,1100.9,1100.9,1100.9,1100.9,1100.9,7.82,7.55,7.79,7.57,7.79,7.78,7.85,0.0,0.0,7.72,7.97,7.82,0.0,0.0,7.88,7.44,7.63,0.0,7.75,7.97,7.68,0.0,0.0,7.93,7.55,0.0,0.0,0.0,844.3,838.5,833.9,103.853,103.411,103.436
P6,IB2,P6-IB2-3.2-SI16,SACU-2,18,18,0,100.0,0.0,MBUS-16,On-grid,552.06,150.87,-0.037,1101.7,1101.7,1101.7,1101.7,1103.6,1103.6,1103.6,1103.6,1103.6,1076.8,1076.8,1076.8,1076.8,1076.8,1093.3,1093.3,1093.3,1093.3,1089.1,1089.1,1089.1,1089.1,1089.1,1085.9,1085.9,1085.9,1085.9,1085.9,8.0,7.65,7.68,7.64,7.66,7.96,7.66,0.0,0.0,7.84,0.0,0.0,7.96,7.74,7.86,7.55,7.76,7.66,0.0,0.0,0.0,7.7,7.77,0.0,0.0,0.0,7.7,7.78,846.2,841.8,836.1,103.792,103.95,103.477
P6,IB2,P6-IB2-4.1-SI01,SACU-2,18,18,0,100.0,0.0,MBUS-17,On-grid,555.87,155.713,0.055,1099.7,1099.7,1099.7,1099.7,1088.4,1088.4,1088.4,1088.4,1088.4,1092.2,1092.2,1092.2,1092.2,1092.2,1091.9,1091.9,1091.9,1091.9,1086.5,1086.5,1086.5,1086.5,1086.5,1091.9,1091.9,1091.9,1091.9,1091.9,8.3,7.99,8.01,7.85,8.14,8.2,7.95,0.0,0.0,8.0,8.18,8.03,0.0,0.0,8.02,7.68,8.03,0.0,7.97,8.08,7.72,0.0,0.0,8.18,7.9,0.0,0.0,0.0,843.7,835.7,837.2,107.281,107.154,107.5
P6,IB2,P6-IB2-4.1-SI02,SACU-2,18,18,0,100.0,0.0,MBUS-18,On-grid,554.87,155.564,0.016,1113.1,1113.1,1113.1,1113.1,1090.2,1090.2,1090.2,1090.2,1090.2,1088.6,1088.6,1088.6,1088.6,1088.6,1092.0,1092.0,1092.0,1092.0,1095.1,1095.1,1095.1,1095.1,1095.1,1090.2,1090.2,1090.2,1090.2,1090.2,7.92,7.82,7.91,7.75,7.84,8.03,8.17,0.0,0.0,7.98,8.09,8.01,0.0,0.0,8.22,7.92,8.15,0.0,7.97,8.18,7.86,0.0,0.0,7.87,7.91,0.0,0.0,0.0,843.2,836.4,834.7,108.043,107.071,107.234
P6,IB2,P6-IB2-4.1-SI03,SACU-2,18,18,0,100.0,0.0,MBUS-19,On-grid,554.04,149.254,0.015,1088.5,1088.5,1088.5,1088.5,1095.5,1095.5,1095.5,1095.5,1095.5,1101.2,1101.2,1101.2,1101.2,1101.2,1097.8,1097.8,1097.8,1097.8,1088.9,1088.9,1088.9,1088.9,1088.9,1100.1,1100.1,1100.1,1100.1,1100.1,7.75,7.75,7.84,7.55,7.48,7.54,7.88,0.0,0.0,7.54,7.78,7.57,0.0,0.0,7.89,7.48,7.74,0.0,7.67,7.92,7.52,0.0,0.0,7.93,7.42,0.0,0.0,0.0,847.6,839.5,839.1,102.845,102.51,102.453
P6,IB2,P6-IB2-4.1-SI04,SACU-2,18,18,0,100.0,0.0,MBUS-20,On-grid,550.19,152.235,0.024,1100.4,1100.4,1100.4,1100.4,1082.6,1082.6,1082.6,1082.6,1082.6,1087.3,1087.3,1087.3,1087.3,1087.3,1075.7,1075.7,1075.7,1075.7,1084.6,1084.6,1084.6,1084.6,1084.6,1098.7,1098.7,1098.7,1098.7,1098.7,7.87,7.65,8.02,7.82,7.93,7.89,8.01,0.0,0.0,7.88,7.95,7.88,0.0,0.0,8.2,7.53,7.96,0.0,7.9,8.14,7.77,0.0,0.0,7.87,7.63,0.0,0.0,0.0,846.2,835.0,841.9,105.077,104.719,104.463
P6,IB2,P6-IB2-4.1-SI05,SACU-2,18,18,0,100.0,0.0,MBUS-21,On-grid,542.35,146.221,0.028,1078.2,1078.2,1078.2,1078.2,1084.4,1084.4,1084.4,1084.4,1084.4,1018.4,1018.4,1018.4,1018.4,1018.4,1082.1,1082.1,1082.1,1082.1,1085.3,1085.3,1085.3,1085.3,1085.3,1078.8,1078.8,1078.8,1078.8,1078.8,7.63,7.66,7.64,7.71,7.68,7.69,7.85,0.0,0.0,7.92,7.98,6.97,0.0,0.0,7.66,7.72,0.0,7.77,7.68,7.86,7.54,0.0,0.0,7.9,7.58,0.0,0.0,0.0,850.5,840.5,843.7,100.459,100.447,99.924
P6,IB2,P6-IB2-4.1-SI06,SACU-2,18,18,0,100.0,0.0,MBUS-22,On-grid,554.82,149.398,0.027,1095.3,1095.3,1095.3,1095.3,1099.3,1099.3,1099.3,1099.3,1099.3,1097.6,1097.6,1097.6,1097.6,1097.6,1088.8,1088.8,1088.8,1088.8,1085.6,1085.6,1085.6,1085.6,1085.6,1091.6,1091.6,1091.6,1091.6,1091.6,7.83,7.57,7.69,7.55,7.69,7.54,7.78,0.0,0.0,7.7,7.71,7.72,0.0,0.0,7.96,7.52,7.74,0.0,7.78,7.76,7.52,0.0,0.0,8.01,7.67,0.0,0.0,0.0,848.0,837.9,842.2,103.236,102.367,102.412
P6,IB2,P6-IB2-4.1-SI07,SACU-2,18,18,0,100.0,0.0,MBUS-23,On-grid,548.11,152.299,0.05,1083.6,1083.6,1083.6,1083.6,1092.2,1092.2,1092.2,1092.2,1092.2,1081.1,1081.1,1081.1,1081.1,1081.1,1070.1,1070.1,1070.1,1070.1,1074.0,1074.0,1074.0,1074.0,1074.0,1085.7,1085.7,1085.7,1085.7,1085.7,8.26,7.96,7.9,7.73,7.99,7.96,7.86,0.0,0.0,7.9,7.92,8.13,0.0,0.0,8.05,7.74,8.17,0.0,8.03,8.01,7.69,0.0,0.0,8.23,7.87,0.0,0.0,0.0,847.6,840.5,836.9,104.959,104.621,104.77
P6,IB2,P6-IB2-4.1-SI08,SACU-2,18,18,0,100.0,0.0,MBUS-24,On-grid,553.89,157.249,-0.033,1083.8,1083.8,1083.8,1083.8,1085.1,1085.1,1085.1,1085.1,1085.1,1085.6,1085.6,1085.6,1085.6,1085.6,1096.5,1096.5,1096.5,1096.5,1083.5,1083.5,1083.5,1083.5,1083.5,1081.8,1081.8,1081.8,1081.8,1081.8,8.22,8.01,8.08,8.27,8.17,8.4,8.08,0.0,0.0,8.09,8.06,8.25,0.0,0.0,8.16,8.13,0.0,8.17,8.31,8.44,8.06,0.0,0.0,8.53,8.1,0.0,0.0,0.0,844.6,839.6,835.2,109.041,107.955,108.384
P6,IB2,P6-IB2-4.2-SI09,SACU-2,18,18,0,100.0,0.0,MBUS-25,On-grid,548.09,146.802,-0.039,1079.3,1079.3,1079.3,1079.3,1088.9,1088.9,1088.9,1088.9,1088.9,1087.5,1087.5,1087.5,1087.5,1087.5,1097.9,1097.9,1097.9,1097.9,1058.7,1058.7,1058.7,1058.7,1058.7,1100.0,1100.0,1100.0,1100.0,1100.0,7.76,7.6,7.74,7.77,7.21,7.51,7.68,0.0,0.0,7.47,7.79,7.68,0.0,0.0,7.67,7.72,7.57,7.51,7.94,7.2,7.52,0.0,0.0,7.89,0.0,0.0,0.0,0.0,851.0,839.8,844.9,101.118,100.26,100.898
P6,IB2,P6-IB2-4.2-SI10,SACU-2,18,18,0,100.0,0.0,MBUS-26,On-grid,553.12,150.388,0.051,1086.5,1086.5,1086.5,1086.5,1102.0,1102.0,1102.0,1102.0,1102.0,1094.3,1094.3,1094.3,1094.3,1094.3,1071.3,1071.3,1071.3,1071.3,1098.8,1098.8,1098.8,1098.8,1098.8,1079.8,1079.8,1079.8,1079.8,1079.8,8.01,7.87,7.84,7.69,7.73,7.73,7.84,0.0,0.0,7.76,7.86,7.75,0.0,0.0,7.7,7.92,7.21,8.06,7.85,7.75,0.0,0.0,0.0,7.99,7.68,0.0,0.0,0.0,849.6,838.8,844.6,103.053,102.981,103.03
P6,IB2,P6-IB2-4.2-SI11,SACU-2,18,18,0,100.0,0.0,MBUS-27,On-grid,549.97,155.61,0.016,1081.2,1081.2,1081.2,1081.2,1076.0,1076.0,1076.0,1076.0,1076.0,1105.1,1105.1,1105.1,1105.1,1105.1,1081.0,1081.0,1081.0,1081.0,1089.1,1089.1,1089.1,1089.1,1089.1,1087.5,1087.5,1087.5,1087.5,1087.5,8.07,7.9,8.12,8.32,7.56,8.11,8.36,0.0,0.0,8.0,7.81,7.82,0.0,0.0,8.17,8.31,0.0,8.19,7.98,7.99,8.07,0.0,0.0,7.75,8.16,0.0,0.0,0.0,847.8,836.2,842.6,107.074,107.003,106.839
P6,IB2,P6-IB2-4.2-SI12,SACU-2,18,18,0,100.0,0.0,MBUS-28,On-grid,558.52,154.3,0.009,1096.7,1096.7,1096.7,1096.7,1093.6,1093.6,1093.6,1093.6,1093.6,1096.2,1096.2,1096.2,1096.2,1096.2,1104.5,1104.5,1104.5,1104.5,1085.4,1085.4,1085.4,1085.4,1085.4,1107.8,1107.8,1107.8,1107.8,1107.8,8.03,7.73,7.86,7.85,0.0,0.0,0.0,8.1,7.91,7.85,0.0,7.99,7.74,8.12,7.77,7.75,7.92,8.0,0.0,7.88,0.0,8.12,7.73,0.0,0.0,0.0,7.76,0.0,846.3,835.8,840.2,106.325,105.908,105.992
P6,IB2,P6-IB2-4.2-SI13,SACU-2,18,18,0,100.0,0.0,MBUS-29,On-grid,554.88,148.517,-0.034,1064.5,1064.5,1064.5,1064.5,1103.4,1103.4,1103.4,1103.4,1103.4,1103.7,1103.7,1103.7,1103.7,1103.7,1098.1,1098.1,1098.1,1098.1,1097.5,1097.5,1097.5,1097.5,1097.5,1088.8,1088.8,1088.8,1088.8,1088.8,7.87,7.64,7.45,7.75,7.62,7.53,7.7,0.0,0.0,7.63,7.48,7.74,0.0,0.0,7.95,7.54,7.7,0.0,7.78,7.83,7.46,0.0,0.0,7.9,7.64,0.0,0.0,0.0,852.1,842.3,846.6,102.066,101.022,101.582
P6,IB2,P6-IB2-4.2-SI14,SACU-2,18,18,0,100.0,0.0,MBUS-30,On-grid,555.03,149.92,-0.014,1104.0,1104.0,1104.0,1104.0,1068.4,1068.4,1068.4,1068.4,1068.4,1099.5,1099.5,1099.5,1099.5,1099.5,1097.1,1097.1,1097.1,1097.1,1107.0,1107.0,1107.0,1107.0,1107.0,1095.1,1095.1,1095.1,1095.1,1095.1,7.77,7.5,7.64,7.54,7.32,7.88,7.98,0.0,0.0,7.77,7.76,7.93,0.0,0.0,7.92,7.54,7.92,0.0,7.8,7.78,7.44,0.0,0.0,8.01,7.59,0.0,0.0,0.0,850.6,843.9,842.3,102.628,102.731,102.635
P6,IB2,P6-IB2-4.2-SI15,SACU-2,18,18,0,100.0,0.0,MBUS-31,On-grid,558.83,153.71,0.002,1095.8,1095.8,1095.8,1095.8,1109.2,1109.2,1109.2,1109.2,1109.2,1081.4,1081.4,1081.4,1081.4,1081.4,1081.6,1081.6,1081.6,1081.6,1102.9,1102.9,1102.9,1102.9,1102.9,1079.9,1079.9,1079.9,1079.9,1079.9,8.02,7.85,8.09,7.84,7.84,7.85,7.96,0.0,0.0,8.05,7.71,7.99,0.0,0.0,8.24,7.88,7.96,0.0,7.77,8.01,7.73,0.0,0.0,8.28,7.92,0.0,0.0,0.0,848.0,838.2,841.9,105.697,105.533,105.429
P6,IB2,P6-IB2-4.2-SI16,SACU-2,18,18,0,100.0,0.0,MBUS-32,On-grid,558.41,155.892,0.059,1086.1,1086.1,1086.1,1086.1,1092.2,1092.2,1092.2,1092.2,1092.2,1083.5,1083.5,1083.5,1083.5,1083.5,1095.1,1095.1,1095.1,1095.1,1098.6,1098.6,1098.6,1098.6,1098.6,1113.2,1113.2,1113.2,1113.2,1113.2,8.32,8.01,8.05,7.85,7.95,7.98,8.12,0.0,0.0,8.05,7.94,8.18,0.0,0.0,8.29,7.95,8.12,0.0,8.01,7.85,7.9,0.0,0.0,8.06,7.78,0.0,0.0,0.0,847.4,836.9,842.4,107.245,106.671,107.081
P6,IB3,P6-IB3-1.1-SI01,SACU-1,18,18,0,100.0,0.0,MBUS-1,On-grid,548.71,147.473,0.024,1077.8,1077.8,1077.8,1077.8,1095.6,1095.6,1095.6,1095.6,1095.6,1093.7,1093.7,1093.7,1093.7,1093.7,1104.9,1104.9,1104.9,1104.9,1078.9,1078.9,1078.9,1078.9,1078.9,1087.9,1087.9,1087.9,1087.9,1087.9,7.78,7.54,7.79,7.64,7.49,7.46,7.72,0.0,0.0,7.64,7.62,7.45,0.0,0.0,7.7,7.33,7.68,0.0,7.8,7.81,7.45,0.0,0.0,7.75,7.5,0.0,0.0,0.0,848.7,838.9,843.8,101.493,101.065,101.174
P6,IB3,P6-IB3-1.1-SI02,SACU-1,18,18,0,100.0,0.0,MBUS-2,On-grid,551.75,149.844,0.053,1088.6,1088.6,1088.6,1088.6,1095.9,1095.9,1095.9,1095.9,1095.9,1087.4,1087.4,1087.4,1087.4,1087.4,1080.5,1080.5,1080.5,1080.5,1090.2,1090.2,1090.2,1090.2,1090.2,1084.3,1084.3,1084.3,1084.3,1084.3,7.98,7.7,7.89,7.67,7.89,7.62,7.81,0.0,0.0,7.85,7.83,7.64,0.0,0.0,7.98,7.65,7.86,0.0,7.8,7.89,7.52,0.0,0.0,8.08,7.62,0.0,0.0,0.0,848.1,842.2,841.0,103.034,103.024,102.42
P6,IB3,P6-IB3-1.1-SI03,SACU-1,18,18,0,100.0,0.0,MBUS-3,On-grid,553.38,154.178,-0.004,1088.2,1088.2,1088.2,1088.2,1089.7,1089.7,1089.7,1089.7,1089.7,1105.5,1105.5,1105.5,1105.5,1105.5,1089.4,1089.4,1089.4,1089.4,1089.9,1089.9,1089.9,1089.9,1089.9,1088.1,1088.1,1088.1,1088.1,1088.1,8.28,8.0,7.82,7.63,8.11,8.03,7.91,0.0,0.0,7.62,8.0,8.09,0.0,0.0,8.23,7.92,8.1,0.0,7.94,8.27,7.92,0.0,0.0,8.22,7.83,0.0,0.0,0.0,844.2,838.4,836.8,106.23,106.469,106.119
P6,IB3,P6-IB3-1.1-SI04,SACU-1,18,18,0,100.0,0.0,MBUS-4,On-grid,552.7,149.16,-0.073,1094.2,1094.2,1094.2,1094.2,1078.0,1078.0,1078.0,1078.0,1078.0,1090.3,1090.3,1090.3,1090.3,1090.3,1086.4,1086.4,1086.4,1086.4,1086.2,1086.2,1086.2,1086.2,1086.2,1086.7,1086.7,1086.7,1086.7,1086.7,7.71,7.45,7.87,7.64,7.71,7.64,7.97,0.0,0.0,7.72,7.76,7.58,0.0,0.0,7.96,7.58,7.71,0.0,7.67,7.87,7.53,0.0,0.0,7.88,7.65,0.0,0.0,0.0,849.0,841.1,844.7,102.736,101.886,102.123
P6,IB3,P6-IB3-1.1-SI05,SACU-1,18,18,0,100.0,0.0,MBUS-5,On-grid,552.48,150.808,-0.033,1086.5,1086.5,1086.5,1086.5,1079.4,1079.4,1079.4,1079.4,1079.4,1088.9,1088.9,1088.9,1088.9,1088.9,1086.7,1086.7,1086.7,1086.7,1097.5,1097.5,1097.5,1097.5,1097.5,1098.2,1098.2,1098.2,1098.2,1098.2,7.42,7.67,8.26,7.74,7.74,7.82,8.02,0.0,0.0,7.74,8.03,7.9,0.0,0.0,7.93,7.63,8.0,0.0,7.86,7.82,7.54,0.0,0.0,7.91,7.47,0.0,0.0,0.0,848.1,841.9,839.2,103.675,103.387,103.207
P6,IB3,P6-IB3-1.1-SI06,SACU-1,18,18,0,100.0,0.0,MBUS-6,On-grid,554.36,149.828,0.02,1084.0,1084.0,1084.0,1084.0,1089.0,1089.0,1089.0,1089.0,1089.0,1092.2,1092.2,1092.2,1092.2,1092.2,1104.0,1104.0,1104.0,1104.0,1084.7,1084.7,1084.7,1084.7,1084.7,1095.0,1095.0,1095.0,1095.0,1095.0,7.86,7.73,7.68,7.5,7.58,7.67,7.94,0.0,0.0,7.76,7.6,7.77,0.0,0.0,7.58,7.75,7.74,0.0,7.77,7.83,7.73,0.0,0.0,7.69,7.55,0.0,0.0,0.0,849.1,845.7,839.2,103.309,102.756,102.51
P6,IB3,P6-IB3-1.1-SI07,SACU-1,18,18,0,100.0,0.0,MBUS-7,On-grid,550.07,150.121,-0.011,1097.2,1097.2,1097.2,1097.2,1103.8,1103.8,1103.8,1103.8,1103.8,1104.0,1104.0,1104.0,1104.0,1104.0,1086.5,1086.5,1086.5,1086.5,1076.3,1076.3,1076.3,1076.3,1076.3,1098.3,1098.3,1098.3,1098.3,1098.3,7.7,7.5,7.78,7.62,7.61,7.65,7.83,0.0,0.0,7.65,7.78,7.58,0.0,0.0,7.99,7.62,7.79,0.0,7.71,8.03,7.64,0.0,0.0,8.04,7.59,0.0,0.0,0.0,846.1,836.1,842.5,103.55,103.227,102.852
P6,IB3,P6-IB3-1.1-SI08,SACU-1,18,18,0,100.0,0.0,MBUS-8,On-grid,552.6,151.937,0.02,1083.1,1083.1,1083.1,1083.1,1094.3,1094.3,1094.3,1094.3,1094.3,1092.8,1092.8,1092.8,1092.8,1092.8,1093.8,1093.8,1093.8,1093.8,1091.1,1091.1,1091.1,1091.1,1091.1,1069.6,1069.6,1069.6,1069.6,1069.6,8.1,7.83,8.07,7.87,7.79,7.71,7.95,0.0,0.0,7.99,7.73,7.94,0.0,0.0,8.02,7.69,7.93,0.0,7.9,7.94,7.58,0.0,0.0,8.24,7.73,0.0,0.0,0.0,843.6,839.6,835.7,104.974,104.877,104.588
P6,IB3,P6-IB3-1.2-SI09,SACU-1,18,0,18,0.0,100.0,MBUS-9,Idle: Initializing,0.0,0.0,0.0,0.0,0.0,0.0,0.0,0.0,0.0,0.0,0.0,0.0,0.0,0.0,0.0,0.0,0.0,0.0,0.0,0.0,0.0,0.0,0.0,0.0,0.0,0.0,0.0,0.0,0.0,0.0,0.0,0.0,0.0,0.0,0.0,0.0,0.0,0.0,0.0,0.0,0.0,0.0,0.0,0.0,0.0,0.0,0.0,0.0,0.0,0.0,0.0,0.0,0.0,0.0,0.0,0.0,0.0,0.0,0.0,0.0,0.0,0.0,0.0,0.0,0.0
P6,IB3,P6-IB3-1.2-SI10,SACU-1,18,18,0,100.0,0.0,MBUS-10,On-grid,550.69,149.275,0.03,1086.9,1086.9,1086.9,1086.9,1083.2,1083.2,1083.2,1083.2,1083.2,1105.4,1105.4,1105.4,1105.4,1105.4,1105.9,1105.9,1105.9,1105.9,1077.6,1077.6,1077.6,1077.6,1077.6,1094.5,1094.5,1094.5,1094.5,1094.5,7.98,7.67,7.77,7.62,7.75,7.75,7.87,0.0,0.0,7.73,7.72,7.59,0.0,0.0,7.86,7.45,7.61,0.0,7.79,7.95,7.58,0.0,0.0,7.79,7.37,0.0,0.0,0.0,844.1,839.5,837.0,103.218,102.448,102.472
P6,IB3,P6-IB3-1.2-SI11,SACU-1,18,18,0,100.0,0.0,MBUS-11,On-grid,550.31,148.663,-0.043,1097.1,1097.1,1097.1,1097.1,1083.1,1083.1,1083.1,1083.1,1083.1,1082.1,1082.1,1082.1,1082.1,1082.1,1093.5,1093.5,1093.5,1093.5,1092.5,1092.5,1092.5,1092.5,1092.5,1090.8,1090.8,1090.8,1090.8,1090.8,7.66,7.41,7.6,7.48,7.55,7.67,7.86,0.0,0.0,7.78,7.9,7.63,0.0,0.0,7.76,7.4,7.83,0.0,7.55,7.86,7.51,0.0,0.0,7.81,7.55,0.0,0.0,0.0,847.4,841.6,838.8,102.353,101.663,101.847
P6,IB3,P6-IB3-1.2-SI12,SACU-1,18,18,0,100.0,0.0,MBUS-12,On-grid,551.19,149.115,0.008,1101.2,1101.2,1101.2,1101.2,1089.2,1089.2,1089.2,1089.2,1089.2,1092.6,1092.6,1092.6,1092.6,1092.6,1095.4,1095.4,1095.4,1095.4,1098.9,1098.9,1098.9,1098.9,1098.9,1081.3,1081.3,1081.3,1081.3,1081.3,7.66,7.44,7.63,7.5,7.61,7.67,7.79,0.0,0.0,7.65,7.89,7.63,0.0,0.0,7.95,7.56,7.78,0.0,7.72,7.77,7.43,0.0,0.0,7.97,7.58,0.0,0.0,0.0,844.8,840.5,836.4,102.89,102.62,102.443
P6,IB3,P6-IB3-1.2-SI13,SACU-1,18,18,0,100.0,0.0,MBUS-13,On-grid,548.33,148.209,-0.022,1031.9,1031.9,1031.9,1031.9,1098.2,1098.2,1098.2,1098.2,1098.2,1086.0,1086.0,1086.0,1086.0,1086.0,1096.3,1096.3,1096.3,1096.3,1093.1,1093.1,1093.1,1093.1,1093.1,1104.2,1104.2,1104.2,1104.2,1104.2,7.95,6.48,8.23,7.85,7.7,7.74,7.74,0.0,0.0,7.3,7.84,7.74,0.0,0.0,7.75,7.8,7.88,0.0,7.83,7.91,7.6,0.0,0.0,7.9,7.59,0.0,0.0,0.0,846.4,842.3,837.3,101.903,101.928,101.845
P6,IB3,P6-IB3-1.2-SI14,SACU-1,18,18,0,100.0,0.0,MBUS-14,On-grid,550.53,148.442,0.02,1081.3,1081.3,1081.3,1081.3,1083.9,1083.9,1083.9,1083.9,1083.9,1077.5,1077.5,1077.5,1077.5,1077.5,1099.2,1099.2,1099.2,1099.2,1090.5,1090.5,1090.5,1090.5,1090.5,1108.7,1108.7,1108.7,1108.7,1108.7,8.0,7.61,7.77,7.33,7.77,7.7,7.5,0.0,0.0,7.65,7.78,7.72,0.0,0.0,8.03,7.43,7.69,0.0,7.89,7.83,7.53,0.0,0.0,7.94,7.5,0.0,0.0,0.0,846.1,835.7,840.8,102.512,102.374,102.387
P6,IB3,P6-IB3-1.2-SI15,SACU-1,18,18,0,100.0,0.0,MBUS-15,On-grid,549.9,149.311,-0.045,1088.6,1088.6,1088.6,1088.6,1085.2,1085.2,1085.2,1085.2,1085.2,1080.5,1080.5,1080.5,1080.5,1080.5,1084.5,1084.5,1084.5,1084.5,1088.7,1088.7,1088.7,1088.7,1088.7,1082.8,1082.8,1082.8,1082.8,1082.8,7.87,7.7,7.82,7.67,7.47,7.75,7.9,0.0,0.0,7.66,7.83,7.72,0.0,0.0,7.86,7.61,7.87,0.0,7.77,7.88,7.55,0.0,0.0,7.58,7.65,0.0,0.0,0.0,844.1,838.4,835.5,103.422,102.481,102.908
P6,IB3,P6-IB3-1.2-SI16,SACU-1,18,18,0,100.0,0.0,MBUS-16,On-grid,557.49,153.966,-0.075,1084.8,1084.8,1084.8,1084.8,1097.3,1097.3,1097.3,1097.3,1097.3,1103.4,1103.4,1103.4,1103.4,1103.4,1086.9,1086.9,1086.9,1086.9,1097.7,1097.7,1097.7,1097.7,1097.7,1089.7,1089.7,1089.7,1089.7,1089.7,8.09,7.83,8.0,7.81,7.93,7.89,8.04,0.0,0.0,7.9,7.96,7.83,0.0,0.0,8.12,7.83,8.04,0.0,8.18,7.89,7.76,0.0,0.0,8.14,7.88,0.0,0.0,0.0,842.4,833.4,838.0,106.619,106.097,106.148
P6,IB3,P6-IB3-2.1-SI01,SACU-1,18,15,3,83.33,16.67,MBUS-17,On-grid,461.19,125.908,0.029,1078.4,1078.4,1078.4,1078.4,1086.3,1086.3,1086.3,1086.3,1086.3,1104.7,1104.7,1104.7,1104.7,1104.7,1090.4,1090.4,1090.4,1090.4,1087.0,1087.0,1087.0,1087.0,1087.0,1080.9,1080.9,1080.9,1080.9,1080.9,7.86,7.62,7.95,7.8,0.0,0.0,7.59,0.0,0.0,7.64,7.82,7.98,0.0,0.0,7.75,7.6,8.07,7.83,0.0,7.97,7.61,0.0,0.0,0.0,7.94,0.0,0.0,0.0,843.0,832.5,837.7,87.266,86.928,86.984
P6,IB3,P6-IB3-2.1-SI02,SACU-1,18,10,8,55.56,44.44,MBUS-18,On-grid,315.75,87.463,0.031,1114.1,1114.1,1114.1,1114.1,1125.9,1125.9,1125.9,1125.9,1125.9,1125.3,1125.3,1125.3,1125.3,1125.3,1120.7,1120.7,1120.7,1120.7,371.9,371.9,371.9,371.9,371.9,369.9,369.9,369.9,369.9,369.9,8.03,0.0,0.0,7.96,7.38,7.96,8.15,0.0,0.0,7.07,8.29,8.1,0.0,0.0,7.92,7.92,0.0,0.0,0.0,0.0,0.0,0.0,0.0,0.0,0.0,0.0,0.0,0.0,841.5,831.6,838.1,60.629,60.232,60.385
P6,IB3,P6-IB3-2.1-SI03,SACU-1,18,12,6,66.67,33.33,MBUS-19,On-grid,369.35,101.343,-0.01,1103.1,1103.1,1103.1,1103.1,1092.8,1092.8,1092.8,1092.8,1092.8,1084.1,1084.1,1084.1,1084.1,1084.1,1084.0,1084.0,1084.0,1084.0,1072.0,1072.0,1072.0,1072.0,1072.0,382.8,382.8,382.8,382.8,382.8,7.66,7.49,8.03,7.8,7.61,7.9,8.13,0.0,0.0,7.73,8.03,7.91,0.0,0.0,0.0,0.0,8.04,0.0,8.01,0.0,0.0,0.0,0.0,0.0,0.0,0.0,0.0,0.0,837.6,836.4,837.4,70.296,69.599,70.148
P6,IB3,P6-IB3-2.1-SI04,SACU-1,18,18,0,100.0,0.0,MBUS-20,On-grid,550.01,152.362,0.057,1084.0,1084.0,1084.0,1084.0,1086.9,1086.9,1086.9,1086.9,1086.9,1086.4,1086.4,1086.4,1086.4,1086.4,1086.3,1086.3,1086.3,1086.3,1093.2,1093.2,1093.2,1093.2,1093.2,1097.2,1097.2,1097.2,1097.2,1097.2,8.13,7.93,7.94,7.9,7.54,8.08,8.09,0.0,0.0,7.94,7.81,8.05,0.0,0.0,7.97,7.99,7.89,0.0,0.0,7.73,7.61,7.94,0.0,7.95,7.58,0.0,0.0,0.0,843.5,837.0,836.6,105.068,105.345,105.061
P6,IB3,P6-IB3-2.1-SI05,SACU-1,18,15,3,83.33,16.67,MBUS-21,On-grid,458.65,126.779,0.033,1073.3,1073.3,1073.3,1073.3,1071.8,1071.8,1071.8,1071.8,1071.8,1090.9,1090.9,1090.9,1090.9,1090.9,1090.6,1090.6,1090.6,1090.6,1106.8,1106.8,1106.8,1106.8,1106.8,1109.6,1109.6,1109.6,1109.6,1109.6,8.12,7.83,0.0,0.0,7.46,7.8,8.11,0.0,0.0,7.86,7.93,0.0,0.0,0.0,8.01,6.85,8.03,7.86,8.25,7.81,0.0,0.0,0.0,8.09,7.84,0.0,0.0,0.0,843.4,833.0,839.7,87.829,87.618,87.341
P6,IB3,P6-IB3-2.1-SI06,SACU-1,18,16,2,88.89,11.11,MBUS-22,On-grid,496.64,135.33,-0.017,1084.9,1084.9,1084.9,1084.9,1077.5,1077.5,1077.5,1077.5,1077.5,1106.6,1106.6,1106.6,1106.6,1106.6,1141.6,1141.6,1141.6,1141.6,1169.2,1169.2,1169.2,1169.2,1169.2,1144.5,1144.5,1144.5,1144.5,1144.5,8.07,7.6,0.0,0.0,7.85,7.77,7.95,0.0,0.0,7.46,7.95,7.76,0.0,0.0,7.68,7.39,7.43,7.75,7.74,7.37,0.0,0.0,0.0,8.04,7.63,0.0,0.0,0.0,844.7,838.8,836.0,93.535,93.282,93.193
P6,IB3,P6-IB3-2.1-SI07,SACU-1,18,18,0,100.0,0.0,MBUS-23,On-grid,550.17,153.268,-0.026,1080.8,1080.8,1080.8,1080.8,1086.8,1086.8,1086.8,1086.8,1086.8,1089.5,1089.5,1089.5,1089.5,1089.5,1077.7,1077.7,1077.7,1077.7,1098.1,1098.1,1098.1,1098.1,1098.1,1095.2,1095.2,1095.2,1095.2,1095.2,8.17,8.01,7.88,7.95,8.03,8.23,8.0,0.0,0.0,7.86,8.02,7.81,0.0,0.0,7.92,8.08,0.0,8.14,7.83,7.76,7.84,0.0,0.0,7.96,7.65,0.0,0.0,0.0,843.3,837.1,836.3,105.808,105.732,105.538
P6,IB3,P6-IB3-2.1-SI08,SACU-1,18,9,9,50.0,50.0,MBUS-24,On-grid,244.85,66.43,-0.021,1082.9,1082.9,1082.9,1082.9,1084.5,1084.5,1084.5,1084.5,1084.5,1091.5,1091.5,1091.5,1091.5,1091.5,1083.5,1083.5,1083.5,1083.5,312.3,312.3,312.3,312.3,312.3,360.7,360.7,360.7,360.7,360.7,7.38,7.83,7.97,7.77,0.0,0.0,8.04,0.0,0.0,7.85,0.0,0.0,0.0,0.0,7.64,7.85,0.0,0.0,0.0,-8.58,8.31,0.0,0.0,0.0,0.0,0.0,0.0,0.0,841.5,835.0,834.9,46.436,45.88,45.657
P6,IB3,P6-IB3-2.2-SI09,SACU-1,18,18,0,100.0,0.0,MBUS-25,On-grid,549.17,154.385,0.045,1083.4,1083.4,1083.4,1083.4,1086.6,1086.6,1086.6,1086.6,1086.6,1092.7,1092.7,1092.7,1092.7,1092.7,1092.6,1092.6,1092.6,1092.6,1080.2,1080.2,1080.2,1080.2,1080.2,1085.1,1085.1,1085.1,1085.1,1085.1,7.97,7.95,8.2,8.01,7.78,8.02,8.08,0.0,0.0,7.84,8.08,8.04,0.0,0.0,8.0,7.74,7.98,0.0,7.96,8.19,7.83,0.0,0.0,7.71,7.9,0.0,0.0,0.0,844.4,834.9,840.4,106.723,106.072,106.518
P6,IB3,P6-IB3-2.2-SI10,SACU-1,18,7,11,38.89,61.11,MBUS-26,On-grid,216.93,58.728,-0.034,1104.2,1104.2,1104.2,1104.2,1079.7,1079.7,1079.7,1079.7,1079.7,1101.9,1101.9,1101.9,1101.9,1101.9,369.5,369.5,369.5,369.5,1077.8,1077.8,1077.8,1077.8,1077.8,365.4,365.4,365.4,365.4,365.4,7.62,7.9,0.0,0.0,7.38,7.98,0.0,0.0,0.0,7.95,0.0,0.0,0.0,0.0,0.0,0.0,0.0,0.0,7.5,8.13,0.0,0.0,0.0,0.0,0.0,0.0,0.0,0.0,841.3,835.8,835.0,40.904,40.147,40.097
P6,IB3,P6-IB3-2.2-SI11,SACU-1,18,18,0,100.0,0.0,MBUS-27,On-grid,552.63,154.184,0.017,1086.0,1086.0,1086.0,1086.0,1100.9,1100.9,1100.9,1100.9,1100.9,1094.7,1094.7,1094.7,1094.7,1094.7,1095.0,1095.0,1095.0,1095.0,1094.3,1094.3,1094.3,1094.3,1094.3,1088.0,1088.0,1088.0,1088.0,1088.0,8.31,7.86,7.79,7.99,7.73,8.02,7.88,0.0,0.0,7.85,8.01,8.16,0.0,0.0,7.8,8.13,7.86,8.08,7.99,7.82,0.0,0.0,0.0,8.07,7.95,0.0,0.0,0.0,846.5,838.6,839.0,106.34,106.147,105.825
P6,IB3,P6-IB3-2.2-SI12,SACU-1,18,16,2,88.89,11.11,MBUS-28,On-grid,487.59,132.821,-0.018,1079.6,1079.6,1079.6,1079.6,1085.6,1085.6,1085.6,1085.6,1085.6,1088.3,1088.3,1088.3,1088.3,1088.3,1089.5,1089.5,1089.5,1089.5,1095.5,1095.5,1095.5,1095.5,1095.5,385.5,385.5,385.5,385.5,385.5,7.39,7.81,8.07,7.85,7.49,7.87,7.92,0.0,0.0,7.44,7.93,7.63,0.0,0.0,7.73,7.72,7.65,0.0,7.4,8.07,7.7,0.0,0.0,0.0,0.0,0.0,0.0,0.0,847.0,836.8,842.5,91.6,91.135,91.367
P6,IB3,P6-IB3-2.2-SI13,SACU-1,18,18,0,100.0,0.0,MBUS-29,On-grid,552.22,150.826,-0.016,1081.5,1081.5,1081.5,1081.5,1092.6,1092.6,1092.6,1092.6,1092.6,1091.0,1091.0,1091.0,1091.0,1091.0,1074.4,1074.4,1074.4,1074.4,1084.4,1084.4,1084.4,1084.4,1084.4,1072.9,1072.9,1072.9,1072.9,1072.9,7.78,7.65,7.72,7.86,7.43,8.0,7.64,0.0,0.0,7.89,0.0,0.0,7.78,7.73,8.1,8.07,7.82,8.02,7.97,7.81,7.87,0.0,0.0,0.0,7.77,0.0,0.0,0.0,846.5,835.9,841.2,103.832,103.738,103.946
P6,IB3,P6-IB3-2.2-SI14,SACU-1,18,18,0,100.0,0.0,MBUS-30,On-grid,551.46,148.85,0.043,1077.3,1077.3,1077.3,1077.3,1079.1,1079.1,1079.1,1079.1,1079.1,1079.0,1079.0,1079.0,1079.0,1079.0,1101.2,1101.2,1101.2,1101.2,1092.8,1092.8,1092.8,1092.8,1092.8,1080.2,1080.2,1080.2,1080.2,1080.2,7.91,7.59,7.58,7.83,7.79,7.71,7.74,0.0,0.0,7.75,7.66,7.9,0.0,0.0,7.54,7.64,7.5,7.76,7.72,7.83,0.0,0.0,0.0,0.0,7.82,7.62,0.0,0.0,848.0,838.5,843.3,102.091,102.014,101.766
P6,IB3,P6-IB3-2.2-SI15,SACU-1,18,18,0,100.0,0.0,MBUS-31,On-grid,553.04,154.305,0.026,1088.3,1088.3,1088.3,1088.3,1081.2,1081.2,1081.2,1081.2,1081.2,1090.3,1090.3,1090.3,1090.3,1090.3,1097.3,1097.3,1097.3,1097.3,1061.6,1061.6,1061.6,1061.6,1061.6,1083.8,1083.8,1083.8,1083.8,1083.8,7.92,8.2,7.78,7.91,7.61,8.29,7.98,0.0,0.0,8.0,8.09,8.0,0.0,0.0,8.01,7.72,0.0,8.07,8.27,7.99,8.16,0.0,0.0,8.16,7.92,0.0,0.0,0.0,843.2,835.1,840.1,106.429,105.996,105.775
P6,IB3,P6-IB3-2.2-SI16,SACU-1,18,18,0,100.0,0.0,MBUS-32,On-grid,553.94,153.631,-0.021,1089.6,1089.6,1089.6,1089.6,1091.2,1091.2,1091.2,1091.2,1091.2,1091.0,1091.0,1091.0,1091.0,1091.0,1095.2,1095.2,1095.2,1095.2,1091.8,1091.8,1091.8,1091.8,1091.8,1089.0,1089.0,1089.0,1089.0,1089.0,8.12,7.85,7.79,8.05,7.95,8.19,7.88,0.0,0.0,7.87,7.9,8.13,0.0,0.0,7.79,7.86,7.78,8.0,7.87,7.84,0.0,0.0,0.0,8.08,7.85,0.0,0.0,0.0,842.8,836.7,835.3,106.233,106.108,105.982
P6,IB3,P6-IB3-3.1-SI01,SACU-2,18,18,0,100.0,0.0,MBUS-1,On-grid,555.38,149.411,0.049,1094.4,1094.4,1094.4,1094.4,1086.2,1086.2,1086.2,1086.2,1086.2,1086.3,1086.3,1086.3,1086.3,1086.3,1087.9,1087.9,1087.9,1087.9,1077.8,1077.8,1077.8,1077.8,1077.8,1097.2,1097.2,1097.2,1097.2,1097.2,7.94,7.39,7.75,7.63,7.91,8.03,0.0,0.0,0.0,7.7,7.76,8.01,7.61,0.0,7.98,7.75,7.63,0.0,7.86,7.91,7.64,0.0,0.0,7.82,7.5,0.0,0.0,0.0,845.6,840.7,835.9,103.052,102.871,102.651
P6,IB3,P6-IB3-3.1-SI02,SACU-2,18,18,0,100.0,0.0,MBUS-2,On-grid,551.88,149.754,0.06,1090.9,1090.9,1090.9,1090.9,1081.9,1081.9,1081.9,1081.9,1081.9,1091.2,1091.2,1091.2,1091.2,1091.2,1079.5,1079.5,1079.5,1079.5,1093.9,1093.9,1093.9,1093.9,1093.9,1084.3,1084.3,1084.3,1084.3,1084.3,8.01,7.63,7.57,7.8,7.79,7.75,7.99,0.0,0.0,7.86,7.78,7.6,0.0,0.0,8.09,7.66,7.76,0.0,7.61,7.82,7.49,0.0,0.0,7.97,7.58,0.0,0.0,0.0,844.4,835.8,839.7,103.159,103.298,103.47
P6,IB3,P6-IB3-3.1-SI03,SACU-2,18,18,0,100.0,0.0,MBUS-3,On-grid,552.13,150.499,-0.037,1089.1,1089.1,1089.1,1089.1,1092.7,1092.7,1092.7,1092.7,1092.7,1076.3,1076.3,1076.3,1076.3,1076.3,1094.6,1094.6,1094.6,1094.6,1101.4,1101.4,1101.4,1101.4,1101.4,1082.3,1082.3,1082.3,1082.3,1082.3,7.95,7.94,7.81,7.72,7.69,7.91,7.96,0.0,0.0,7.86,7.59,7.65,0.0,0.0,7.89,7.87,0.0,7.75,7.73,7.81,7.5,0.0,0.0,7.76,7.64,0.0,0.0,0.0,843.2,834.0,838.4,104.145,103.78,103.912
P6,IB3,P6-IB3-3.1-SI04,SACU-2,18,18,0,100.0,0.0,MBUS-4,On-grid,552.47,149.72,-0.014,1085.6,1085.6,1085.6,1085.6,1096.6,1096.6,1096.6,1096.6,1096.6,1092.5,1092.5,1092.5,1092.5,1092.5,1071.9,1071.9,1071.9,1071.9,1081.3,1081.3,1081.3,1081.3,1081.3,1100.4,1100.4,1100.4,1100.4,1100.4,7.86,7.74,7.68,7.92,7.66,7.61,7.86,0.0,0.0,7.77,7.65,7.87,0.0,0.0,7.95,7.81,7.7,0.0,7.93,7.73,7.56,7.86,0.0,0.0,7.68,0.0,0.0,0.0,845.1,839.8,836.3,103.329,103.174,103.042
P6,IB3,P6-IB3-3.1-SI05,SACU-2,18,18,0,100.0,0.0,MBUS-5,On-grid,558.74,151.278,0.045,1087.8,1087.8,1087.8,1087.8,1089.7,1089.7,1089.7,1089.7,1089.7,1091.7,1091.7,1091.7,1091.7,1091.7,1085.0,1085.0,1085.0,1085.0,1075.3,1075.3,1075.3,1075.3,1075.3,1077.1,1077.1,1077.1,1077.1,1077.1,8.0,7.69,7.92,7.77,7.67,0.0,7.92,8.01,0.0,7.75,8.0,7.82,0.0,0.0,7.95,7.86,7.78,0.0,7.79,7.96,7.65,0.0,0.0,7.91,7.65,0.0,0.0,0.0,844.8,841.0,834.8,104.221,103.992,104.025
P6,IB3,P6-IB3-3.1-SI06,SACU-2,18,18,0,100.0,0.0,MBUS-6,On-grid,555.55,151.153,0.044,1066.4,1066.4,1066.4,1066.4,1083.5,1083.5,1083.5,1083.5,1083.5,1101.3,1101.3,1101.3,1101.3,1101.3,1096.1,1096.1,1096.1,1096.1,1091.1,1091.1,1091.1,1091.1,1091.1,1089.7,1089.7,1089.7,1089.7,1089.7,7.9,7.72,7.9,7.76,7.83,7.79,7.87,0.0,0.0,7.97,7.89,7.69,0.0,0.0,8.1,7.6,7.67,0.0,8.05,7.93,7.65,0.0,0.0,7.91,7.64,0.0,0.0,0.0,842.8,834.1,838.7,104.296,104.248,104.366
P6,IB3,P6-IB3-3.1-SI07,SACU-2,18,18,0,100.0,0.0,MBUS-7,On-grid,550.3,148.511,0.005,1092.5,1092.5,1092.5,1092.5,1087.5,1087.5,1087.5,1087.5,1087.5,1085.0,1085.0,1085.0,1085.0,1085.0,1085.0,1085.0,1085.0,1085.0,1090.0,1090.0,1090.0,1090.0,1090.0,1086.0,1086.0,1086.0,1086.0,1086.0,7.51,7.79,7.79,7.53,7.61,7.75,7.66,0.0,0.0,7.54,7.86,7.81,0.0,0.0,8.05,7.49,7.75,0.0,7.73,7.85,7.49,0.0,0.0,7.53,7.5,0.0,0.0,0.0,850.0,840.1,844.3,101.974,101.634,101.596
P6,IB3,P6-IB3-3.1-SI08,SACU-2,18,18,0,100.0,0.0,MBUS-8,On-grid,555.86,150.066,0.011,1104.3,1104.3,1104.3,1104.3,1097.5,1097.5,1097.5,1097.5,1097.5,1088.2,1088.2,1088.2,1088.2,1088.2,1084.0,1084.0,1084.0,1084.0,1093.6,1093.6,1093.6,1093.6,1093.6,1086.1,1086.1,1086.1,1086.1,1086.1,8.0,7.62,7.78,7.71,7.72,7.73,7.85,0.0,0.0,7.89,7.83,7.7,0.0,0.0,8.05,7.67,7.72,0.0,7.58,7.84,7.56,0.0,0.0,7.95,7.59,0.0,0.0,0.0,851.6,847.5,841.6,103.14,102.513,102.424
P6,IB3,P6-IB3-3.2-SI09,SACU-2,18,18,0,100.0,0.0,MBUS-9,On-grid,559.88,151.017,-0.044,1108.0,1108.0,1108.0,1108.0,1128.3,1128.3,1128.3,1128.3,1128.3,1132.6,1132.6,1132.6,1132.6,1132.6,1085.1,1085.1,1085.1,1085.1,1108.1,1108.1,1108.1,1108.1,1108.1,1122.1,1122.1,1122.1,1122.1,1122.1,10.04,7.08,6.84,6.82,7.67,7.64,7.87,0.0,0.0,9.11,6.46,6.29,0.0,0.0,6.11,8.68,8.25,7.84,7.37,7.77,0.0,0.0,0.0,7.67,7.49,0.0,0.0,0.0,846.3,843.1,835.4,104.155,103.663,103.667
P6,IB3,P6-IB3-3.2-SI10,SACU-2,18,12,6,66.67,33.33,MBUS-10,On-grid,375.34,101.192,-0.027,1127.3,1127.3,1127.3,1127.3,1159.3,1159.3,1159.3,1159.3,1159.3,1151.2,1151.2,1151.2,1151.2,1151.2,1156.8,1156.8,1156.8,1156.8,364.5,364.5,364.5,364.5,364.5,364.2,364.2,364.2,364.2,364.2,7.2,7.73,8.17,7.45,6.8,7.67,7.49,0.0,0.0,6.73,7.73,7.62,0.0,0.0,7.38,7.26,0.0,0.0,0.0,0.0,0.0,0.0,0.0,0.0,0.0,0.0,0.0,0.0,843.5,840.8,834.3,70.161,69.922,69.472
P6,IB3,P6-IB3-3.2-SI11,SACU-2,18,12,6,66.67,33.33,MBUS-11,On-grid,364.93,98.234,0.003,1085.1,1085.1,1085.1,1085.1,1090.4,1090.4,1090.4,1090.4,1090.4,1035.7,1035.7,1035.7,1035.7,1035.7,1076.8,1076.8,1076.8,1076.8,1069.8,1069.8,1069.8,1069.8,1069.8,374.2,374.2,374.2,374.2,374.2,7.71,7.64,7.86,7.76,0.0,0.0,7.79,0.0,0.0,7.64,0.0,0.0,0.0,0.0,7.77,7.65,7.79,0.0,7.56,7.92,7.49,0.0,0.0,0.0,0.0,0.0,0.0,0.0,842.7,834.4,838.3,67.994,67.507,67.752
P6,IB3,P6-IB3-3.2-SI12,SACU-2,18,10,8,55.56,44.44,MBUS-12,On-grid,302.43,81.274,0.005,1091.0,1091.0,1091.0,1091.0,1095.0,1095.0,1095.0,1095.0,1095.0,1074.0,1074.0,1074.0,1074.0,1074.0,1073.9,1073.9,1073.9,1073.9,1074.6,1074.6,1074.6,1074.6,1074.6,1074.6,1074.6,1074.6,1074.6,1074.6,8.05,7.42,0.0,0.0,8.01,0.0,0.0,0.0,0.0,7.51,7.7,7.51,0.0,0.0,8.27,0.0,0.0,0.0,7.93,0.0,0.0,0.0,0.0,7.7,7.72,0.0,0.0,0.0,842.6,833.6,839.4,56.337,55.908,55.861
P6,IB3,P6-IB3-3.2-SI13,SACU-2,18,0,18,0.0,100.0,MBUS-13,Idle: Initializing,0.0,0.0,0.0,0.0,0.0,0.0,0.0,0.0,0.0,0.0,0.0,0.0,0.0,0.0,0.0,0.0,0.0,0.0,0.0,0.0,0.0,0.0,0.0,0.0,0.0,0.0,0.0,0.0,0.0,0.0,0.0,0.0,0.0,0.0,0.0,0.0,0.0,0.0,0.0,0.0,0.0,0.0,0.0,0.0,0.0,0.0,0.0,0.0,0.0,0.0,0.0,0.0,0.0,0.0,0.0,0.0,0.0,0.0,0.0,0.0,0.0,0.0,0.0,0.0,0.0
P6,IB3,P6-IB3-3.2-SI14,SACU-2,18,18,0,100.0,0.0,MBUS-14,On-grid,551.19,150.518,-0.019,1104.0,1104.0,1104.0,1104.0,1098.2,1098.2,1098.2,1098.2,1098.2,1091.6,1091.6,1091.6,1091.6,1091.6,1096.1,1096.1,1096.1,1096.1,1078.1,1078.1,1078.1,1078.1,1078.1,1098.9,1098.9,1098.9,1098.9,1098.9,7.9,7.87,7.57,7.68,7.75,7.85,7.75,0.0,0.0,7.71,7.72,7.96,0.0,0.0,7.39,7.77,7.74,7.88,0.0,7.91,7.54,0.0,0.0,0.0,7.49,7.71,0.0,0.0,844.8,840.7,835.4,104.0,103.523,103.403
P6,IB3,P6-IB3-3.2-SI15,SACU-2,18,18,0,100.0,0.0,MBUS-15,On-grid,550.68,149.347,0.015,1090.4,1090.4,1090.4,1090.4,1089.1,1089.1,1089.1,1089.1,1089.1,1083.9,1083.9,1083.9,1083.9,1083.9,1087.2,1087.2,1087.2,1087.2,1094.8,1094.8,1094.8,1094.8,1094.8,1096.6,1096.6,1096.6,1096.6,1096.6,7.84,7.51,7.84,7.7,7.7,7.68,7.82,0.0,0.0,7.61,7.8,7.65,0.0,0.0,7.94,7.62,7.77,0.0,7.48,7.95,7.65,0.0,0.0,7.87,7.48,0.0,0.0,0.0,847.6,840.8,839.0,102.836,102.236,102.762
P6,IB3,P6-IB3-3.2-SI16,SACU-2,18,15,3,83.33,16.67,MBUS-16,On-grid,455.71,123.071,0.039,1081.7,1081.7,1081.7,1081.7,1077.5,1077.5,1077.5,1077.5,1077.5,1087.0,1087.0,1087.0,1087.0,1087.0,1095.3,1095.3,1095.3,1095.3,1077.9,1077.9,1077.9,1077.9,1077.9,1093.2,1093.2,1093.2,1093.2,1093.2,7.82,0.0,7.62,0.0,7.57,7.81,7.5,0.0,0.0,7.33,7.35,7.51,0.0,0.0,7.6,7.77,7.54,7.51,8.36,0.0,0.0,0.0,0.0,0.0,7.8,7.58,0.0,0.0,848.0,837.1,843.1,85.251,84.421,84.167
P6,IB3,P6-IB3-4.1-SI01,SACU-2,18,18,0,100.0,0.0,MBUS-17,On-grid,548.29,155.096,0.062,1089.3,1089.3,1089.3,1089.3,1075.5,1075.5,1075.5,1075.5,1075.5,1081.6,1081.6,1081.6,1081.6,1081.6,1081.7,1081.7,1081.7,1081.7,1089.8,1089.8,1089.8,1089.8,1089.8,1088.3,1088.3,1088.3,1088.3,1088.3,8.15,7.92,7.89,7.69,8.08,8.06,8.13,0.0,0.0,8.04,8.17,8.04,0.0,0.0,8.29,7.87,8.2,0.0,8.09,8.24,7.93,0.0,0.0,8.15,7.83,0.0,0.0,0.0,847.0,836.7,842.5,107.039,106.498,106.225
P6,IB3,P6-IB3-4.1-SI02,SACU-2,18,18,0,100.0,0.0,MBUS-18,On-grid,554.91,152.748,-0.051,1102.8,1102.8,1102.8,1102.8,1091.5,1091.5,1091.5,1091.5,1091.5,1086.0,1086.0,1086.0,1086.0,1086.0,1102.3,1102.3,1102.3,1102.3,1092.8,1092.8,1092.8,1092.8,1092.8,1085.3,1085.3,1085.3,1085.3,1085.3,7.81,7.8,7.86,7.66,7.66,7.95,7.94,0.0,0.0,7.72,8.13,7.98,0.0,0.0,7.97,7.63,7.97,0.0,8.05,7.99,7.59,0.0,0.0,7.65,7.72,0.0,0.0,0.0,844.4,834.7,839.8,105.756,105.148,105.003
P6,IB3,P6-IB3-4.1-SI03,SACU-2,18,17,1,94.44,5.56,MBUS-19,On-grid,526.9,142.291,0.028,1083.8,1083.8,1083.8,1083.8,1099.9,1099.9,1099.9,1099.9,1099.9,1096.0,1096.0,1096.0,1096.0,1096.0,1088.1,1088.1,1088.1,1088.1,1094.9,1094.9,1094.9,1094.9,1094.9,1088.8,1088.8,1088.8,1088.8,1088.8,7.93,7.62,7.82,7.58,7.59,7.9,7.8,0.0,0.0,7.83,7.54,7.7,0.0,0.0,0.0,7.59,7.77,0.0,7.71,7.98,7.6,0.0,0.0,7.88,7.53,0.0,0.0,0.0,843.4,834.7,838.0,98.297,98.19,98.282
P6,IB3,P6-IB3-4.1-SI04,SACU-2,18,18,0,100.0,0.0,MBUS-20,On-grid,552.11,156.089,0.041,1073.9,1073.9,1073.9,1073.9,1082.5,1082.5,1082.5,1082.5,1082.5,1076.1,1076.1,1076.1,1076.1,1076.1,1085.8,1085.8,1085.8,1085.8,1097.0,1097.0,1097.0,1097.0,1097.0,1096.2,1096.2,1096.2,1096.2,1096.2,8.21,7.96,8.25,8.07,7.89,7.99,8.3,0.0,0.0,8.25,8.2,8.01,0.0,0.0,8.31,7.98,8.12,0.0,8.02,8.32,8.11,0.0,0.0,8.25,7.96,0.0,0.0,0.0,846.6,841.8,837.5,107.752,107.303,106.856
P6,IB3,P6-IB3-4.1-SI05,SACU-2,18,18,0,100.0,0.0,MBUS-21,On-grid,555.18,153.275,0.042,1083.0,1083.0,1083.0,1083.0,1083.5,1083.5,1083.5,1083.5,1083.5,1083.9,1083.9,1083.9,1083.9,1083.9,1109.8,1109.8,1109.8,1109.8,1117.2,1117.2,1117.2,1117.2,1117.2,1103.0,1103.0,1103.0,1103.0,1103.0,8.04,7.85,7.99,7.92,7.77,7.67,8.07,0.0,0.0,8.03,7.91,7.81,0.0,0.0,8.05,7.71,7.66,0.0,7.71,7.97,7.88,0.0,0.0,8.14,7.91,0.0,0.0,0.0,845.2,835.3,841.4,105.927,105.33,105.31
P6,IB3,P6-IB3-4.1-SI06,SACU-2,18,18,0,100.0,0.0,MBUS-22,On-grid,550.86,157.159,0.034,1103.8,1103.8,1103.8,1103.8,1101.5,1101.5,1101.5,1101.5,1101.5,1078.1,1078.1,1078.1,1078.1,1078.1,1092.9,1092.9,1092.9,1092.9,1099.5,1099.5,1099.5,1099.5,1099.5,1084.1,1084.1,1084.1,1084.1,1084.1,8.57,8.13,8.34,7.99,8.02,8.04,8.09,0.0,0.0,8.16,8.29,8.09,0.0,0.0,8.27,7.78,7.99,0.0,7.83,8.05,7.66,0.0,0.0,7.9,7.91,0.0,0.0,0.0,847.6,837.6,844.3,107.956,107.602,107.941
P6,IB3,P6-IB3-4.1-SI07,SACU-2,18,18,0,100.0,0.0,MBUS-23,On-grid,554.29,155.86,-0.004,1087.4,1087.4,1087.4,1087.4,1093.9,1093.9,1093.9,1093.9,1093.9,1082.5,1082.5,1082.5,1082.5,1082.5,1088.7,1088.7,1088.7,1088.7,1097.2,1097.2,1097.2,1097.2,1097.2,1094.9,1094.9,1094.9,1094.9,1094.9,8.05,8.01,8.48,8.01,8.06,7.96,8.12,0.0,0.0,8.16,8.19,7.94,0.0,0.0,8.14,7.73,8.2,0.0,8.04,7.98,7.77,0.0,0.0,8.33,7.96,0.0,0.0,0.0,846.9,839.1,840.3,107.554,106.994,106.594
P6,IB3,P6-IB3-4.1-SI08,SACU-2,18,18,0,100.0,0.0,MBUS-24,On-grid,559.31,153.234,-0.028,1088.9,1088.9,1088.9,1088.9,1090.7,1090.7,1090.7,1090.7,1090.7,1100.9,1100.9,1100.9,1100.9,1100.9,1099.8,1099.8,1099.8,1099.8,1085.2,1085.2,1085.2,1085.2,1085.2,1087.9,1087.9,1087.9,1087.9,1087.9,8.13,7.87,7.99,7.89,7.78,7.88,7.93,0.0,0.0,7.71,7.85,7.76,0.0,0.0,7.88,7.68,7.89,0.0,7.82,8.02,7.75,0.0,0.0,7.83,7.93,0.0,0.0,0.0,845.9,840.4,835.9,105.687,105.497,105.074
P6,IB3,P6-IB3-4.2-SI09,SACU-2,18,18,0,100.0,0.0,MBUS-25,On-grid,554.49,154.918,0.008,1083.5,1083.5,1083.5,1083.5,1095.7,1095.7,1095.7,1095.7,1095.7,1108.4,1108.4,1108.4,1108.4,1108.4,1095.6,1095.6,1095.6,1095.6,1091.7,1091.7,1091.7,1091.7,1091.7,1086.2,1086.2,1086.2,1086.2,1086.2,8.19,7.86,8.17,8.01,7.6,8.18,7.88,0.0,0.0,7.8,8.05,7.99,0.0,0.0,7.94,7.77,8.08,7.69,8.18,8.15,0.0,0.0,0.0,8.28,7.88,0.0,0.0,0.0,850.0,841.7,843.2,106.109,106.075,106.093
P6,IB3,P6-IB3-4.2-SI10,SACU-2,18,18,0,100.0,0.0,MBUS-26,On-grid,558.4,152.576,0.025,1088.4,1088.4,1088.4,1088.4,1101.5,1101.5,1101.5,1101.5,1101.5,1098.1,1098.1,1098.1,1098.1,1098.1,1089.6,1089.6,1089.6,1089.6,1095.7,1095.7,1095.7,1095.7,1095.7,1091.1,1091.1,1091.1,1091.1,1091.1,7.95,7.85,8.04,7.89,7.94,7.86,7.95,0.0,0.0,7.89,7.89,7.79,0.0,0.0,8.09,7.74,7.76,0.0,7.82,7.91,7.62,0.0,0.0,7.97,7.65,0.0,0.0,0.0,848.4,837.5,843.8,104.806,104.852,104.224
P6,IB3,P6-IB3-4.2-SI11,SACU-2,18,18,0,100.0,0.0,MBUS-27,On-grid,557.67,153.944,-0.008,1098.0,1098.0,1098.0,1098.0,1095.7,1095.7,1095.7,1095.7,1095.7,1099.3,1099.3,1099.3,1099.3,1099.3,1106.1,1106.1,1106.1,1106.1,1091.2,1091.2,1091.2,1091.2,1091.2,1091.0,1091.0,1091.0,1091.0,1091.0,8.1,7.81,7.89,8.1,7.96,7.94,8.04,0.0,0.0,7.88,7.98,7.82,0.0,0.0,8.06,7.62,7.75,0.0,7.89,7.97,7.66,0.0,0.0,7.9,7.63,0.0,0.0,0.0,846.9,836.4,841.9,106.15,105.463,105.936
P6,IB3,P6-IB3-4.2-SI12,SACU-2,18,18,0,100.0,0.0,MBUS-28,On-grid,551.44,154.132,-0.017,1087.4,1087.4,1087.4,1087.4,1082.7,1082.7,1082.7,1082.7,1082.7,1086.5,1086.5,1086.5,1086.5,1086.5,1084.9,1084.9,1084.9,1084.9,1085.3,1085.3,1085.3,1085.3,1085.3,1080.2,1080.2,1080.2,1080.2,1080.2,8.13,7.76,8.11,8.03,7.93,7.91,8.25,0.0,0.0,8.12,8.02,7.87,0.0,0.0,8.18,7.89,7.98,0.0,7.93,8.19,7.86,0.0,0.0,8.17,7.7,0.0,0.0,0.0,849.2,844.8,839.8,105.877,105.314,105.64
P6,IB3,P6-IB3-4.2-SI13,SACU-2,18,18,0,100.0,0.0,MBUS-29,On-grid,552.0,149.459,0.004,1081.6,1081.6,1081.6,1081.6,1080.8,1080.8,1080.8,1080.8,1080.8,1082.0,1082.0,1082.0,1082.0,1082.0,1084.2,1084.2,1084.2,1084.2,1088.6,1088.6,1088.6,1088.6,1088.6,1094.3,1094.3,1094.3,1094.3,1094.3,7.97,7.88,7.66,7.67,7.76,7.81,7.85,0.0,0.0,7.71,7.82,7.65,0.0,0.0,7.95,7.87,0.0,7.79,7.63,7.81,7.44,0.0,0.0,0.0,7.76,7.58,0.0,0.0,847.8,841.2,840.5,102.885,102.621,102.304
P6,IB3,P6-IB3-4.2-SI14,SACU-2,18,18,0,100.0,0.0,MBUS-30,On-grid,552.98,150.207,0.022,1091.9,1091.9,1091.9,1091.9,1105.4,1105.4,1105.4,1105.4,1105.4,1091.4,1091.4,1091.4,1091.4,1091.4,1075.5,1075.5,1075.5,1075.5,1088.4,1088.4,1088.4,1088.4,1088.4,1101.7,1101.7,1101.7,1101.7,1101.7,7.95,7.77,7.83,7.62,7.67,7.66,7.75,0.0,0.0,7.65,7.99,7.55,0.0,0.0,8.16,7.64,7.85,0.0,7.84,7.9,7.48,0.0,0.0,7.93,7.58,0.0,0.0,0.0,845.9,836.2,840.7,103.771,103.199,103.142
P6,IB3,P6-IB3-4.2-SI15,SACU-2,18,18,0,100.0,0.0,MBUS-31,On-grid,555.03,155.389,0.077,1082.9,1082.9,1082.9,1082.9,1091.3,1091.3,1091.3,1091.3,1091.3,1083.6,1083.6,1083.6,1083.6,1083.6,1099.6,1099.6,1099.6,1099.6,1097.7,1097.7,1097.7,1097.7,1097.7,1083.5,1083.5,1083.5,1083.5,1083.5,7.95,8.24,8.11,7.97,8.03,8.21,8.04,0.0,0.0,7.87,8.26,8.16,0.0,0.0,8.0,7.75,8.06,0.0,8.13,7.98,7.71,0.0,0.0,7.97,7.82,0.0,0.0,0.0,850.6,840.2,846.2,106.291,106.324,106.376
P6,IB3,P6-IB3-4.2-SI16,SACU-2,18,18,0,100.0,0.0,MBUS-32,On-grid,551.92,150.543,0.015,1088.4,1088.4,1088.4,1088.4,1075.8,1075.8,1075.8,1075.8,1075.8,1092.3,1092.3,1092.3,1092.3,1092.3,1093.5,1093.5,1093.5,1093.5,1084.6,1084.6,1084.6,1084.6,1084.6,1081.3,1081.3,1081.3,1081.3,1081.3,7.97,7.7,7.89,7.75,7.81,7.75,7.97,0.0,0.0,7.83,7.87,7.74,0.0,0.0,7.86,7.61,7.82,0.0,7.65,7.93,7.71,0.0,0.0,7.89,7.64,0.0,0.0,0.0,848.1,842.0,840.2,103.558,103.538,102.832
P6,IB4,P6-IB4-1.1-SI01,SACU-1,19,19,0,100.0,0.0,MBUS-1,On-grid,586.67,171.585,-0.018,1086.3,1086.3,1086.3,1086.3,1083.0,1083.0,1083.0,1083.0,1083.0,1087.9,1087.9,1087.9,1087.9,1087.9,1105.2,1105.2,1105.2,1105.2,1105.1,1105.1,1105.1,1105.1,1105.1,1094.0,1094.0,1094.0,1094.0,1094.0,8.14,8.45,8.21,8.35,8.01,8.55,8.26,0.0,0.0,8.67,8.21,8.6,0.0,0.0,8.33,8.49,0.0,8.28,8.55,8.3,8.24,0.0,0.0,8.51,8.2,8.54,0.0,0.0,845.4,834.9,839.1,118.136,118.108,118.509
P6,IB4,P6-IB4-1.1-SI02,SACU-1,19,18,1,94.74,5.26,MBUS-2,On-grid,560.01,158.985,0.012,1079.4,1079.4,1079.4,1079.4,1082.0,1082.0,1082.0,1082.0,1082.0,1081.3,1081.3,1081.3,1081.3,1081.3,1079.4,1079.4,1079.4,1079.4,1100.9,1100.9,1100.9,1100.9,1100.9,1087.0,1087.0,1087.0,1087.0,1087.0,8.08,7.94,8.33,8.08,7.97,8.23,8.35,0.0,0.0,8.36,8.37,8.28,0.0,0.0,8.07,8.36,8.33,0.0,0.0,0.0,8.29,8.23,0.0,0.0,8.46,8.42,8.2,0.0,845.7,842.2,835.1,109.676,109.428,108.972
P6,IB4,P6-IB4-1.1-SI03,SACU-1,19,19,0,100.0,0.0,MBUS-3,On-grid,586.47,166.537,0.013,1075.1,1075.1,1075.1,1075.1,1089.8,1089.8,1089.8,1089.8,1089.8,1082.9,1082.9,1082.9,1082.9,1082.9,1084.6,1084.6,1084.6,1084.6,1079.7,1079.7,1079.7,1079.7,1079.7,1094.8,1094.8,1094.8,1094.8,1094.8,8.08,7.91,8.1,8.4,0.0,0.0,7.85,8.22,8.17,8.26,0.0,0.0,8.12,8.41,8.16,8.11,8.29,0.0,8.27,8.13,8.41,0.0,0.0,0.0,0.0,8.22,8.08,8.07,849.0,838.2,842.4,114.369,114.213,114.363
P6,IB4,P6-IB4-1.1-SI04,SACU-1,19,19,0,100.0,0.0,MBUS-4,On-grid,581.8,159.68,0.034,1096.5,1096.5,1096.5,1096.5,1085.5,1085.5,1085.5,1085.5,1085.5,1084.9,1084.9,1084.9,1084.9,1084.9,1079.5,1079.5,1079.5,1079.5,1095.2,1095.2,1095.2,1095.2,1095.2,1103.8,1103.8,1103.8,1103.8,1103.8,7.67,7.73,7.87,7.85,7.76,7.77,7.73,0.0,0.0,7.98,7.73,7.92,0.0,0.0,7.88,7.96,0.0,0.0,7.69,7.98,7.59,0.0,0.0,7.7,0.0,7.91,7.62,7.72,848.0,838.8,841.0,110.275,109.43,109.417
P6,IB4,P6-IB4-1.1-SI05,SACU-1,19,19,0,100.0,0.0,MBUS-5,On-grid,585.05,156.531,-0.016,1077.9,1077.9,1077.9,1077.9,1098.0,1098.0,1098.0,1098.0,1098.0,1093.0,1093.0,1093.0,1093.0,1093.0,1084.5,1084.5,1084.5,1084.5,1090.6,1090.6,1090.6,1090.6,1090.6,1093.4,1093.4,1093.4,1093.4,1093.4,7.7,7.81,7.85,7.64,7.3,7.73,7.69,0.0,0.0,7.5,7.51,7.63,0.0,0.0,7.93,7.55,7.46,0.0,7.72,7.87,7.79,0.0,0.0,7.71,7.59,7.69,0.0,0.0,850.5,840.9,844.6,107.644,107.256,107.321
P6,IB4,P6-IB4-1.1-SI06,SACU-1,19,19,0,100.0,0.0,MBUS-6,On-grid,590.64,158.675,-0.048,1082.7,1082.7,1082.7,1082.7,1088.9,1088.9,1088.9,1088.9,1088.9,1086.2,1086.2,1086.2,1086.2,1086.2,1100.4,1100.4,1100.4,1100.4,1096.6,1096.6,1096.6,1096.6,1096.6,1072.7,1072.7,1072.7,1072.7,1072.7,7.54,7.64,7.86,7.71,7.48,7.64,8.07,0.0,0.0,7.41,8.11,7.92,0.0,0.0,8.07,7.98,0.0,7.19,7.68,8.12,7.75,0.0,0.0,8.11,8.06,7.21,0.0,0.0,852.4,848.5,841.6,108.63,108.597,108.235
P6,IB4,P6-IB4-1.1-SI07,SACU-1,19,18,1,94.74,5.26,MBUS-7,On-grid,562.0,147.042,-0.045,1085.3,1085.3,1085.3,1085.3,1092.2,1092.2,1092.2,1092.2,1092.2,1086.6,1086.6,1086.6,1086.6,1086.6,1080.4,1080.4,1080.4,1080.4,1089.7,1089.7,1089.7,1089.7,1089.7,1095.7,1095.7,1095.7,1095.7,1095.7,7.71,7.73,7.46,7.63,0.0,0.0,7.62,7.61,7.59,7.6,7.54,7.59,0.0,0.0,7.56,7.71,7.49,0.0,7.82,7.59,0.0,0.0,0.0,0.0,0.0,7.57,7.5,7.69,851.0,844.9,842.1,100.717,100.8,100.565
P6,IB4,P6-IB4-1.1-SI08,SACU-1,19,18,1,94.74,5.26,MBUS-8,On-grid,558.68,147.911,0.068,1081.6,1081.6,1081.6,1081.6,1077.4,1077.4,1077.4,1077.4,1077.4,1097.7,1097.7,1097.7,1097.7,1097.7,1102.3,1102.3,1102.3,1102.3,1093.1,1093.1,1093.1,1093.1,1093.1,1097.0,1097.0,1097.0,1097.0,1097.0,7.59,7.48,0.0,7.6,0.0,0.0,7.66,7.56,7.55,7.58,7.69,7.83,7.57,0.0,7.51,7.59,7.56,0.0,0.0,0.0,7.64,7.71,7.59,0.0,0.0,0.0,7.77,7.45,851.0,846.7,839.5,101.63,101.23,101.114
P6,IB4,P6-IB4-1.2-SI09,SACU-1,19,19,0,100.0,0.0,MBUS-9,On-grid,587.39,156.533,-0.013,1096.6,1096.6,1096.6,1096.6,1103.5,1103.5,1103.5,1103.5,1103.5,1109.6,1109.6,1109.6,1109.6,1109.6,1098.1,1098.1,1098.1,1098.1,1102.3,1102.3,1102.3,1102.3,1102.3,1094.6,1094.6,1094.6,1094.6,1094.6,7.8,7.46,7.48,7.43,7.47,7.75,7.57,0.0,0.0,7.53,7.75,7.59,0.0,0.0,7.5,7.65,7.55,0.0,7.87,7.63,7.63,0.0,0.0,7.58,7.63,7.84,0.0,0.0,848.6,842.0,840.3,107.525,107.338,107.244
P6,IB4,P6-IB4-1.2-SI10,SACU-1,19,19,0,100.0,0.0,MBUS-10,On-grid,585.18,161.106,0.012,1087.7,1087.7,1087.7,1087.7,1096.2,1096.2,1096.2,1096.2,1096.2,1098.1,1098.1,1098.1,1098.1,1098.1,1098.1,1098.1,1098.1,1098.1,1080.8,1080.8,1080.8,1080.8,1080.8,1085.5,1085.5,1085.5,1085.5,1085.5,7.53,7.65,8.37,7.85,7.74,7.75,8.16,0.0,0.0,8.07,7.84,7.91,7.59,0.0,0.0,7.51,7.58,7.8,0.0,0.0,0.0,7.94,0.0,0.0,7.89,7.82,8.09,7.84,847.4,838.7,842.6,111.374,110.252,110.517
P6,IB4,P6-IB4-1.2-SI11,SACU-1,19,16,3,84.21,15.79,MBUS-11,On-grid,496.82,142.498,0.011,1102.2,1102.2,1102.2,1102.2,1100.4,1100.4,1100.4,1100.4,1100.4,1097.0,1097.0,1097.0,1097.0,1097.0,1097.4,1097.4,1097.4,1097.4,1104.1,1104.1,1104.1,1104.1,1104.1,1119.4,1119.4,1119.4,1119.4,1119.4,8.27,0.0,8.38,8.15,7.96,7.97,8.31,0.0,0.0,8.22,8.25,8.11,0.0,0.0,8.46,8.1,0.0,0.0,0.0,8.39,8.06,0.0,0.0,8.12,7.86,8.18,0.0,0.0,845.1,836.3,839.4,98.295,97.968,98.184
P6,IB4,P6-IB4-1.2-SI12,SACU-1,19,19,0,100.0,0.0,MBUS-12,On-grid,589.38,157.064,-0.037,1087.0,1087.0,1087.0,1087.0,1093.4,1093.4,1093.4,1093.4,1093.4,1077.9,1077.9,1077.9,1077.9,1077.9,1094.4,1094.4,1094.4,1094.4,1093.6,1093.6,1093.6,1093.6,1093.6,1080.2,1080.2,1080.2,1080.2,1080.2,7.65,7.53,7.61,7.83,7.58,7.82,7.63,0.0,0.0,7.78,7.71,7.72,0.0,0.0,7.52,7.74,7.72,7.58,7.81,7.47,0.0,0.0,0.0,0.0,0.0,7.79,7.85,7.65,850.7,841.2,844.8,108.028,107.437,107.6
P6,IB4,P6-IB4-1.2-SI13,SACU-1,19,19,0,100.0,0.0,MBUS-13,On-grid,584.96,159.518,-0.011,1072.3,1072.3,1072.3,1072.3,1087.9,1087.9,1087.9,1087.9,1087.9,1091.8,1091.8,1091.8,1091.8,1091.8,1081.3,1081.3,1081.3,1081.3,1086.4,1086.4,1086.4,1086.4,1086.4,1083.0,1083.0,1083.0,1083.0,1083.0,7.88,7.97,8.08,7.87,7.85,7.72,0.0,0.0,0.0,8.05,0.0,7.85,7.59,8.1,7.96,7.86,7.64,0.0,0.0,7.75,7.8,0.0,7.75,0.0,0.0,7.91,7.52,7.98,848.4,839.9,842.7,109.765,109.46,109.417
P6,IB4,P6-IB4-1.2-SI14,SACU-1,19,19,0,100.0,0.0,MBUS-14,On-grid,579.73,165.738,-0.011,1087.4,1087.4,1087.4,1087.4,1081.9,1081.9,1081.9,1081.9,1081.9,1091.1,1091.1,1091.1,1091.1,1091.1,1082.1,1082.1,1082.1,1082.1,1099.7,1099.7,1099.7,1099.7,1099.7,1077.7,1077.7,1077.7,1077.7,1077.7,8.09,7.86,8.01,8.23,7.73,8.53,8.2,0.0,0.0,8.25,8.46,0.0,0.0,0.0,8.03,8.11,0.0,8.31,8.15,8.31,7.92,0.0,0.0,7.9,7.96,8.29,8.17,0.0,845.1,839.3,835.2,114.529,113.867,114.22
P6,IB4,P6-IB4-1.2-SI15,SACU-1,19,19,0,100.0,0.0,MBUS-15,On-grid,589.27,170.829,-0.011,1082.6,1082.6,1082.6,1082.6,1098.6,1098.6,1098.6,1098.6,1098.6,1097.9,1097.9,1097.9,1097.9,1097.9,1106.7,1106.7,1106.7,1106.7,1101.3,1101.3,1101.3,1101.3,1101.3,1098.0,1098.0,1098.0,1098.0,1098.0,8.41,8.44,8.2,8.34,8.01,8.42,8.44,0.0,0.0,8.4,0.0,8.45,8.5,8.31,8.44,8.17,0.0,8.24,0.0,0.0,0.0,8.51,8.13,8.5,0.0,8.4,0.0,8.24,847.9,842.2,836.7,117.557,117.218,117.467
P6,IB4,P6-IB4-1.2-SI16,SACU-1,19,18,1,94.74,5.26,MBUS-16,On-grid,555.64,153.306,-0.015,1101.9,1101.9,1101.9,1101.9,1089.2,1089.2,1089.2,1089.2,1089.2,1089.1,1089.1,1089.1,1089.1,1089.1,1089.6,1089.6,1089.6,1089.6,1087.5,1087.5,1087.5,1087.5,1087.5,1092.8,1092.8,1092.8,1092.8,1092.8,7.74,7.97,7.8,7.89,7.61,7.98,8.12,0.0,0.0,8.11,7.8,7.93,0.0,0.0,8.08,7.8,8.09,0.0,8.04,8.05,7.87,0.0,0.0,0.0,8.04,7.58,0.0,0.0,849.7,840.4,843.4,105.691,105.079,105.003
P6,IB4,P6-IB4-2.1-SI01,SACU-1,19,18,1,94.74,5.26,MBUS-17,On-grid,547.5,148.436,-0.055,1088.0,1088.0,1088.0,1088.0,1076.2,1076.2,1076.2,1076.2,1076.2,1090.6,1090.6,1090.6,1090.6,1090.6,1079.2,1079.2,1079.2,1079.2,1085.2,1085.2,1085.2,1085.2,1085.2,1084.4,1084.4,1084.4,1084.4,1084.4,7.87,7.54,7.71,7.85,7.69,7.83,7.89,0.0,0.0,7.75,7.81,7.63,0.0,0.0,8.04,7.83,7.71,0.0,7.92,0.0,7.62,0.0,0.0,7.85,7.78,7.72,0.0,0.0,847.2,842.1,837.2,102.375,102.044,101.937
P6,IB4,P6-IB4-2.1-SI02,SACU-1,19,19,0,100.0,0.0,MBUS-18,On-grid,578.34,157.151,0.063,1090.0,1090.0,1090.0,1090.0,1081.4,1081.4,1081.4,1081.4,1081.4,1086.4,1086.4,1086.4,1086.4,1086.4,1106.8,1106.8,1106.8,1106.8,1081.6,1081.6,1081.6,1081.6,1081.6,1083.0,1083.0,1083.0,1083.0,1083.0,7.72,7.66,7.87,7.76,7.62,7.83,7.81,0.0,0.0,7.94,7.6,7.55,0.0,0.0,7.85,7.68,7.43,0.0,7.97,7.9,7.63,0.0,0.0,7.82,7.55,7.93,0.0,0.0,848.2,838.2,843.2,108.431,107.021,107.642
P6,IB4,P6-IB4-2.1-SI03,SACU-1,19,19,0,100.0,0.0,MBUS-19,On-grid,575.1,170.885,0.006,1077.3,1077.3,1077.3,1077.3,1074.6,1074.6,1074.6,1074.6,1074.6,1081.9,1081.9,1081.9,1081.9,1081.9,1070.8,1070.8,1070.8,1070.8,1085.0,1085.0,1085.0,1085.0,1085.0,1088.5,1088.5,1088.5,1088.5,1088.5,8.74,8.55,8.33,8.62,8.6,8.33,8.55,0.0,0.0,8.48,8.6,8.49,0.0,0.0,0.0,8.53,8.36,8.7,8.52,8.49,8.56,0.0,0.0,0.0,8.6,8.34,8.27,0.0,845.2,835.7,837.9,118.438,117.69,117.676
P6,IB4,P6-IB4-2.1-SI04,SACU-1,19,19,0,100.0,0.0,MBUS-20,On-grid,578.41,173.626,-0.045,1090.8,1090.8,1090.8,1090.8,1098.0,1098.0,1098.0,1098.0,1098.0,1094.9,1094.9,1094.9,1094.9,1094.9,1081.8,1081.8,1081.8,1081.8,1072.3,1072.3,1072.3,1072.3,1072.3,1064.2,1064.2,1064.2,1064.2,1064.2,8.63,8.61,8.52,8.32,8.75,8.42,8.59,0.0,0.0,8.54,8.79,8.42,0.0,0.0,8.7,8.63,8.32,8.66,8.69,8.53,0.0,0.0,0.0,8.84,8.71,8.34,0.0,0.0,846.1,840.3,836.2,119.674,119.506,119.046
P6,IB4,P6-IB4-2.1-SI05,SACU-1,19,18,1,94.74,5.26,MBUS-21,On-grid,545.41,161.202,0.011,1083.2,1083.2,1083.2,1083.2,1104.7,1104.7,1104.7,1104.7,1104.7,1068.8,1068.8,1068.8,1068.8,1068.8,1091.9,1091.9,1091.9,1091.9,1084.8,1084.8,1084.8,1084.8,1084.8,1081.2,1081.2,1081.2,1081.2,1081.2,8.4,8.5,8.22,8.42,8.15,8.42,8.18,0.0,0.0,8.26,8.4,8.28,0.0,0.0,8.57,8.36,8.43,0.0,8.25,8.19,8.62,0.0,0.0,8.4,0.0,8.29,0.0,0.0,847.3,841.1,837.8,110.984,110.196,111.075
P6,IB4,P6-IB4-2.1-SI06,SACU-1,19,19,0,100.0,0.0,MBUS-22,On-grid,577.22,172.287,0.024,1086.3,1086.3,1086.3,1086.3,1083.9,1083.9,1083.9,1083.9,1083.9,1077.1,1077.1,1077.1,1077.1,1077.1,1077.8,1077.8,1077.8,1077.8,1096.2,1096.2,1096.2,1096.2,1096.2,1077.9,1077.9,1077.9,1077.9,1077.9,8.8,8.41,8.52,8.41,8.27,8.76,0.0,0.0,0.0,8.81,0.0,8.52,8.51,8.41,8.84,8.67,0.0,8.42,8.75,8.48,8.1,0.0,0.0,0.0,0.0,8.32,8.71,8.15,848.1,844.0,836.2,118.297,118.227,118.412
P6,IB4,P6-IB4-2.1-SI07,SACU-1,19,19,0,100.0,0.0,MBUS-23,On-grid,573.08,160.231,0.04,1078.9,1078.9,1078.9,1078.9,1079.1,1079.1,1079.1,1079.1,1079.1,1107.3,1107.3,1107.3,1107.3,1107.3,1081.3,1081.3,1081.3,1081.3,1082.1,1082.1,1082.1,1082.1,1082.1,1076.2,1076.2,1076.2,1076.2,1076.2,7.98,7.8,7.98,8.24,6.97,8.14,7.84,7.94,0.0,8.15,0.0,7.86,0.0,0.0,8.38,7.64,7.78,0.0,7.83,7.77,8.04,0.0,0.0,7.48,7.91,7.78,0.0,0.0,848.4,839.6,841.6,110.306,109.715,109.817
P6,IB4,P6-IB4-2.1-SI08,SACU-1,19,19,0,100.0,0.0,MBUS-24,On-grid,575.78,173.37,0.013,1070.7,1070.7,1070.7,1070.7,1082.8,1082.8,1082.8,1082.8,1082.8,1089.5,1089.5,1089.5,1089.5,1089.5,1094.4,1094.4,1094.4,1094.4,1078.8,1078.8,1078.8,1078.8,1078.8,1085.5,1085.5,1085.5,1085.5,1085.5,8.58,8.67,8.29,8.45,9.12,8.6,0.0,0.0,8.56,8.48,8.59,8.58,0.0,0.0,8.87,8.29,0.0,8.31,8.34,8.64,8.52,0.0,0.0,0.0,0.0,8.41,8.61,8.69,847.2,836.4,841.4,119.328,119.227,119.013
P6,IB4,P6-IB4-2.2-SI09,SACU-1,19,18,1,94.74,5.26,MBUS-25,On-grid,548.01,152.32,0.007,1083.2,1083.2,1083.2,1083.2,1085.9,1085.9,1085.9,1085.9,1085.9,1082.8,1082.8,1082.8,1082.8,1082.8,1099.4,1099.4,1099.4,1099.4,1077.7,1077.7,1077.7,1077.7,1077.7,1076.8,1076.8,1076.8,1076.8,1076.8,7.98,7.67,7.98,7.89,7.94,8.23,7.79,0.0,0.0,7.84,7.95,8.18,0.0,0.0,7.79,7.64,7.79,7.84,8.36,8.06,0.0,0.0,0.0,8.14,7.69,0.0,0.0,0.0,848.2,838.7,841.9,105.017,104.356,104.723
P6,IB4,P6-IB4-2.2-SI10,SACU-1,19,17,2,89.47,10.53,MBUS-26,On-grid,514.09,153.737,0.013,1100.1,1100.1,1100.1,1100.1,1092.0,1092.0,1092.0,1092.0,1092.0,1094.5,1094.5,1094.5,1094.5,1094.5,1075.9,1075.9,1075.9,1075.9,1085.9,1085.9,1085.9,1085.9,1085.9,1085.0,1085.0,1085.0,1085.0,1085.0,8.28,0.0,8.36,8.33,8.28,8.64,8.48,0.0,0.0,8.45,8.33,8.64,0.0,0.0,8.79,0.0,8.53,0.0,8.69,8.43,8.28,0.0,0.0,8.62,8.0,8.59,0.0,0.0,847.9,838.6,840.7,105.611,105.305,105.412
P6,IB4,P6-IB4-2.2-SI11,SACU-1,19,19,0,100.0,0.0,MBUS-27,On-grid,571.86,159.349,0.018,1074.4,1074.4,1074.4,1074.4,1081.6,1081.6,1081.6,1081.6,1081.6,1076.6,1076.6,1076.6,1076.6,1076.6,1075.9,1075.9,1075.9,1075.9,1064.3,1064.3,1064.3,1064.3,1064.3,1091.1,1091.1,1091.1,1091.1,1091.1,8.38,7.84,7.81,8.02,7.89,7.98,8.07,0.0,0.0,8.28,7.53,7.97,0.0,0.0,8.36,8.02,7.68,8.12,8.57,0.0,7.32,0.0,0.0,7.91,7.89,7.73,0.0,0.0,849.9,840.3,841.5,109.168,109.048,108.899
P6,IB4,P6-IB4-2.2-SI12,SACU-1,19,18,1,94.74,5.26,MBUS-28,On-grid,545.66,163.492,-0.032,1092.0,1092.0,1092.0,1092.0,1082.4,1082.4,1082.4,1082.4,1082.4,1074.6,1074.6,1074.6,1074.6,1074.6,1079.1,1079.1,1079.1,1079.1,1045.7,1045.7,1045.7,1045.7,1045.7,1090.4,1090.4,1090.4,1090.4,1090.4,8.48,8.59,8.21,8.49,8.56,8.86,8.67,0.0,0.0,8.79,0.0,8.92,0.0,0.0,8.45,8.39,8.64,8.84,8.94,8.35,0.0,0.0,0.0,7.83,8.67,8.65,0.0,0.0,847.4,839.6,840.3,112.499,112.028,112.125
P6,IB4,P6-IB4-2.2-SI13,SACU-1,19,19,0,100.0,0.0,MBUS-29,On-grid,578.27,172.674,0.037,1101.8,1101.8,1101.8,1101.8,1089.6,1089.6,1089.6,1089.6,1089.6,1091.2,1091.2,1091.2,1091.2,1091.2,1076.5,1076.5,1076.5,1076.5,1100.5,1100.5,1100.5,1100.5,1100.5,1082.3,1082.3,1082.3,1082.3,1082.3,9.1,8.29,8.53,8.29,9.0,8.73,8.64,0.0,8.17,8.65,7.81,8.68,8.58,0.0,8.97,8.4,8.69,8.49,8.87,8.42,0.0,0.0,0.0,9.14,0.0,0.0,0.0,0.0,849.1,842.3,841.1,119.014,118.098,118.34
P6,IB4,P6-IB4-2.2-SI14,SACU-1,19,19,0,100.0,0.0,MBUS-30,On-grid,582.38,165.725,0.066,1101.4,1101.4,1101.4,1101.4,1077.1,1077.1,1077.1,1077.1,1077.1,1109.3,1109.3,1109.3,1109.3,1109.3,1097.0,1097.0,1097.0,1097.0,1102.4,1102.4,1102.4,1102.4,1102.4,1089.0,1089.0,1089.0,1089.0,1089.0,8.45,7.34,8.19,8.19,7.96,8.11,8.68,0.0,0.0,8.1,0.0,7.69,8.01,0.0,8.38,8.07,0.0,8.05,7.76,8.12,0.0,0.0,7.86,0.0,0.0,8.16,8.03,8.17,848.9,844.8,840.9,114.013,113.092,113.167
P6,IB4,P6-IB4-2.2-SI15,SACU-1,19,19,0,100.0,0.0,MBUS-31,On-grid,577.67,172.904,-0.05,1087.0,1087.0,1087.0,1087.0,1074.4,1074.4,1074.4,1074.4,1074.4,1074.7,1074.7,1074.7,1074.7,1074.7,1092.9,1092.9,1092.9,1092.9,1090.2,1090.2,1090.2,1090.2,1090.2,1091.9,1091.9,1091.9,1091.9,1091.9,8.96,8.62,8.26,8.59,8.57,8.61,8.72,0.0,0.0,8.48,8.02,8.79,0.0,0.0,8.72,8.58,8.48,0.0,8.91,8.67,8.44,0.0,0.0,8.98,8.32,8.59,0.0,0.0,846.6,840.7,836.2,119.14,119.189,118.744
P6,IB4,P6-IB4-2.2-SI16,SACU-1,19,19,0,100.0,0.0,MBUS-32,On-grid,573.87,167.576,0.003,1080.8,1080.8,1080.8,1080.8,1081.2,1081.2,1081.2,1081.2,1081.2,1066.1,1066.1,1066.1,1066.1,1066.1,1088.8,1088.8,1088.8,1088.8,1070.5,1070.5,1070.5,1070.5,1070.5,1069.2,1069.2,1069.2,1069.2,1069.2,8.47,8.43,8.14,8.55,8.4,8.35,8.51,0.0,0.0,8.12,0.0,0.0,7.63,8.3,8.22,8.32,8.42,8.5,8.64,8.23,8.36,0.0,0.0,0.0,8.37,0.0,8.52,0.0,845.0,839.1,835.2,115.7,115.411,115.399
P6,IB4,P6-IB4-3.1-SI01,SACU-2,19,18,1,94.74,5.26,MBUS-1,On-grid,541.97,152.604,-0.043,1096.4,1096.4,1096.4,1096.4,1080.8,1080.8,1080.8,1080.8,1080.8,1075.9,1075.9,1075.9,1075.9,1075.9,1069.4,1069.4,1069.4,1069.4,1081.7,1081.7,1081.7,1081.7,1081.7,1067.6,1067.6,1067.6,1067.6,1067.6,7.91,7.97,7.73,7.91,7.8,8.08,8.17,0.0,0.0,8.29,7.97,7.97,0.0,0.0,8.07,8.14,7.91,0.0,7.77,7.99,8.02,0.0,0.0,7.77,7.88,0.0,0.0,0.0,849.2,840.0,842.4,105.103,104.795,104.662
P6,IB4,P6-IB4-3.1-SI02,SACU-2,19,19,0,100.0,0.0,MBUS-2,On-grid,578.36,160.242,-0.012,1079.8,1079.8,1079.8,1079.8,1113.7,1113.7,1113.7,1113.7,1113.7,1106.1,1106.1,1106.1,1106.1,1106.1,1098.1,1098.1,1098.1,1098.1,1098.0,1098.0,1098.0,1098.0,1098.0,1096.7,1096.7,1096.7,1096.7,1096.7,7.91,8.09,7.88,8.06,7.44,7.69,7.76,0.0,0.0,7.52,7.79,7.72,0.0,0.0,7.84,7.87,7.77,0.0,7.75,7.95,7.75,0.0,0.0,7.75,7.98,7.75,0.0,0.0,850.3,841.1,845.1,110.075,109.737,109.311
P6,IB4,P6-IB4-3.1-SI03,SACU-2,19,19,0,100.0,0.0,MBUS-3,On-grid,579.13,158.865,0.007,1087.7,1087.7,1087.7,1087.7,1088.8,1088.8,1088.8,1088.8,1088.8,1084.5,1084.5,1084.5,1084.5,1084.5,1078.3,1078.3,1078.3,1078.3,1066.6,1066.6,1066.6,1066.6,1066.6,1070.0,1070.0,1070.0,1070.0,1070.0,7.76,7.92,7.85,7.69,7.76,7.82,7.87,0.0,0.0,7.84,8.19,7.64,0.0,0.0,7.88,8.02,7.9,0.0,8.01,7.88,8.2,0.0,0.0,8.03,7.93,7.98,0.0,0.0,846.0,840.2,835.4,109.815,109.312,108.986
P6,IB4,P6-IB4-3.1-SI04,SACU-2,19,19,0,100.0,0.0,MBUS-4,On-grid,577.18,163.877,-0.028,1084.2,1084.2,1084.2,1084.2,1090.4,1090.4,1090.4,1090.4,1090.4,1090.7,1090.7,1090.7,1090.7,1090.7,1072.8,1072.8,1072.8,1072.8,1076.9,1076.9,1076.9,1076.9,1076.9,1087.5,1087.5,1087.5,1087.5,1087.5,8.28,7.98,8.26,8.13,7.99,7.99,8.17,0.0,0.0,8.11,8.14,8.13,0.0,0.0,8.26,8.18,7.91,0.0,8.04,8.02,8.28,0.0,0.0,7.9,8.04,7.76,0.0,0.0,847.2,837.6,840.8,113.248,112.54,112.127
P6,IB4,P6-IB4-3.1-SI05,SACU-2,19,19,0,100.0,0.0,MBUS-5,On-grid,574.58,160.579,-0.002,1087.2,1087.2,1087.2,1087.2,1091.9,1091.9,1091.9,1091.9,1091.9,1081.7,1081.7,1081.7,1081.7,1081.7,1069.7,1069.7,1069.7,1069.7,1066.2,1066.2,1066.2,1066.2,1066.2,1085.9,1085.9,1085.9,1085.9,1085.9,8.21,7.79,7.98,8.05,7.94,8.07,7.88,0.0,0.0,8.44,7.85,7.84,0.0,0.0,8.35,8.07,0.0,7.93,8.41,8.22,7.69,0.0,0.0,8.23,7.71,7.99,0.0,0.0,848.8,839.5,842.8,110.623,110.193,110.08
P6,IB4,P6-IB4-3.1-SI06,SACU-2,19,18,1,94.74,5.26,MBUS-6,On-grid,551.92,156.797,0.051,1095.3,1095.3,1095.3,1095.3,1092.8,1092.8,1092.8,1092.8,1092.8,1085.5,1085.5,1085.5,1085.5,1085.5,1089.8,1089.8,1089.8,1089.8,1085.7,1085.7,1085.7,1085.7,1085.7,1095.0,1095.0,1095.0,1095.0,1095.0,8.22,8.13,8.05,8.26,7.84,8.08,8.03,0.0,0.0,8.18,8.25,8.21,0.0,0.0,0.0,8.02,0.0,7.99,8.11,8.08,8.25,0.0,0.0,0.0,8.22,7.87,8.14,0.0,850.4,845.2,838.5,107.611,107.313,107.479
P6,IB4,P6-IB4-3.1-SI07,SACU-2,19,19,0,100.0,0.0,MBUS-7,On-grid,581.34,163.484,-0.084,1085.3,1085.3,1085.3,1085.3,1082.9,1082.9,1082.9,1082.9,1082.9,1099.3,1099.3,1099.3,1099.3,1099.3,1094.0,1094.0,1094.0,1094.0,1090.6,1090.6,1090.6,1090.6,1090.6,1090.5,1090.5,1090.5,1090.5,1090.5,7.85,8.1,8.18,8.02,7.99,8.28,7.92,0.0,0.0,8.01,7.74,8.13,0.0,0.0,8.1,8.19,8.03,0.0,8.06,7.96,8.25,0.0,0.0,8.1,8.19,8.11,0.0,0.0,846.1,839.5,835.2,112.524,112.39,113.025
P6,IB4,P6-IB4-3.1-SI08,SACU-2,19,19,0,100.0,0.0,MBUS-8,On-grid,579.9,162.775,-0.027,1092.8,1092.8,1092.8,1092.8,1083.0,1083.0,1083.0,1083.0,1083.0,1102.1,1102.1,1102.1,1102.1,1102.1,1100.7,1100.7,1100.7,1100.7,1089.4,1089.4,1089.4,1089.4,1089.4,1097.7,1097.7,1097.7,1097.7,1097.7,8.23,8.0,7.87,7.95,0.0,8.11,8.17,8.01,0.0,8.51,7.84,7.99,0.0,0.0,8.05,7.95,7.91,7.76,8.5,0.0,7.9,8.0,0.0,0.0,0.0,7.79,8.03,0.0,847.7,841.8,838.0,111.963,111.897,112.105
P6,IB4,P6-IB4-3.2-SI09,SACU-2,19,19,0,100.0,0.0,MBUS-9,On-grid,579.22,158.245,-0.04,1081.3,1081.3,1081.3,1081.3,1073.5,1073.5,1073.5,1073.5,1073.5,1092.5,1092.5,1092.5,1092.5,1092.5,1094.0,1094.0,1094.0,1094.0,1073.2,1073.2,1073.2,1073.2,1073.2,1075.9,1075.9,1075.9,1075.9,1075.9,8.23,7.96,7.64,7.79,8.03,7.77,7.87,0.0,0.0,8.19,7.83,0.0,7.52,0.0,8.29,7.63,7.9,0.0,8.04,7.93,7.94,0.0,0.0,7.8,7.82,0.0,7.95,0.0,845.1,835.1,838.2,109.295,109.414,109.232
P6,IB4,P6-IB4-3.2-SI10,SACU-2,19,19,0,100.0,0.0,MBUS-10,On-grid,575.2,163.715,0.022,1093.0,1093.0,1093.0,1093.0,1080.9,1080.9,1080.9,1080.9,1080.9,1071.2,1071.2,1071.2,1071.2,1071.2,1083.0,1083.0,1083.0,1083.0,1074.1,1074.1,1074.1,1074.1,1074.1,1093.4,1093.4,1093.4,1093.4,1093.4,8.25,8.13,7.87,8.08,8.51,8.16,7.93,0.0,0.0,8.42,8.26,8.27,0.0,0.0,8.1,8.02,7.99,0.0,8.63,8.27,8.0,0.0,0.0,8.32,8.07,8.08,0.0,0.0,845.7,840.8,836.2,112.497,112.792,112.476
P6,IB4,P6-IB4-3.2-SI11,SACU-2,19,18,1,94.74,5.26,MBUS-11,On-grid,548.72,155.705,0.053,1079.4,1079.4,1079.4,1079.4,1095.1,1095.1,1095.1,1095.1,1095.1,1088.3,1088.3,1088.3,1088.3,1088.3,1086.1,1086.1,1086.1,1086.1,1089.7,1089.7,1089.7,1089.7,1089.7,1073.4,1073.4,1073.4,1073.4,1073.4,8.46,8.2,8.03,8.06,8.23,8.14,8.04,0.0,0.0,8.15,8.2,7.99,0.0,0.0,8.37,8.05,0.0,7.89,8.22,0.0,8.02,0.0,0.0,7.79,8.06,8.06,0.0,0.0,847.6,838.3,842.3,107.26,106.785,106.823
P6,IB4,P6-IB4-3.2-SI12,SACU-2,19,19,0,100.0,0.0,MBUS-12,On-grid,575.6,161.523,0.017,1082.4,1082.4,1082.4,1082.4,1090.2,1090.2,1090.2,1090.2,1090.2,1099.5,1099.5,1099.5,1099.5,1099.5,1077.0,1077.0,1077.0,1077.0,1034.6,1034.6,1034.6,1034.6,1034.6,1099.0,1099.0,1099.0,1099.0,1099.0,8.01,8.13,8.0,7.84,7.82,7.9,8.04,0.0,0.0,7.94,7.89,0.0,0.0,8.06,8.29,7.98,8.17,7.91,8.28,7.58,8.19,0.0,0.0,0.0,0.0,7.73,0.0,7.95,843.9,840.4,832.0,111.91,111.197,111.239
P6,IB4,P6-IB4-3.2-SI13,SACU-2,19,17,2,89.47,10.53,MBUS-13,On-grid,512.7,145.982,0.068,1090.0,1090.0,1090.0,1090.0,1089.2,1089.2,1089.2,1089.2,1089.2,1028.4,1028.4,1028.4,1028.4,1028.4,1085.5,1085.5,1085.5,1085.5,1079.2,1079.2,1079.2,1079.2,1079.2,1088.1,1088.1,1088.1,1088.1,1088.1,8.22,7.9,8.17,8.08,8.49,8.12,0.0,0.0,7.85,7.98,0.0,0.0,8.41,0.0,0.0,8.13,8.15,7.68,8.31,8.22,0.0,0.0,0.0,0.0,0.0,8.05,8.03,7.8,846.4,837.0,840.5,100.896,100.35,100.087
P6,IB4,P6-IB4-3.2-SI14,SACU-2,19,19,0,100.0,0.0,MBUS-14,On-grid,579.94,167.999,0.043,1083.0,1083.0,1083.0,1083.0,1093.9,1093.9,1093.9,1093.9,1093.9,1088.0,1088.0,1088.0,1088.0,1088.0,1091.9,1091.9,1091.9,1091.9,1080.0,1080.0,1080.0,1080.0,1080.0,1083.5,1083.5,1083.5,1083.5,1083.5,8.54,8.53,8.29,0.0,8.32,8.36,8.49,0.0,0.0,8.54,8.4,8.34,8.01,0.0,8.4,8.21,7.97,0.0,8.38,8.06,8.34,0.0,0.0,8.38,8.11,8.21,0.0,0.0,848.4,843.9,837.0,116.013,115.402,114.842
P6,IB4,P6-IB4-3.2-SI15,SACU-2,19,17,2,89.47,10.53,MBUS-15,On-grid,520.66,145.806,0.033,1079.7,1079.7,1079.7,1079.7,1081.6,1081.6,1081.6,1081.6,1081.6,1081.5,1081.5,1081.5,1081.5,1081.5,1086.1,1086.1,1086.1,1086.1,1081.7,1081.7,1081.7,1081.7,1081.7,1079.4,1079.4,1079.4,1079.4,1079.4,8.16,8.01,7.84,8.2,8.29,8.1,0.0,0.0,0.0,8.35,0.0,7.94,0.0,0.0,0.0,7.85,7.96,0.0,8.22,8.17,7.91,7.94,0.0,8.22,7.96,8.2,0.0,0.0,843.5,838.3,834.4,101.077,100.331,100.491
P6,IB4,P6-IB4-3.2-SI16,SACU-2,19,19,0,100.0,0.0,MBUS-16,On-grid,579.12,164.51,0.003,1078.5,1078.5,1078.5,1078.5,1093.1,1093.1,1093.1,1093.1,1093.1,1089.9,1089.9,1089.9,1089.9,1089.9,1081.0,1081.0,1081.0,1081.0,1075.0,1075.0,1075.0,1075.0,1075.0,1068.8,1068.8,1068.8,1068.8,1068.8,8.11,8.15,8.31,8.13,8.05,7.91,8.23,0.0,0.0,7.96,8.09,8.09,8.11,0.0,0.0,8.1,8.09,7.94,8.22,7.89,8.23,8.1,0.0,8.65,0.0,0.0,0.0,0.0,845.9,836.9,840.5,113.414,113.043,113.22
P6,IB4,P6-IB4-4.1-SI01,SACU-2,19,19,0,100.0,0.0,MBUS-17,On-grid,583.86,154.721,0.037,1094.4,1094.4,1094.4,1094.4,1101.3,1101.3,1101.3,1101.3,1101.3,1095.2,1095.2,1095.2,1095.2,1095.2,1083.6,1083.6,1083.6,1083.6,1092.8,1092.8,1092.8,1092.8,1092.8,1074.2,1074.2,1074.2,1074.2,1074.2,7.83,7.54,7.56,7.37,7.66,7.54,7.63,0.0,0.0,7.55,7.67,7.54,0.0,0.0,7.84,7.62,7.63,0.0,7.54,7.66,7.4,0.0,0.0,7.52,7.58,7.87,0.0,0.0,841.7,834.8,835.4,107.045,106.863,106.661
P6,IB4,P6-IB4-4.1-SI02,SACU-2,19,16,3,84.21,15.79,MBUS-18,On-grid,493.52,127.786,-0.016,1088.1,1088.1,1088.1,1088.1,1090.3,1090.3,1090.3,1090.3,1090.3,1086.0,1086.0,1086.0,1086.0,1086.0,389.7,389.7,389.7,389.7,1090.0,1090.0,1090.0,1090.0,1090.0,1091.5,1091.5,1091.5,1091.5,1091.5,7.27,7.72,7.49,7.49,7.27,7.47,7.49,0.0,0.0,7.24,7.65,7.29,0.0,0.0,0.0,0.0,0.0,0.0,7.04,7.66,7.7,0.0,0.0,0.0,0.0,7.45,7.39,7.4,847.1,837.0,840.9,88.315,88.041,87.892
P6,IB4,P6-IB4-4.1-SI03,SACU-2,19,19,0,100.0,0.0,MBUS-19,On-grid,585.65,152.948,-0.004,1091.7,1091.7,1091.7,1091.7,1095.6,1095.6,1095.6,1095.6,1095.6,1079.2,1079.2,1079.2,1079.2,1079.2,1097.0,1097.0,1097.0,1097.0,1088.4,1088.4,1088.4,1088.4,1088.4,1074.5,1074.5,1074.5,1074.5,1074.5,7.75,7.44,7.41,7.68,0.0,7.49,7.61,7.59,0.0,7.73,7.54,7.44,7.25,0.0,7.92,7.49,0.0,0.0,7.5,7.63,7.45,0.0,0.0,7.33,7.51,7.64,0.0,0.0,846.3,840.1,837.1,105.449,105.086,105.157
P6,IB4,P6-IB4-4.1-SI04,SACU-2,19,19,0,100.0,0.0,MBUS-20,On-grid,583.81,154.437,0.043,1092.9,1092.9,1092.9,1092.9,1097.8,1097.8,1097.8,1097.8,1097.8,1089.7,1089.7,1089.7,1089.7,1089.7,1104.4,1104.4,1104.4,1104.4,1091.8,1091.8,1091.8,1091.8,1091.8,1082.8,1082.8,1082.8,1082.8,1082.8,7.71,7.41,7.65,7.6,7.3,7.57,7.29,0.0,0.0,7.77,0.0,0.0,0.0,7.68,7.88,7.43,0.0,7.6,7.54,0.0,7.57,7.74,0.0,7.66,0.0,7.63,7.44,7.53,844.9,835.5,839.5,106.877,106.287,106.339
P6,IB4,P6-IB4-4.1-SI05,SACU-2,19,18,1,94.74,5.26,MBUS-21,On-grid,556.94,147.921,0.057,1101.0,1101.0,1101.0,1101.0,1101.1,1101.1,1101.1,1101.1,1101.1,1098.9,1098.9,1098.9,1098.9,1098.9,1085.5,1085.5,1085.5,1085.5,1091.7,1091.7,1091.7,1091.7,1091.7,1098.8,1098.8,1098.8,1098.8,1098.8,7.85,7.38,7.51,7.56,0.0,0.0,0.0,7.82,7.6,7.66,0.0,0.0,7.57,7.59,7.81,7.7,0.0,0.0,7.35,7.69,7.53,7.79,0.0,0.0,0.0,7.53,7.52,7.74,846.0,840.1,836.1,102.284,101.961,101.515
P6,IB4,P6-IB4-4.1-SI06,SACU-2,19,17,2,89.47,10.53,MBUS-22,On-grid,527.32,139.018,0.039,1084.3,1084.3,1084.3,1084.3,1092.7,1092.7,1092.7,1092.7,1092.7,1088.5,1088.5,1088.5,1088.5,1088.5,1088.5,1088.5,1088.5,1088.5,1104.2,1104.2,1104.2,1104.2,1104.2,1105.5,1105.5,1105.5,1105.5,1105.5,0.0,7.54,7.52,7.45,7.8,7.61,7.57,0.0,7.83,7.49,0.0,0.0,0.0,0.0,7.55,7.68,7.67,7.59,7.48,7.57,7.55,7.59,0.0,0.0,0.0,7.59,0.0,0.0,846.3,835.4,840.0,95.865,95.729,95.787
P6,IB4,P6-IB4-4.1-SI07,SACU-2,19,19,0,100.0,0.0,MBUS-23,On-grid,586.82,154.601,-0.006,1101.0,1101.0,1101.0,1101.0,1101.2,1101.2,1101.2,1101.2,1101.2,1089.7,1089.7,1089.7,1089.7,1089.7,1087.4,1087.4,1087.4,1087.4,1089.4,1089.4,1089.4,1089.4,1089.4,1085.7,1085.7,1085.7,1085.7,1085.7,7.55,7.61,7.52,7.53,7.29,7.79,7.52,0.0,0.0,7.72,7.36,7.7,0.0,0.0,7.69,7.67,0.0,7.31,0.0,0.0,7.5,7.52,7.55,0.0,0.0,7.39,7.48,7.67,846.4,840.6,837.0,106.751,106.15,106.483
P6,IB4,P6-IB4-4.1-SI08,SACU-2,19,19,0,100.0,0.0,MBUS-24,On-grid,556.01,145.407,0.078,1076.8,1076.8,1076.8,1076.8,1093.7,1093.7,1093.7,1093.7,1093.7,1098.2,1098.2,1098.2,1098.2,1098.2,1105.3,1105.3,1105.3,1105.3,1089.0,1089.0,1089.0,1089.0,1089.0,1092.0,1092.0,1092.0,1092.0,1092.0,7.83,7.61,7.61,7.49,7.63,7.4,7.6,0.0,0.0,7.85,7.53,7.34,0.0,0.0,0.56,7.34,0.0,0.0,7.72,7.72,7.34,0.0,0.0,7.75,7.34,7.61,7.45,0.0,847.0,836.7,841.1,100.584,99.684,99.945
P6,IB4,P6-IB4-4.2-SI09,SACU-2,19,19,0,100.0,0.0,MBUS-25,On-grid,578.53,162.943,0.061,1088.4,1088.4,1088.4,1088.4,1086.9,1086.9,1086.9,1086.9,1086.9,1083.0,1083.0,1083.0,1083.0,1083.0,1086.1,1086.1,1086.1,1086.1,1098.1,1098.1,1098.1,1098.1,1098.1,1081.1,1081.1,1081.1,1081.1,1081.1,8.09,7.88,8.12,7.86,8.1,7.91,8.05,0.0,0.0,7.93,7.83,8.07,0.0,0.0,8.2,8.01,8.07,0.0,7.97,8.12,7.89,0.0,0.0,8.24,8.2,8.17,0.0,0.0,848.5,841.3,844.2,112.36,111.658,111.598
P6,IB4,P6-IB4-4.2-SI10,SACU-2,19,16,3,84.21,15.79,MBUS-26,On-grid,491.0,128.033,0.059,1089.4,1089.4,1089.4,1089.4,1083.3,1083.3,1083.3,1083.3,1083.3,1082.5,1082.5,1082.5,1082.5,1082.5,1083.7,1083.7,1083.7,1083.7,1088.0,1088.0,1088.0,1088.0,1088.0,1087.8,1087.8,1087.8,1087.8,1087.8,7.75,7.34,0.0,0.0,7.3,7.63,7.46,0.0,0.0,7.53,7.35,7.55,0.0,0.0,7.72,7.34,7.38,7.45,7.76,7.24,7.44,0.0,0.0,7.6,0.0,0.0,0.0,0.0,846.0,837.1,839.7,88.615,88.089,88.001
P6,IB4,P6-IB4-4.2-SI11,SACU-2,19,19,0,100.0,0.0,MBUS-27,On-grid,587.13,156.841,0.041,1096.6,1096.6,1096.6,1096.6,1104.6,1104.6,1104.6,1104.6,1104.6,1123.0,1123.0,1123.0,1123.0,1123.0,1097.4,1097.4,1097.4,1097.4,1082.4,1082.4,1082.4,1082.4,1082.4,1073.4,1073.4,1073.4,1073.4,1073.4,7.77,7.64,7.42,7.63,7.52,7.69,7.53,0.0,0.0,8.07,0.0,0.0,7.35,7.65,8.0,0.0,7.58,0.0,7.84,7.65,7.79,7.83,0.0,0.0,0.0,7.82,7.66,7.68,844.6,840.1,833.1,108.384,108.296,107.96
P6,IB4,P6-IB4-4.2-SI12,SACU-2,19,19,0,100.0,0.0,MBUS-28,On-grid,588.14,159.033,-0.041,1099.9,1099.9,1099.9,1099.9,1085.8,1085.8,1085.8,1085.8,1085.8,1093.0,1093.0,1093.0,1093.0,1093.0,1099.2,1099.2,1099.2,1099.2,1098.6,1098.6,1098.6,1098.6,1098.6,1085.6,1085.6,1085.6,1085.6,1085.6,8.36,7.8,7.66,7.62,8.31,7.8,0.0,0.0,7.84,8.04,7.62,7.94,0.0,0.0,7.9,0.0,7.77,7.67,0.0,0.0,0.0,7.67,7.59,8.29,0.0,7.73,7.54,7.84,845.6,835.5,838.9,109.788,109.536,109.901
P6,IB4,P6-IB4-4.2-SI13,SACU-2,19,19,0,100.0,0.0,MBUS-29,On-grid,579.79,164.465,0.093,1089.1,1089.1,1089.1,1089.1,1086.9,1086.9,1086.9,1086.9,1086.9,1091.8,1091.8,1091.8,1091.8,1091.8,1079.8,1079.8,1079.8,1079.8,1093.0,1093.0,1093.0,1093.0,1093.0,1093.2,1093.2,1093.2,1093.2,1093.2,7.63,8.12,8.09,7.99,8.05,8.03,8.11,0.0,0.0,7.9,7.95,8.63,0.0,0.0,8.3,8.26,7.99,0.0,7.95,8.02,8.13,0.0,0.0,7.69,8.19,8.2,0.0,0.0,850.2,845.7,840.3,113.405,112.145,112.727
P6,IB4,P6-IB4-4.2-SI14,SACU-2,19,19,0,100.0,0.0,MBUS-30,On-grid,582.03,155.656,0.038,1094.1,1094.1,1094.1,1094.1,1090.4,1090.4,1090.4,1090.4,1090.4,1087.1,1087.1,1087.1,1087.1,1087.1,1083.3,1083.3,1083.3,1083.3,1088.9,1088.9,1088.9,1088.9,1088.9,1094.5,1094.5,1094.5,1094.5,1094.5,7.76,7.56,7.67,7.79,7.77,7.62,7.5,0.0,0.0,7.77,7.56,7.72,0.0,0.0,7.85,7.59,0.0,7.69,7.38,7.8,7.71,0.0,0.0,7.63,7.72,7.64,0.0,0.0,845.1,840.1,835.8,107.892,107.066,106.89
P6,IB4,P6-IB4-4.2-SI15,SACU-2,19,19,0,100.0,0.0,MBUS-31,On-grid,577.99,161.471,0.036,1093.8,1093.8,1093.8,1093.8,1088.2,1088.2,1088.2,1088.2,1088.2,1091.9,1091.9,1091.9,1091.9,1091.9,1083.2,1083.2,1083.2,1083.2,1103.4,1103.4,1103.4,1103.4,1103.4,1095.5,1095.5,1095.5,1095.5,1095.5,7.79,7.88,7.57,7.99,7.88,8.0,7.79,0.0,0.0,7.92,8.12,7.93,0.0,0.0,7.98,7.91,7.93,0.0,7.66,7.98,7.99,0.0,0.0,7.76,8.0,7.98,0.0,0.0,849.8,844.2,840.6,110.76,110.529,110.325
P6,IB4,P6-IB4-4.2-SI16,SACU-2,19,19,0,100.0,0.0,MBUS-32,On-grid,583.76,162.289,0.082,1086.2,1086.2,1086.2,1086.2,1086.5,1086.5,1086.5,1086.5,1086.5,1098.1,1098.1,1098.1,1098.1,1098.1,1064.4,1064.4,1064.4,1064.4,1082.5,1082.5,1082.5,1082.5,1082.5,1095.1,1095.1,1095.1,1095.1,1095.1,8.16,7.95,8.18,8.0,7.91,8.0,7.99,0.0,0.0,8.09,7.78,7.86,0.0,0.0,8.17,8.07,7.87,0.0,7.93,8.03,8.1,0.0,0.0,7.73,7.98,7.7,0.0,0.0,847.3,838.4,842.0,111.864,111.221,111.763
P6,IB5,P6-IB5-1.1-SI01,SACU-1,18,17,1,94.44,5.56,MBUS-1,On-grid,521.39,153.084,-30.62,1087.5,1087.5,1087.5,1087.5,1097.3,1097.3,1097.3,1097.3,1097.3,1099.0,1099.0,1099.0,1099.0,1099.0,1095.0,1095.0,1095.0,1095.0,1100.9,1100.9,1100.9,1100.9,1100.9,1090.0,1090.0,1090.0,1090.0,1090.0,8.52,8.54,8.52,8.35,8.47,8.4,8.34,0.0,0.0,8.39,8.51,8.21,0.0,0.0,8.5,8.32,8.29,0.0,8.1,8.32,8.12,0.0,0.0,8.65,0.0,0.0,0.0,0.0,837.6,828.2,833.4,109.583,108.375,108.628
P6,IB5,P6-IB5-1.1-SI02,SACU-1,18,18,0,100.0,0.0,MBUS-2,On-grid,550.42,158.898,-30.64,1092.2,1092.2,1092.2,1092.2,1093.2,1093.2,1093.2,1093.2,1093.2,1087.6,1087.6,1087.6,1087.6,1087.6,1088.0,1088.0,1088.0,1088.0,1099.3,1099.3,1099.3,1099.3,1099.3,1092.2,1092.2,1092.2,1092.2,1092.2,8.45,8.3,8.36,8.2,8.17,8.29,8.41,0.0,0.0,8.08,8.34,8.35,0.0,0.0,8.37,8.01,8.32,0.0,8.26,0.0,7.93,0.0,0.0,8.18,8.0,0.0,0.0,8.24,839.9,834.6,830.5,112.683,112.274,112.8
P6,IB5,P6-IB5-1.1-SI03,SACU-1,18,18,0,100.0,0.0,MBUS-3,On-grid,552.45,163.425,-30.62,1087.5,1087.5,1087.5,1087.5,1101.4,1101.4,1101.4,1101.4,1101.4,1103.6,1103.6,1103.6,1103.6,1103.6,1096.5,1096.5,1096.5,1096.5,1098.2,1098.2,1098.2,1098.2,1098.2,1105.1,1105.1,1105.1,1105.1,1105.1,8.78,8.47,8.47,8.37,8.65,8.37,8.54,0.0,0.0,8.5,8.55,8.43,0.0,0.0,8.7,8.32,8.47,0.0,8.72,8.38,8.42,0.0,0.0,8.67,8.24,0.0,0.0,0.0,837.2,826.9,832.3,116.466,115.567,116.263
P6,IB5,P6-IB5-1.1-SI04,SACU-1,18,18,0,100.0,0.0,MBUS-4,On-grid,550.36,162.335,-30.701,1086.7,1086.7,1086.7,1086.7,1100.7,1100.7,1100.7,1100.7,1100.7,1093.9,1093.9,1093.9,1093.9,1093.9,1099.7,1099.7,1099.7,1099.7,1104.2,1104.2,1104.2,1104.2,1104.2,1089.7,1089.7,1089.7,1089.7,1089.7,8.56,8.46,8.24,8.28,8.23,8.46,8.28,0.0,0.0,8.46,8.19,8.55,0.0,0.0,8.32,8.5,8.36,0.0,8.29,8.5,8.46,0.0,0.0,8.36,8.36,0.0,0.0,0.0,835.0,832.0,824.5,115.425,115.574,115.307
P6,IB5,P6-IB5-1.1-SI05,SACU-1,18,18,0,100.0,0.0,MBUS-5,On-grid,544.53,156.707,-30.689,1089.0,1089.0,1089.0,1089.0,1064.1,1064.1,1064.1,1064.1,1064.1,1105.2,1105.2,1105.2,1105.2,1105.2,1089.5,1089.5,1089.5,1089.5,1087.0,1087.0,1087.0,1087.0,1087.0,1094.3,1094.3,1094.3,1094.3,1094.3,8.26,7.93,7.74,8.22,0.0,0.0,8.02,7.87,8.1,8.29,8.1,8.33,0.0,0.0,8.0,8.44,8.38,8.15,8.33,8.44,8.19,0.0,0.0,8.29,0.0,0.0,0.0,0.0,834.1,829.8,826.2,112.455,111.223,111.017
P6,IB5,P6-IB5-1.1-SI06,SACU-1,18,18,0,100.0,0.0,MBUS-6,On-grid,547.73,156.365,-30.701,1102.9,1102.9,1102.9,1102.9,1100.3,1100.3,1100.3,1100.3,1100.3,1100.1,1100.1,1100.1,1100.1,1100.1,1086.4,1086.4,1086.4,1086.4,1086.3,1086.3,1086.3,1086.3,1086.3,1063.1,1063.1,1063.1,1063.1,1063.1,8.0,7.75,7.56,8.17,8.07,7.86,8.07,0.0,0.0,7.91,7.96,8.14,0.0,0.0,8.42,8.11,8.37,0.0,8.23,8.48,8.27,0.0,0.0,8.59,8.14,0.0,0.0,0.0,835.4,829.5,828.9,111.458,111.189,111.068
P6,IB5,P6-IB5-1.1-SI07,SACU-1,18,18,0,100.0,0.0,MBUS-7,On-grid,544.97,152.621,-30.731,1086.9,1086.9,1086.9,1086.9,1100.8,1100.8,1100.8,1100.8,1100.8,1094.9,1094.9,1094.9,1094.9,1094.9,1104.1,1104.1,1104.1,1104.1,1087.4,1087.4,1087.4,1087.4,1087.4,1091.1,1091.1,1091.1,1091.1,1091.1,7.85,7.85,7.78,8.0,0.0,7.68,7.93,7.73,0.0,8.14,7.73,8.08,0.0,0.0,8.01,7.79,7.57,0.0,8.21,8.04,7.86,0.0,0.0,7.55,8.22,0.0,0.0,0.0,832.3,822.9,828.6,109.459,108.828,108.825
P6,IB5,P6-IB5-1.1-SI08,SACU-1,18,18,0,100.0,0.0,MBUS-8,On-grid,545.15,149.987,-30.71,1096.6,1096.6,1096.6,1096.6,1086.0,1086.0,1086.0,1086.0,1086.0,1096.8,1096.8,1096.8,1096.8,1096.8,1087.6,1087.6,1087.6,1087.6,1079.7,1079.7,1079.7,1079.7,1079.7,1088.1,1088.1,1088.1,1088.1,1088.1,8.06,7.6,7.63,7.87,0.0,7.57,8.01,0.0,0.0,7.69,7.6,7.77,7.73,0.0,7.89,7.91,7.87,7.81,8.13,7.7,0.0,0.0,0.0,7.67,7.76,0.0,0.0,0.0,834.5,829.1,826.5,107.486,107.147,106.983
P6,IB5,P6-IB5-1.2-SI09,SACU-1,18,18,0,100.0,0.0,MBUS-9,On-grid,545.6,149.273,-30.723,1078.8,1078.8,1078.8,1078.8,1105.0,1105.0,1105.0,1105.0,1105.0,1077.7,1077.7,1077.7,1077.7,1077.7,1074.2,1074.2,1074.2,1074.2,1097.3,1097.3,1097.3,1097.3,1097.3,1086.5,1086.5,1086.5,1086.5,1086.5,7.87,7.77,7.77,7.77,7.4,7.59,0.0,7.92,0.0,7.71,0.0,0.0,7.77,7.94,8.07,7.9,7.87,7.74,7.7,7.67,0.0,0.0,0.0,8.0,7.83,0.0,0.0,0.0,834.1,828.7,825.1,107.364,106.471,106.689
P6,IB5,P6-IB5-1.2-SI10,SACU-1,18,17,1,94.44,5.56,MBUS-10,On-grid,517.89,141.628,-30.771,1111.9,1111.9,1111.9,1111.9,1084.5,1084.5,1084.5,1084.5,1084.5,1081.9,1081.9,1081.9,1081.9,1081.9,1085.6,1085.6,1085.6,1085.6,1090.7,1090.7,1090.7,1090.7,1090.7,1103.8,1103.8,1103.8,1103.8,1103.8,7.99,7.59,0.0,7.65,7.78,7.94,7.88,0.0,0.0,8.07,7.69,7.82,0.0,0.0,7.77,7.82,7.73,7.79,8.13,7.8,0.0,0.0,0.0,7.99,7.63,0.0,0.0,0.0,833.9,829.9,826.2,101.87,101.338,101.313
P6,IB5,P6-IB5-1.2-SI11,SACU-1,18,18,0,100.0,0.0,MBUS-11,On-grid,545.43,148.788,-30.746,1091.5,1091.5,1091.5,1091.5,1111.6,1111.6,1111.6,1111.6,1111.6,1098.2,1098.2,1098.2,1098.2,1098.2,1087.5,1087.5,1087.5,1087.5,1102.2,1102.2,1102.2,1102.2,1102.2,1094.7,1094.7,1094.7,1094.7,1094.7,7.99,7.64,7.51,7.84,7.75,7.75,0.0,0.0,0.0,7.53,7.67,7.52,0.0,0.0,8.05,7.42,0.0,7.81,7.72,7.86,7.73,0.0,0.0,7.55,7.65,7.59,0.0,0.0,832.9,829.2,823.2,106.732,106.468,106.109
P6,IB5,P6-IB5-1.2-SI12,SACU-1,18,18,0,100.0,0.0,MBUS-12,On-grid,546.01,148.967,-30.616,1081.7,1081.7,1081.7,1081.7,1095.8,1095.8,1095.8,1095.8,1095.8,1089.8,1089.8,1089.8,1089.8,1089.8,1080.4,1080.4,1080.4,1080.4,1088.1,1088.1,1088.1,1088.1,1088.1,1095.7,1095.7,1095.7,1095.7,1095.7,7.81,7.74,7.88,7.74,7.42,7.58,7.86,0.0,0.0,7.71,7.85,7.72,0.0,0.0,7.95,7.69,7.88,0.0,7.62,7.77,7.57,0.0,0.0,7.43,7.79,0.0,0.0,0.0,835.0,828.6,827.0,106.34,106.364,106.691
P6,IB5,P6-IB5-1.2-SI13,SACU-1,18,18,0,100.0,0.0,MBUS-13,On-grid,546.05,147.872,-30.648,1082.5,1082.5,1082.5,1082.5,1097.9,1097.9,1097.9,1097.9,1097.9,1068.0,1068.0,1068.0,1068.0,1068.0,1095.3,1095.3,1095.3,1095.3,1088.7,1088.7,1088.7,1088.7,1088.7,1084.6,1084.6,1084.6,1084.6,1084.6,7.57,7.8,7.8,7.63,7.62,7.52,7.71,0.0,0.0,7.7,7.88,7.73,0.0,0.0,7.88,7.38,7.6,0.0,7.57,7.91,7.54,0.0,0.0,7.96,7.6,0.0,0.0,0.0,834.9,825.3,829.0,105.982,105.803,105.634
P6,IB5,P6-IB5-1.2-SI14,SACU-1,18,18,0,100.0,0.0,MBUS-14,On-grid,545.68,148.325,-30.7,1080.7,1080.7,1080.7,1080.7,1080.6,1080.6,1080.6,1080.6,1080.6,1098.9,1098.9,1098.9,1098.9,1098.9,1088.9,1088.9,1088.9,1088.9,1087.8,1087.8,1087.8,1087.8,1087.8,1092.0,1092.0,1092.0,1092.0,1092.0,8.03,7.61,7.83,7.64,7.87,7.94,7.63,0.0,0.0,7.72,7.49,7.7,0.0,0.0,8.08,7.63,7.76,0.0,7.04,7.94,7.56,0.0,0.0,7.8,7.61,0.0,0.0,0.0,834.0,825.9,830.1,106.54,106.128,106.254
P6,IB5,P6-IB5-1.2-SI15,SACU-1,18,18,0,100.0,0.0,MBUS-15,On-grid,550.85,149.155,-30.681,1098.6,1098.6,1098.6,1098.6,1096.1,1096.1,1096.1,1096.1,1096.1,1080.1,1080.1,1080.1,1080.1,1080.1,1079.8,1079.8,1079.8,1079.8,1084.2,1084.2,1084.2,1084.2,1084.2,1089.6,1089.6,1089.6,1089.6,1089.6,8.02,7.68,7.74,7.65,7.56,7.46,7.57,0.0,0.0,7.96,7.6,7.93,0.0,0.0,7.67,7.93,7.67,7.87,7.69,7.89,0.0,0.0,0.0,7.95,7.58,0.0,0.0,0.0,833.9,828.0,827.2,106.91,106.666,106.588
P6,IB5,P6-IB5-1.2-SI16,SACU-1,18,18,0,100.0,0.0,MBUS-16,On-grid,548.13,148.69,-30.627,1084.3,1084.3,1084.3,1084.3,1099.0,1099.0,1099.0,1099.0,1099.0,1106.1,1106.1,1106.1,1106.1,1106.1,1086.7,1086.7,1086.7,1086.7,1092.0,1092.0,1092.0,1092.0,1092.0,1101.4,1101.4,1101.4,1101.4,1101.4,7.89,7.6,7.89,7.68,7.32,7.56,7.8,0.0,0.0,7.55,7.7,7.6,0.0,0.0,7.97,7.67,7.77,0.0,0.0,7.55,0.0,7.42,0.0,7.61,0.0,7.78,0.0,7.67,834.9,826.8,829.9,106.204,105.662,106.296
P6,IB5,P6-IB5-2.1-SI01,SACU-1,18,18,0,100.0,0.0,MBUS-17,On-grid,544.56,155.074,-30.694,1082.4,1082.4,1082.4,1082.4,1069.7,1069.7,1069.7,1069.7,1069.7,1069.0,1069.0,1069.0,1069.0,1069.0,1080.2,1080.2,1080.2,1080.2,1088.4,1088.4,1088.4,1088.4,1088.4,1099.0,1099.0,1099.0,1099.0,1099.0,8.33,8.3,0.0,8.05,8.12,7.99,7.97,0.0,0.0,8.55,7.98,8.31,7.97,0.0,8.56,7.95,8.22,0.0,8.22,8.22,7.82,0.0,0.0,7.96,7.93,0.0,0.0,0.0,832.7,822.4,829.0,110.844,110.723,110.911
P6,IB5,P6-IB5-2.1-SI02,SACU-1,18,18,0,100.0,0.0,MBUS-18,On-grid,540.63,150.328,-30.675,1093.9,1093.9,1093.9,1093.9,1076.1,1076.1,1076.1,1076.1,1076.1,1088.5,1088.5,1088.5,1088.5,1088.5,1083.3,1083.3,1083.3,1083.3,1072.4,1072.4,1072.4,1072.4,1072.4,1090.2,1090.2,1090.2,1090.2,1090.2,7.93,7.65,7.88,7.67,7.68,7.88,8.01,0.0,0.0,7.8,7.72,7.8,0.0,0.0,8.09,7.79,7.9,0.0,7.78,8.19,7.89,0.0,0.0,7.94,7.74,0.0,0.0,0.0,833.8,828.9,824.8,107.628,107.168,107.618
P6,IB5,P6-IB5-2.1-SI03,SACU-1,18,18,0,100.0,0.0,MBUS-19,On-grid,541.71,150.66,-30.596,1081.9,1081.9,1081.9,1081.9,1111.3,1111.3,1111.3,1111.3,1111.3,1084.4,1084.4,1084.4,1084.4,1084.4,1090.1,1090.1,1090.1,1090.1,1102.0,1102.0,1102.0,1102.0,1102.0,1074.7,1074.7,1074.7,1074.7,1074.7,7.92,8.17,8.14,7.77,0.0,7.78,7.85,0.0,0.0,8.0,7.8,7.94,7.97,0.0,7.94,7.77,7.66,0.0,7.79,7.63,0.0,0.0,0.0,7.57,7.61,7.95,0.0,0.0,834.6,829.1,825.5,107.434,107.64,108.044
P6,IB5,P6-IB5-2.1-SI04,SACU-1,18,18,0,100.0,0.0,MBUS-20,On-grid,544.79,153.435,-30.666,1092.8,1092.8,1092.8,1092.8,1088.7,1088.7,1088.7,1088.7,1088.7,1079.9,1079.9,1079.9,1079.9,1079.9,1091.1,1091.1,1091.1,1091.1,1083.9,1083.9,1083.9,1083.9,1083.9,1094.1,1094.1,1094.1,1094.1,1094.1,8.11,7.84,7.89,7.78,7.96,8.01,8.11,0.0,0.0,8.11,8.03,7.97,0.0,0.0,8.48,0.0,0.0,8.0,7.96,8.12,7.89,0.0,0.0,7.92,7.95,7.84,0.0,0.0,836.6,828.6,828.1,109.139,109.301,109.562
P6,IB5,P6-IB5-2.1-SI05,SACU-1,18,18,0,100.0,0.0,MBUS-21,On-grid,537.63,149.686,-30.728,1078.3,1078.3,1078.3,1078.3,1087.4,1087.4,1087.4,1087.4,1087.4,1085.7,1085.7,1085.7,1085.7,1085.7,1007.4,1007.4,1007.4,1007.4,1093.2,1093.2,1093.2,1093.2,1093.2,1080.7,1080.7,1080.7,1080.7,1080.7,8.03,7.91,7.73,8.07,7.9,8.16,7.91,0.0,0.0,8.11,7.88,7.81,0.0,0.0,8.41,8.18,6.73,0.0,8.11,7.86,7.69,0.0,0.0,8.01,7.81,0.0,0.0,0.0,835.6,824.2,829.8,107.182,107.036,106.9
P6,IB5,P6-IB5-2.1-SI06,SACU-1,18,18,0,100.0,0.0,MBUS-22,On-grid,547.1,159.48,-30.652,1085.4,1085.4,1085.4,1085.4,1092.2,1092.2,1092.2,1092.2,1092.2,1075.7,1075.7,1075.7,1075.7,1075.7,1075.0,1075.0,1075.0,1075.0,1084.3,1084.3,1084.3,1084.3,1084.3,1088.0,1088.0,1088.0,1088.0,1088.0,8.34,8.5,8.39,8.11,8.16,8.3,8.42,0.0,0.0,8.28,8.37,8.27,0.0,0.0,8.54,8.33,8.2,0.0,8.39,8.36,8.15,0.0,0.0,8.29,8.2,0.0,0.0,0.0,834.7,824.7,829.0,114.492,113.467,113.61
P6,IB5,P6-IB5-2.1-SI07,SACU-1,18,18,0,100.0,0.0,MBUS-23,On-grid,542.76,154.829,-30.652,1071.0,1071.0,1071.0,1071.0,1083.3,1083.3,1083.3,1083.3,1083.3,1085.2,1085.2,1085.2,1085.2,1085.2,1097.2,1097.2,1097.2,1097.2,1088.2,1088.2,1088.2,1088.2,1088.2,1088.8,1088.8,1088.8,1088.8,1088.8,8.2,8.28,8.24,7.97,7.8,8.04,7.95,0.0,0.0,8.02,8.03,8.21,0.0,0.0,8.02,7.92,7.88,0.0,8.13,8.14,7.74,0.0,0.0,8.16,7.97,0.0,0.0,0.0,837.3,828.2,832.7,109.879,109.886,110.219
P6,IB5,P6-IB5-2.1-SI08,SACU-1,18,18,0,100.0,0.0,MBUS-24,On-grid,547.98,153.469,-30.764,1086.7,1086.7,1086.7,1086.7,1094.8,1094.8,1094.8,1094.8,1094.8,1098.1,1098.1,1098.1,1098.1,1098.1,1088.2,1088.2,1088.2,1088.2,1102.1,1102.1,1102.1,1102.1,1102.1,1097.0,1097.0,1097.0,1097.0,1097.0,8.27,7.82,8.03,7.94,7.98,7.81,8.0,0.0,0.0,7.89,7.91,7.81,0.0,0.0,8.21,7.82,7.99,0.0,7.95,8.05,7.69,0.0,0.0,8.06,7.79,0.0,0.0,0.0,835.4,826.5,830.8,109.633,109.172,109.577
P6,IB5,P6-IB5-2.2-SI09,SACU-1,18,18,0,100.0,0.0,MBUS-25,On-grid,542.24,152.135,-30.737,1079.0,1079.0,1079.0,1079.0,1078.1,1078.1,1078.1,1078.1,1078.1,1078.7,1078.7,1078.7,1078.7,1078.7,1066.6,1066.6,1066.6,1066.6,1084.2,1084.2,1084.2,1084.2,1084.2,1091.5,1091.5,1091.5,1091.5,1091.5,8.16,7.95,7.79,8.08,7.85,7.99,8.0,0.0,0.0,8.09,7.91,7.88,0.0,0.0,8.07,8.05,8.03,0.0,8.27,7.78,8.04,0.0,0.0,7.97,7.93,0.0,0.0,0.0,834.5,828.9,826.8,108.718,108.895,108.835
P6,IB5,P6-IB5-2.2-SI10,SACU-1,18,18,0,100.0,0.0,MBUS-26,On-grid,544.56,151.897,-30.65,1094.8,1094.8,1094.8,1094.8,1091.0,1091.0,1091.0,1091.0,1091.0,1049.3,1049.3,1049.3,1049.3,1049.3,1089.8,1089.8,1089.8,1089.8,1099.3,1099.3,1099.3,1099.3,1099.3,1084.2,1084.2,1084.2,1084.2,1084.2,7.99,7.9,7.72,8.04,7.83,7.9,7.97,0.0,0.0,7.71,8.21,8.04,0.0,0.0,8.14,7.81,0.0,7.93,7.72,8.04,7.76,0.0,0.0,8.25,7.82,0.0,0.0,0.0,834.0,830.4,824.7,108.505,108.47,108.551
P6,IB5,P6-IB5-2.2-SI11,SACU-1,18,18,0,100.0,0.0,MBUS-27,On-grid,543.97,157.1,-30.628,1087.4,1087.4,1087.4,1087.4,1089.7,1089.7,1089.7,1089.7,1089.7,1079.6,1079.6,1079.6,1079.6,1079.6,1081.2,1081.2,1081.2,1081.2,1085.0,1085.0,1085.0,1085.0,1085.0,1085.5,1085.5,1085.5,1085.5,1085.5,8.41,7.96,8.06,8.32,8.35,8.18,8.22,0.0,0.0,8.23,8.4,8.18,8.21,0.0,8.25,8.26,8.0,0.0,8.36,8.22,7.97,0.0,0.0,8.27,0.0,0.0,0.0,0.0,834.2,829.6,825.4,112.214,112.227,111.844
P6,IB5,P6-IB5-2.2-SI12,SACU-1,18,18,0,100.0,0.0,MBUS-28,On-grid,546.11,157.886,-30.648,1092.0,1092.0,1092.0,1092.0,1080.2,1080.2,1080.2,1080.2,1080.2,1086.7,1086.7,1086.7,1086.7,1086.7,1094.3,1094.3,1094.3,1094.3,1101.8,1101.8,1101.8,1101.8,1101.8,1069.6,1069.6,1069.6,1069.6,1069.6,8.5,8.08,8.18,8.14,8.31,7.96,8.31,0.0,0.0,8.35,8.04,8.25,0.0,0.0,8.34,8.19,8.41,8.36,0.0,8.41,8.08,0.0,0.0,8.79,8.17,0.0,0.0,0.0,831.6,823.3,824.8,112.944,113.1,112.96
P6,IB5,P6-IB5-2.2-SI13,SACU-1,18,18,0,100.0,0.0,MBUS-29,On-grid,543.9,157.242,-30.732,1102.5,1102.5,1102.5,1102.5,1095.7,1095.7,1095.7,1095.7,1095.7,1078.9,1078.9,1078.9,1078.9,1078.9,1108.2,1108.2,1108.2,1108.2,1091.2,1091.2,1091.2,1091.2,1091.2,1101.2,1101.2,1101.2,1101.2,1101.2,8.16,0.0,8.14,7.92,8.06,8.06,8.14,0.0,0.0,8.25,8.06,8.21,8.15,0.0,8.33,7.98,8.02,0.0,7.7,8.22,7.99,0.0,0.0,8.07,7.96,0.0,0.0,0.0,838.3,827.7,833.8,111.594,111.46,111.755
P6,IB5,P6-IB5-2.2-SI14,SACU-1,18,18,0,100.0,0.0,MBUS-30,On-grid,551.36,160.185,-30.654,1089.2,1089.2,1089.2,1089.2,1106.0,1106.0,1106.0,1106.0,1106.0,1086.8,1086.8,1086.8,1086.8,1086.8,1086.1,1086.1,1086.1,1086.1,1086.2,1086.2,1086.2,1086.2,1086.2,1093.5,1093.5,1093.5,1093.5,1093.5,8.48,8.01,8.11,8.46,8.36,8.17,8.32,0.0,0.0,8.41,8.38,8.3,0.0,0.0,8.54,8.36,8.28,0.0,7.75,8.52,8.21,0.0,0.0,8.32,8.3,0.0,0.0,0.0,834.6,825.7,829.7,114.437,114.151,114.068
P6,IB5,P6-IB5-2.2-SI15,SACU-1,18,18,0,100.0,0.0,MBUS-31,On-grid,548.9,158.964,-30.711,1103.4,1103.4,1103.4,1103.4,1092.4,1092.4,1092.4,1092.4,1092.4,1106.2,1106.2,1106.2,1106.2,1106.2,1095.2,1095.2,1095.2,1095.2,1098.9,1098.9,1098.9,1098.9,1098.9,1098.9,1098.9,1098.9,1098.9,1098.9,8.27,7.95,8.17,7.98,8.35,8.09,8.35,0.0,0.0,8.01,8.3,8.11,0.0,0.0,8.34,8.34,8.39,0.0,8.17,8.14,8.26,0.0,0.0,8.29,8.04,0.0,0.0,0.0,832.6,829.3,823.2,113.82,113.442,113.15
P6,IB5,P6-IB5-2.2-SI16,SACU-1,18,18,0,100.0,0.0,MBUS-32,On-grid,550.64,152.127,-30.722,1089.6,1089.6,1089.6,1089.6,1091.4,1091.4,1091.4,1091.4,1091.4,1089.8,1089.8,1089.8,1089.8,1089.8,1098.8,1098.8,1098.8,1098.8,1100.1,1100.1,1100.1,1100.1,1100.1,1099.5,1099.5,1099.5,1099.5,1099.5,8.06,7.72,7.66,7.91,7.86,7.81,7.89,0.0,0.0,7.65,8.01,7.87,0.0,0.0,7.96,7.89,7.95,0.0,7.85,8.08,7.75,0.0,0.0,8.13,7.74,0.0,0.0,0.0,832.1,828.0,821.1,109.058,108.828,109.334
P6,IB5,P6-IB5-3.1-SI01,SACU-2,18,18,0,100.0,0.0,MBUS-1,On-grid,549.8,149.919,0.073,1100.0,1100.0,1100.0,1100.0,1058.4,1058.4,1058.4,1058.4,1058.4,1093.6,1093.6,1093.6,1093.6,1093.6,1086.2,1086.2,1086.2,1086.2,1087.4,1087.4,1087.4,1087.4,1087.4,1091.4,1091.4,1091.4,1091.4,1091.4,7.73,7.53,7.73,7.48,0.0,7.73,8.08,0.0,0.0,7.6,7.8,7.99,7.78,0.0,7.92,7.7,7.92,0.0,7.84,7.77,7.65,0.0,0.0,7.94,7.54,0.0,0.0,0.0,840.6,833.7,832.4,104.185,103.55,103.681
P6,IB5,P6-IB5-3.1-SI02,SACU-2,18,18,0,100.0,0.0,MBUS-2,On-grid,555.06,149.0,-0.003,1097.6,1097.6,1097.6,1097.6,1094.9,1094.9,1094.9,1094.9,1094.9,1096.9,1096.9,1096.9,1096.9,1096.9,1092.1,1092.1,1092.1,1092.1,1094.6,1094.6,1094.6,1094.6,1094.6,1086.9,1086.9,1086.9,1086.9,1086.9,7.56,7.7,7.59,7.64,7.64,7.73,7.6,0.0,0.0,7.7,7.73,7.91,0.0,0.0,7.46,7.77,7.64,7.84,7.79,7.61,0.0,0.0,0.0,0.0,7.43,7.65,0.0,0.0,841.3,836.3,832.0,103.626,102.915,102.723
P6,IB5,P6-IB5-3.1-SI03,SACU-2,18,18,0,100.0,0.0,MBUS-3,On-grid,549.6,148.408,-0.056,1085.9,1085.9,1085.9,1085.9,1085.2,1085.2,1085.2,1085.2,1085.2,1071.0,1071.0,1071.0,1071.0,1071.0,1076.6,1076.6,1076.6,1076.6,1078.9,1078.9,1078.9,1078.9,1078.9,1084.6,1084.6,1084.6,1084.6,1084.6,7.79,7.55,7.75,7.6,7.49,7.59,7.8,0.0,0.0,7.8,7.65,7.89,7.62,0.0,8.02,0.0,7.79,0.0,7.9,7.91,7.7,0.0,0.0,7.97,7.53,0.0,0.0,0.0,840.9,834.9,831.6,103.071,102.789,102.635
P6,IB5,P6-IB5-3.1-SI04,SACU-2,18,18,0,100.0,0.0,MBUS-4,On-grid,547.58,147.59,0.06,1072.6,1072.6,1072.6,1072.6,1072.8,1072.8,1072.8,1072.8,1072.8,1097.6,1097.6,1097.6,1097.6,1097.6,1078.7,1078.7,1078.7,1078.7,1088.2,1088.2,1088.2,1088.2,1088.2,1096.8,1096.8,1096.8,1096.8,1096.8,7.95,7.34,7.44,7.51,7.67,7.86,7.63,0.0,0.0,7.79,7.72,7.56,0.0,0.0,7.87,7.65,7.92,0.0,7.69,7.77,7.35,0.0,0.0,7.78,7.49,0.0,0.0,0.0,841.3,835.5,832.6,102.051,101.891,102.072
P6,IB5,P6-IB5-3.1-SI05,SACU-2,18,18,0,100.0,0.0,MBUS-5,On-grid,543.25,147.533,0.007,1074.6,1074.6,1074.6,1074.6,1085.1,1085.1,1085.1,1085.1,1085.1,1095.9,1095.9,1095.9,1095.9,1095.9,1091.1,1091.1,1091.1,1091.1,1089.7,1089.7,1089.7,1089.7,1089.7,1095.1,1095.1,1095.1,1095.1,1095.1,7.6,7.47,7.74,7.64,7.32,7.5,7.79,0.0,0.0,7.56,7.49,7.74,0.0,0.0,7.81,7.53,7.72,0.0,7.8,7.8,7.48,0.0,0.0,7.86,7.72,0.0,0.0,0.0,842.1,832.3,836.3,102.472,101.943,101.988
P6,IB5,P6-IB5-3.1-SI06,SACU-2,18,18,0,100.0,0.0,MBUS-6,On-grid,553.64,149.908,0.024,1086.8,1086.8,1086.8,1086.8,1075.6,1075.6,1075.6,1075.6,1075.6,1077.6,1077.6,1077.6,1077.6,1077.6,1088.8,1088.8,1088.8,1088.8,1096.3,1096.3,1096.3,1096.3,1096.3,1093.8,1093.8,1093.8,1093.8,1093.8,7.73,7.66,7.89,7.51,7.81,7.81,7.72,0.0,0.0,7.87,7.52,7.99,0.0,0.0,7.87,7.47,7.88,0.0,7.9,7.73,7.49,0.0,0.0,7.97,7.5,0.0,0.0,0.0,841.7,831.8,836.7,103.791,103.511,103.769
P6,IB5,P6-IB5-3.1-SI07,SACU-2,18,18,0,100.0,0.0,MBUS-7,On-grid,548.27,147.083,0.0,1101.5,1101.5,1101.5,1101.5,1089.2,1089.2,1089.2,1089.2,1089.2,1096.6,1096.6,1096.6,1096.6,1096.6,1091.7,1091.7,1091.7,1091.7,1082.7,1082.7,1082.7,1082.7,1082.7,1073.4,1073.4,1073.4,1073.4,1073.4,7.58,7.73,7.43,7.23,7.65,7.86,0.0,0.0,0.0,7.45,7.64,7.42,0.0,0.0,7.59,7.66,7.76,7.51,7.88,7.71,0.0,0.0,0.0,7.67,7.59,7.63,0.0,0.0,843.0,837.8,833.8,102.118,101.21,101.848
P6,IB5,P6-IB5-3.1-SI08,SACU-2,18,18,0,100.0,0.0,MBUS-8,On-grid,545.64,146.574,-0.066,1060.3,1060.3,1060.3,1060.3,1091.7,1091.7,1091.7,1091.7,1091.7,1085.1,1085.1,1085.1,1085.1,1085.1,1088.5,1088.5,1088.5,1088.5,1088.7,1088.7,1088.7,1088.7,1088.7,1073.8,1073.8,1073.8,1073.8,1073.8,8.0,6.9,7.97,7.84,7.52,7.49,7.62,0.0,0.0,7.54,7.62,7.58,0.0,0.0,7.85,7.56,7.66,0.0,7.6,7.78,7.51,0.0,0.0,7.91,7.48,0.0,0.0,0.0,843.4,838.4,832.9,101.597,101.231,100.892
P6,IB5,P6-IB5-3.2-SI09,SACU-2,18,18,0,100.0,0.0,MBUS-9,On-grid,549.31,150.128,-0.021,1079.4,1079.4,1079.4,1079.4,1081.8,1081.8,1081.8,1081.8,1081.8,1097.1,1097.1,1097.1,1097.1,1097.1,1088.0,1088.0,1088.0,1088.0,1081.1,1081.1,1081.1,1081.1,1081.1,1081.2,1081.2,1081.2,1081.2,1081.2,7.76,7.79,7.93,7.64,7.84,7.88,7.8,0.0,0.0,7.47,7.96,7.88,0.0,0.0,7.73,7.85,7.98,0.0,7.92,7.9,7.55,0.0,0.0,7.81,7.65,0.0,0.0,0.0,844.1,832.9,838.8,104.091,103.535,103.434
P6,IB5,P6-IB5-3.2-SI10,SACU-2,18,18,0,100.0,0.0,MBUS-10,On-grid,544.37,147.087,-0.004,1090.1,1090.1,1090.1,1090.1,1082.9,1082.9,1082.9,1082.9,1082.9,1102.8,1102.8,1102.8,1102.8,1102.8,1078.7,1078.7,1078.7,1078.7,1091.6,1091.6,1091.6,1091.6,1091.6,1080.6,1080.6,1080.6,1080.6,1080.6,7.51,7.66,7.63,7.49,7.76,7.61,7.78,0.0,0.0,7.47,7.63,7.54,0.0,0.0,7.91,7.28,7.48,0.0,7.78,7.69,7.43,0.0,0.0,7.73,7.49,0.0,0.0,0.0,844.8,833.7,838.9,101.827,101.433,100.945
P6,IB5,P6-IB5-3.2-SI11,SACU-2,18,18,0,100.0,0.0,MBUS-11,On-grid,544.83,150.513,-0.013,1077.4,1077.4,1077.4,1077.4,1077.1,1077.1,1077.1,1077.1,1077.1,1081.8,1081.8,1081.8,1081.8,1081.8,1075.9,1075.9,1075.9,1075.9,1080.4,1080.4,1080.4,1080.4,1080.4,1102.7,1102.7,1102.7,1102.7,1102.7,8.21,7.91,8.11,7.88,7.79,7.74,8.04,0.0,0.0,7.78,7.6,8.02,0.0,0.0,8.0,7.69,7.89,0.0,7.77,7.99,7.6,0.0,0.0,7.75,7.37,0.0,0.0,0.0,844.8,834.9,839.4,104.332,103.544,103.773
P6,IB5,P6-IB5-3.2-SI12,SACU-2,18,18,0,100.0,0.0,MBUS-12,On-grid,555.85,156.754,0.02,1075.7,1075.7,1075.7,1075.7,1079.5,1079.5,1079.5,1079.5,1079.5,1087.9,1087.9,1087.9,1087.9,1087.9,1092.1,1092.1,1092.1,1092.1,1094.1,1094.1,1094.1,1094.1,1094.1,1096.1,1096.1,1096.1,1096.1,1096.1,8.29,8.06,8.31,8.15,7.98,8.1,8.32,0.0,0.0,8.14,7.89,8.22,0.0,0.0,8.22,7.97,8.04,0.0,7.99,8.26,7.95,0.0,0.0,7.94,7.65,0.0,0.0,0.0,845.7,835.3,841.0,107.973,107.795,108.024
P6,IB5,P6-IB5-3.2-SI13,SACU-2,18,17,1,94.44,5.56,MBUS-13,On-grid,524.25,139.451,0.013,1081.8,1081.8,1081.8,1081.8,1100.5,1100.5,1100.5,1100.5,1100.5,1075.7,1075.7,1075.7,1075.7,1075.7,1096.7,1096.7,1096.7,1096.7,1094.0,1094.0,1094.0,1094.0,1094.0,1081.5,1081.5,1081.5,1081.5,1081.5,7.93,7.55,7.72,7.61,7.51,7.56,7.51,0.0,0.0,7.91,7.52,0.0,7.68,0.0,7.75,7.39,7.65,0.0,0.0,7.49,7.7,0.0,0.0,7.71,7.43,0.0,0.0,0.0,845.5,834.6,840.9,96.676,95.737,95.652
P6,IB5,P6-IB5-3.2-SI14,SACU-2,18,18,0,100.0,0.0,MBUS-14,On-grid,553.29,156.918,-0.028,1083.2,1083.2,1083.2,1083.2,1087.9,1087.9,1087.9,1087.9,1087.9,1088.2,1088.2,1088.2,1088.2,1088.2,1088.3,1088.3,1088.3,1088.3,1069.1,1069.1,1069.1,1069.1,1069.1,1091.4,1091.4,1091.4,1091.4,1091.4,8.26,8.21,8.32,8.09,8.15,8.24,8.36,0.0,0.0,8.03,8.19,8.27,0.0,0.0,8.14,7.9,8.14,0.0,8.13,8.26,7.96,0.0,0.0,8.08,7.73,0.0,0.0,0.0,845.0,839.6,834.4,108.125,108.193,107.931
P6,IB5,P6-IB5-3.2-SI15,SACU-2,18,18,0,100.0,0.0,MBUS-15,On-grid,552.66,154.23,-0.024,1079.2,1079.2,1079.2,1079.2,1077.8,1077.8,1077.8,1077.8,1077.8,1076.0,1076.0,1076.0,1076.0,1076.0,1093.7,1093.7,1093.7,1093.7,1085.6,1085.6,1085.6,1085.6,1085.6,1085.0,1085.0,1085.0,1085.0,1085.0,8.21,7.82,8.09,7.97,8.11,7.93,8.06,0.0,0.0,8.19,8.15,8.07,0.0,0.0,8.44,7.74,7.92,0.0,8.15,8.06,7.79,0.0,0.0,8.07,7.84,0.0,0.0,0.0,843.1,833.8,837.8,106.97,106.522,106.447
P6,IB5,P6-IB5-3.2-SI16,SACU-2,18,18,0,100.0,0.0,MBUS-16,On-grid,550.32,154.494,-0.021,1080.1,1080.1,1080.1,1080.1,1088.6,1088.6,1088.6,1088.6,1088.6,1092.6,1092.6,1092.6,1092.6,1092.6,1108.4,1108.4,1108.4,1108.4,1054.8,1054.8,1054.8,1054.8,1054.8,1107.6,1107.6,1107.6,1107.6,1107.6,8.15,7.93,8.24,8.05,7.6,8.04,8.23,0.0,0.0,7.87,7.92,8.15,0.0,0.0,8.06,7.7,7.78,0.0,8.08,8.34,7.87,0.0,0.0,7.64,8.02,0.0,0.0,0.0,842.1,832.9,836.7,106.993,107.088,106.897
P6,IB5,P6-IB5-4.1-SI01,SACU-2,18,18,0,100.0,0.0,MBUS-17,On-grid,552.62,154.754,-0.08,1098.4,1098.4,1098.4,1098.4,1104.1,1104.1,1104.1,1104.1,1104.1,1096.9,1096.9,1096.9,1096.9,1096.9,1105.7,1105.7,1105.7,1105.7,1100.3,1100.3,1100.3,1100.3,1100.3,1108.1,1108.1,1108.1,1108.1,1108.1,8.25,7.88,7.94,7.77,7.89,7.83,8.13,0.0,0.0,7.87,8.09,7.94,0.0,0.0,8.02,7.73,7.92,0.0,7.81,8.04,7.7,0.0,0.0,8.09,7.77,0.0,0.0,0.0,840.4,838.2,828.0,107.528,107.049,106.996
P6,IB5,P6-IB5-4.1-SI02,SACU-2,18,18,0,100.0,0.0,MBUS-18,On-grid,551.52,161.899,0.034,1094.1,1094.1,1094.1,1094.1,1079.7,1079.7,1079.7,1079.7,1079.7,1097.5,1097.5,1097.5,1097.5,1097.5,1097.1,1097.1,1097.1,1097.1,1098.8,1098.8,1098.8,1098.8,1098.8,1082.0,1082.0,1082.0,1082.0,1082.0,8.47,8.27,8.15,8.08,8.39,8.54,8.41,0.0,0.0,8.31,8.24,8.48,0.0,0.0,8.48,8.22,8.56,0.0,8.43,8.21,8.33,0.0,0.0,8.75,8.25,0.0,0.0,0.0,842.5,837.1,831.9,112.179,111.743,111.454
P6,IB5,P6-IB5-4.1-SI03,SACU-2,18,18,0,100.0,0.0,MBUS-19,On-grid,550.54,163.31,0.043,1080.7,1080.7,1080.7,1080.7,1053.0,1053.0,1053.0,1053.0,1053.0,1082.3,1082.3,1082.3,1082.3,1082.3,1096.8,1096.8,1096.8,1096.8,1077.7,1077.7,1077.7,1077.7,1077.7,1098.4,1098.4,1098.4,1098.4,1098.4,8.55,8.36,8.7,8.51,8.62,8.6,8.26,0.0,0.0,8.49,8.56,8.45,8.38,0.0,8.77,8.43,0.0,0.0,8.44,8.72,8.41,0.0,0.0,8.44,8.29,0.0,0.0,0.0,843.2,832.9,838.7,113.202,112.29,112.298
P6,IB5,P6-IB5-4.1-SI04,SACU-2,18,18,0,100.0,0.0,MBUS-20,On-grid,549.9,157.447,-0.038,1092.7,1092.7,1092.7,1092.7,1098.7,1098.7,1098.7,1098.7,1098.7,1098.2,1098.2,1098.2,1098.2,1098.2,1095.9,1095.9,1095.9,1095.9,1080.6,1080.6,1080.6,1080.6,1080.6,1089.8,1089.8,1089.8,1089.8,1089.8,7.92,8.18,8.28,8.08,8.0,7.99,8.26,0.0,0.0,8.05,8.04,8.22,0.0,0.0,8.52,8.17,8.03,0.0,8.49,8.42,8.12,0.0,0.0,8.11,7.89,0.0,0.0,0.0,842.4,832.1,835.7,109.179,108.829,108.787
P6,IB5,P6-IB5-4.1-SI05,SACU-2,18,17,1,94.44,5.56,MBUS-21,On-grid,520.61,154.785,-0.058,1086.3,1086.3,1086.3,1086.3,1093.7,1093.7,1093.7,1093.7,1093.7,1106.0,1106.0,1106.0,1106.0,1106.0,1088.2,1088.2,1088.2,1088.2,1115.2,1115.2,1115.2,1115.2,1115.2,1083.7,1083.7,1083.7,1083.7,1083.7,8.47,8.42,8.58,8.56,8.45,8.48,8.52,0.0,0.0,8.09,8.38,0.0,0.0,0.0,8.63,8.37,8.58,0.0,8.1,0.0,8.38,0.0,0.0,0.0,8.49,8.51,8.28,0.0,844.8,840.3,835.7,106.605,106.899,106.243
P6,IB5,P6-IB5-4.1-SI06,SACU-2,18,18,0,100.0,0.0,MBUS-22,On-grid,554.51,161.71,-0.003,1094.6,1094.6,1094.6,1094.6,1102.6,1102.6,1102.6,1102.6,1102.6,1077.5,1077.5,1077.5,1077.5,1077.5,1107.7,1107.7,1107.7,1107.7,1088.6,1088.6,1088.6,1088.6,1088.6,1103.4,1103.4,1103.4,1103.4,1103.4,8.42,8.29,8.37,8.16,8.19,8.28,8.48,0.0,0.0,8.06,8.46,8.49,0.0,0.0,8.43,8.21,8.37,0.0,8.18,8.71,8.39,0.0,0.0,8.51,8.15,0.0,0.0,0.0,844.8,839.9,834.2,111.684,111.528,111.546
P6,IB5,P6-IB5-4.1-SI07,SACU-2,18,18,0,100.0,0.0,MBUS-23,On-grid,552.56,161.748,-0.017,1088.3,1088.3,1088.3,1088.3,1094.6,1094.6,1094.6,1094.6,1094.6,1088.1,1088.1,1088.1,1088.1,1088.1,1083.5,1083.5,1083.5,1083.5,1083.3,1083.3,1083.3,1083.3,1083.3,1110.0,1110.0,1110.0,1110.0,1110.0,8.35,8.3,8.69,8.44,8.15,8.3,8.38,0.0,0.0,8.11,8.51,8.22,0.0,0.0,8.53,8.31,8.64,0.0,7.79,8.56,8.25,0.0,0.0,8.35,8.26,0.0,0.0,0.0,845.5,837.6,838.3,111.864,111.258,111.142
P6,IB5,P6-IB5-4.1-SI08,SACU-2,18,18,0,100.0,0.0,MBUS-24,On-grid,554.31,158.433,0.05,1100.2,1100.2,1100.2,1100.2,1067.1,1067.1,1067.1,1067.1,1067.1,1100.5,1100.5,1100.5,1100.5,1100.5,1089.1,1089.1,1089.1,1089.1,1096.1,1096.1,1096.1,1096.1,1096.1,1091.2,1091.2,1091.2,1091.2,1091.2,8.08,8.29,8.29,8.01,8.22,8.37,8.23,0.0,0.0,7.98,8.27,7.81,0.0,0.0,8.35,8.03,8.29,0.0,8.09,8.37,8.0,0.0,0.0,8.26,7.96,0.0,0.0,0.0,844.8,835.7,836.5,109.285,109.052,109.067
P6,IB5,P6-IB5-4.2-SI09,SACU-2,18,8,10,44.44,55.56,MBUS-25,On-grid,246.11,72.128,-0.002,1079.8,1079.8,1079.8,1079.8,359.4,359.4,359.4,359.4,359.4,1089.0,1089.0,1089.0,1089.0,1089.0,361.0,361.0,361.0,361.0,1084.0,1084.0,1084.0,1084.0,1084.0,1114.9,1114.9,1114.9,1114.9,1114.9,8.65,0.0,0.0,0.0,0.0,0.0,0.0,0.0,0.0,7.85,8.41,8.71,0.0,0.0,0.0,0.0,0.0,0.0,0.0,8.77,8.51,0.0,0.0,8.03,8.25,0.0,0.0,0.0,841.5,832.0,836.7,50.254,49.674,49.806
P6,IB5,P6-IB5-4.2-SI10,SACU-2,18,0,18,0.0,100.0,MBUS-26,Idle: Initializing,0.0,0.0,0.0,0.0,0.0,0.0,0.0,0.0,0.0,0.0,0.0,0.0,0.0,0.0,0.0,0.0,0.0,0.0,0.0,0.0,0.0,0.0,0.0,0.0,0.0,0.0,0.0,0.0,0.0,0.0,0.0,0.0,0.0,0.0,0.0,0.0,0.0,0.0,0.0,0.0,0.0,0.0,0.0,0.0,0.0,0.0,0.0,0.0,0.0,0.0,0.0,0.0,0.0,0.0,0.0,0.0,0.0,0.0,0.0,0.0,0.0,0.0,0.0,0.0,0.0
P6,IB5,P6-IB5-4.2-SI11,SACU-2,18,0,18,0.0,100.0,MBUS-27,Idle: Initializing,0.0,0.0,0.0,0.0,0.0,0.0,0.0,0.0,0.0,0.0,0.0,0.0,0.0,0.0,0.0,0.0,0.0,0.0,0.0,0.0,0.0,0.0,0.0,0.0,0.0,0.0,0.0,0.0,0.0,0.0,0.0,0.0,0.0,0.0,0.0,0.0,0.0,0.0,0.0,0.0,0.0,0.0,0.0,0.0,0.0,0.0,0.0,0.0,0.0,0.0,0.0,0.0,0.0,0.0,0.0,0.0,0.0,0.0,0.0,0.0,0.0,0.0,0.0,0.0,0.0
P6,IB5,P6-IB5-4.2-SI12,SACU-2,18,18,0,100.0,0.0,MBUS-28,On-grid,555.55,158.83,-0.016,1085.3,1085.3,1085.3,1085.3,1088.0,1088.0,1088.0,1088.0,1088.0,1083.8,1083.8,1083.8,1083.8,1083.8,1088.7,1088.7,1088.7,1088.7,1080.4,1080.4,1080.4,1080.4,1080.4,1111.4,1111.4,1111.4,1111.4,1111.4,8.42,8.32,8.29,8.12,8.21,8.4,8.08,0.0,8.13,8.37,8.08,8.33,0.0,0.0,8.01,8.02,8.27,8.45,8.43,8.29,0.0,0.0,0.0,0.0,8.25,0.0,0.0,0.0,845.3,840.6,835.2,109.282,109.278,109.667
P6,IB5,P6-IB5-4.2-SI13,SACU-2,18,18,0,100.0,0.0,MBUS-29,On-grid,553.15,162.666,-0.009,1080.8,1080.8,1080.8,1080.8,1109.2,1109.2,1109.2,1109.2,1109.2,1090.0,1090.0,1090.0,1090.0,1090.0,1077.3,1077.3,1077.3,1077.3,1086.0,1086.0,1086.0,1086.0,1086.0,1053.8,1053.8,1053.8,1053.8,1053.8,8.02,8.38,9.23,8.52,8.29,8.58,8.34,0.0,0.0,8.11,8.55,8.51,0.0,0.0,8.34,8.49,8.49,0.0,8.33,8.74,8.47,0.0,0.0,8.7,8.04,0.0,0.0,0.0,848.0,840.7,838.3,111.944,111.711,111.097
P6,IB5,P6-IB5-4.2-SI14,SACU-2,18,18,0,100.0,0.0,MBUS-30,On-grid,563.18,159.44,0.028,1107.0,1107.0,1107.0,1107.0,1065.3,1065.3,1065.3,1065.3,1065.3,1112.6,1112.6,1112.6,1112.6,1112.6,1106.3,1106.3,1106.3,1106.3,1091.7,1091.7,1091.7,1091.7,1091.7,1091.2,1091.2,1091.2,1091.2,1091.2,8.12,8.23,8.13,8.2,7.96,8.44,8.35,0.0,0.0,8.21,8.28,8.11,0.0,0.0,8.3,8.05,7.99,0.0,8.32,8.2,8.23,0.0,0.0,8.32,8.09,0.0,0.0,0.0,845.5,839.0,836.3,109.721,109.765,109.684
P6,IB5,P6-IB5-4.2-SI15,SACU-2,18,18,0,100.0,0.0,MBUS-31,On-grid,560.34,158.854,0.006,1097.0,1097.0,1097.0,1097.0,1086.1,1086.1,1086.1,1086.1,1086.1,1098.4,1098.4,1098.4,1098.4,1098.4,1102.5,1102.5,1102.5,1102.5,1108.2,1108.2,1108.2,1108.2,1108.2,1107.0,1107.0,1107.0,1107.0,1107.0,8.18,8.16,8.26,8.07,7.84,8.15,8.34,0.0,0.0,7.97,8.16,8.12,0.0,0.0,8.19,8.12,8.33,0.0,7.87,8.36,7.98,0.0,0.0,7.98,8.04,0.0,0.0,0.0,844.2,837.8,834.1,109.98,109.133,109.289
P6,IB5,P6-IB5-4.2-SI16,SACU-2,18,18,0,100.0,0.0,MBUS-32,On-grid,559.8,157.876,0.02,1097.0,1097.0,1097.0,1097.0,1087.2,1087.2,1087.2,1087.2,1087.2,1094.3,1094.3,1094.3,1094.3,1094.3,1081.4,1081.4,1081.4,1081.4,1108.0,1108.0,1108.0,1108.0,1108.0,1109.4,1109.4,1109.4,1109.4,1109.4,8.22,8.06,8.27,8.06,8.13,8.14,8.35,0.0,0.0,8.11,8.31,8.17,0.0,0.0,8.12,8.29,8.38,0.0,7.68,7.96,7.94,0.0,0.0,7.92,8.05,0.0,0.0,0.0,844.2,838.9,833.2,109.177,108.671,108.976
P6,IB6,P6-IB6-1.1-SI01,SACU-1,18,18,0,100.0,0.0,MBUS-1,On-grid,558.86,151.302,-29.358,1103.6,1103.6,1103.6,1103.6,1092.2,1092.2,1092.2,1092.2,1092.2,1106.6,1106.6,1106.6,1106.6,1106.6,1086.2,1086.2,1086.2,1086.2,1099.9,1099.9,1099.9,1099.9,1099.9,1093.6,1093.6,1093.6,1093.6,1093.6,7.85,7.61,7.72,7.65,7.75,7.84,7.89,0.0,0.0,7.6,7.84,7.58,0.0,0.0,7.9,7.71,8.0,0.0,7.9,8.0,7.68,0.0,0.0,8.04,7.63,0.0,0.0,0.0,835.1,830.0,826.2,108.194,107.461,107.621
P6,IB6,P6-IB6-1.1-SI02,SACU-1,18,16,2,88.89,11.11,MBUS-2,On-grid,490.65,140.354,-29.355,1099.5,1099.5,1099.5,1099.5,1090.8,1090.8,1090.8,1090.8,1090.8,1091.0,1091.0,1091.0,1091.0,1091.0,1080.2,1080.2,1080.2,1080.2,1089.1,1089.1,1089.1,1089.1,1089.1,1077.3,1077.3,1077.3,1077.3,1077.3,8.28,8.1,7.94,7.72,8.14,8.21,8.41,0.0,0.0,8.59,0.0,7.74,0.0,0.0,8.31,8.21,0.0,0.0,8.54,8.3,7.97,0.0,0.0,8.45,8.1,0.0,0.0,0.0,836.6,829.8,828.9,100.175,100.018,100.274
P6,IB6,P6-IB6-1.1-SI03,SACU-1,18,18,0,100.0,0.0,MBUS-3,On-grid,554.53,151.054,-29.372,1083.3,1083.3,1083.3,1083.3,1087.5,1087.5,1087.5,1087.5,1087.5,1100.9,1100.9,1100.9,1100.9,1100.9,1094.5,1094.5,1094.5,1094.5,1093.9,1093.9,1093.9,1093.9,1093.9,1090.0,1090.0,1090.0,1090.0,1090.0,7.8,7.66,8.0,7.83,7.57,7.77,7.98,0.0,0.0,7.76,7.78,7.91,0.0,0.0,7.87,7.68,7.87,0.0,7.74,8.08,7.74,0.0,0.0,8.01,7.62,0.0,0.0,0.0,834.6,826.8,827.8,107.747,107.366,107.411
P6,IB6,P6-IB6-1.1-SI04,SACU-1,18,18,0,100.0,0.0,MBUS-4,On-grid,556.27,160.915,-29.394,1092.5,1092.5,1092.5,1092.5,1105.4,1105.4,1105.4,1105.4,1105.4,1088.9,1088.9,1088.9,1088.9,1088.9,1089.4,1089.4,1089.4,1089.4,1081.9,1081.9,1081.9,1081.9,1081.9,1093.5,1093.5,1093.5,1093.5,1093.5,8.21,8.05,8.6,8.36,7.6,8.46,8.58,0.0,0.0,7.92,8.44,8.73,0.0,0.0,8.05,8.19,8.47,8.19,8.19,0.0,8.19,0.0,0.0,7.67,8.34,0.0,0.0,0.0,837.4,831.5,830.9,113.897,114.182,113.706
P6,IB6,P6-IB6-1.1-SI05,SACU-1,18,18,0,100.0,0.0,MBUS-5,On-grid,553.02,159.157,-29.346,1068.0,1068.0,1068.0,1068.0,1084.9,1084.9,1084.9,1084.9,1084.9,1090.4,1090.4,1090.4,1090.4,1090.4,1087.7,1087.7,1087.7,1087.7,1092.5,1092.5,1092.5,1092.5,1092.5,1076.9,1076.9,1076.9,1076.9,1076.9,8.32,8.22,0.0,8.23,7.99,8.2,8.5,0.0,0.0,7.98,8.39,8.21,0.0,0.0,8.19,8.12,8.24,0.0,8.26,8.33,8.08,0.0,0.0,8.17,8.16,8.49,0.0,0.0,836.6,831.6,828.4,112.902,112.417,112.7
P6,IB6,P6-IB6-1.1-SI06,SACU-1,18,18,0,100.0,0.0,MBUS-6,On-grid,557.66,151.49,-29.348,1080.0,1080.0,1080.0,1080.0,1093.9,1093.9,1093.9,1093.9,1093.9,1104.2,1104.2,1104.2,1104.2,1104.2,1091.8,1091.8,1091.8,1091.8,1090.6,1090.6,1090.6,1090.6,1090.6,1071.5,1071.5,1071.5,1071.5,1071.5,8.0,7.89,8.02,7.79,7.81,7.84,7.82,0.0,0.0,7.81,7.97,7.99,0.0,0.0,7.97,7.67,7.89,0.0,7.65,7.9,7.49,0.0,0.0,7.86,7.73,0.0,0.0,0.0,834.8,825.1,829.1,108.195,108.212,108.032
P6,IB6,P6-IB6-1.1-SI07,SACU-1,18,18,0,100.0,0.0,MBUS-7,On-grid,550.39,160.787,-29.43,1073.1,1073.1,1073.1,1073.1,1102.1,1102.1,1102.1,1102.1,1102.1,1105.3,1105.3,1105.3,1105.3,1105.3,1102.2,1102.2,1102.2,1102.2,1084.8,1084.8,1084.8,1084.8,1084.8,1081.0,1081.0,1081.0,1081.0,1081.0,8.5,8.25,8.51,8.33,8.07,8.54,8.47,0.0,0.0,8.2,8.52,7.95,0.0,0.0,8.2,8.43,8.45,0.0,8.4,8.5,8.09,0.0,0.0,8.52,8.35,0.0,0.0,0.0,836.8,830.9,829.0,114.108,114.113,113.726
P6,IB6,P6-IB6-1.1-SI08,SACU-1,18,18,0,100.0,0.0,MBUS-8,On-grid,556.47,153.298,-29.38,1079.7,1079.7,1079.7,1079.7,1100.0,1100.0,1100.0,1100.0,1100.0,1079.5,1079.5,1079.5,1079.5,1079.5,1088.4,1088.4,1088.4,1088.4,1079.8,1079.8,1079.8,1079.8,1079.8,1099.1,1099.1,1099.1,1099.1,1099.1,8.05,8.11,7.79,7.96,7.7,7.82,8.06,0.0,0.0,7.93,7.98,7.87,0.0,0.0,7.8,7.84,8.1,0.0,7.84,8.12,7.9,0.0,0.0,7.92,7.72,0.0,0.0,0.0,835.3,829.0,828.7,109.004,109.221,108.832
P6,IB6,P6-IB6-1.2-SI09,SACU-1,18,0,18,0.0,100.0,MBUS-9,Communication disconnected,0.0,0.0,0.0,0.0,0.0,0.0,0.0,0.0,0.0,0.0,0.0,0.0,0.0,0.0,0.0,0.0,0.0,0.0,0.0,0.0,0.0,0.0,0.0,0.0,0.0,0.0,0.0,0.0,0.0,0.0,0.0,0.0,0.0,0.0,0.0,0.0,0.0,0.0,0.0,0.0,0.0,0.0,0.0,0.0,0.0,0.0,0.0,0.0,0.0,0.0,0.0,0.0,0.0,0.0,0.0,0.0,0.0,0.0,0.0,0.0,0.0,0.0,0.0,0.0,0.0
P6,IB6,P6-IB6-1.2-SI10,SACU-1,18,0,18,0.0,100.0,MBUS-10,Communication disconnected,0.0,0.0,0.0,0.0,0.0,0.0,0.0,0.0,0.0,0.0,0.0,0.0,0.0,0.0,0.0,0.0,0.0,0.0,0.0,0.0,0.0,0.0,0.0,0.0,0.0,0.0,0.0,0.0,0.0,0.0,0.0,0.0,0.0,0.0,0.0,0.0,0.0,0.0,0.0,0.0,0.0,0.0,0.0,0.0,0.0,0.0,0.0,0.0,0.0,0.0,0.0,0.0,0.0,0.0,0.0,0.0,0.0,0.0,0.0,0.0,0.0,0.0,0.0,0.0,0.0
P6,IB6,P6-IB6-1.2-SI11,SACU-1,18,18,0,100.0,0.0,MBUS-11,On-grid,557.5,154.981,-29.377,1099.2,1099.2,1099.2,1099.2,1094.6,1094.6,1094.6,1094.6,1094.6,1093.6,1093.6,1093.6,1093.6,1093.6,1090.3,1090.3,1090.3,1090.3,1100.0,1100.0,1100.0,1100.0,1100.0,1099.9,1099.9,1099.9,1099.9,1099.9,7.94,7.78,7.94,7.77,7.95,8.09,8.1,0.0,0.0,8.23,0.0,8.04,0.0,0.0,8.42,7.81,8.02,0.0,7.83,8.06,7.74,0.0,0.0,8.01,7.81,8.2,0.0,0.0,836.3,828.0,832.1,110.263,109.831,110.196
P6,IB6,P6-IB6-1.2-SI12,SACU-1,18,12,6,66.67,33.33,MBUS-12,On-grid,368.51,105.343,-29.368,1085.1,1085.1,1085.1,1085.1,1109.3,1109.3,1109.3,1109.3,1109.3,1079.6,1079.6,1079.6,1079.6,1079.6,1086.9,1086.9,1086.9,1086.9,1087.0,1087.0,1087.0,1087.0,1087.0,1083.6,1083.6,1083.6,1083.6,1083.6,8.3,8.17,8.26,8.22,7.96,8.11,0.0,0.0,0.0,8.45,0.0,0.0,0.0,0.0,8.31,8.08,0.0,0.0,0.0,0.0,7.93,0.0,0.0,7.93,8.05,0.0,0.0,0.0,835.3,829.7,826.2,76.527,76.691,76.664
P6,IB6,P6-IB6-1.2-SI13,SACU-1,18,18,0,100.0,0.0,MBUS-13,On-grid,559.47,150.948,-29.319,1087.7,1087.7,1087.7,1087.7,1081.9,1081.9,1081.9,1081.9,1081.9,1094.7,1094.7,1094.7,1094.7,1094.7,1101.8,1101.8,1101.8,1101.8,1106.1,1106.1,1106.1,1106.1,1106.1,1095.9,1095.9,1095.9,1095.9,1095.9,7.77,7.68,7.83,7.71,7.66,7.91,7.92,0.0,0.0,7.53,7.65,7.9,0.0,0.0,7.66,7.58,7.91,0.0,7.7,7.93,7.66,0.0,0.0,7.8,7.63,0.0,0.0,0.0,837.4,831.8,828.9,107.088,107.378,107.341
P6,IB6,P6-IB6-1.2-SI14,SACU-1,18,18,0,100.0,0.0,MBUS-14,On-grid,556.62,159.909,-29.362,1088.1,1088.1,1088.1,1088.1,1100.1,1100.1,1100.1,1100.1,1100.1,1104.9,1104.9,1104.9,1104.9,1104.9,1087.7,1087.7,1087.7,1087.7,1089.7,1089.7,1089.7,1089.7,1089.7,1082.2,1082.2,1082.2,1082.2,1082.2,8.44,8.19,8.28,8.21,8.32,8.29,8.36,0.0,0.0,8.32,8.18,8.04,0.0,0.0,8.53,8.25,8.34,0.0,8.31,8.44,8.16,0.0,0.0,8.28,8.01,0.0,0.0,0.0,841.2,834.2,832.1,113.243,113.107,112.734
P6,IB6,P6-IB6-1.2-SI15,SACU-1,18,14,4,77.78,22.22,MBUS-15,On-grid,429.59,121.607,-29.405,1080.4,1080.4,1080.4,1080.4,1097.9,1097.9,1097.9,1097.9,1097.9,1091.7,1091.7,1091.7,1091.7,1091.7,1105.1,1105.1,1105.1,1105.1,366.6,366.6,366.6,366.6,366.6,366.4,366.4,366.4,366.4,366.4,7.22,8.59,8.38,8.16,7.13,8.51,8.29,0.0,0.0,7.39,8.4,8.08,0.0,0.0,7.25,8.14,8.07,8.31,0.0,0.0,0.0,0.0,0.0,0.0,0.0,0.0,0.0,0.0,837.5,828.8,832.7,87.346,87.353,87.466
P6,IB6,P6-IB6-1.2-SI16,SACU-1,18,18,0,100.0,0.0,MBUS-16,On-grid,547.04,158.107,-29.412,1079.5,1079.5,1079.5,1079.5,1090.6,1090.6,1090.6,1090.6,1090.6,1088.6,1088.6,1088.6,1088.6,1088.6,1049.4,1049.4,1049.4,1049.4,1090.9,1090.9,1090.9,1090.9,1090.9,1082.1,1082.1,1082.1,1082.1,1082.1,8.3,8.35,8.46,8.24,7.95,8.53,8.24,0.0,0.0,8.19,8.4,8.12,0.0,0.0,8.26,8.47,7.96,0.0,8.15,8.34,8.06,0.0,0.0,8.46,8.17,0.0,0.0,0.0,838.7,831.7,831.3,111.852,111.774,111.813
P6,IB6,P6-IB6-2.1-SI01,SACU-1,18,2,16,11.11,88.89,MBUS-17,On-grid,63.35,16.56,-29.366,1090.9,1090.9,1090.9,1090.9,329.1,329.1,329.1,329.1,329.1,1087.3,1087.3,1087.3,1087.3,1087.3,328.5,328.5,328.5,328.5,325.2,325.2,325.2,325.2,325.2,325.9,325.9,325.9,325.9,325.9,7.5,0.0,0.0,0.0,0.0,0.0,0.0,0.0,0.0,7.7,0.0,0.0,0.0,0.0,0.0,0.0,0.0,0.0,0.0,0.0,0.0,0.0,0.0,0.0,0.0,0.0,0.0,0.0,830.7,821.3,826.3,26.912,26.038,25.817
P6,IB6,P6-IB6-2.1-SI02,SACU-1,18,16,2,88.89,11.11,MBUS-18,On-grid,490.53,129.601,-29.359,1099.1,1099.1,1099.1,1099.1,1081.6,1081.6,1081.6,1081.6,1081.6,1096.5,1096.5,1096.5,1096.5,1096.5,1081.9,1081.9,1081.9,1081.9,1076.7,1076.7,1076.7,1076.7,1076.7,1072.2,1072.2,1072.2,1072.2,1072.2,7.82,7.33,7.65,7.41,0.0,0.0,7.59,0.0,0.0,7.38,7.66,7.49,0.0,0.0,7.7,7.42,7.45,0.0,7.75,7.7,7.41,0.0,0.0,7.69,7.45,0.0,0.0,0.0,835.5,829.3,827.3,93.106,92.962,92.66
P6,IB6,P6-IB6-2.1-SI03,SACU-1,18,17,1,94.44,5.56,MBUS-19,On-grid,521.26,137.318,-29.427,1094.4,1094.4,1094.4,1094.4,1078.8,1078.8,1078.8,1078.8,1078.8,1095.3,1095.3,1095.3,1095.3,1095.3,1084.5,1084.5,1084.5,1084.5,1077.0,1077.0,1077.0,1077.0,1077.0,1079.5,1079.5,1079.5,1079.5,1079.5,7.6,7.48,7.53,7.33,7.33,7.6,7.75,0.0,0.0,7.43,7.6,7.51,0.0,0.0,0.0,7.35,7.64,0.0,7.54,7.8,7.46,0.0,0.0,7.45,7.46,0.0,0.0,0.0,835.8,825.7,830.2,98.015,98.339,98.367
P6,IB6,P6-IB6-2.1-SI04,SACU-1,18,18,0,100.0,0.0,MBUS-20,On-grid,557.91,148.236,-29.382,1094.5,1094.5,1094.5,1094.5,1095.6,1095.6,1095.6,1095.6,1095.6,1089.2,1089.2,1089.2,1089.2,1089.2,1094.9,1094.9,1094.9,1094.9,1090.6,1090.6,1090.6,1090.6,1090.6,1093.6,1093.6,1093.6,1093.6,1093.6,7.74,7.63,7.73,7.51,7.28,7.61,7.7,0.0,0.0,7.52,7.79,7.69,0.0,0.0,7.66,7.47,7.86,0.0,7.84,7.74,7.35,0.0,0.0,7.59,7.55,0.0,0.0,0.0,834.2,828.6,824.6,106.35,105.581,106.109
P6,IB6,P6-IB6-2.1-SI05,SACU-1,18,6,12,33.33,66.67,MBUS-21,On-grid,181.22,48.098,-29.348,1076.6,1076.6,1076.6,1076.6,1086.8,1086.8,1086.8,1086.8,1086.8,1078.3,1078.3,1078.3,1078.3,1078.3,1076.5,1076.5,1076.5,1076.5,1082.0,1082.0,1082.0,1082.0,1082.0,1084.3,1084.3,1084.3,1084.3,1084.3,7.96,0.0,0.0,0.0,7.9,0.0,0.0,0.0,0.0,7.62,0.0,0.0,0.0,0.0,0.0,0.0,7.43,0.0,8.04,0.0,0.0,0.0,0.0,7.85,0.0,0.0,0.0,0.0,831.4,826.0,822.1,41.165,40.667,40.568
P6,IB6,P6-IB6-2.1-SI06,SACU-1,18,17,1,94.44,5.56,MBUS-22,On-grid,521.9,137.31,-29.383,1087.8,1087.8,1087.8,1087.8,1077.2,1077.2,1077.2,1077.2,1077.2,1095.2,1095.2,1095.2,1095.2,1095.2,1077.2,1077.2,1077.2,1077.2,1089.6,1089.6,1089.6,1089.6,1089.6,1064.2,1064.2,1064.2,1064.2,1064.2,0.0,7.6,7.64,7.47,7.28,7.58,7.76,0.0,0.0,7.45,7.69,7.6,0.0,0.0,7.73,7.45,7.7,0.0,7.41,7.72,7.41,0.0,0.0,7.49,7.57,0.0,0.0,0.0,836.1,830.3,827.0,98.182,98.364,98.43
P6,IB6,P6-IB6-2.1-SI07,SACU-1,18,18,0,100.0,0.0,MBUS-23,On-grid,556.53,148.277,-29.397,1097.1,1097.1,1097.1,1097.1,1076.8,1076.8,1076.8,1076.8,1076.8,1080.6,1080.6,1080.6,1080.6,1080.6,1104.5,1104.5,1104.5,1104.5,1087.1,1087.1,1087.1,1087.1,1087.1,1082.8,1082.8,1082.8,1082.8,1082.8,7.62,7.77,7.8,7.63,7.66,7.69,7.7,0.0,0.0,7.75,7.42,7.91,0.0,0.0,7.8,7.5,7.59,0.0,7.8,7.82,7.51,0.0,0.0,7.89,7.49,0.0,0.0,0.0,835.2,825.4,829.6,105.965,105.781,105.412
P6,IB6,P6-IB6-2.1-SI08,SACU-1,18,18,0,100.0,0.0,MBUS-24,On-grid,558.47,147.107,-29.428,1089.5,1089.5,1089.5,1089.5,1083.4,1083.4,1083.4,1083.4,1083.4,1089.7,1089.7,1089.7,1089.7,1089.7,1093.7,1093.7,1093.7,1093.7,1093.6,1093.6,1093.6,1093.6,1093.6,1095.8,1095.8,1095.8,1095.8,1095.8,7.83,7.52,7.58,7.72,7.59,7.73,7.51,0.0,0.0,7.65,7.72,0.0,7.34,0.0,7.7,7.41,7.71,0.0,7.74,7.7,7.41,0.0,0.0,7.93,7.47,0.0,0.0,0.0,835.2,828.7,827.5,104.689,105.169,104.958
P6,IB6,P6-IB6-2.2-SI09,SACU-1,18,17,1,94.44,5.56,MBUS-25,On-grid,521.56,138.02,-29.359,1099.5,1099.5,1099.5,1099.5,1078.8,1078.8,1078.8,1078.8,1078.8,1095.5,1095.5,1095.5,1095.5,1095.5,1094.7,1094.7,1094.7,1094.7,1102.0,1102.0,1102.0,1102.0,1102.0,1093.7,1093.7,1093.7,1093.7,1093.7,7.39,0.0,7.54,7.52,7.13,0.0,7.39,7.84,0.0,7.36,7.65,7.5,0.0,0.0,7.68,7.45,7.7,0.0,7.48,7.69,7.3,0.0,0.0,7.6,7.42,0.0,0.0,0.0,835.8,830.6,827.0,98.759,98.603,98.214
P6,IB6,P6-IB6-2.2-SI10,SACU-1,18,12,6,66.67,33.33,MBUS-26,On-grid,365.29,96.828,-29.351,1097.8,1097.8,1097.8,1097.8,1091.8,1091.8,1091.8,1091.8,1091.8,1086.1,1086.1,1086.1,1086.1,1086.1,1089.8,1089.8,1089.8,1089.8,1086.0,1086.0,1086.0,1086.0,1086.0,1090.1,1090.1,1090.1,1090.1,1090.1,7.93,0.0,0.0,7.33,0.0,0.0,7.65,0.0,0.0,7.63,7.4,7.74,0.0,0.0,7.71,7.38,7.7,0.0,7.85,7.32,0.0,0.0,0.0,7.82,0.0,0.0,0.0,0.0,834.8,829.0,826.5,70.949,71.327,71.393
P6,IB6,P6-IB6-2.2-SI11,SACU-1,18,18,0,100.0,0.0,MBUS-27,On-grid,554.28,145.18,-29.365,1085.2,1085.2,1085.2,1085.2,1094.7,1094.7,1094.7,1094.7,1094.7,1096.7,1096.7,1096.7,1096.7,1096.7,1098.2,1098.2,1098.2,1098.2,1098.2,1098.2,1098.2,1098.2,1098.2,1072.2,1072.2,1072.2,1072.2,1072.2,7.53,7.53,7.7,7.47,7.39,7.52,7.63,0.0,0.0,7.48,7.53,7.29,0.0,0.0,7.63,7.38,7.51,0.0,7.57,7.65,7.24,0.0,0.0,7.73,7.33,0.0,0.0,0.0,839.7,829.4,834.6,103.236,103.287,103.193
P6,IB6,P6-IB6-2.2-SI12,SACU-1,18,18,0,100.0,0.0,MBUS-28,On-grid,548.29,145.197,-29.355,1097.3,1097.3,1097.3,1097.3,1093.0,1093.0,1093.0,1093.0,1093.0,1087.5,1087.5,1087.5,1087.5,1087.5,1065.6,1065.6,1065.6,1065.6,1076.1,1076.1,1076.1,1076.1,1076.1,1081.1,1081.1,1081.1,1081.1,1081.1,7.59,7.44,7.65,0.0,7.21,7.72,7.64,0.0,0.0,7.52,7.67,7.59,0.0,0.0,7.83,7.63,7.71,6.94,7.62,7.77,7.4,0.0,0.0,7.87,7.2,0.0,0.0,0.0,838.5,827.0,832.3,103.44,103.358,103.198
P6,IB6,P6-IB6-2.2-SI13,SACU-1,18,18,0,100.0,0.0,MBUS-29,On-grid,555.36,145.81,-29.378,1087.6,1087.6,1087.6,1087.6,1096.8,1096.8,1096.8,1096.8,1096.8,1093.9,1093.9,1093.9,1093.9,1093.9,1094.3,1094.3,1094.3,1094.3,1089.8,1089.8,1089.8,1089.8,1089.8,1098.7,1098.7,1098.7,1098.7,1098.7,7.77,7.37,7.58,7.52,7.2,7.71,7.53,0.0,0.0,7.56,7.64,7.44,0.0,0.0,7.69,7.41,7.67,0.0,7.85,7.47,7.5,0.0,0.0,7.75,7.44,0.0,0.0,0.0,836.0,831.1,826.3,104.299,104.065,104.219
P6,IB6,P6-IB6-2.2-SI14,SACU-1,18,18,0,100.0,0.0,MBUS-30,On-grid,552.51,146.633,-29.365,1102.0,1102.0,1102.0,1102.0,1088.4,1088.4,1088.4,1088.4,1088.4,1094.2,1094.2,1094.2,1094.2,1094.2,1095.2,1095.2,1095.2,1095.2,1085.3,1085.3,1085.3,1085.3,1085.3,1092.2,1092.2,1092.2,1092.2,1092.2,7.66,7.36,7.63,7.41,7.42,7.6,7.69,0.0,0.0,7.55,7.41,7.7,0.0,0.0,7.61,7.38,7.65,0.0,7.64,7.78,7.49,0.0,0.0,7.74,7.43,0.0,0.0,0.0,837.0,830.3,829.0,104.573,103.787,104.67
P6,IB6,P6-IB6-2.2-SI15,SACU-1,18,18,0,100.0,0.0,MBUS-31,On-grid,554.6,145.996,-29.466,1084.8,1084.8,1084.8,1084.8,1090.1,1090.1,1090.1,1090.1,1090.1,1089.8,1089.8,1089.8,1089.8,1089.8,1081.0,1081.0,1081.0,1081.0,1090.1,1090.1,1090.1,1090.1,1090.1,1094.8,1094.8,1094.8,1094.8,1094.8,7.45,7.57,7.72,7.55,7.62,7.61,7.58,0.0,0.0,7.48,7.65,7.54,0.0,0.0,7.85,7.47,7.46,0.0,7.7,7.71,7.39,0.0,0.0,7.77,7.4,0.0,0.0,0.0,835.2,824.7,829.5,104.762,104.142,104.804
P6,IB6,P6-IB6-2.2-SI16,SACU-1,18,18,0,100.0,0.0,MBUS-32,On-grid,553.99,149.55,-29.372,1082.0,1082.0,1082.0,1082.0,1087.9,1087.9,1087.9,1087.9,1087.9,1086.2,1086.2,1086.2,1086.2,1086.2,1086.6,1086.6,1086.6,1086.6,1078.4,1078.4,1078.4,1078.4,1078.4,1086.2,1086.2,1086.2,1086.2,1086.2,7.82,7.62,7.87,7.81,7.73,7.81,7.9,0.0,0.0,7.84,7.74,7.69,0.0,0.0,7.97,7.61,7.75,0.0,7.86,7.92,7.64,0.0,0.0,7.88,7.73,0.0,0.0,0.0,834.1,823.7,828.2,107.121,106.648,106.756
P6,IB6,P6-IB6-3.1-SI01,SACU-2,18,16,2,88.89,11.11,MBUS-1,On-grid,494.81,132.34,0.033,1086.6,1086.6,1086.6,1086.6,1101.3,1101.3,1101.3,1101.3,1101.3,1091.8,1091.8,1091.8,1091.8,1091.8,1091.9,1091.9,1091.9,1091.9,1099.8,1099.8,1099.8,1099.8,1099.8,1093.6,1093.6,1093.6,1093.6,1093.6,7.78,7.58,7.63,7.52,7.57,7.72,7.33,0.0,0.0,0.0,7.72,7.46,0.0,0.0,7.83,7.71,7.71,7.45,7.98,0.0,0.0,0.0,0.0,8.0,7.77,0.0,0.0,0.0,840.1,833.0,832.4,92.167,91.215,91.693
P6,IB6,P6-IB6-3.1-SI02,SACU-2,18,17,1,94.44,5.56,MBUS-2,On-grid,526.36,144.01,-0.027,1100.6,1100.6,1100.6,1100.6,1101.4,1101.4,1101.4,1101.4,1101.4,1089.8,1089.8,1089.8,1089.8,1089.8,1081.5,1081.5,1081.5,1081.5,1095.7,1095.7,1095.7,1095.7,1095.7,1083.9,1083.9,1083.9,1083.9,1083.9,7.88,7.74,8.02,7.71,7.77,7.81,7.95,0.0,0.0,7.85,8.01,7.71,0.0,0.0,8.08,7.8,0.0,0.0,7.8,7.94,7.6,0.0,0.0,7.56,7.78,0.0,0.0,0.0,840.7,831.5,836.2,99.991,99.643,99.352
P6,IB6,P6-IB6-3.1-SI03,SACU-2,18,18,0,100.0,0.0,MBUS-3,On-grid,557.67,148.411,0.049,1099.2,1099.2,1099.2,1099.2,1085.6,1085.6,1085.6,1085.6,1085.6,1073.5,1073.5,1073.5,1073.5,1073.5,1089.0,1089.0,1089.0,1089.0,1088.9,1088.9,1088.9,1088.9,1088.9,1094.3,1094.3,1094.3,1094.3,1094.3,7.78,7.41,7.66,7.25,7.67,8.01,7.75,0.0,0.0,7.61,8.06,7.75,0.0,0.0,7.55,7.32,7.77,0.0,7.64,7.67,7.48,0.0,0.0,8.0,7.64,0.0,0.0,0.0,843.2,836.3,835.8,102.74,102.177,102.179
P6,IB6,P6-IB6-3.1-SI04,SACU-2,18,18,0,100.0,0.0,MBUS-4,On-grid,558.56,150.721,0.037,1088.8,1088.8,1088.8,1088.8,1087.8,1087.8,1087.8,1087.8,1087.8,1096.0,1096.0,1096.0,1096.0,1096.0,1094.2,1094.2,1094.2,1094.2,1094.1,1094.1,1094.1,1094.1,1094.1,1102.8,1102.8,1102.8,1102.8,1102.8,7.8,7.62,7.9,7.79,7.54,7.77,7.94,0.0,0.0,7.69,7.83,0.0,0.0,0.0,7.82,7.7,7.53,7.79,7.71,7.99,7.63,0.0,0.0,7.89,7.61,0.0,0.0,0.0,839.9,832.8,831.3,104.924,104.412,103.939
P6,IB6,P6-IB6-3.1-SI05,SACU-2,18,14,4,77.78,22.22,MBUS-5,On-grid,429.82,118.656,0.041,1079.4,1079.4,1079.4,1079.4,1075.2,1075.2,1075.2,1075.2,1075.2,1074.7,1074.7,1074.7,1074.7,1074.7,1086.8,1086.8,1086.8,1086.8,1100.2,1100.2,1100.2,1100.2,1100.2,1069.1,1069.1,1069.1,1069.1,1069.1,8.04,7.9,7.82,0.0,7.81,8.01,0.0,0.0,0.0,8.07,0.0,0.0,0.0,0.0,8.07,7.45,7.88,0.0,8.25,7.84,7.62,0.0,0.0,7.89,7.96,0.0,0.0,0.0,841.7,831.8,836.5,82.457,82.113,81.918
P6,IB6,P6-IB6-3.1-SI06,SACU-2,18,0,18,0.0,100.0,MBUS-6,Communication disconnected,0.0,0.0,0.0,0.0,0.0,0.0,0.0,0.0,0.0,0.0,0.0,0.0,0.0,0.0,0.0,0.0,0.0,0.0,0.0,0.0,0.0,0.0,0.0,0.0,0.0,0.0,0.0,0.0,0.0,0.0,0.0,0.0,0.0,0.0,0.0,0.0,0.0,0.0,0.0,0.0,0.0,0.0,0.0,0.0,0.0,0.0,0.0,0.0,0.0,0.0,0.0,0.0,0.0,0.0,0.0,0.0,0.0,0.0,0.0,0.0,0.0,0.0,0.0,0.0,0.0
P6,IB6,P6-IB6-3.1-SI07,SACU-2,18,18,0,100.0,0.0,MBUS-7,On-grid,557.79,153.027,-0.006,1105.9,1105.9,1105.9,1105.9,1095.0,1095.0,1095.0,1095.0,1095.0,1090.1,1090.1,1090.1,1090.1,1090.1,1088.7,1088.7,1088.7,1088.7,1077.1,1077.1,1077.1,1077.1,1077.1,1088.2,1088.2,1088.2,1088.2,1088.2,7.9,7.85,7.8,7.65,7.68,8.01,7.91,0.0,0.0,7.84,8.02,7.9,0.0,0.0,8.09,7.71,7.92,0.0,7.98,8.08,7.7,0.0,0.0,7.88,7.97,0.0,0.0,0.0,841.5,831.7,835.5,106.004,105.715,106.078
P6,IB6,P6-IB6-3.1-SI08,SACU-2,18,10,8,55.56,44.44,MBUS-8,On-grid,307.0,83.661,0.029,1070.5,1070.5,1070.5,1070.5,384.0,384.0,384.0,384.0,384.0,1092.5,1092.5,1092.5,1092.5,1092.5,1087.3,1087.3,1087.3,1087.3,1076.4,1076.4,1076.4,1076.4,1076.4,1080.6,1080.6,1080.6,1080.6,1080.6,7.8,7.56,0.0,8.19,0.0,0.0,0.0,0.0,0.0,7.83,0.0,0.0,0.0,0.0,8.06,0.0,7.73,0.0,0.0,8.0,8.24,0.0,0.0,7.84,7.93,0.0,0.0,0.0,840.2,830.6,835.4,58.525,57.886,58.058
P6,IB6,P6-IB6-3.2-SI09,SACU-2,18,0,18,0.0,100.0,MBUS-9,Communication disconnected,0.0,0.0,0.0,0.0,0.0,0.0,0.0,0.0,0.0,0.0,0.0,0.0,0.0,0.0,0.0,0.0,0.0,0.0,0.0,0.0,0.0,0.0,0.0,0.0,0.0,0.0,0.0,0.0,0.0,0.0,0.0,0.0,0.0,0.0,0.0,0.0,0.0,0.0,0.0,0.0,0.0,0.0,0.0,0.0,0.0,0.0,0.0,0.0,0.0,0.0,0.0,0.0,0.0,0.0,0.0,0.0,0.0,0.0,0.0,0.0,0.0,0.0,0.0,0.0,0.0
P6,IB6,P6-IB6-3.2-SI10,SACU-2,18,0,18,0.0,100.0,MBUS-10,Communication disconnected,0.0,0.0,0.0,0.0,0.0,0.0,0.0,0.0,0.0,0.0,0.0,0.0,0.0,0.0,0.0,0.0,0.0,0.0,0.0,0.0,0.0,0.0,0.0,0.0,0.0,0.0,0.0,0.0,0.0,0.0,0.0,0.0,0.0,0.0,0.0,0.0,0.0,0.0,0.0,0.0,0.0,0.0,0.0,0.0,0.0,0.0,0.0,0.0,0.0,0.0,0.0,0.0,0.0,0.0,0.0,0.0,0.0,0.0,0.0,0.0,0.0,0.0,0.0,0.0,0.0
P6,IB6,P6-IB6-3.1-SI11,SACU-2,18,8,10,44.44,55.56,MBUS-11,On-grid,245.73,66.656,0.004,350.5,350.5,350.5,350.5,352.2,352.2,352.2,352.2,352.2,355.8,355.8,355.8,355.8,355.8,1100.3,1100.3,1100.3,1100.3,1097.9,1097.9,1097.9,1097.9,1097.9,1105.9,1105.9,1105.9,1105.9,1105.9,0.0,0.0,0.0,0.0,0.0,0.0,-0.51,0.0,0.0,0.0,0.0,0.0,0.0,0.0,7.31,7.96,0.0,7.85,0.0,8.19,7.84,0.0,0.0,6.78,7.85,8.04,0.0,0.0,839.6,830.5,834.3,46.584,46.213,46.24
P6,IB6,P6-IB6-3.2-SI12,SACU-2,18,4,14,22.22,77.78,MBUS-12,On-grid,124.72,33.853,-0.037,1084.4,1084.4,1084.4,1084.4,1083.7,1083.7,1083.7,1083.7,1083.7,1095.0,1095.0,1095.0,1095.0,1095.0,358.0,358.0,358.0,358.0,352.7,352.7,352.7,352.7,352.7,354.4,354.4,354.4,354.4,354.4,7.97,0.0,0.0,0.0,7.5,0.0,0.0,0.0,0.0,7.53,7.92,0.0,0.0,0.0,0.0,0.0,0.0,0.0,0.0,0.0,0.0,0.0,0.0,0.0,0.0,0.0,0.0,0.0,837.8,829.7,832.5,24.035,23.423,23.647
P6,IB6,P6-IB6-3.2-SI13,SACU-2,18,18,0,100.0,0.0,MBUS-13,On-grid,557.73,149.146,0.056,1081.9,1081.9,1081.9,1081.9,1089.1,1089.1,1089.1,1089.1,1089.1,1083.6,1083.6,1083.6,1083.6,1083.6,1082.6,1082.6,1082.6,1082.6,1088.8,1088.8,1088.8,1088.8,1088.8,1095.3,1095.3,1095.3,1095.3,1095.3,7.79,7.45,7.68,7.49,7.87,7.58,0.0,0.0,0.0,7.66,7.78,8.16,7.61,0.0,7.98,7.77,7.66,0.0,7.73,7.97,7.63,0.0,0.0,7.77,7.81,0.0,0.0,0.0,842.6,836.7,833.3,103.13,103.082,102.983
P6,IB6,P6-IB6-3.2-SI14,SACU-2,18,10,8,55.56,44.44,MBUS-14,On-grid,309.83,81.605,0.015,1074.7,1074.7,1074.7,1074.7,1080.3,1080.3,1080.3,1080.3,1080.3,1091.6,1091.6,1091.6,1091.6,1091.6,1091.4,1091.4,1091.4,1091.4,1098.3,1098.3,1098.3,1098.3,1098.3,1088.7,1088.7,1088.7,1088.7,1088.7,7.86,7.36,0.0,0.0,8.06,0.0,0.0,0.0,0.0,7.84,0.0,0.0,0.0,0.0,8.06,0.0,7.42,0.0,7.84,7.51,0.0,0.0,0.0,7.94,7.56,0.0,0.0,0.0,840.5,831.3,836.5,56.965,56.377,56.267
P6,IB6,P6-IB6-3.2-SI15,SACU-2,18,18,0,100.0,0.0,MBUS-15,On-grid,557.74,150.172,0.023,1085.4,1085.4,1085.4,1085.4,1094.3,1094.3,1094.3,1094.3,1094.3,1089.2,1089.2,1089.2,1089.2,1089.2,1082.5,1082.5,1082.5,1082.5,1091.4,1091.4,1091.4,1091.4,1091.4,1077.7,1077.7,1077.7,1077.7,1077.7,7.99,7.8,7.96,7.76,7.59,7.72,7.84,0.0,0.0,7.8,7.87,7.74,0.0,0.0,8.02,7.58,7.79,0.0,7.87,7.84,7.33,0.0,0.0,7.44,7.8,0.0,0.0,0.0,842.1,832.4,837.2,104.377,103.548,103.919
P6,IB6,P6-IB6-3.2-SI16,SACU-2,18,18,0,100.0,0.0,MBUS-16,On-grid,564.09,149.555,0.019,1096.5,1096.5,1096.5,1096.5,1094.9,1094.9,1094.9,1094.9,1094.9,1088.9,1088.9,1088.9,1088.9,1088.9,1090.3,1090.3,1090.3,1090.3,1093.9,1093.9,1093.9,1093.9,1093.9,1095.1,1095.1,1095.1,1095.1,1095.1,7.77,7.65,7.81,7.65,7.38,7.71,7.77,0.0,0.0,7.78,7.57,7.61,0.0,0.0,7.8,7.55,7.73,0.0,7.64,7.72,7.52,0.0,0.0,7.59,7.71,0.0,0.0,0.0,840.5,830.7,835.2,104.158,103.312,103.115
P6,IB6,P6-IB6-4.1-SI01,SACU-2,18,10,8,55.56,44.44,MBUS-17,On-grid,308.26,87.734,-0.02,1086.4,1086.4,1086.4,1086.4,1090.7,1090.7,1090.7,1090.7,1090.7,1106.6,1106.6,1106.6,1106.6,1106.6,1100.0,1100.0,1100.0,1100.0,1104.4,1104.4,1104.4,1104.4,1104.4,388.4,388.4,388.4,388.4,388.4,7.88,8.07,8.43,8.22,0.0,0.0,8.4,0.0,0.0,8.26,0.0,0.0,0.0,0.0,8.31,7.84,0.0,0.0,0.0,8.32,8.06,0.0,0.0,0.0,0.0,0.0,0.0,0.0,843.0,833.3,837.2,61.343,60.377,60.706
P6,IB6,P6-IB6-4.1-SI02,SACU-2,18,18,0,100.0,0.0,MBUS-18,On-grid,560.0,160.175,-0.036,1106.0,1106.0,1106.0,1106.0,1088.5,1088.5,1088.5,1088.5,1088.5,1089.7,1089.7,1089.7,1089.7,1089.7,1088.5,1088.5,1088.5,1088.5,1096.4,1096.4,1096.4,1096.4,1096.4,1093.9,1093.9,1093.9,1093.9,1093.9,8.29,8.06,8.23,8.05,8.27,8.34,8.49,0.0,0.0,8.22,8.3,8.13,0.0,0.0,8.36,7.99,8.42,0.0,8.3,8.34,7.98,0.0,0.0,8.52,8.1,0.0,0.0,0.0,846.5,840.2,837.0,110.616,109.974,110.126
P6,IB6,P6-IB6-4.1-SI03,SACU-2,18,18,0,100.0,0.0,MBUS-19,On-grid,558.13,157.534,-0.003,1098.8,1098.8,1098.8,1098.8,1093.9,1093.9,1093.9,1093.9,1093.9,1100.4,1100.4,1100.4,1100.4,1100.4,1079.5,1079.5,1079.5,1079.5,1096.9,1096.9,1096.9,1096.9,1096.9,1086.9,1086.9,1086.9,1086.9,1086.9,8.24,8.15,8.01,7.88,7.95,8.33,7.99,0.0,0.0,7.82,8.32,8.19,0.0,0.0,8.26,7.93,8.3,0.0,8.13,8.12,7.68,0.0,0.0,8.19,8.21,0.0,0.0,0.0,845.4,833.0,839.4,108.905,108.564,108.255
P6,IB6,P6-IB6-4.1-SI04,SACU-2,18,18,0,100.0,0.0,MBUS-20,On-grid,559.2,149.315,-0.024,1085.9,1085.9,1085.9,1085.9,1094.7,1094.7,1094.7,1094.7,1094.7,1089.0,1089.0,1089.0,1089.0,1089.0,1074.2,1074.2,1074.2,1074.2,1110.1,1110.1,1110.1,1110.1,1110.1,1101.8,1101.8,1101.8,1101.8,1101.8,7.81,7.75,7.63,7.56,7.43,7.92,7.74,0.0,0.0,7.53,7.67,7.79,0.0,0.0,7.75,7.63,7.85,7.72,7.82,7.71,0.0,0.0,0.0,7.33,7.49,0.0,0.0,0.0,843.4,832.3,838.3,103.422,103.225,102.68
P6,IB6,P6-IB6-4.1-SI05,SACU-2,18,18,0,100.0,0.0,MBUS-21,On-grid,558.32,150.414,0.045,1098.5,1098.5,1098.5,1098.5,1088.6,1088.6,1088.6,1088.6,1088.6,1082.0,1082.0,1082.0,1082.0,1082.0,1089.7,1089.7,1089.7,1089.7,1084.2,1084.2,1084.2,1084.2,1084.2,1097.5,1097.5,1097.5,1097.5,1097.5,7.78,7.47,0.0,7.8,7.44,7.9,7.56,0.0,0.0,7.77,7.87,8.12,8.03,0.0,7.74,7.93,7.54,7.73,8.13,0.0,0.0,0.0,0.0,7.88,7.7,7.69,0.0,0.0,842.9,835.8,833.8,103.799,104.021,103.641
P6,IB6,P6-IB6-4.1-SI06,SACU-2,18,18,0,100.0,0.0,MBUS-22,On-grid,559.94,159.549,0.101,1093.3,1093.3,1093.3,1093.3,1086.3,1086.3,1086.3,1086.3,1086.3,1100.7,1100.7,1100.7,1100.7,1100.7,1103.6,1103.6,1103.6,1103.6,1099.1,1099.1,1099.1,1099.1,1099.1,1094.9,1094.9,1094.9,1094.9,1094.9,8.07,8.07,8.39,8.23,8.08,8.06,8.4,8.25,8.32,8.42,0.0,0.0,0.0,0.0,8.21,8.05,7.84,8.13,8.16,8.38,0.0,0.0,0.0,8.18,7.97,0.0,0.0,0.0,845.2,834.8,838.7,110.41,109.569,109.72
P6,IB6,P6-IB6-4.1-SI07,SACU-2,18,10,8,55.56,44.44,MBUS-23,On-grid,301.26,86.036,-0.026,990.0,990.0,990.0,990.0,1080.6,1080.6,1080.6,1080.6,1080.6,1097.1,1097.1,1097.1,1097.1,1097.1,1090.6,1090.6,1090.6,1090.6,1089.6,1089.6,1089.6,1089.6,1089.6,1081.3,1081.3,1081.3,1081.3,1081.3,8.68,7.55,0.0,0.0,8.04,8.15,0.0,0.0,0.0,8.38,0.0,8.0,0.0,0.0,0.0,0.0,8.31,8.02,8.51,0.0,0.0,0.0,0.0,8.06,0.0,0.0,0.0,0.0,842.7,833.5,836.5,59.614,59.321,59.442
P6,IB6,P6-IB6-4.1-SI08,SACU-2,18,18,0,100.0,0.0,MBUS-24,On-grid,559.25,158.073,0.01,1085.2,1085.2,1085.2,1085.2,1100.0,1100.0,1100.0,1100.0,1100.0,1091.4,1091.4,1091.4,1091.4,1091.4,1090.1,1090.1,1090.1,1090.1,1091.4,1091.4,1091.4,1091.4,1091.4,1088.5,1088.5,1088.5,1088.5,1088.5,8.39,8.19,8.03,7.91,8.1,8.15,8.24,0.0,0.0,8.35,8.13,8.42,8.21,0.0,8.32,8.08,7.61,0.0,8.21,8.0,0.0,0.0,0.0,8.36,8.07,0.0,0.0,0.0,846.3,835.5,840.6,109.103,108.353,108.77
P6,IB6,P6-IB6-4.2-SI09,SACU-2,18,18,0,100.0,0.0,MBUS-25,On-grid,558.97,149.998,-0.009,1093.8,1093.8,1093.8,1093.8,1101.9,1101.9,1101.9,1101.9,1101.9,1090.6,1090.6,1090.6,1090.6,1090.6,1095.8,1095.8,1095.8,1095.8,1079.6,1079.6,1079.6,1079.6,1079.6,1112.6,1112.6,1112.6,1112.6,1112.6,7.89,7.63,7.79,7.68,7.72,7.67,7.71,0.0,0.0,7.71,7.83,7.74,0.0,0.0,7.97,7.62,7.66,0.0,7.82,7.95,7.67,0.0,0.0,7.75,7.52,0.0,0.0,0.0,843.2,834.5,838.4,104.074,103.345,103.43
P6,IB6,P6-IB6-4.2-SI10,SACU-2,18,8,10,44.44,55.56,MBUS-26,On-grid,248.05,68.156,-0.001,370.1,370.1,370.1,370.1,1085.6,1085.6,1085.6,1085.6,1085.6,1086.4,1086.4,1086.4,1086.4,1086.4,1073.8,1073.8,1073.8,1073.8,1096.5,1096.5,1096.5,1096.5,1096.5,370.8,370.8,370.8,370.8,370.8,0.0,0.0,0.0,0.0,7.35,8.44,8.24,0.0,0.0,7.86,0.0,0.0,0.0,0.0,7.91,7.94,0.0,0.0,0.0,8.23,7.98,0.0,0.0,0.0,0.0,0.0,0.0,0.0,842.6,837.0,832.5,47.762,47.197,47.204
P6,IB6,P6-IB6-4.2-SI11,SACU-2,18,18,0,100.0,0.0,MBUS-27,On-grid,561.01,158.701,-0.009,1089.8,1089.8,1089.8,1089.8,1091.6,1091.6,1091.6,1091.6,1091.6,1104.8,1104.8,1104.8,1104.8,1104.8,1092.1,1092.1,1092.1,1092.1,1109.6,1109.6,1109.6,1109.6,1109.6,1089.9,1089.9,1089.9,1089.9,1089.9,8.07,7.85,8.21,7.98,8.0,8.1,8.37,0.0,0.0,7.71,8.14,8.17,0.0,0.0,8.35,8.14,8.4,0.0,8.08,8.22,7.9,0.0,0.0,8.49,8.19,0.0,0.0,0.0,845.5,838.4,835.8,109.726,108.982,109.275
P6,IB6,P6-IB6-4.2-SI12,SACU-2,18,18,0,100.0,0.0,MBUS-28,On-grid,558.16,150.827,0.014,1095.0,1095.0,1095.0,1095.0,1087.4,1087.4,1087.4,1087.4,1087.4,1090.6,1090.6,1090.6,1090.6,1090.6,1097.7,1097.7,1097.7,1097.7,1107.1,1107.1,1107.1,1107.1,1107.1,1079.4,1079.4,1079.4,1079.4,1079.4,8.0,7.72,8.06,7.82,7.72,7.73,8.09,0.0,0.0,8.05,7.72,7.56,0.0,0.0,8.17,7.68,7.54,0.0,7.47,7.71,7.34,0.0,0.0,7.87,7.64,0.0,0.0,0.0,845.2,833.4,839.5,104.205,103.909,103.94
P6,IB6,P6-IB6-4.2-SI13,SACU-2,18,6,12,33.33,66.67,MBUS-29,On-grid,182.96,51.393,0.005,372.9,372.9,372.9,372.9,1073.5,1073.5,1073.5,1073.5,1073.5,1089.3,1089.3,1089.3,1089.3,1089.3,1092.8,1092.8,1092.8,1092.8,1070.8,1070.8,1070.8,1070.8,1070.8,369.3,369.3,369.3,369.3,369.3,0.0,0.0,0.0,0.0,7.72,8.16,0.0,0.0,0.0,0.0,8.41,8.23,0.0,0.0,0.0,0.0,8.36,0.0,8.12,0.0,0.0,0.0,0.0,0.0,0.0,0.0,0.0,0.0,842.6,838.3,832.0,36.166,35.467,35.611
P6,IB6,P6-IB6-4.2-SI14,SACU-2,18,18,0,100.0,0.0,MBUS-30,On-grid,560.62,158.722,0.001,1099.5,1099.5,1099.5,1099.5,1090.8,1090.8,1090.8,1090.8,1090.8,1096.2,1096.2,1096.2,1096.2,1096.2,1093.8,1093.8,1093.8,1093.8,1104.9,1104.9,1104.9,1104.9,1104.9,1092.6,1092.6,1092.6,1092.6,1092.6,8.32,8.05,8.08,7.78,7.94,8.41,8.22,0.0,0.0,8.0,8.24,8.02,0.0,0.0,8.32,8.08,8.35,0.0,8.3,8.34,7.95,0.0,0.0,8.37,8.06,0.0,0.0,0.0,846.0,840.2,836.0,109.217,109.212,109.335
P6,IB6,P6-IB6-4.2-SI15,SACU-2,18,18,0,100.0,0.0,MBUS-31,On-grid,555.82,154.789,0.023,1086.1,1086.1,1086.1,1086.1,1087.2,1087.2,1087.2,1087.2,1087.2,1093.3,1093.3,1093.3,1093.3,1093.3,1096.3,1096.3,1096.3,1096.3,1086.4,1086.4,1086.4,1086.4,1086.4,1083.5,1083.5,1083.5,1083.5,1083.5,7.92,7.74,8.34,8.14,7.75,7.83,8.4,0.0,0.0,8.16,8.0,7.9,0.0,0.0,8.47,8.0,7.91,0.0,7.72,8.43,8.03,0.0,0.0,8.07,7.79,0.0,0.0,0.0,844.9,834.4,839.4,106.747,106.906,106.716
P6,IB6,P6-IB6-4.2-SI16,SACU-2,18,18,0,100.0,0.0,MBUS-32,On-grid,559.9,149.162,-0.024,1094.6,1094.6,1094.6,1094.6,1092.8,1092.8,1092.8,1092.8,1092.8,1095.1,1095.1,1095.1,1095.1,1095.1,1093.7,1093.7,1093.7,1093.7,1112.5,1112.5,1112.5,1112.5,1112.5,1103.8,1103.8,1103.8,1103.8,1103.8,7.64,7.62,7.66,7.49,7.33,7.65,7.82,0.0,0.0,7.56,7.71,7.6,0.0,0.0,7.81,7.57,7.85,0.0,7.54,7.66,7.44,0.0,0.0,7.54,7.59,0.0,0.0,0.0,841.5,834.3,833.4,104.008,102.491,103.246
P6,IB7,P6-IB7-1.1-SI01,SACU-1,18,18,0,100.0,0.0,MBUS-1,On-grid,556.16,141.062,-30.748,1082.2,1082.2,1082.2,1082.2,1095.0,1095.0,1095.0,1095.0,1095.0,1085.1,1085.1,1085.1,1085.1,1085.1,1089.8,1089.8,1089.8,1089.8,1092.4,1092.4,1092.4,1092.4,1092.4,1082.3,1082.3,1082.3,1082.3,1082.3,7.48,7.3,7.34,7.22,7.26,7.24,7.25,0.0,0.0,7.26,7.41,7.27,0.0,0.0,7.5,7.12,7.44,0.0,7.38,7.42,7.08,0.0,0.0,7.55,7.16,0.0,0.0,0.0,832.9,828.1,821.8,101.749,101.203,101.456
P6,IB7,P6-IB7-1.1-SI02,SACU-1,18,18,0,100.0,0.0,MBUS-2,On-grid,552.57,141.707,-30.686,1103.8,1103.8,1103.8,1103.8,1098.4,1098.4,1098.4,1098.4,1098.4,1097.3,1097.3,1097.3,1097.3,1097.3,1104.8,1104.8,1104.8,1104.8,1074.8,1074.8,1074.8,1074.8,1074.8,1083.1,1083.1,1083.1,1083.1,1083.1,7.52,7.21,7.25,7.15,7.43,7.3,7.37,0.0,0.0,7.3,7.33,7.14,0.0,0.0,7.45,7.03,7.33,0.0,7.57,7.55,7.23,0.0,0.0,7.6,7.21,0.0,0.0,0.0,834.8,827.4,825.9,101.629,101.483,101.789
P6,IB7,P6-IB7-1.1-SI03,SACU-1,18,17,1,94.44,5.56,MBUS-3,On-grid,521.72,134.732,-30.715,1099.4,1099.4,1099.4,1099.4,1072.5,1072.5,1072.5,1072.5,1072.5,1093.4,1093.4,1093.4,1093.4,1093.4,1069.1,1069.1,1069.1,1069.1,1094.5,1094.5,1094.5,1094.5,1094.5,1097.3,1097.3,1097.3,1097.3,1097.3,7.49,7.19,7.34,7.18,7.71,7.66,7.51,0.0,0.0,7.33,7.45,7.38,0.0,0.0,0.0,7.28,7.54,0.0,7.19,7.53,7.23,0.0,0.0,7.6,7.32,0.0,0.0,0.0,835.7,830.4,826.3,96.525,96.323,96.992
P6,IB7,P6-IB7-1.1-SI04,SACU-1,18,18,0,100.0,0.0,MBUS-4,On-grid,553.92,142.793,-30.758,1096.5,1096.5,1096.5,1096.5,1098.0,1098.0,1098.0,1098.0,1098.0,1089.3,1089.3,1089.3,1089.3,1089.3,1081.3,1081.3,1081.3,1081.3,1098.0,1098.0,1098.0,1098.0,1098.0,1068.2,1068.2,1068.2,1068.2,1068.2,7.63,7.26,7.44,7.3,7.4,7.34,7.5,0.0,0.0,7.37,7.49,7.33,0.0,0.0,7.58,7.23,7.56,0.0,7.26,7.53,7.24,0.0,0.0,7.72,7.32,0.0,0.0,0.0,834.0,827.1,825.4,102.225,102.21,102.576
P6,IB7,P6-IB7-1.1-SI05,SACU-1,18,18,0,100.0,0.0,MBUS-5,On-grid,552.75,148.651,-30.731,1091.6,1091.6,1091.6,1091.6,1064.4,1064.4,1064.4,1064.4,1064.4,1089.6,1089.6,1089.6,1089.6,1089.6,1083.0,1083.0,1083.0,1083.0,1094.3,1094.3,1094.3,1094.3,1094.3,1091.2,1091.2,1091.2,1091.2,1091.2,7.79,7.51,7.7,7.58,7.81,7.71,7.94,0.0,0.0,7.82,7.8,7.7,0.0,0.0,8.03,7.71,7.68,0.0,7.61,7.84,7.49,0.0,0.0,7.85,7.56,0.0,0.0,0.0,837.0,826.6,831.8,106.147,105.783,106.142
P6,IB7,P6-IB7-1.1-SI06,SACU-1,18,18,0,100.0,0.0,MBUS-6,On-grid,552.55,142.615,-30.713,1108.6,1108.6,1108.6,1108.6,1091.3,1091.3,1091.3,1091.3,1091.3,1097.8,1097.8,1097.8,1097.8,1097.8,1082.9,1082.9,1082.9,1082.9,1076.6,1076.6,1076.6,1076.6,1076.6,1089.1,1089.1,1089.1,1089.1,1089.1,7.36,7.13,7.36,7.21,7.32,7.42,7.35,0.0,0.0,7.24,7.41,7.23,0.0,0.0,7.67,7.24,7.63,0.0,7.6,7.62,7.24,0.0,0.0,7.49,7.17,0.0,0.0,0.0,834.9,830.0,825.6,101.898,101.979,102.505
P6,IB7,P6-IB7-1.1-SI07,SACU-1,18,18,0,100.0,0.0,MBUS-7,On-grid,563.06,146.939,-30.744,1111.9,1111.9,1111.9,1111.9,1124.1,1124.1,1124.1,1124.1,1124.1,1118.4,1118.4,1118.4,1118.4,1118.4,1124.8,1124.8,1124.8,1124.8,1091.8,1091.8,1091.8,1091.8,1091.8,1102.8,1102.8,1102.8,1102.8,1102.8,7.38,7.24,7.74,7.66,7.02,7.28,7.58,7.42,0.0,7.29,7.48,7.39,0.0,0.0,7.53,7.41,7.54,7.06,7.78,7.57,0.0,0.0,0.0,0.0,7.43,0.0,0.0,0.0,837.3,827.4,831.8,104.838,104.672,105.076
P6,IB7,P6-IB7-1.1-SI08,SACU-1,18,18,0,100.0,0.0,MBUS-8,On-grid,562.21,147.968,-30.747,1094.9,1094.9,1094.9,1094.9,1108.0,1108.0,1108.0,1108.0,1108.0,1104.0,1104.0,1104.0,1104.0,1104.0,1112.4,1112.4,1112.4,1112.4,1115.1,1115.1,1115.1,1115.1,1115.1,1110.3,1110.3,1110.3,1110.3,1110.3,7.54,7.44,7.38,7.4,7.65,7.62,7.54,0.0,0.0,7.42,7.64,7.85,0.0,0.0,7.52,7.29,7.73,0.0,7.64,7.81,7.59,0.0,0.0,7.7,7.75,0.0,0.0,0.0,839.9,832.5,829.4,105.628,105.392,105.218
P6,IB7,P6-IB7-1.2-SI09,SACU-1,18,17,1,94.44,5.56,MBUS-9,On-grid,521.47,133.549,-30.657,1083.9,1083.9,1083.9,1083.9,1091.9,1091.9,1091.9,1091.9,1091.9,1084.7,1084.7,1084.7,1084.7,1084.7,1084.6,1084.6,1084.6,1084.6,1084.4,1084.4,1084.4,1084.4,1084.4,1089.3,1089.3,1089.3,1089.3,1089.3,7.6,7.22,7.36,7.18,7.17,7.27,7.36,0.0,0.0,7.49,7.37,7.31,0.0,0.0,7.77,0.0,7.37,0.0,7.4,7.44,7.16,0.0,0.0,7.56,7.25,0.0,0.0,0.0,835.4,825.6,829.3,95.864,96.211,95.873
P6,IB7,P6-IB7-1.2-SI10,SACU-1,18,18,0,100.0,0.0,MBUS-10,On-grid,562.64,151.546,-30.689,1102.6,1102.6,1102.6,1102.6,1103.7,1103.7,1103.7,1103.7,1103.7,1084.8,1084.8,1084.8,1084.8,1084.8,1113.3,1113.3,1113.3,1113.3,1106.4,1106.4,1106.4,1106.4,1106.4,1109.8,1109.8,1109.8,1109.8,1109.8,7.9,7.55,7.94,7.57,7.6,8.06,7.66,0.0,0.0,7.72,7.63,7.68,0.0,0.0,7.81,7.55,7.62,7.59,8.07,8.0,0.0,0.0,0.0,7.71,7.73,0.0,0.0,0.0,838.3,827.4,833.0,107.567,107.798,107.794
P6,IB7,P6-IB7-1.2-SI11,SACU-1,18,18,0,100.0,0.0,MBUS-11,On-grid,554.78,142.59,-30.731,1088.3,1088.3,1088.3,1088.3,1100.9,1100.9,1100.9,1100.9,1100.9,1116.0,1116.0,1116.0,1116.0,1116.0,1090.6,1090.6,1090.6,1090.6,1094.2,1094.2,1094.2,1094.2,1094.2,1091.5,1091.5,1091.5,1091.5,1091.5,7.52,7.22,7.38,7.21,7.4,7.33,7.42,0.0,0.0,7.22,7.27,7.2,0.0,0.0,7.54,7.21,7.5,0.0,7.4,7.52,7.26,0.0,0.0,7.61,7.24,0.0,0.0,0.0,836.5,830.0,827.2,102.402,101.673,102.126
P6,IB7,P6-IB7-1.2-SI12,SACU-1,18,18,0,100.0,0.0,MBUS-12,On-grid,556.7,146.454,-30.7,1118.4,1118.4,1118.4,1118.4,1097.4,1097.4,1097.4,1097.4,1097.4,1100.8,1100.8,1100.8,1100.8,1100.8,1105.6,1105.6,1105.6,1105.6,1086.0,1086.0,1086.0,1086.0,1086.0,1092.3,1092.3,1092.3,1092.3,1092.3,7.47,7.28,7.49,7.45,7.57,7.56,7.87,0.0,0.0,7.49,7.62,7.36,0.0,0.0,7.61,7.63,7.38,0.0,7.22,7.8,7.37,0.0,0.0,7.72,7.36,0.0,0.0,0.0,837.1,833.5,829.2,104.537,104.292,104.212
P6,IB7,P6-IB7-1.2-SI13,SACU-1,18,17,1,94.44,5.56,MBUS-13,On-grid,536.76,141.593,-30.748,1114.0,1114.0,1114.0,1114.0,1096.4,1096.4,1096.4,1096.4,1096.4,1101.7,1101.7,1101.7,1101.7,1101.7,1113.5,1113.5,1113.5,1113.5,1119.5,1119.5,1119.5,1119.5,1119.5,1119.6,1119.6,1119.6,1119.6,1119.6,7.42,7.17,7.72,7.58,0.0,0.0,7.77,0.0,0.0,7.57,7.37,7.72,7.37,0.0,7.79,7.77,7.74,0.0,7.66,7.61,0.0,0.0,0.0,7.78,7.52,7.82,0.0,0.0,839.8,829.9,835.4,100.715,100.852,101.061
P6,IB7,P6-IB7-1.2-SI14,SACU-1,18,18,0,100.0,0.0,MBUS-14,On-grid,551.69,143.529,-30.701,1087.2,1087.2,1087.2,1087.2,1073.9,1073.9,1073.9,1073.9,1073.9,1080.3,1080.3,1080.3,1080.3,1080.3,1098.7,1098.7,1098.7,1098.7,1079.6,1079.6,1079.6,1079.6,1079.6,1090.3,1090.3,1090.3,1090.3,1090.3,7.68,7.42,7.48,7.41,7.45,7.38,7.64,0.0,0.0,7.54,7.55,7.36,0.0,0.0,7.71,7.28,7.06,0.0,7.5,7.48,7.42,0.0,0.0,7.75,7.45,0.0,0.0,0.0,836.8,827.3,832.1,102.873,102.314,102.398
P6,IB7,P6-IB7-1.2-SI15,SACU-1,18,18,0,100.0,0.0,MBUS-15,On-grid,551.96,146.07,-30.649,1083.5,1083.5,1083.5,1083.5,1094.9,1094.9,1094.9,1094.9,1094.9,1073.5,1073.5,1073.5,1073.5,1073.5,1082.5,1082.5,1082.5,1082.5,1091.1,1091.1,1091.1,1091.1,1091.1,1074.3,1074.3,1074.3,1074.3,1074.3,7.71,7.35,7.73,7.46,7.71,7.49,7.71,0.0,0.0,7.71,7.93,7.73,0.0,0.0,7.94,7.39,7.81,0.0,7.74,7.79,7.41,0.0,0.0,7.73,7.54,0.0,0.0,0.0,838.1,831.6,828.6,104.413,103.695,104.098
P6,IB7,P6-IB7-1.2-SI16,SACU-1,18,18,0,100.0,0.0,MBUS-16,On-grid,564.15,155.844,-30.686,1095.7,1095.7,1095.7,1095.7,1104.2,1104.2,1104.2,1104.2,1104.2,1113.7,1113.7,1113.7,1113.7,1113.7,1113.8,1113.8,1113.8,1113.8,1120.9,1120.9,1120.9,1120.9,1120.9,1126.5,1126.5,1126.5,1126.5,1126.5,8.04,7.91,8.1,7.77,8.03,7.78,8.09,0.0,0.0,0.0,7.57,8.09,7.84,0.0,7.86,8.06,8.0,7.87,8.42,7.86,0.0,0.0,0.0,8.04,7.67,0.0,0.0,0.0,840.2,830.3,835.4,110.245,110.26,110.236
P6,IB7,P6-IB7-2.1-SI01,SACU-1,18,18,0,100.0,0.0,MBUS-17,On-grid,557.11,141.189,-30.693,1093.5,1093.5,1093.5,1093.5,1085.5,1085.5,1085.5,1085.5,1085.5,1090.6,1090.6,1090.6,1090.6,1090.6,1088.6,1088.6,1088.6,1088.6,1090.2,1090.2,1090.2,1090.2,1090.2,1070.3,1070.3,1070.3,1070.3,1070.3,7.78,7.23,7.38,7.23,7.55,7.29,7.45,0.0,0.0,7.59,7.41,7.25,0.0,0.0,7.7,7.15,7.4,0.0,7.59,7.42,6.79,0.0,0.0,7.82,7.33,0.0,0.0,0.0,834.1,824.9,828.3,101.489,101.329,101.307
P6,IB7,P6-IB7-2.1-SI02,SACU-1,18,18,0,100.0,0.0,MBUS-18,On-grid,558.34,141.431,-30.712,1093.7,1093.7,1093.7,1093.7,1098.1,1098.1,1098.1,1098.1,1098.1,1106.5,1106.5,1106.5,1106.5,1106.5,1084.0,1084.0,1084.0,1084.0,1096.1,1096.1,1096.1,1096.1,1096.1,1098.7,1098.7,1098.7,1098.7,1098.7,7.55,7.16,7.27,7.13,7.39,7.1,7.42,0.0,0.0,7.29,7.39,7.2,0.0,0.0,7.63,7.18,7.51,0.0,7.34,7.39,7.13,0.0,0.0,7.65,7.19,0.0,0.0,0.0,833.4,828.0,822.6,101.584,101.638,101.312
P6,IB7,P6-IB7-2.1-SI03,SACU-1,18,18,0,100.0,0.0,MBUS-19,On-grid,555.32,140.903,-30.658,1093.5,1093.5,1093.5,1093.5,1085.1,1085.1,1085.1,1085.1,1085.1,1096.6,1096.6,1096.6,1096.6,1096.6,1087.3,1087.3,1087.3,1087.3,1083.0,1083.0,1083.0,1083.0,1083.0,1066.3,1066.3,1066.3,1066.3,1066.3,7.83,7.23,7.33,7.28,7.51,7.36,7.49,0.0,0.0,7.59,7.4,7.23,0.0,0.0,7.76,7.13,7.44,0.0,7.65,7.46,7.14,0.0,0.0,7.67,7.29,0.0,0.0,0.0,833.7,826.7,825.5,101.29,100.8,101.345
P6,IB7,P6-IB7-2.1-SI04,SACU-1,18,17,1,94.44,5.56,MBUS-20,On-grid,525.3,133.614,-30.687,1091.4,1091.4,1091.4,1091.4,1087.0,1087.0,1087.0,1087.0,1087.0,1094.5,1094.5,1094.5,1094.5,1094.5,1089.4,1089.4,1089.4,1089.4,1092.7,1092.7,1092.7,1092.7,1092.7,1084.6,1084.6,1084.6,1084.6,1084.6,7.19,7.47,7.18,7.51,7.48,7.39,7.41,0.0,0.0,7.15,7.31,0.0,0.0,0.0,7.68,7.15,7.5,0.0,7.37,7.4,7.14,0.0,0.0,7.55,7.23,0.0,0.0,0.0,834.3,827.6,824.3,96.551,96.051,95.84
P6,IB7,P6-IB7-2.1-SI05,SACU-1,18,17,1,94.44,5.56,MBUS-21,On-grid,523.14,133.253,-30.642,1090.6,1090.6,1090.6,1090.6,1087.6,1087.6,1087.6,1087.6,1087.6,1083.8,1083.8,1083.8,1083.8,1083.8,1074.1,1074.1,1074.1,1074.1,1088.7,1088.7,1088.7,1088.7,1088.7,1087.4,1087.4,1087.4,1087.4,1087.4,7.53,7.24,7.19,7.33,7.25,7.27,7.51,0.0,0.0,7.35,7.42,7.35,0.0,0.0,7.81,7.28,7.37,0.0,7.26,7.49,7.2,0.0,0.0,7.54,0.0,0.0,0.0,0.0,834.0,826.2,825.6,96.205,96.145,95.793
P6,IB7,P6-IB7-2.1-SI06,SACU-1,18,18,0,100.0,0.0,MBUS-22,On-grid,559.7,147.842,-30.752,1083.7,1083.7,1083.7,1083.7,1095.4,1095.4,1095.4,1095.4,1095.4,1097.9,1097.9,1097.9,1097.9,1097.9,1107.5,1107.5,1107.5,1107.5,1101.0,1101.0,1101.0,1101.0,1101.0,1117.0,1117.0,1117.0,1117.0,1117.0,7.72,7.58,7.81,7.61,7.78,7.55,7.72,0.0,0.0,7.46,7.77,7.64,0.0,0.0,7.58,7.22,7.41,7.49,7.86,7.57,0.0,0.0,0.0,7.93,7.51,0.0,0.0,0.0,836.9,827.9,832.0,105.741,105.18,105.356
P6,IB7,P6-IB7-2.1-SI07,SACU-1,18,17,1,94.44,5.56,MBUS-23,On-grid,522.65,135.553,-30.739,1094.8,1094.8,1094.8,1094.8,1102.7,1102.7,1102.7,1102.7,1102.7,1085.3,1085.3,1085.3,1085.3,1085.3,1099.4,1099.4,1099.4,1099.4,1089.0,1089.0,1089.0,1089.0,1089.0,1070.2,1070.2,1070.2,1070.2,1070.2,7.72,7.33,7.6,7.42,7.56,7.19,7.58,0.0,0.0,7.71,7.49,7.36,0.0,0.0,8.08,0.0,7.29,0.0,7.37,7.61,7.31,0.0,0.0,7.85,7.19,0.0,0.0,0.0,834.2,828.1,827.3,97.362,97.24,97.242
P6,IB7,P6-IB7-2.1-SI08,SACU-1,18,18,0,100.0,0.0,MBUS-24,On-grid,555.09,141.484,-30.608,1077.2,1077.2,1077.2,1077.2,1087.7,1087.7,1087.7,1087.7,1087.7,1081.5,1081.5,1081.5,1081.5,1081.5,1089.2,1089.2,1089.2,1089.2,1078.9,1078.9,1078.9,1078.9,1078.9,1086.5,1086.5,1086.5,1086.5,1086.5,7.84,7.42,7.57,7.39,7.76,7.22,7.41,0.0,0.0,7.73,7.36,7.28,0.0,0.0,7.85,7.09,7.31,0.0,7.65,7.5,7.16,0.0,0.0,7.92,7.28,0.0,0.0,0.0,835.9,824.9,829.8,101.501,101.215,101.487
P6,IB7,P6-IB7-2.2-SI09,SACU-1,18,14,4,77.78,22.22,MBUS-25,On-grid,409.74,107.493,-30.713,1160.3,1160.3,1160.3,1160.3,1155.6,1155.6,1155.6,1155.6,1155.6,1136.5,1136.5,1136.5,1136.5,1136.5,1135.2,1135.2,1135.2,1135.2,1120.9,1120.9,1120.9,1120.9,1120.9,1149.2,1149.2,1149.2,1149.2,1149.2,7.92,6.93,7.09,0.0,0.75,0.0,7.2,0.0,0.0,7.8,7.39,7.22,0.0,0.0,7.89,7.57,6.86,7.25,8.45,0.0,0.0,0.0,0.0,8.08,0.0,0.0,0.0,0.0,836.2,825.7,830.4,78.436,78.423,78.63
P6,IB7,P6-IB7-2.2-SI10,SACU-1,18,18,0,100.0,0.0,MBUS-26,On-grid,558.1,143.282,-30.645,1093.4,1093.4,1093.4,1093.4,1096.7,1096.7,1096.7,1096.7,1096.7,1093.3,1093.3,1093.3,1093.3,1093.3,1089.3,1089.3,1089.3,1089.3,1096.2,1096.2,1096.2,1096.2,1096.2,1094.9,1094.9,1094.9,1094.9,1094.9,7.72,7.26,7.59,7.27,7.53,7.27,7.48,0.0,0.0,7.42,7.49,7.36,0.0,0.0,7.86,7.32,7.55,0.0,7.32,7.39,7.21,0.0,0.0,7.51,7.14,0.0,0.0,0.0,835.7,832.1,826.8,102.844,101.908,101.808
P6,IB7,P6-IB7-2.2-SI11,SACU-1,18,18,0,100.0,0.0,MBUS-27,On-grid,557.31,142.237,-30.678,1093.0,1093.0,1093.0,1093.0,1097.4,1097.4,1097.4,1097.4,1097.4,1088.7,1088.7,1088.7,1088.7,1088.7,1081.5,1081.5,1081.5,1081.5,1087.2,1087.2,1087.2,1087.2,1087.2,1082.3,1082.3,1082.3,1082.3,1082.3,7.5,7.18,7.44,7.29,7.4,7.35,7.36,0.0,0.0,7.46,7.35,7.21,0.0,0.0,7.82,7.25,7.52,0.0,7.46,7.5,7.2,0.0,0.0,7.45,7.2,0.0,0.0,0.0,835.0,825.8,830.5,101.94,102.032,101.353
P6,IB7,P6-IB7-2.2-SI12,SACU-1,18,18,0,100.0,0.0,MBUS-28,On-grid,552.73,142.101,-30.72,1084.9,1084.9,1084.9,1084.9,1094.6,1094.6,1094.6,1094.6,1094.6,1104.1,1104.1,1104.1,1104.1,1104.1,1080.9,1080.9,1080.9,1080.9,1086.0,1086.0,1086.0,1086.0,1086.0,1085.4,1085.4,1085.4,1085.4,1085.4,7.67,7.28,7.5,7.26,7.44,7.4,7.51,0.0,0.0,7.34,7.44,7.32,0.0,0.0,7.79,7.27,7.41,0.0,7.4,7.47,7.03,0.0,0.0,7.51,7.21,0.0,0.0,0.0,836.2,825.9,830.0,101.848,101.973,101.815
P6,IB7,P6-IB7-2.2-SI13,SACU-1,18,18,0,100.0,0.0,MBUS-29,On-grid,558.38,141.934,-30.682,1074.1,1074.1,1074.1,1074.1,1089.5,1089.5,1089.5,1089.5,1089.5,1090.9,1090.9,1090.9,1090.9,1090.9,1091.4,1091.4,1091.4,1091.4,1082.8,1082.8,1082.8,1082.8,1082.8,1066.4,1066.4,1066.4,1066.4,1066.4,7.88,7.33,7.55,7.48,7.53,7.34,7.52,0.0,0.0,7.72,7.43,7.31,0.0,0.0,7.95,7.27,7.5,0.0,7.72,7.58,7.24,0.0,0.0,7.93,7.28,0.0,0.0,0.0,834.6,828.7,824.6,101.846,101.78,101.843
P6,IB7,P6-IB7-2.2-SI14,SACU-1,18,18,0,100.0,0.0,MBUS-30,On-grid,561.86,143.057,-30.724,1090.8,1090.8,1090.8,1090.8,1098.5,1098.5,1098.5,1098.5,1098.5,1102.0,1102.0,1102.0,1102.0,1102.0,1096.2,1096.2,1096.2,1096.2,1083.4,1083.4,1083.4,1083.4,1083.4,1079.1,1079.1,1079.1,1079.1,1079.1,7.67,7.32,7.41,7.28,7.47,7.32,7.37,0.0,0.0,7.33,7.39,7.3,0.0,0.0,7.8,7.27,7.28,0.0,7.43,7.6,7.29,0.0,0.0,7.57,7.33,0.0,0.0,0.0,833.5,824.0,828.0,102.489,102.632,102.97
P6,IB7,P6-IB7-2.2-SI15,SACU-1,18,18,0,100.0,0.0,MBUS-31,On-grid,557.98,142.137,-30.637,1103.4,1103.4,1103.4,1103.4,1090.8,1090.8,1090.8,1090.8,1090.8,1087.2,1087.2,1087.2,1087.2,1087.2,1071.6,1071.6,1071.6,1071.6,1100.9,1100.9,1100.9,1100.9,1100.9,1089.6,1089.6,1089.6,1089.6,1089.6,7.74,7.16,7.34,7.14,7.7,7.46,7.49,0.0,0.0,7.7,7.43,7.27,0.0,0.0,8.04,7.25,7.41,0.0,7.5,7.38,7.02,0.0,0.0,7.67,7.28,0.0,0.0,0.0,833.7,824.5,829.0,101.801,102.059,101.829
P6,IB7,P6-IB7-2.2-SI16,SACU-1,18,16,2,88.89,11.11,MBUS-32,On-grid,493.78,126.231,-30.731,1103.7,1103.7,1103.7,1103.7,1093.1,1093.1,1093.1,1093.1,1093.1,1088.5,1088.5,1088.5,1088.5,1088.5,1081.1,1081.1,1081.1,1081.1,1080.9,1080.9,1080.9,1080.9,1080.9,386.8,386.8,386.8,386.8,386.8,7.1,7.37,7.4,7.23,6.95,7.49,7.52,0.0,0.0,6.87,7.52,7.48,0.0,0.0,7.49,7.37,7.63,0.0,6.86,7.69,7.21,0.0,0.0,0.0,0.0,0.0,0.0,0.0,835.8,826.9,830.4,91.204,90.785,90.908
P6,IB7,P6-IB7-3.1-SI01,SACU-2,18,18,0,100.0,0.0,MBUS-1,On-grid,563.14,141.358,-0.002,1100.0,1100.0,1100.0,1100.0,1083.6,1083.6,1083.6,1083.6,1083.6,1095.1,1095.1,1095.1,1095.1,1095.1,1083.4,1083.4,1083.4,1083.4,1083.4,1083.4,1083.4,1083.4,1083.4,1085.5,1085.5,1085.5,1085.5,1085.5,7.31,7.25,7.35,7.13,7.05,7.31,7.47,0.0,0.0,7.19,7.25,7.1,0.0,0.0,7.63,7.15,7.37,0.0,7.24,7.49,7.2,0.0,0.0,7.0,7.31,0.0,0.0,0.0,842.0,833.3,837.7,98.185,97.487,97.554
P6,IB7,P6-IB7-3.1-SI02,SACU-2,18,18,0,100.0,0.0,MBUS-2,On-grid,563.62,140.958,-0.043,1098.5,1098.5,1098.5,1098.5,1092.5,1092.5,1092.5,1092.5,1092.5,1088.7,1088.7,1088.7,1088.7,1088.7,1079.9,1079.9,1079.9,1079.9,1088.0,1088.0,1088.0,1088.0,1088.0,1075.2,1075.2,1075.2,1075.2,1075.2,7.37,7.12,7.32,7.12,7.12,7.24,7.34,0.0,0.0,7.14,7.39,7.25,0.0,0.0,7.26,7.08,7.48,0.0,7.29,7.5,7.31,0.0,0.0,7.56,7.1,0.0,0.0,0.0,842.0,836.0,833.0,97.633,97.509,97.442
P6,IB7,P6-IB7-3.1-SI03,SACU-2,18,16,2,88.89,11.11,MBUS-3,On-grid,501.59,125.753,-0.04,1100.4,1100.4,1100.4,1100.4,1090.5,1090.5,1090.5,1090.5,1090.5,1089.1,1089.1,1089.1,1089.1,1089.1,1081.8,1081.8,1081.8,1081.8,1087.3,1087.3,1087.3,1087.3,1087.3,1088.8,1088.8,1088.8,1088.8,1088.8,7.55,7.06,7.2,7.14,7.48,7.24,0.0,0.0,0.0,0.0,7.35,7.22,0.0,0.0,7.69,7.23,7.15,0.0,7.43,7.38,7.08,0.0,0.0,7.36,7.08,0.0,0.0,0.0,841.2,831.4,837.3,87.456,86.921,86.837
P6,IB7,P6-IB7-3.1-SI04,SACU-2,18,18,0,100.0,0.0,MBUS-4,On-grid,559.85,140.404,-0.041,1102.6,1102.6,1102.6,1102.6,1070.4,1070.4,1070.4,1070.4,1070.4,1098.5,1098.5,1098.5,1098.5,1098.5,1082.5,1082.5,1082.5,1082.5,1091.4,1091.4,1091.4,1091.4,1091.4,1090.8,1090.8,1090.8,1090.8,1090.8,7.36,7.21,7.36,7.24,6.99,7.18,7.48,0.0,0.0,7.22,7.25,7.12,0.0,0.0,7.66,7.1,7.22,0.0,7.33,7.4,7.14,0.0,0.0,7.41,7.14,0.0,0.0,0.0,842.3,831.4,838.1,97.636,96.786,97.228
P6,IB7,P6-IB7-3.1-SI05,SACU-2,18,18,0,100.0,0.0,MBUS-5,On-grid,564.04,141.148,-0.001,1095.9,1095.9,1095.9,1095.9,1082.7,1082.7,1082.7,1082.7,1082.7,1081.3,1081.3,1081.3,1081.3,1081.3,1084.7,1084.7,1084.7,1084.7,1109.7,1109.7,1109.7,1109.7,1109.7,1102.5,1102.5,1102.5,1102.5,1102.5,7.52,7.14,7.32,7.15,7.3,7.22,7.35,0.0,0.0,7.42,7.39,7.3,0.0,0.0,7.54,7.21,7.37,0.0,7.21,7.33,7.0,0.0,0.0,7.53,7.1,0.0,0.0,0.0,842.3,832.5,838.0,98.169,97.582,97.141
P6,IB7,P6-IB7-3.1-SI06,SACU-2,18,18,0,100.0,0.0,MBUS-6,On-grid,562.19,140.67,-0.052,1090.4,1090.4,1090.4,1090.4,1102.0,1102.0,1102.0,1102.0,1102.0,1096.1,1096.1,1096.1,1096.1,1096.1,1086.3,1086.3,1086.3,1086.3,1081.0,1081.0,1081.0,1081.0,1081.0,1094.3,1094.3,1094.3,1094.3,1094.3,7.46,7.22,7.37,7.18,7.04,7.22,7.36,0.0,0.0,7.34,7.36,7.23,0.0,0.0,7.41,6.93,7.32,0.0,7.21,7.46,7.06,0.0,0.0,7.21,7.12,0.0,0.0,0.0,843.0,838.1,834.9,97.413,96.982,97.02
P6,IB7,P6-IB7-3.1-SI07,SACU-2,18,18,0,100.0,0.0,MBUS-7,On-grid,559.27,140.18,-0.019,1077.0,1077.0,1077.0,1077.0,1096.4,1096.4,1096.4,1096.4,1096.4,1097.0,1097.0,1097.0,1097.0,1097.0,1076.2,1076.2,1076.2,1076.2,1076.4,1076.4,1076.4,1076.4,1076.4,1078.5,1078.5,1078.5,1078.5,1078.5,7.45,7.14,7.41,7.24,7.18,7.18,7.33,0.0,0.0,7.33,7.01,7.11,0.0,0.0,7.62,6.84,7.41,0.0,7.34,7.4,7.08,0.0,0.0,7.59,7.18,0.0,0.0,0.0,842.7,832.5,838.0,96.899,96.735,97.074
P6,IB7,P6-IB7-3.1-SI08,SACU-2,18,18,0,100.0,0.0,MBUS-8,On-grid,558.47,139.769,0.001,1081.4,1081.4,1081.4,1081.4,1089.2,1089.2,1089.2,1089.2,1089.2,1090.8,1090.8,1090.8,1090.8,1090.8,1092.6,1092.6,1092.6,1092.6,1090.8,1090.8,1090.8,1090.8,1090.8,1089.8,1089.8,1089.8,1089.8,1089.8,7.46,7.1,7.35,7.14,7.29,7.17,7.33,0.0,0.0,7.26,7.29,7.18,0.0,0.0,7.4,7.08,7.34,0.0,7.21,7.31,7.07,0.0,0.0,7.42,7.1,0.0,0.0,0.0,844.5,839.8,834.5,96.572,96.286,96.139
P6,IB7,P6-IB7-3.2-SI09,SACU-2,18,18,0,100.0,0.0,MBUS-9,On-grid,563.31,141.029,-0.057,1095.1,1095.1,1095.1,1095.1,1093.6,1093.6,1093.6,1093.6,1093.6,1088.8,1088.8,1088.8,1088.8,1088.8,1090.1,1090.1,1090.1,1090.1,1095.2,1095.2,1095.2,1095.2,1095.2,1080.3,1080.3,1080.3,1080.3,1080.3,7.42,7.07,7.28,7.18,7.22,7.2,7.43,0.0,0.0,7.25,7.42,7.22,0.0,0.0,7.33,7.1,7.39,0.0,7.31,7.35,7.02,0.0,0.0,7.55,7.17,0.0,0.0,0.0,843.0,838.1,833.1,97.32,97.349,97.491
P6,IB7,P6-IB7-3.2-SI10,SACU-2,18,18,0,100.0,0.0,MBUS-10,On-grid,565.87,141.098,0.065,1090.6,1090.6,1090.6,1090.6,1107.3,1107.3,1107.3,1107.3,1107.3,1101.6,1101.6,1101.6,1101.6,1101.6,1084.2,1084.2,1084.2,1084.2,1083.9,1083.9,1083.9,1083.9,1083.9,1099.3,1099.3,1099.3,1099.3,1099.3,7.49,7.12,7.31,7.12,7.26,7.12,7.32,0.0,0.0,7.24,7.39,7.2,0.0,0.0,7.57,7.12,7.41,0.0,7.2,7.47,7.17,0.0,0.0,7.4,7.09,0.0,0.0,0.0,845.4,839.7,835.6,98.057,96.594,97.004
P6,IB7,P6-IB7-3.2-SI11,SACU-2,18,18,0,100.0,0.0,MBUS-11,On-grid,565.4,141.021,-0.049,1087.4,1087.4,1087.4,1087.4,1104.7,1104.7,1104.7,1104.7,1104.7,1094.7,1094.7,1094.7,1094.7,1094.7,1102.8,1102.8,1102.8,1102.8,1084.7,1084.7,1084.7,1084.7,1084.7,1087.4,1087.4,1087.4,1087.4,1087.4,7.38,7.19,7.34,7.25,7.2,7.29,7.36,0.0,0.0,7.23,7.36,7.23,0.0,0.0,7.36,7.14,7.19,0.0,6.87,7.44,7.13,0.0,0.0,7.45,7.11,0.0,0.0,0.0,844.2,837.3,836.5,97.417,96.958,97.142
P6,IB7,P6-IB7-3.2-SI12,SACU-2,18,18,0,100.0,0.0,MBUS-12,On-grid,559.61,140.18,-0.014,1093.3,1093.3,1093.3,1093.3,1084.8,1084.8,1084.8,1084.8,1084.8,1091.2,1091.2,1091.2,1091.2,1091.2,1093.8,1093.8,1093.8,1093.8,1096.6,1096.6,1096.6,1096.6,1096.6,1104.1,1104.1,1104.1,1104.1,1104.1,7.11,6.81,7.33,7.2,7.14,7.18,7.43,0.0,0.0,7.32,7.29,7.07,0.0,0.0,7.43,7.1,7.37,0.0,6.89,7.29,7.12,0.0,0.0,7.41,7.16,0.0,0.0,0.0,845.9,841.4,836.7,96.78,96.376,96.259
P6,IB7,P6-IB7-3.2-SI13,SACU-2,18,18,0,100.0,0.0,MBUS-13,On-grid,553.02,138.202,0.062,1090.0,1090.0,1090.0,1090.0,1091.5,1091.5,1091.5,1091.5,1091.5,1081.7,1081.7,1081.7,1081.7,1081.7,1076.5,1076.5,1076.5,1076.5,1084.2,1084.2,1084.2,1084.2,1084.2,1089.8,1089.8,1089.8,1089.8,1089.8,7.29,7.1,7.14,7.0,7.13,7.17,7.13,0.0,0.0,7.43,6.85,7.27,0.0,0.0,7.49,7.06,6.99,0.0,7.24,7.29,6.95,0.0,0.0,7.37,7.09,0.0,0.0,0.0,845.7,835.5,841.7,95.542,94.727,95.205
P6,IB7,P6-IB7-3.2-SI14,SACU-2,18,18,0,100.0,0.0,MBUS-14,On-grid,562.32,142.04,-0.017,1084.0,1084.0,1084.0,1084.0,1087.5,1087.5,1087.5,1087.5,1087.5,1089.6,1089.6,1089.6,1089.6,1089.6,1085.3,1085.3,1085.3,1085.3,1087.8,1087.8,1087.8,1087.8,1087.8,1086.8,1086.8,1086.8,1086.8,1086.8,7.33,7.16,7.44,7.28,7.37,7.35,7.45,0.0,0.0,7.37,7.4,7.31,0.0,0.0,7.58,7.25,7.43,0.0,7.4,7.47,7.2,0.0,0.0,7.47,7.2,0.0,0.0,0.0,842.9,833.8,838.8,98.342,97.492,97.73
P6,IB7,P6-IB7-3.2-SI15,SACU-2,18,18,0,100.0,0.0,MBUS-15,On-grid,564.61,141.393,-0.049,1082.5,1082.5,1082.5,1082.5,1075.4,1075.4,1075.4,1075.4,1075.4,1104.4,1104.4,1104.4,1104.4,1104.4,1101.9,1101.9,1101.9,1101.9,1100.6,1100.6,1100.6,1100.6,1100.6,1075.0,1075.0,1075.0,1075.0,1075.0,7.75,7.26,7.31,7.16,7.49,7.29,7.43,0.0,0.0,7.04,7.3,7.16,0.0,0.0,7.44,7.11,7.39,0.0,7.24,7.42,7.14,0.0,0.0,7.6,7.24,0.0,0.0,0.0,843.5,838.1,835.1,97.704,97.661,97.308
P6,IB7,P6-IB7-3.2-SI16,SACU-2,18,18,0,100.0,0.0,MBUS-16,On-grid,567.68,143.142,-0.004,1086.6,1086.6,1086.6,1086.6,1099.7,1099.7,1099.7,1099.7,1099.7,1102.2,1102.2,1102.2,1102.2,1102.2,1089.8,1089.8,1089.8,1089.8,1097.4,1097.4,1097.4,1097.4,1097.4,1096.1,1096.1,1096.1,1096.1,1096.1,7.42,7.28,7.46,7.31,6.98,7.2,7.38,0.0,0.0,7.3,7.4,7.29,0.0,0.0,7.52,7.29,7.38,0.0,7.28,7.51,7.16,0.0,0.0,7.09,7.37,0.0,0.0,0.0,841.0,831.2,836.4,99.276,98.735,99.162
P6,IB7,P6-IB7-4.1-SI01,SACU-2,18,18,0,100.0,0.0,MBUS-17,On-grid,558.76,140.242,0.0,1089.9,1089.9,1089.9,1089.9,1093.6,1093.6,1093.6,1093.6,1093.6,1083.0,1083.0,1083.0,1083.0,1083.0,1077.4,1077.4,1077.4,1077.4,1072.1,1072.1,1072.1,1072.1,1072.1,1080.0,1080.0,1080.0,1080.0,1080.0,7.41,7.19,7.35,7.15,7.15,7.17,7.26,0.0,0.0,7.33,7.31,7.19,0.0,0.0,7.43,7.11,7.4,0.0,7.88,7.45,7.16,0.0,0.0,7.41,7.2,0.0,0.0,0.0,838.1,829.2,833.3,97.184,96.732,97.062
P6,IB7,P6-IB7-4.1-SI02,SACU-2,18,18,0,100.0,0.0,MBUS-18,On-grid,560.37,141.218,-0.014,1091.6,1091.6,1091.6,1091.6,1075.1,1075.1,1075.1,1075.1,1075.1,1094.7,1094.7,1094.7,1094.7,1094.7,1083.6,1083.6,1083.6,1083.6,1075.0,1075.0,1075.0,1075.0,1075.0,1089.5,1089.5,1089.5,1089.5,1089.5,7.46,7.19,7.28,7.08,7.19,7.49,7.53,0.0,0.0,7.25,7.37,7.26,0.0,0.0,7.49,7.21,7.37,0.0,7.39,7.46,7.04,0.0,0.0,7.51,7.11,0.0,0.0,0.0,841.9,835.2,834.4,97.532,97.715,97.667
P6,IB7,P6-IB7-4.1-SI03,SACU-2,18,18,0,100.0,0.0,MBUS-19,On-grid,560.71,141.647,-0.049,1092.7,1092.7,1092.7,1092.7,1091.4,1091.4,1091.4,1091.4,1091.4,1081.8,1081.8,1081.8,1081.8,1081.8,1087.5,1087.5,1087.5,1087.5,1096.5,1096.5,1096.5,1096.5,1096.5,1093.0,1093.0,1093.0,1093.0,1093.0,7.31,7.26,7.23,7.39,6.88,7.28,7.36,0.0,0.0,7.19,7.34,7.28,0.0,0.0,7.37,7.14,7.35,7.45,7.17,7.3,0.0,0.0,0.0,7.1,7.37,0.0,0.0,0.0,842.4,834.9,835.8,98.144,97.301,97.83
P6,IB7,P6-IB7-4.1-SI04,SACU-2,18,16,2,88.89,11.11,MBUS-20,On-grid,500.31,125.695,-0.026,1088.9,1088.9,1088.9,1088.9,1099.7,1099.7,1099.7,1099.7,1099.7,1071.5,1071.5,1071.5,1071.5,1071.5,1073.0,1073.0,1073.0,1073.0,1097.6,1097.6,1097.6,1097.6,1097.6,1089.2,1089.2,1089.2,1089.2,1089.2,7.44,7.15,7.23,7.2,7.16,7.22,7.25,0.0,0.0,7.54,0.0,0.0,0.0,0.0,7.51,7.23,7.36,0.0,7.3,7.48,7.16,0.0,0.0,7.4,7.2,0.0,0.0,0.0,844.3,833.5,838.8,86.968,86.727,86.546
P6,IB7,P6-IB7-4.1-SI05,SACU-2,18,16,2,88.89,11.11,MBUS-21,On-grid,498.72,125.471,0.028,1095.7,1095.7,1095.7,1095.7,1079.0,1079.0,1079.0,1079.0,1079.0,1097.1,1097.1,1097.1,1097.1,1097.1,1090.1,1090.1,1090.1,1090.1,1086.7,1086.7,1086.7,1086.7,1086.7,1087.9,1087.9,1087.9,1087.9,1087.9,7.56,7.15,7.22,7.16,7.47,7.28,0.0,0.0,0.0,7.38,7.32,0.0,0.0,0.0,7.42,7.15,7.36,0.0,7.37,7.44,7.17,0.0,0.0,7.54,7.08,0.0,0.0,0.0,844.9,837.8,836.9,87.135,86.348,86.474
P6,IB7,P6-IB7-4.1-SI06,SACU-2,18,18,0,100.0,0.0,MBUS-22,On-grid,558.8,140.877,0.023,1089.2,1089.2,1089.2,1089.2,1090.0,1090.0,1090.0,1090.0,1090.0,1072.1,1072.1,1072.1,1072.1,1072.1,1076.2,1076.2,1076.2,1076.2,1070.0,1070.0,1070.0,1070.0,1070.0,1071.2,1071.2,1071.2,1071.2,1071.2,7.42,7.19,7.34,7.13,7.3,7.22,7.31,0.0,0.0,6.92,7.48,7.48,0.0,0.0,7.56,7.23,7.37,0.0,7.57,7.48,7.16,0.0,0.0,7.58,7.27,0.0,0.0,0.0,842.9,833.6,837.7,97.592,96.874,97.063
P6,IB7,P6-IB7-4.1-SI07,SACU-2,18,6,12,33.33,66.67,MBUS-23,On-grid,187.39,47.103,-0.005,356.2,356.2,356.2,356.2,1095.8,1095.8,1095.8,1095.8,1095.8,1087.2,1087.2,1087.2,1087.2,1087.2,358.1,358.1,358.1,358.1,1073.9,1073.9,1073.9,1073.9,1073.9,355.6,355.6,355.6,355.6,355.6,0.0,0.0,0.0,0.0,6.8,7.46,0.0,0.0,0.0,0.0,7.73,7.43,0.0,0.0,0.0,0.0,0.0,0.0,0.0,7.67,7.5,0.0,0.0,0.0,0.0,0.0,0.0,0.0,841.8,835.6,832.8,33.122,32.493,32.707
P6,IB7,P6-IB7-4.1-SI08,SACU-2,18,8,10,44.44,55.56,MBUS-24,On-grid,250.53,62.721,0.009,1075.4,1075.4,1075.4,1075.4,1081.2,1081.2,1081.2,1081.2,1081.2,1081.7,1081.7,1081.7,1081.7,1081.7,1078.1,1078.1,1078.1,1078.1,1083.5,1083.5,1083.5,1083.5,1083.5,1097.4,1097.4,1097.4,1097.4,1097.4,7.4,7.17,0.0,0.0,7.69,0.0,0.0,0.0,0.0,7.81,0.0,0.0,0.0,0.0,7.48,7.35,0.0,0.0,7.58,0.0,0.0,0.0,0.0,7.64,0.0,0.0,0.0,0.0,840.9,831.6,837.7,43.609,42.976,42.998
P6,IB7,P6-IB7-4.2-SI09,SACU-2,18,10,8,55.56,44.44,MBUS-25,On-grid,307.87,77.947,0.033,1082.4,1082.4,1082.4,1082.4,374.3,374.3,374.3,374.3,374.3,1076.3,1076.3,1076.3,1076.3,1076.3,1085.8,1085.8,1085.8,1085.8,1069.9,1069.9,1069.9,1069.9,1069.9,369.4,369.4,369.4,369.4,369.4,7.7,0.0,0.0,0.0,0.0,0.0,0.0,0.0,0.0,6.74,7.4,7.59,0.0,0.0,7.14,7.31,7.41,0.0,6.93,7.6,7.36,0.0,0.0,0.0,0.0,0.0,0.0,0.0,841.5,832.4,837.3,54.305,53.857,53.99
P6,IB7,P6-IB7-4.2-SI10,SACU-2,18,18,0,100.0,0.0,MBUS-26,On-grid,561.53,141.937,0.02,1077.0,1077.0,1077.0,1077.0,1079.3,1079.3,1079.3,1079.3,1079.3,1079.3,1079.3,1079.3,1079.3,1079.3,1086.0,1086.0,1086.0,1086.0,1086.1,1086.1,1086.1,1086.1,1086.1,1094.3,1094.3,1094.3,1094.3,1094.3,7.5,7.24,7.4,7.29,7.39,7.68,7.29,0.0,0.0,7.45,7.48,7.34,0.0,0.0,7.61,7.21,7.48,0.0,7.43,7.45,7.19,0.0,0.0,7.55,7.27,0.0,0.0,0.0,842.8,837.0,833.8,98.355,98.027,97.864
P6,IB7,P6-IB7-4.2-SI11,SACU-2,18,18,0,100.0,0.0,MBUS-27,On-grid,562.5,141.853,0.015,1099.3,1099.3,1099.3,1099.3,1093.6,1093.6,1093.6,1093.6,1093.6,1092.5,1092.5,1092.5,1092.5,1092.5,1091.0,1091.0,1091.0,1091.0,1106.7,1106.7,1106.7,1106.7,1106.7,1086.7,1086.7,1086.7,1086.7,1086.7,7.48,7.24,7.39,7.22,7.37,7.3,7.36,0.0,0.0,7.31,7.41,7.24,0.0,0.0,7.47,7.11,7.43,0.0,7.32,7.39,7.1,0.0,0.0,7.56,7.16,0.0,0.0,0.0,841.0,834.0,833.2,98.649,98.3,97.867
P6,IB7,P6-IB7-4.2-SI12,SACU-2,18,18,0,100.0,0.0,MBUS-28,On-grid,559.95,141.605,-0.064,1091.1,1091.1,1091.1,1091.1,1092.2,1092.2,1092.2,1092.2,1092.2,1087.5,1087.5,1087.5,1087.5,1087.5,1087.3,1087.3,1087.3,1087.3,1090.4,1090.4,1090.4,1090.4,1090.4,1076.8,1076.8,1076.8,1076.8,1076.8,7.52,7.18,7.4,7.26,7.36,7.3,7.36,0.0,0.0,7.35,7.45,7.31,0.0,0.0,7.48,7.22,7.44,0.0,7.45,7.43,7.17,0.0,0.0,7.53,7.18,0.0,0.0,0.0,843.4,837.7,833.8,98.157,97.814,97.816
P6,IB7,P6-IB7-4.2-SI13,SACU-2,18,18,0,100.0,0.0,MBUS-29,On-grid,555.01,140.446,-0.012,1079.4,1079.4,1079.4,1079.4,1090.3,1090.3,1090.3,1090.3,1090.3,1084.3,1084.3,1084.3,1084.3,1084.3,1091.6,1091.6,1091.6,1091.6,1087.4,1087.4,1087.4,1087.4,1087.4,1092.3,1092.3,1092.3,1092.3,1092.3,7.38,7.14,7.33,7.17,7.22,7.06,7.28,0.0,0.0,7.31,7.39,7.3,0.0,0.0,7.56,7.14,7.25,0.0,7.28,7.31,7.05,0.0,0.0,7.45,7.16,0.0,0.0,0.0,844.8,835.0,839.6,96.806,96.619,97.014
P6,IB7,P6-IB7-4.2-SI14,SACU-2,18,18,0,100.0,0.0,MBUS-30,On-grid,562.26,141.986,0.0,1082.6,1082.6,1082.6,1082.6,1104.1,1104.1,1104.1,1104.1,1104.1,1086.7,1086.7,1086.7,1086.7,1086.7,1092.6,1092.6,1092.6,1092.6,1075.3,1075.3,1075.3,1075.3,1075.3,1077.6,1077.6,1077.6,1077.6,1077.6,7.74,7.25,7.36,7.18,7.33,7.23,7.33,0.0,0.0,7.4,7.47,7.33,0.0,0.0,7.55,7.08,7.47,0.0,7.39,7.53,7.2,0.0,0.0,7.51,7.19,0.0,0.0,0.0,843.9,836.8,835.1,98.032,97.912,97.838
P6,IB7,P6-IB7-4.2-SI15,SACU-2,18,18,0,100.0,0.0,MBUS-31,On-grid,554.54,141.144,-0.028,1087.4,1087.4,1087.4,1087.4,1081.4,1081.4,1081.4,1081.4,1081.4,1085.6,1085.6,1085.6,1085.6,1085.6,1097.9,1097.9,1097.9,1097.9,1066.6,1066.6,1066.6,1066.6,1066.6,1086.8,1086.8,1086.8,1086.8,1086.8,7.43,7.21,7.48,7.3,7.35,7.35,7.37,0.0,0.0,7.31,7.29,7.22,0.0,0.0,7.41,7.05,7.25,0.0,7.62,7.59,7.21,0.0,0.0,7.57,7.3,0.0,0.0,0.0,845.5,834.4,840.1,97.939,97.357,97.04
P6,IB7,P6-IB7-4.2-SI16,SACU-2,18,18,0,100.0,0.0,MBUS-32,On-grid,559.7,142.683,-0.057,1086.4,1086.4,1086.4,1086.4,1084.8,1084.8,1084.8,1084.8,1084.8,1090.6,1090.6,1090.6,1090.6,1090.6,1091.3,1091.3,1091.3,1091.3,1082.7,1082.7,1082.7,1082.7,1082.7,1070.8,1070.8,1070.8,1070.8,1070.8,7.53,7.18,7.55,7.32,7.32,7.32,7.55,0.0,0.0,7.35,7.42,7.28,0.0,0.0,7.58,7.27,7.48,0.0,7.51,7.58,7.25,0.0,0.0,7.59,7.34,0.0,0.0,0.0,845.7,836.1,841.0,98.604,97.964,98.195
P6,IB8,P6-IB8-1.1-SI01,SACU-1,19,19,0,100.0,0.0,MBUS-1,On-grid,575.99,146.667,-30.712,1105.5,1105.5,1105.5,1105.5,1089.8,1089.8,1089.8,1089.8,1089.8,1084.7,1084.7,1084.7,1084.7,1084.7,1096.0,1096.0,1096.0,1096.0,1101.6,1101.6,1101.6,1101.6,1101.6,1094.7,1094.7,1094.7,1094.7,1094.7,7.12,7.05,6.97,7.28,7.36,7.32,0.0,0.0,0.0,7.03,7.09,7.38,7.05,0.0,7.41,7.17,0.0,6.94,7.33,7.09,7.25,0.0,0.0,6.98,7.19,7.04,0.0,0.0,833.8,823.7,828.4,104.784,105.224,105.265
P6,IB8,P6-IB8-1.1-SI02,SACU-1,19,19,0,100.0,0.0,MBUS-2,On-grid,585.28,148.604,-30.657,1099.4,1099.4,1099.4,1099.4,1106.1,1106.1,1106.1,1106.1,1106.1,1093.5,1093.5,1093.5,1093.5,1093.5,1105.7,1105.7,1105.7,1105.7,1114.0,1114.0,1114.0,1114.0,1114.0,1102.6,1102.6,1102.6,1102.6,1102.6,7.43,7.04,7.27,7.3,0.0,7.37,7.02,0.0,0.0,7.32,6.87,7.46,7.04,0.0,7.13,7.09,7.21,7.05,0.0,0.0,7.12,0.0,0.0,6.98,7.08,7.1,7.27,0.0,832.5,822.7,827.4,106.581,106.65,106.642
P6,IB8,P6-IB8-1.1-SI03,SACU-1,19,19,0,100.0,0.0,MBUS-3,On-grid,585.25,148.762,-30.715,1089.2,1089.2,1089.2,1089.2,1096.5,1096.5,1096.5,1096.5,1096.5,1099.2,1099.2,1099.2,1099.2,1099.2,1097.3,1097.3,1097.3,1097.3,1099.2,1099.2,1099.2,1099.2,1099.2,1099.1,1099.1,1099.1,1099.1,1099.1,7.35,7.16,7.16,7.21,7.32,7.2,7.36,0.0,0.0,7.46,7.1,7.13,0.0,0.0,7.11,7.29,7.23,0.0,7.36,7.22,7.23,0.0,0.0,7.18,7.09,7.28,0.0,0.0,830.8,821.6,826.1,106.965,106.556,107.188
P6,IB8,P6-IB8-1.1-SI04,SACU-1,19,18,1,94.74,5.26,MBUS-4,On-grid,540.92,137.977,-30.632,1086.4,1086.4,1086.4,1086.4,1085.2,1085.2,1085.2,1085.2,1085.2,1093.9,1093.9,1093.9,1093.9,1093.9,1099.0,1099.0,1099.0,1099.0,1083.8,1083.8,1083.8,1083.8,1083.8,1098.8,1098.8,1098.8,1098.8,1098.8,7.32,7.07,7.12,0.0,7.16,7.09,7.21,0.0,0.0,7.01,6.91,7.24,0.0,7.04,7.33,6.9,6.84,0.0,6.93,7.08,7.16,0.0,0.0,7.49,0.0,0.0,0.0,7.2,833.8,824.5,828.6,99.443,98.856,99.13
P6,IB8,P6-IB8-1.1-SI05,SACU-1,19,19,0,100.0,0.0,MBUS-5,On-grid,573.76,144.682,-30.733,1086.2,1086.2,1086.2,1086.2,1093.6,1093.6,1093.6,1093.6,1093.6,1103.8,1103.8,1103.8,1103.8,1103.8,1096.3,1096.3,1096.3,1096.3,1095.9,1095.9,1095.9,1095.9,1095.9,1091.3,1091.3,1091.3,1091.3,1091.3,7.18,7.13,6.92,7.22,7.14,7.24,6.96,0.0,0.0,7.01,6.96,7.27,0.0,0.0,7.18,6.95,7.16,0.0,7.05,7.19,7.14,0.0,0.0,7.14,6.82,7.13,0.0,0.0,833.0,826.7,823.3,103.868,104.144,104.087
P6,IB8,P6-IB8-1.1-SI06,SACU-1,19,19,0,100.0,0.0,MBUS-6,On-grid,573.72,144.75,-30.716,1082.6,1082.6,1082.6,1082.6,1086.0,1086.0,1086.0,1086.0,1086.0,1081.0,1081.0,1081.0,1081.0,1081.0,1099.4,1099.4,1099.4,1099.4,1084.2,1084.2,1084.2,1084.2,1084.2,1110.5,1110.5,1110.5,1110.5,1110.5,7.25,6.88,7.23,7.07,7.14,7.05,6.94,0.0,0.0,7.18,7.02,7.37,0.0,0.0,7.35,6.77,7.09,0.0,6.98,7.14,7.26,0.0,0.0,6.86,6.91,7.18,0.0,0.0,830.9,821.9,825.9,104.406,103.983,104.005
P6,IB8,P6-IB8-1.1-SI07,SACU-1,19,19,0,100.0,0.0,MBUS-7,On-grid,574.64,145.998,-30.644,1093.5,1093.5,1093.5,1093.5,1086.6,1086.6,1086.6,1086.6,1086.6,1074.3,1074.3,1074.3,1074.3,1074.3,1101.1,1101.1,1101.1,1101.1,1090.3,1090.3,1090.3,1090.3,1090.3,1073.3,1073.3,1073.3,1073.3,1073.3,7.23,7.1,7.22,7.22,6.97,7.35,7.08,0.0,0.0,7.17,7.14,7.4,0.0,0.0,6.96,7.14,7.09,0.0,7.01,7.31,7.27,0.0,0.0,6.96,6.95,7.22,0.0,0.0,834.8,824.1,829.9,104.585,104.253,104.749
P6,IB8,P6-IB8-1.1-SI08,SACU-1,19,19,0,100.0,0.0,MBUS-8,On-grid,575.76,145.653,-30.757,1082.7,1082.7,1082.7,1082.7,1059.3,1059.3,1059.3,1059.3,1059.3,1086.2,1086.2,1086.2,1086.2,1086.2,1097.7,1097.7,1097.7,1097.7,1088.1,1088.1,1088.1,1088.1,1088.1,1095.5,1095.5,1095.5,1095.5,1095.5,7.38,7.17,7.1,7.17,7.29,7.46,7.1,0.0,0.0,7.15,7.3,7.09,0.0,0.0,7.11,7.19,0.0,7.21,6.95,7.37,7.13,0.0,0.0,7.32,7.3,7.09,0.0,0.0,835.5,825.6,830.6,104.14,104.31,104.142
P6,IB8,P6-IB8-1.2-SI09,SACU-1,19,19,0,100.0,0.0,MBUS-9,On-grid,582.1,146.054,-30.667,1087.3,1087.3,1087.3,1087.3,1099.2,1099.2,1099.2,1099.2,1099.2,1100.9,1100.9,1100.9,1100.9,1100.9,1091.6,1091.6,1091.6,1091.6,1082.2,1082.2,1082.2,1082.2,1082.2,1090.0,1090.0,1090.0,1090.0,1090.0,7.22,7.07,7.23,7.17,6.94,7.13,7.27,7.22,0.0,7.38,0.0,7.11,0.0,0.0,7.0,7.26,7.02,7.27,7.42,7.09,0.0,0.0,0.0,7.19,7.23,7.03,0.0,0.0,835.4,828.9,825.7,104.367,104.772,104.784
P6,IB8,P6-IB8-1.2-SI10,SACU-1,19,19,0,100.0,0.0,MBUS-10,On-grid,578.46,145.816,-30.737,1093.9,1093.9,1093.9,1093.9,1091.7,1091.7,1091.7,1091.7,1091.7,1083.1,1083.1,1083.1,1083.1,1083.1,1089.5,1089.5,1089.5,1089.5,1088.0,1088.0,1088.0,1088.0,1088.0,1088.6,1088.6,1088.6,1088.6,1088.6,7.22,7.01,6.96,7.18,6.96,7.24,7.26,0.0,0.0,7.22,7.31,7.38,0.0,0.0,7.17,7.16,7.0,0.0,7.27,7.07,7.16,0.0,0.0,7.08,7.16,7.04,0.0,0.0,834.9,828.9,827.9,104.187,104.049,104.344
P6,IB8,P6-IB8-1.2-SI11,SACU-1,19,19,0,100.0,0.0,MBUS-11,On-grid,578.8,146.202,-30.726,1096.3,1096.3,1096.3,1096.3,1076.1,1076.1,1076.1,1076.1,1076.1,1091.4,1091.4,1091.4,1091.4,1091.4,1086.6,1086.6,1086.6,1086.6,1100.0,1100.0,1100.0,1100.0,1100.0,1096.1,1096.1,1096.1,1096.1,1096.1,7.31,7.06,7.21,7.03,6.9,7.39,7.15,0.0,0.0,7.34,7.01,7.26,0.0,0.0,7.35,7.22,7.19,0.0,7.03,7.03,7.06,0.0,0.0,7.2,7.18,7.27,0.0,0.0,833.8,824.1,828.6,105.09,104.669,104.916
P6,IB8,P6-IB8-1.2-SI12,SACU-1,19,10,9,52.63,47.37,MBUS-12,On-grid,270.83,68.987,-30.677,353.4,353.4,353.4,353.4,355.1,355.1,355.1,355.1,355.1,353.8,353.8,353.8,353.8,353.8,1106.8,1106.8,1106.8,1106.8,1088.1,1088.1,1088.1,1088.1,1088.1,1094.6,1094.6,1094.6,1094.6,1094.6,0.0,0.0,0.0,0.0,0.0,0.0,0.0,0.0,0.0,0.0,-0.77,0.8,0.0,0.0,6.55,7.4,7.08,7.32,6.99,7.33,0.0,0.0,0.0,6.6,7.48,7.29,0.0,0.0,831.2,826.1,822.2,53.455,53.527,53.839
P6,IB8,P6-IB8-1.2-SI13,SACU-1,19,18,1,94.74,5.26,MBUS-13,On-grid,547.55,136.987,-30.659,1079.0,1079.0,1079.0,1079.0,1101.6,1101.6,1101.6,1101.6,1101.6,1081.6,1081.6,1081.6,1081.6,1081.6,1093.5,1093.5,1093.5,1093.5,1101.6,1101.6,1101.6,1101.6,1101.6,1085.8,1085.8,1085.8,1085.8,1085.8,7.28,7.0,0.0,0.0,7.11,7.18,0.0,0.0,0.0,6.99,7.09,7.36,7.34,7.18,7.12,7.16,6.94,7.25,7.38,6.85,0.0,0.0,0.0,7.04,7.06,7.0,0.0,0.0,834.9,824.2,829.1,98.764,98.589,98.169
P6,IB8,P6-IB8-1.2-SI14,SACU-1,19,19,0,100.0,0.0,MBUS-14,On-grid,572.68,143.858,-30.655,1097.1,1097.1,1097.1,1097.1,1088.3,1088.3,1088.3,1088.3,1088.3,1095.6,1095.6,1095.6,1095.6,1095.6,1093.5,1093.5,1093.5,1093.5,1074.8,1074.8,1074.8,1074.8,1074.8,1109.4,1109.4,1109.4,1109.4,1109.4,7.17,6.96,7.2,7.01,7.41,7.16,7.08,0.0,0.0,7.04,6.93,7.37,0.0,0.0,7.27,6.82,7.08,0.0,7.22,7.0,6.39,0.0,0.0,7.12,7.0,7.16,0.0,0.0,831.8,822.8,827.8,103.509,103.117,102.985
P6,IB8,P6-IB8-1.2-SI15,SACU-1,19,19,0,100.0,0.0,MBUS-15,On-grid,575.63,144.812,-30.702,1085.3,1085.3,1085.3,1085.3,1090.6,1090.6,1090.6,1090.6,1090.6,1086.0,1086.0,1086.0,1086.0,1086.0,1060.5,1060.5,1060.5,1060.5,1094.3,1094.3,1094.3,1094.3,1094.3,1099.1,1099.1,1099.1,1099.1,1099.1,7.08,7.23,7.17,7.23,7.12,7.07,0.0,0.0,0.0,7.19,6.97,7.26,6.84,0.0,6.61,7.32,7.28,0.0,7.23,7.35,7.32,0.0,0.0,7.03,7.11,7.17,0.0,0.0,834.8,827.8,825.8,103.777,103.536,103.803
P6,IB8,P6-IB8-1.2-SI16,SACU-1,19,14,5,73.68,26.32,MBUS-16,On-grid,438.63,110.612,-30.663,1079.8,1079.8,1079.8,1079.8,1126.9,1126.9,1126.9,1126.9,1126.9,1103.7,1103.7,1103.7,1103.7,1103.7,1105.7,1105.7,1105.7,1105.7,1109.5,1109.5,1109.5,1109.5,1109.5,1109.1,1109.1,1109.1,1109.1,1109.1,7.48,7.18,7.18,0.0,7.47,0.0,0.0,0.0,0.0,7.36,7.13,0.0,0.0,0.0,7.42,7.13,7.26,7.31,7.5,7.03,7.22,0.0,0.0,7.73,0.0,0.0,0.0,0.0,832.8,823.2,827.2,81.021,80.726,80.805
P6,IB8,P6-IB8-2.1-SI01,SACU-1,19,19,0,100.0,0.0,MBUS-17,On-grid,581.3,147.502,-30.7,1092.4,1092.4,1092.4,1092.4,1098.7,1098.7,1098.7,1098.7,1098.7,1090.6,1090.6,1090.6,1090.6,1090.6,1094.0,1094.0,1094.0,1094.0,1097.7,1097.7,1097.7,1097.7,1097.7,1095.2,1095.2,1095.2,1095.2,1095.2,7.0,7.33,7.32,7.36,6.84,7.3,7.19,0.0,0.0,7.07,7.08,7.17,0.0,0.0,7.25,7.09,6.93,7.01,7.22,7.38,0.0,0.0,0.0,6.72,7.3,7.06,0.0,0.0,831.6,821.7,826.8,105.641,106.187,105.839
P6,IB8,P6-IB8-2.1-SI02,SACU-1,19,19,0,100.0,0.0,MBUS-18,On-grid,572.88,146.221,-30.655,1092.5,1092.5,1092.5,1092.5,1092.3,1092.3,1092.3,1092.3,1092.3,1082.7,1082.7,1082.7,1082.7,1082.7,1068.7,1068.7,1068.7,1068.7,1079.6,1079.6,1079.6,1079.6,1079.6,1086.0,1086.0,1086.0,1086.0,1086.0,7.34,7.07,6.91,7.33,7.23,7.34,7.13,0.0,0.0,7.06,7.36,7.25,0.0,7.04,7.45,7.33,7.3,7.13,7.34,7.07,7.25,0.0,0.0,7.51,0.0,0.0,0.0,0.0,833.7,826.6,824.9,104.623,104.98,104.468
P6,IB8,P6-IB8-2.1-SI03,SACU-1,19,14,5,73.68,26.32,MBUS-19,On-grid,427.17,108.957,-30.755,1083.1,1083.1,1083.1,1083.1,1097.1,1097.1,1097.1,1097.1,1097.1,1093.8,1093.8,1093.8,1093.8,1093.8,1095.5,1095.5,1095.5,1095.5,1089.1,1089.1,1089.1,1089.1,1089.1,387.0,387.0,387.0,387.0,387.0,7.13,7.38,7.26,7.48,6.68,7.49,7.18,0.0,0.0,7.17,7.15,0.0,0.0,0.0,6.69,7.42,7.52,7.25,0.0,7.5,0.0,0.0,0.0,0.0,0.0,0.0,0.0,0.0,833.4,828.7,822.8,79.778,79.476,79.645
P6,IB8,P6-IB8-2.1-SI04,SACU-1,19,18,1,94.74,5.26,MBUS-20,On-grid,557.99,143.27,-30.686,1101.9,1101.9,1101.9,1101.9,1096.4,1096.4,1096.4,1096.4,1096.4,1104.0,1104.0,1104.0,1104.0,1104.0,1103.3,1103.3,1103.3,1103.3,1116.3,1116.3,1116.3,1116.3,1116.3,1107.7,1107.7,1107.7,1107.7,1107.7,7.36,7.35,7.24,7.12,7.54,7.58,7.2,0.0,0.0,7.29,7.42,7.35,0.0,0.0,7.34,7.39,7.36,7.27,7.4,7.08,0.0,0.0,0.0,7.12,7.31,0.0,0.0,0.0,834.6,824.2,829.4,103.004,102.578,102.648
P6,IB8,P6-IB8-2.1-SI05,SACU-1,19,2,17,10.53,89.47,MBUS-21,On-grid,58.15,15.595,-30.686,1115.4,1115.4,1115.4,1115.4,333.6,333.6,333.6,333.6,333.6,1110.0,1110.0,1110.0,1110.0,1110.0,337.7,337.7,337.7,337.7,336.7,336.7,336.7,336.7,336.7,334.3,334.3,334.3,334.3,334.3,7.19,0.0,0.0,0.0,0.0,0.0,0.0,0.0,0.0,7.39,0.0,0.0,0.0,0.0,0.0,0.0,0.0,0.0,0.0,0.0,0.0,0.0,0.0,0.0,0.0,0.0,0.0,0.0,828.6,821.9,820.5,26.564,26.194,25.864
P6,IB8,P6-IB8-2.1-SI06,SACU-1,19,14,5,73.68,26.32,MBUS-22,On-grid,431.15,108.699,-30.698,1096.9,1096.9,1096.9,1096.9,1091.9,1091.9,1091.9,1091.9,1091.9,1087.9,1087.9,1087.9,1087.9,1087.9,1104.9,1104.9,1104.9,1104.9,1090.8,1090.8,1090.8,1090.8,1090.8,1099.6,1099.6,1099.6,1099.6,1099.6,7.43,7.03,0.0,7.29,7.53,0.0,0.0,0.0,6.94,7.46,0.0,7.26,0.0,0.0,7.35,7.04,7.12,7.06,7.63,0.0,0.0,0.0,0.0,7.28,7.17,0.0,0.0,0.0,830.1,820.8,825.0,80.172,79.831,79.652
P6,IB8,P6-IB8-2.1-SI07,SACU-1,19,19,0,100.0,0.0,MBUS-23,On-grid,580.76,148.161,-30.753,1098.4,1098.4,1098.4,1098.4,1087.4,1087.4,1087.4,1087.4,1087.4,1092.2,1092.2,1092.2,1092.2,1092.2,1098.2,1098.2,1098.2,1098.2,1099.3,1099.3,1099.3,1099.3,1099.3,1095.7,1095.7,1095.7,1095.7,1095.7,7.44,6.99,6.99,7.35,7.4,0.0,0.0,7.49,7.18,7.14,7.33,7.36,0.0,0.0,0.0,7.13,6.91,7.35,0.0,7.38,0.0,0.0,0.0,7.27,7.16,7.17,7.12,7.17,832.7,822.3,828.1,106.12,106.017,106.55
P6,IB8,P6-IB8-2.1-SI08,SACU-1,19,18,1,94.74,5.26,MBUS-24,On-grid,551.13,140.57,-30.662,1101.2,1101.2,1101.2,1101.2,1107.8,1107.8,1107.8,1107.8,1107.8,1112.4,1112.4,1112.4,1112.4,1112.4,1098.0,1098.0,1098.0,1098.0,1105.3,1105.3,1105.3,1105.3,1105.3,1083.0,1083.0,1083.0,1083.0,1083.0,7.28,7.08,0.0,7.35,0.0,0.0,7.06,7.41,7.11,7.01,0.0,7.25,7.02,7.31,0.0,0.0,7.12,7.27,7.1,0.0,7.24,0.0,0.0,6.89,7.21,7.32,7.27,0.0,833.8,823.7,828.8,100.942,100.932,100.785
P6,IB8,P6-IB8-2.2-SI09,SACU-1,19,2,17,10.53,89.47,MBUS-25,On-grid,56.77,15.107,-30.712,1100.9,1100.9,1100.9,1100.9,345.2,345.2,345.2,345.2,345.2,1094.8,1094.8,1094.8,1094.8,1094.8,337.5,337.5,337.5,337.5,335.6,335.6,335.6,335.6,335.6,337.6,337.6,337.6,337.6,337.6,7.13,0.0,0.0,0.0,0.0,0.0,0.0,0.0,0.0,7.36,0.0,0.0,0.0,0.0,0.0,0.0,0.0,0.0,0.0,0.0,0.0,0.0,0.0,0.0,0.0,0.0,0.0,0.0,828.3,822.4,819.4,26.197,25.878,25.93
P6,IB8,P6-IB8-2.2-SI10,SACU-1,19,19,0,100.0,0.0,MBUS-26,On-grid,590.65,150.842,-30.629,1107.9,1107.9,1107.9,1107.9,1103.2,1103.2,1103.2,1103.2,1103.2,1115.1,1115.1,1115.1,1115.1,1115.1,1104.4,1104.4,1104.4,1104.4,1099.3,1099.3,1099.3,1099.3,1099.3,1096.3,1096.3,1096.3,1096.3,1096.3,7.28,7.3,7.31,7.29,7.36,7.15,7.48,0.0,0.0,7.12,7.21,7.49,0.0,0.0,7.44,7.48,7.15,7.26,7.14,7.35,0.0,0.0,0.0,7.26,7.14,7.27,0.0,0.0,833.5,823.6,828.4,107.937,108.042,108.703
P6,IB8,P6-IB8-2.2-SI11,SACU-1,19,19,0,100.0,0.0,MBUS-27,On-grid,590.41,149.917,-30.699,1110.8,1110.8,1110.8,1110.8,1100.0,1100.0,1100.0,1100.0,1100.0,1103.5,1103.5,1103.5,1103.5,1103.5,1098.1,1098.1,1098.1,1098.1,1100.4,1100.4,1100.4,1100.4,1100.4,1098.4,1098.4,1098.4,1098.4,1098.4,7.28,7.29,7.35,7.23,7.28,7.25,7.24,0.0,0.0,7.14,7.33,7.19,0.0,0.0,7.25,7.05,7.29,7.17,0.0,7.19,7.17,0.0,0.0,7.08,7.42,7.4,0.0,0.0,832.3,821.7,827.5,107.148,107.393,107.571
P6,IB8,P6-IB8-2.2-SI12,SACU-1,19,19,0,100.0,0.0,MBUS-28,On-grid,587.96,149.889,-30.698,1090.5,1090.5,1090.5,1090.5,1098.0,1098.0,1098.0,1098.0,1098.0,1097.8,1097.8,1097.8,1097.8,1097.8,1109.0,1109.0,1109.0,1109.0,1105.6,1105.6,1105.6,1105.6,1105.6,1107.0,1107.0,1107.0,1107.0,1107.0,7.37,7.12,6.69,7.21,7.16,7.41,7.15,0.0,0.0,0.0,7.51,7.37,0.0,0.0,7.24,7.38,7.38,7.18,7.27,7.31,7.36,7.24,0.0,0.0,7.34,7.22,0.0,0.0,831.1,824.9,822.8,107.306,107.753,107.44
P6,IB8,P6-IB8-2.2-SI13,SACU-1,19,12,7,63.16,36.84,MBUS-29,On-grid,363.86,93.05,-30.664,1094.6,1094.6,1094.6,1094.6,995.0,995.0,995.0,995.0,995.0,1099.2,1099.2,1099.2,1099.2,1099.2,1113.5,1113.5,1113.5,1113.5,1100.9,1100.9,1100.9,1100.9,1100.9,384.5,384.5,384.5,384.5,384.5,7.39,0.0,0.0,7.55,6.4,7.76,0.0,0.0,0.0,6.78,7.47,7.4,0.0,0.0,0.0,7.43,7.52,7.2,7.34,7.42,0.0,0.0,0.0,0.0,0.0,0.0,0.0,0.0,830.8,823.6,822.8,69.213,69.406,69.089
P6,IB8,P6-IB8-2.2-SI16,SACU-1,19,16,3,84.21,15.79,MBUS-30,On-grid,499.96,128.326,-30.697,1064.8,1064.8,1064.8,1064.8,1112.4,1112.4,1112.4,1112.4,1112.4,1108.4,1108.4,1108.4,1108.4,1108.4,1111.4,1111.4,1111.4,1111.4,1115.1,1115.1,1115.1,1115.1,1115.1,1120.9,1120.9,1120.9,1120.9,1120.9,7.09,7.64,0.0,0.0,7.27,7.41,7.27,0.0,0.0,7.31,7.43,7.57,0.0,0.0,7.31,0.0,7.42,0.0,7.17,7.55,7.47,0.0,0.0,7.08,7.31,7.32,0.0,0.0,831.4,826.5,822.2,92.79,92.888,92.423
P6,IB8,P6-IB8-2.2-SI15,SACU-1,19,13,6,68.42,31.58,MBUS-31,On-grid,393.97,100.668,-30.651,1090.1,1090.1,1090.1,1090.1,1084.5,1084.5,1084.5,1084.5,1084.5,1094.2,1094.2,1094.2,1094.2,1094.2,1088.5,1088.5,1088.5,1088.5,1085.5,1085.5,1085.5,1085.5,1085.5,1110.7,1110.7,1110.7,1110.7,1110.7,7.38,6.75,7.27,7.39,7.35,7.23,0.0,0.0,0.0,7.47,0.0,0.0,0.0,0.0,6.96,7.23,7.43,7.34,7.58,0.0,0.0,0.0,0.0,7.64,0.0,0.0,0.0,0.0,831.3,827.1,821.3,74.409,73.899,74.572
P6,IB8,P6-IB8-2.2-SI16,SACU-1,19,10,9,52.63,47.37,MBUS-32,On-grid,284.71,66.163,-30.672,1111.6,1111.6,1111.6,1111.6,1117.5,1117.5,1117.5,1117.5,1117.5,1119.8,1119.8,1119.8,1119.8,1119.8,360.4,360.4,360.4,360.4,357.9,357.9,357.9,357.9,357.9,358.8,358.8,358.8,358.8,358.8,5.49,6.37,6.32,6.13,5.24,6.42,6.31,0.0,0.0,5.65,6.25,6.15,0.0,0.0,0.0,0.0,0.0,0.0,0.0,0.0,0.0,0.0,0.0,0.0,0.0,0.0,0.0,0.0,842.2,831.4,836.9,51.637,51.319,51.024
P6,IB8,P6-IB8-3.1-SI01,SACU-2,19,19,0,100.0,0.0,MBUS-1,On-grid,584.41,145.805,0.016,1095.1,1095.1,1095.1,1095.1,1102.0,1102.0,1102.0,1102.0,1102.0,1098.9,1098.9,1098.9,1098.9,1098.9,1094.4,1094.4,1094.4,1094.4,1099.9,1099.9,1099.9,1099.9,1099.9,1102.1,1102.1,1102.1,1102.1,1102.1,7.05,7.22,6.96,7.03,7.02,7.0,7.19,0.0,0.0,7.12,7.16,7.14,0.0,0.0,7.29,7.06,0.0,7.18,6.95,7.18,0.0,0.0,0.0,6.79,6.87,6.86,7.25,0.0,843.7,839.2,833.6,101.047,100.574,100.374
P6,IB8,P6-IB8-3.1-SI02,SACU-2,19,19,0,100.0,0.0,MBUS-2,On-grid,587.28,146.732,-0.017,1123.2,1123.2,1123.2,1123.2,1106.3,1106.3,1106.3,1106.3,1106.3,1091.3,1091.3,1091.3,1091.3,1091.3,1089.9,1089.9,1089.9,1089.9,1098.7,1098.7,1098.7,1098.7,1098.7,1097.5,1097.5,1097.5,1097.5,1097.5,7.0,7.21,7.09,7.16,6.97,7.29,7.08,0.0,0.0,7.16,7.26,6.95,7.07,0.0,0.0,7.17,7.14,0.0,7.0,7.01,7.15,0.0,0.0,7.06,6.97,7.27,0.0,0.0,842.5,836.6,832.9,101.794,100.936,101.427
P6,IB8,P6-IB8-3.1-SI03,SACU-2,19,18,1,94.74,5.26,MBUS-3,On-grid,553.72,138.836,-0.036,1110.5,1110.5,1110.5,1110.5,1098.4,1098.4,1098.4,1098.4,1098.4,1091.8,1091.8,1091.8,1091.8,1091.8,1086.6,1086.6,1086.6,1086.6,1100.0,1100.0,1100.0,1100.0,1100.0,1090.2,1090.2,1090.2,1090.2,1090.2,7.26,6.76,7.25,7.25,7.23,6.5,7.08,0.0,0.0,7.07,7.16,7.12,0.0,0.0,0.0,7.22,7.18,0.0,7.05,7.18,6.92,0.0,0.0,6.93,7.18,7.22,0.0,0.0,842.0,831.9,837.2,96.347,95.689,95.928
P6,IB8,P6-IB8-3.1-SI05,SACU-2,19,0,19,0.0,100.0,MBUS-4,Communication disconnected,0.0,0.0,0.0,0.0,0.0,0.0,0.0,0.0,0.0,0.0,0.0,0.0,0.0,0.0,0.0,0.0,0.0,0.0,0.0,0.0,0.0,0.0,0.0,0.0,0.0,0.0,0.0,0.0,0.0,0.0,0.0,0.0,0.0,0.0,0.0,0.0,0.0,0.0,0.0,0.0,0.0,0.0,0.0,0.0,0.0,0.0,0.0,0.0,0.0,0.0,0.0,0.0,0.0,0.0,0.0,0.0,0.0,0.0,0.0,0.0,0.0,0.0,0.0,0.0,0.0
P6,IB8,P6-IB8-3.1-SI04,SACU-2,19,0,19,0.0,100.0,MBUS-5,Communication disconnected,0.0,0.0,0.0,0.0,0.0,0.0,0.0,0.0,0.0,0.0,0.0,0.0,0.0,0.0,0.0,0.0,0.0,0.0,0.0,0.0,0.0,0.0,0.0,0.0,0.0,0.0,0.0,0.0,0.0,0.0,0.0,0.0,0.0,0.0,0.0,0.0,0.0,0.0,0.0,0.0,0.0,0.0,0.0,0.0,0.0,0.0,0.0,0.0,0.0,0.0,0.0,0.0,0.0,0.0,0.0,0.0,0.0,0.0,0.0,0.0,0.0,0.0,0.0,0.0,0.0
P6,IB8,P6-IB8-3.1-SI06,SACU-2,19,19,0,100.0,0.0,MBUS-6,On-grid,589.83,150.688,-0.01,1084.2,1084.2,1084.2,1084.2,1098.7,1098.7,1098.7,1098.7,1098.7,1104.0,1104.0,1104.0,1104.0,1104.0,1101.1,1101.1,1101.1,1101.1,1113.0,1113.0,1113.0,1113.0,1113.0,1101.7,1101.7,1101.7,1101.7,1101.7,7.5,6.97,7.32,7.5,7.12,7.46,7.35,0.0,0.0,7.2,7.31,7.45,0.0,0.0,6.9,7.32,7.44,7.29,7.29,7.34,0.0,0.0,0.0,7.52,7.17,7.5,0.0,0.0,847.9,840.0,840.5,103.701,103.62,103.102
P6,IB8,P6-IB8-3.1-SI07,SACU-2,19,18,1,94.74,5.26,MBUS-7,On-grid,561.68,144.128,-0.067,1115.3,1115.3,1115.3,1115.3,1114.4,1114.4,1114.4,1114.4,1114.4,1102.1,1102.1,1102.1,1102.1,1102.1,1107.5,1107.5,1107.5,1107.5,1092.2,1092.2,1092.2,1092.2,1092.2,1098.8,1098.8,1098.8,1098.8,1098.8,7.38,7.36,7.3,7.22,7.1,7.46,7.36,0.0,0.0,7.24,7.3,7.42,0.0,0.0,7.24,7.45,7.42,7.21,7.49,0.0,7.22,0.0,0.0,0.0,7.33,7.41,0.0,0.0,848.4,843.5,838.8,99.224,98.692,98.854
P6,IB8,P6-IB8-3.1-SI08,SACU-2,19,6,13,31.58,68.42,MBUS-8,On-grid,182.53,47.247,-0.013,1087.8,1087.8,1087.8,1087.8,1139.5,1139.5,1139.5,1139.5,1139.5,1030.4,1030.4,1030.4,1030.4,1030.4,356.4,356.4,356.4,356.4,354.8,354.8,354.8,354.8,354.8,354.1,354.1,354.1,354.1,354.1,6.33,7.89,7.54,7.67,7.05,0.0,0.0,0.0,0.0,7.44,0.0,0.0,0.0,0.0,0.0,0.0,0.0,0.0,0.0,0.0,0.0,0.0,0.0,0.0,0.0,0.0,0.0,0.0,841.6,834.8,834.1,33.081,32.652,32.707
P6,IB8,P6-IB8-3.2-SI09,SACU-2,19,6,13,31.58,68.42,MBUS-9,On-grid,188.13,48.728,0.021,1115.5,1115.5,1115.5,1115.5,1118.8,1118.8,1118.8,1118.8,1118.8,1120.1,1120.1,1120.1,1120.1,1120.1,360.4,360.4,360.4,360.4,355.0,355.0,355.0,355.0,355.0,357.1,357.1,357.1,357.1,357.1,7.07,7.4,0.0,7.49,7.14,0.0,0.0,0.0,0.0,7.06,7.61,0.0,0.0,0.0,0.0,0.0,0.0,0.0,0.0,0.0,0.0,0.0,0.0,0.0,0.0,0.0,0.0,0.0,841.8,832.4,836.9,34.325,33.6,33.891
P6,IB8,P6-IB8-3.2-SI10,SACU-2,19,19,0,100.0,0.0,MBUS-10,On-grid,578.72,144.67,-0.036,1074.1,1074.1,1074.1,1074.1,1089.9,1089.9,1089.9,1089.9,1089.9,1084.7,1084.7,1084.7,1084.7,1084.7,1102.4,1102.4,1102.4,1102.4,1104.6,1104.6,1104.6,1104.6,1104.6,1094.9,1094.9,1094.9,1094.9,1094.9,7.12,7.2,7.17,7.11,6.96,7.21,7.38,0.0,0.0,6.79,7.28,6.5,0.0,0.0,7.13,7.15,0.0,7.16,7.05,7.01,7.27,0.0,0.0,7.07,7.17,7.15,0.0,0.0,839.9,833.8,831.2,100.605,100.105,99.997
P6,IB8,P6-IB8-3.2-SI11,SACU-2,19,18,1,94.74,5.26,MBUS-11,On-grid,550.19,138.453,0.048,1085.3,1085.3,1085.3,1085.3,1085.5,1085.5,1085.5,1085.5,1085.5,1081.0,1081.0,1081.0,1081.0,1081.0,1086.6,1086.6,1086.6,1086.6,1092.8,1092.8,1092.8,1092.8,1092.8,1103.4,1103.4,1103.4,1103.4,1103.4,7.29,7.08,6.87,7.03,7.04,7.27,7.09,0.0,0.0,7.46,7.12,7.36,0.0,0.0,7.22,6.9,7.29,0.0,7.24,0.0,7.17,0.0,0.0,7.12,7.14,7.19,0.0,0.0,842.2,837.6,833.3,95.838,95.88,95.873
P6,IB8,P6-IB8-3.2-SI12,SACU-2,19,18,1,94.74,5.26,MBUS-12,On-grid,548.06,138.204,0.035,1086.7,1086.7,1086.7,1086.7,1080.0,1080.0,1080.0,1080.0,1080.0,1090.8,1090.8,1090.8,1090.8,1090.8,1097.0,1097.0,1097.0,1097.0,1092.3,1092.3,1092.3,1092.3,1092.3,1079.5,1079.5,1079.5,1079.5,1079.5,7.03,7.18,7.19,7.23,6.85,7.18,0.0,7.16,0.0,7.1,7.17,7.08,7.08,0.0,7.09,7.01,7.13,0.0,0.0,0.0,6.91,0.0,0.0,6.72,7.21,7.24,0.0,0.0,843.9,832.8,838.5,95.348,95.45,95.122
P6,IB8,P6-IB8-3.2-SI13,SACU-2,19,16,3,84.21,15.79,MBUS-13,On-grid,486.36,122.903,-0.005,1091.3,1091.3,1091.3,1091.3,1085.2,1085.2,1085.2,1085.2,1085.2,1096.7,1096.7,1096.7,1096.7,1096.7,1076.5,1076.5,1076.5,1076.5,1085.2,1085.2,1085.2,1085.2,1085.2,1083.8,1083.8,1083.8,1083.8,1083.8,7.37,7.03,7.26,7.02,7.11,0.0,7.02,0.0,0.0,7.33,0.0,6.97,0.0,0.0,7.22,7.13,7.3,0.0,7.19,7.26,7.0,0.0,0.0,7.07,6.97,0.0,0.0,0.0,842.9,835.9,834.7,85.456,84.747,84.638
P6,IB8,P6-IB8-3.2-SI14,SACU-2,19,17,2,89.47,10.53,MBUS-14,On-grid,536.87,136.779,-0.015,1117.8,1117.8,1117.8,1117.8,1107.4,1107.4,1107.4,1107.4,1107.4,1107.9,1107.9,1107.9,1107.9,1107.9,1124.8,1124.8,1124.8,1124.8,1107.4,1107.4,1107.4,1107.4,1107.4,1105.7,1105.7,1105.7,1105.7,1105.7,7.18,7.14,7.16,7.36,7.13,7.55,7.28,0.0,0.0,7.35,7.28,0.0,0.0,0.0,7.31,7.27,7.23,7.27,7.53,7.32,0.0,0.0,0.0,7.74,7.22,0.0,0.0,0.0,845.8,837.0,840.7,94.397,94.333,94.057
P6,IB8,P6-IB8-3.2-SI15,SACU-2,19,17,2,89.47,10.53,MBUS-15,On-grid,534.9,136.868,0.018,1111.3,1111.3,1111.3,1111.3,1114.6,1114.6,1114.6,1114.6,1114.6,1112.0,1112.0,1112.0,1112.0,1112.0,1110.2,1110.2,1110.2,1110.2,1101.0,1101.0,1101.0,1101.0,1101.0,1131.4,1131.4,1131.4,1131.4,1131.4,7.44,7.43,0.0,7.32,7.39,7.38,7.26,0.0,0.0,7.2,7.33,7.43,0.0,0.0,7.38,7.43,7.33,7.29,0.0,7.44,7.49,0.0,0.0,0.0,6.88,7.15,0.0,0.0,847.5,840.3,839.5,94.413,93.696,93.933
P6,IB8,P6-IB8-3.2-SI16,SACU-2,19,18,1,94.74,5.26,MBUS-16,On-grid,568.07,146.008,0.023,1107.1,1107.1,1107.1,1107.1,1103.3,1103.3,1103.3,1103.3,1103.3,1103.0,1103.0,1103.0,1103.0,1103.0,1109.2,1109.2,1109.2,1109.2,1103.9,1103.9,1103.9,1103.9,1103.9,1109.7,1109.7,1109.7,1109.7,1109.7,7.43,7.31,7.44,7.48,7.38,7.38,7.36,0.0,0.0,7.46,0.0,7.39,7.43,0.0,7.44,7.34,7.34,7.48,0.0,7.39,7.3,0.0,0.0,0.0,7.48,7.33,0.0,0.0,847.1,836.4,842.1,100.146,100.364,100.423
P6,IB8,P6-IB8-4.1-SI01,SACU-2,19,16,3,84.21,15.79,MBUS-17,On-grid,500.87,124.969,0.042,1113.4,1113.4,1113.4,1113.4,1112.4,1112.4,1112.4,1112.4,1112.4,1126.7,1126.7,1126.7,1126.7,1126.7,1100.8,1100.8,1100.8,1100.8,1111.1,1111.1,1111.1,1111.1,1111.1,1115.0,1115.0,1115.0,1115.0,1115.0,7.19,7.05,7.05,7.01,6.81,7.24,7.17,0.0,0.0,7.19,7.17,0.0,0.0,0.0,7.38,7.06,6.74,0.0,7.32,7.09,0.0,0.0,0.0,7.34,7.2,0.0,0.0,0.0,840.1,833.7,831.4,86.71,86.406,86.473
P6,IB8,P6-IB8-4.1-SI02,SACU-2,19,18,1,94.74,5.26,MBUS-18,On-grid,553.93,136.654,-0.059,1092.1,1092.1,1092.1,1092.1,1075.8,1075.8,1075.8,1075.8,1075.8,1099.2,1099.2,1099.2,1099.2,1099.2,1087.7,1087.7,1087.7,1087.7,1097.3,1097.3,1097.3,1097.3,1097.3,1104.5,1104.5,1104.5,1104.5,1104.5,7.11,7.1,6.97,7.17,0.0,7.05,6.97,0.0,0.0,6.98,7.33,6.89,7.05,0.0,7.19,6.89,0.0,7.13,0.0,6.97,0.0,0.0,0.0,6.97,6.77,7.14,7.06,0.0,842.5,837.0,833.8,94.696,94.41,94.383
P6,IB8,P6-IB8-4.1-SI03,SACU-2,19,17,2,89.47,10.53,MBUS-19,On-grid,518.74,128.572,-0.021,1096.6,1096.6,1096.6,1096.6,1093.9,1093.9,1093.9,1093.9,1093.9,1083.4,1083.4,1083.4,1083.4,1083.4,1082.3,1082.3,1082.3,1082.3,1097.0,1097.0,1097.0,1097.0,1097.0,1079.0,1079.0,1079.0,1079.0,1079.0,7.09,7.15,6.93,7.12,6.81,7.07,7.23,0.0,0.0,7.06,6.87,7.21,0.0,0.0,7.24,0.0,7.05,0.0,6.91,6.88,6.45,0.0,0.0,6.93,7.16,0.0,0.0,0.0,842.5,831.8,838.0,89.075,88.757,88.661
P6,IB8,P6-IB8-4.1-SI08,SACU-2,19,11,8,57.89,42.11,MBUS-20,On-grid,338.88,84.591,0.0,1084.5,1084.5,1084.5,1084.5,1089.5,1089.5,1089.5,1089.5,1089.5,1090.2,1090.2,1090.2,1090.2,1090.2,1069.4,1069.4,1069.4,1069.4,387.4,387.4,387.4,387.4,387.4,1112.5,1112.5,1112.5,1112.5,1112.5,7.35,0.0,7.09,0.0,0.0,7.4,7.15,0.0,0.0,6.84,7.5,7.16,0.0,0.0,7.37,0.0,0.0,0.0,0.0,0.0,0.0,0.0,0.0,7.05,0.0,6.99,7.3,0.0,839.7,833.6,831.2,58.755,58.567,58.761
P6,IB8,P6-IB8-4.1-SI05,SACU-2,19,17,2,89.47,10.53,MBUS-21,On-grid,520.78,129.339,0.013,1100.3,1100.3,1100.3,1100.3,1101.7,1101.7,1101.7,1101.7,1101.7,1094.4,1094.4,1094.4,1094.4,1094.4,1090.5,1090.5,1090.5,1090.5,1075.4,1075.4,1075.4,1075.4,1075.4,1087.1,1087.1,1087.1,1087.1,1087.1,7.04,6.93,0.0,7.11,6.48,7.14,6.92,0.0,0.0,7.03,7.11,7.19,0.0,0.0,7.01,7.19,6.85,0.0,7.2,0.0,6.95,0.0,0.0,6.59,7.12,7.22,0.0,0.0,842.8,835.4,834.2,89.921,89.103,89.13
P6,IB8,P6-IB8-4.1-SI06,SACU-2,19,2,17,10.53,89.47,MBUS-22,On-grid,60.96,15.181,0.013,1097.1,1097.1,1097.1,1097.1,333.6,333.6,333.6,333.6,333.6,1083.0,1083.0,1083.0,1083.0,1083.0,336.1,336.1,336.1,336.1,330.5,330.5,330.5,330.5,330.5,331.0,331.0,331.0,331.0,331.0,7.06,0.0,0.0,0.0,0.0,0.0,0.0,0.0,0.0,6.84,0.0,0.0,0.0,0.0,0.0,0.0,0.0,0.0,0.0,0.0,0.0,0.0,0.0,0.0,0.0,0.0,0.0,0.0,836.7,833.8,826.7,11.223,10.715,10.98
P6,IB8,P6-IB8-4.1-SI07,SACU-2,19,2,17,10.53,89.47,MBUS-23,On-grid,49.94,12.479,0.05,640.4,640.4,640.4,640.4,325.1,325.1,325.1,325.1,325.1,1115.7,1115.7,1115.7,1115.7,1115.7,321.2,321.2,321.2,321.2,320.6,320.6,320.6,320.6,320.6,320.5,320.5,320.5,320.5,320.5,7.11,0.0,0.0,0.0,0.0,0.0,0.0,0.0,0.0,7.15,0.0,0.0,0.0,0.0,0.0,0.0,0.0,0.0,0.0,0.0,0.0,0.0,0.0,0.0,0.0,0.0,0.0,0.0,837.3,828.4,831.5,8.92,8.778,8.972
P6,IB8,P6-IB8-4.1-SI08,SACU-2,19,19,0,100.0,0.0,MBUS-24,On-grid,583.52,145.66,0.007,1091.3,1091.3,1091.3,1091.3,1098.9,1098.9,1098.9,1098.9,1098.9,1100.2,1100.2,1100.2,1100.2,1100.2,1079.7,1079.7,1079.7,1079.7,1096.4,1096.4,1096.4,1096.4,1096.4,1111.4,1111.4,1111.4,1111.4,1111.4,6.93,6.98,7.2,6.73,6.53,6.95,7.19,7.39,0.0,6.96,7.18,0.0,0.0,0.0,6.79,7.14,7.12,7.28,7.37,7.25,0.0,0.0,0.0,7.23,7.05,7.12,0.0,0.0,839.4,832.2,830.4,101.115,101.063,100.751
P6,IB8,P6-IB8-4.2-SI09,SACU-2,19,0,19,0.0,100.0,MBUS-25,Communication disconnected,0.0,0.0,0.0,0.0,0.0,0.0,0.0,0.0,0.0,0.0,0.0,0.0,0.0,0.0,0.0,0.0,0.0,0.0,0.0,0.0,0.0,0.0,0.0,0.0,0.0,0.0,0.0,0.0,0.0,0.0,0.0,0.0,0.0,0.0,0.0,0.0,0.0,0.0,0.0,0.0,0.0,0.0,0.0,0.0,0.0,0.0,0.0,0.0,0.0,0.0,0.0,0.0,0.0,0.0,0.0,0.0,0.0,0.0,0.0,0.0,0.0,0.0,0.0,0.0,0.0
P6,IB8,P6-IB8-4.2-SI10,SACU-2,19,18,1,94.74,5.26,MBUS-26,On-grid,554.23,138.335,0.022,1100.3,1100.3,1100.3,1100.3,1091.8,1091.8,1091.8,1091.8,1091.8,1102.9,1102.9,1102.9,1102.9,1102.9,1090.6,1090.6,1090.6,1090.6,1093.5,1093.5,1093.5,1093.5,1093.5,1102.9,1102.9,1102.9,1102.9,1102.9,6.97,6.82,7.32,0.0,6.69,7.0,7.31,0.0,0.0,6.9,7.09,7.22,0.0,0.0,7.01,6.98,7.17,7.24,7.08,7.24,0.0,0.0,0.0,6.54,7.11,7.39,0.0,0.0,844.2,834.5,839.3,95.99,95.257,94.993
P6,IB8,P6-IB8-4.2-SI11,SACU-2,19,19,0,100.0,0.0,MBUS-27,On-grid,579.46,146.04,-0.04,1091.1,1091.1,1091.1,1091.1,1089.7,1089.7,1089.7,1089.7,1089.7,1101.5,1101.5,1101.5,1101.5,1101.5,1099.7,1099.7,1099.7,1099.7,1098.0,1098.0,1098.0,1098.0,1098.0,1096.7,1096.7,1096.7,1096.7,1096.7,7.06,7.18,7.02,7.17,6.98,7.09,7.13,0.0,0.0,6.88,7.12,7.27,0.0,0.0,6.89,6.97,7.02,7.1,7.31,7.16,0.0,0.0,0.0,6.97,7.09,7.0,0.0,0.0,846.2,836.1,841.4,100.96,100.485,100.373
P6,IB8,P6-IB8-4.2-SI12,SACU-2,19,19,0,100.0,0.0,MBUS-28,On-grid,582.09,145.809,-0.03,1092.2,1092.2,1092.2,1092.2,1086.4,1086.4,1086.4,1086.4,1086.4,1096.1,1096.1,1096.1,1096.1,1096.1,1098.6,1098.6,1098.6,1098.6,1087.8,1087.8,1087.8,1087.8,1087.8,1085.1,1085.1,1085.1,1085.1,1085.1,7.2,7.07,7.0,7.2,6.95,7.32,7.08,0.0,0.0,7.23,6.91,7.24,0.0,0.0,7.04,6.9,7.15,0.0,7.33,7.25,7.11,0.0,0.0,7.08,7.01,6.99,0.0,0.0,846.5,841.8,836.9,100.536,99.942,100.29
P6,IB8,P6-IB8-2.2-SI16,SACU-1,19,0,19,0.0,100.0,MBUS-29,Communication disconnected,0.0,0.0,0.0,0.0,0.0,0.0,0.0,0.0,0.0,0.0,0.0,0.0,0.0,0.0,0.0,0.0,0.0,0.0,0.0,0.0,0.0,0.0,0.0,0.0,0.0,0.0,0.0,0.0,0.0,0.0,0.0,0.0,0.0,0.0,0.0,0.0,0.0,0.0,0.0,0.0,0.0,0.0,0.0,0.0,0.0,0.0,0.0,0.0,0.0,0.0,0.0,0.0,0.0,0.0,0.0,0.0,0.0,0.0,0.0,0.0,0.0,0.0,0.0,0.0,0.0
P6,IB8,P6-IB8-4.2-SI14,SACU-2,19,10,9,52.63,47.37,MBUS-30,On-grid,304.0,75.904,-0.002,1083.6,1083.6,1083.6,1083.6,1090.6,1090.6,1090.6,1090.6,1090.6,1089.5,1089.5,1089.5,1089.5,1089.5,353.6,353.6,353.6,353.6,354.3,354.3,354.3,354.3,354.3,355.7,355.7,355.7,355.7,355.7,6.01,7.46,7.28,7.23,6.42,7.35,7.34,0.0,0.0,6.63,7.3,7.44,0.0,0.0,0.0,0.0,0.0,0.0,0.0,0.0,0.0,0.0,0.0,0.0,0.0,0.0,0.0,0.0,840.1,836.4,828.0,52.97,52.545,52.483
P6,IB8,P6-IB8-4.2-SI15,SACU-2,19,19,0,100.0,0.0,MBUS-31,On-grid,593.64,148.609,-0.033,1097.0,1097.0,1097.0,1097.0,1104.9,1104.9,1104.9,1104.9,1104.9,1105.4,1105.4,1105.4,1105.4,1105.4,1111.9,1111.9,1111.9,1111.9,1113.5,1113.5,1113.5,1113.5,1113.5,1088.4,1088.4,1088.4,1088.4,1088.4,6.97,7.35,7.19,0.0,6.72,7.19,7.3,7.3,0.0,7.05,7.31,7.29,7.13,0.0,7.23,7.24,7.24,0.0,7.08,7.16,0.0,0.0,0.0,7.24,6.93,7.19,0.0,0.0,841.3,835.7,832.9,103.144,102.851,102.604
P6,IB8,P6-IB8-4.2-SI16,SACU-2,19,19,0,100.0,0.0,MBUS-32,On-grid,598.7,148.964,0.02,1126.3,1126.3,1126.3,1126.3,1107.9,1107.9,1107.9,1107.9,1107.9,1103.5,1103.5,1103.5,1103.5,1103.5,1109.3,1109.3,1109.3,1109.3,1098.8,1098.8,1098.8,1098.8,1098.8,1105.4,1105.4,1105.4,1105.4,1105.4,6.93,7.1,7.04,6.58,6.81,7.36,7.08,0.0,0.0,7.2,7.33,7.43,0.0,0.0,7.16,7.08,7.33,0.0,7.13,7.47,7.21,0.0,0.0,7.27,7.04,7.38,0.0,0.0,837.9,831.9,832.0,103.797,103.132,103.129
P6,IB9,P6-IB9-1.1-SI01,SACU-1,19,19,0,100.0,0.0,MBUS-1,On-grid,608.01,149.989,0.004,1109.1,1109.1,1109.1,1109.1,1107.1,1107.1,1107.1,1107.1,1107.1,1106.1,1106.1,1106.1,1106.1,1106.1,1117.3,1117.3,1117.3,1117.3,1104.4,1104.4,1104.4,1104.4,1104.4,1104.3,1104.3,1104.3,1104.3,1104.3,7.37,7.19,7.2,7.24,7.21,6.99,7.12,0.0,0.0,7.17,7.28,7.36,0.0,0.0,7.3,7.18,7.07,7.02,7.41,7.33,0.0,0.0,0.0,7.42,7.18,7.33,0.0,0.0,848.8,844.7,839.6,102.841,102.577,103.1
P6,IB9,P6-IB9-1.1-SI02,SACU-1,19,17,2,89.47,10.53,MBUS-2,On-grid,539.86,133.758,0.022,1089.1,1089.1,1089.1,1089.1,1108.8,1108.8,1108.8,1108.8,1108.8,1082.3,1082.3,1082.3,1082.3,1082.3,1112.8,1112.8,1112.8,1112.8,1096.6,1096.6,1096.6,1096.6,1096.6,1101.9,1101.9,1101.9,1101.9,1101.9,7.71,0.0,7.31,7.13,7.17,7.19,7.27,0.0,0.0,7.07,7.26,7.32,0.0,0.0,7.27,7.29,0.0,7.19,7.22,7.4,0.0,0.0,0.0,7.35,7.29,7.29,0.0,0.0,847.0,839.0,842.9,92.181,91.522,91.438
P6,IB9,P6-IB9-1.1-SI03,SACU-1,19,17,2,89.47,10.53,MBUS-3,On-grid,538.6,133.832,-0.008,1099.4,1099.4,1099.4,1099.4,1101.7,1101.7,1101.7,1101.7,1101.7,1101.7,1101.7,1101.7,1101.7,1101.7,1108.9,1108.9,1108.9,1108.9,1089.2,1089.2,1089.2,1089.2,1089.2,1100.2,1100.2,1100.2,1100.2,1100.2,7.26,7.12,7.24,7.12,7.21,7.25,7.23,0.0,0.0,7.44,7.22,7.24,0.0,0.0,7.46,7.12,0.0,7.26,7.64,7.35,0.0,0.0,0.0,7.3,7.02,0.0,0.0,0.0,847.1,838.9,841.7,92.037,91.854,91.934
P6,IB9,P6-IB9-1.1-SI04,SACU-1,19,18,1,94.74,5.26,MBUS-4,On-grid,351.45,142.248,0.016,1086.9,1086.9,1086.9,1086.9,1104.4,1104.4,1104.4,1104.4,1104.4,1105.8,1105.8,1105.8,1105.8,1105.8,1110.2,1110.2,1110.2,1110.2,1108.8,1108.8,1108.8,1108.8,1108.8,1116.7,1116.7,1116.7,1116.7,1116.7,7.26,7.26,7.54,7.12,7.43,7.06,7.31,0.0,0.0,7.5,7.03,7.38,0.0,0.0,7.51,7.19,6.83,0.0,7.42,7.31,0.0,0.0,0.0,7.25,7.16,7.06,0.0,0.0,847.9,845.9,837.0,98.398,97.428,96.976
P6,IB9,P6-IB9-1.1-SI05,SACU-1,19,17,2,89.47,10.53,MBUS-5,On-grid,540.41,133.699,-0.012,1102.5,1102.5,1102.5,1102.5,1108.9,1108.9,1108.9,1108.9,1108.9,1101.7,1101.7,1101.7,1101.7,1101.7,1103.1,1103.1,1103.1,1103.1,1100.2,1100.2,1100.2,1100.2,1100.2,1094.4,1094.4,1094.4,1094.4,1094.4,7.77,0.0,6.92,0.0,7.16,7.23,7.22,0.0,0.0,7.28,6.99,7.36,7.18,0.0,7.23,7.03,7.21,7.32,7.61,0.0,6.95,0.0,0.0,7.62,6.98,0.0,0.0,0.0,845.5,838.0,840.5,92.168,92.007,91.83
P6,IB9,P6-IB9-1.1-SI06,SACU-1,19,19,0,100.0,0.0,MBUS-6,On-grid,607.57,151.021,0.02,1102.5,1102.5,1102.5,1102.5,1110.3,1110.3,1110.3,1110.3,1110.3,1110.9,1110.9,1110.9,1110.9,1110.9,1106.4,1106.4,1106.4,1106.4,1092.5,1092.5,1092.5,1092.5,1092.5,1107.5,1107.5,1107.5,1107.5,1107.5,7.34,7.21,7.06,7.37,7.24,7.11,7.23,0.0,0.0,7.21,7.3,7.21,7.32,0.0,7.54,7.31,7.05,7.4,7.58,0.0,0.0,0.0,0.0,7.34,7.38,7.21,0.0,0.0,845.6,837.1,841.1,104.172,103.995,103.985
P6,IB9,P6-IB9-1.1-SI07,SACU-1,19,17,2,89.47,10.53,MBUS-7,On-grid,541.35,135.384,-0.027,1100.6,1100.6,1100.6,1100.6,1102.6,1102.6,1102.6,1102.6,1102.6,1115.7,1115.7,1115.7,1115.7,1115.7,1084.7,1084.7,1084.7,1084.7,1114.7,1114.7,1114.7,1114.7,1114.7,1111.9,1111.9,1111.9,1111.9,1111.9,7.51,7.17,7.28,7.26,6.97,7.47,7.44,0.0,0.0,7.49,7.09,7.18,0.0,0.0,7.56,7.15,7.53,0.0,7.48,0.0,0.0,0.0,0.0,7.46,7.14,7.47,0.0,0.0,843.4,839.7,833.9,93.779,93.43,93.159
P6,IB9,P6-IB9-1.1-SI08,SACU-1,19,18,1,94.74,5.26,MBUS-8,On-grid,572.82,144.553,-0.031,1083.2,1083.2,1083.2,1083.2,1091.3,1091.3,1091.3,1091.3,1091.3,1094.9,1094.9,1094.9,1094.9,1094.9,1095.5,1095.5,1095.5,1095.5,1104.6,1104.6,1104.6,1104.6,1104.6,1120.0,1120.0,1120.0,1120.0,1120.0,7.74,0.0,0.0,7.45,0.0,7.54,7.33,0.0,0.0,7.2,7.5,7.37,0.0,0.0,7.43,7.33,7.3,7.39,7.39,7.61,7.41,0.0,0.0,7.16,7.19,7.5,7.42,0.0,842.5,838.6,833.9,100.029,99.628,99.826
P6,IB9,P6-IB9-1.2-SI09,SACU-1,19,19,0,100.0,0.0,MBUS-9,On-grid,606.82,150.305,-0.015,1104.5,1104.5,1104.5,1104.5,1103.7,1103.7,1103.7,1103.7,1103.7,1115.2,1115.2,1115.2,1115.2,1115.2,1108.4,1108.4,1108.4,1108.4,1110.9,1110.9,1110.9,1110.9,1110.9,1111.5,1111.5,1111.5,1111.5,1111.5,7.45,7.1,7.35,7.21,7.28,7.22,7.38,0.0,0.0,7.27,7.28,7.17,0.0,0.0,7.17,7.32,7.13,0.0,7.42,7.21,7.3,0.0,0.0,6.9,7.24,7.12,0.0,0.0,844.7,837.0,839.8,104.048,103.368,103.326
P6,IB9,P6-IB9-1.2-SI10,SACU-1,19,18,1,94.74,5.26,MBUS-10,On-grid,573.02,141.527,0.014,1114.5,1114.5,1114.5,1114.5,1103.1,1103.1,1103.1,1103.1,1103.1,1103.2,1103.2,1103.2,1103.2,1103.2,1107.9,1107.9,1107.9,1107.9,1102.3,1102.3,1102.3,1102.3,1102.3,1108.8,1108.8,1108.8,1108.8,1108.8,7.26,7.09,0.0,7.26,7.09,7.37,7.05,0.0,0.0,7.41,7.12,7.34,0.0,0.0,7.12,7.2,6.97,7.22,7.23,7.33,7.14,0.0,0.0,7.22,7.07,0.0,0.0,0.0,846.9,838.2,841.8,97.513,97.19,97.44
P6,IB9,P6-IB9-1.2-SI11,SACU-1,19,19,0,100.0,0.0,MBUS-11,On-grid,604.36,150.61,-0.003,1111.7,1111.7,1111.7,1111.7,1104.1,1104.1,1104.1,1104.1,1104.1,1103.6,1103.6,1103.6,1103.6,1103.6,1095.5,1095.5,1095.5,1095.5,1102.5,1102.5,1102.5,1102.5,1102.5,1094.8,1094.8,1094.8,1094.8,1094.8,7.27,7.14,7.35,7.17,7.35,7.24,7.34,0.0,0.0,7.47,7.19,7.21,0.0,0.0,7.52,7.21,7.17,0.0,7.45,7.43,7.22,0.0,0.0,7.27,7.09,7.44,0.0,0.0,843.8,835.4,839.7,103.765,103.602,103.905
P6,IB9,P6-IB9-1.2-SI12,SACU-1,19,19,0,100.0,0.0,MBUS-12,On-grid,603.12,153.753,0.038,1107.2,1107.2,1107.2,1107.2,1106.1,1106.1,1106.1,1106.1,1106.1,1102.2,1102.2,1102.2,1102.2,1102.2,1104.4,1104.4,1104.4,1104.4,1113.2,1113.2,1113.2,1113.2,1113.2,1104.1,1104.1,1104.1,1104.1,1104.1,7.37,7.44,7.17,7.44,7.09,7.57,7.21,0.0,0.0,7.47,7.49,7.61,0.0,0.0,7.38,7.54,7.31,0.0,8.3,7.55,7.55,0.0,0.0,7.46,7.52,7.4,0.0,0.0,842.6,834.3,838.3,106.716,106.169,106.141
P6,IB9,P6-IB9-1.2-SI13,SACU-1,19,18,1,94.74,5.26,MBUS-13,On-grid,568.05,143.411,0.026,1097.6,1097.6,1097.6,1097.6,1093.6,1093.6,1093.6,1093.6,1093.6,1091.2,1091.2,1091.2,1091.2,1091.2,1097.5,1097.5,1097.5,1097.5,1091.2,1091.2,1091.2,1091.2,1091.2,1096.4,1096.4,1096.4,1096.4,1096.4,7.24,7.39,7.2,0.0,7.09,7.33,7.42,7.52,0.0,7.52,0.0,7.35,7.41,0.0,7.32,7.38,7.3,7.48,7.48,7.64,0.0,0.0,0.0,7.49,7.15,0.0,0.0,0.0,841.6,837.3,833.4,99.128,98.859,98.742
P6,IB9,P6-IB9-1.2-SI14,SACU-1,19,18,1,94.74,5.26,MBUS-14,On-grid,561.32,142.346,-0.026,1101.1,1101.1,1101.1,1101.1,1097.0,1097.0,1097.0,1097.0,1097.0,1086.2,1086.2,1086.2,1086.2,1086.2,1101.5,1101.5,1101.5,1101.5,1099.0,1099.0,1099.0,1099.0,1099.0,1097.6,1097.6,1097.6,1097.6,1097.6,7.2,7.2,7.36,7.25,7.25,7.4,7.35,0.0,0.0,7.4,7.4,7.29,0.0,0.0,7.44,7.24,7.26,7.28,7.66,7.26,0.0,0.0,0.0,7.66,0.0,7.14,0.0,0.0,839.7,832.6,834.2,98.822,98.454,98.206
P6,IB9,P6-IB9-1.2-SI15,SACU-1,19,19,0,100.0,0.0,MBUS-15,On-grid,592.44,149.162,0.02,1094.8,1094.8,1094.8,1094.8,1078.7,1078.7,1078.7,1078.7,1078.7,1104.0,1104.0,1104.0,1104.0,1104.0,1084.0,1084.0,1084.0,1084.0,1097.9,1097.9,1097.9,1097.9,1097.9,1084.0,1084.0,1084.0,1084.0,1084.0,7.3,7.18,7.37,7.08,7.41,7.31,7.43,0.0,0.0,7.5,7.3,7.1,0.0,0.0,7.33,7.34,0.0,7.45,7.24,7.15,7.37,0.0,0.0,7.15,7.34,7.31,0.0,0.0,840.2,832.1,835.0,103.439,103.123,103.409
P6,IB9,P6-IB9-1.2-SI16,SACU-1,19,17,2,89.47,10.53,MBUS-16,On-grid,533.4,134.651,0.017,1106.1,1106.1,1106.1,1106.1,1091.7,1091.7,1091.7,1091.7,1091.7,1086.3,1086.3,1086.3,1086.3,1086.3,1108.0,1108.0,1108.0,1108.0,1132.4,1132.4,1132.4,1132.4,1132.4,1103.7,1103.7,1103.7,1103.7,1103.7,7.26,7.18,7.34,7.43,7.17,7.46,7.24,0.0,0.0,7.36,0.0,7.4,7.21,0.0,7.07,7.19,7.21,7.26,7.56,0.0,0.0,0.0,0.0,7.28,7.23,0.0,0.0,0.0,839.9,835.1,831.3,93.752,93.029,93.182
P6,IB9,P6-IB9-2.1-SI01,SACU-1,19,16,3,84.21,15.79,MBUS-17,On-grid,498.76,126.412,0.015,1093.1,1093.1,1093.1,1093.1,1084.6,1084.6,1084.6,1084.6,1084.6,1084.2,1084.2,1084.2,1084.2,1084.2,1088.0,1088.0,1088.0,1088.0,1094.2,1094.2,1094.2,1094.2,1094.2,1099.7,1090.8,1090.8,1090.8,1090.8,7.68,7.36,7.14,0.0,7.32,7.34,0.0,0.0,0.0,0.0,7.46,7.39,0.0,0.0,7.57,7.22,7.31,0.0,7.47,7.47,7.27,0.0,0.0,7.49,7.28,7.41,0.0,0.0,839.3,834.2,829.2,87.99,87.606,87.529
P6,IB9,P6-IB9-2.1-SI02,SACU-1,19,16,3,84.21,15.79,MBUS-18,On-grid,502.98,128.209,-0.005,1103.4,1103.4,1103.4,1103.4,1089.7,1089.7,1089.7,1089.7,1089.7,1103.6,1103.6,1103.6,1103.6,1103.6,1099.1,1099.1,1099.1,1099.1,1096.9,1096.9,1096.9,1096.9,1096.9,1086.0,1086.0,1086.0,1086.0,1086.0,7.24,7.32,7.35,7.34,0.0,0.0,7.52,0.0,0.0,7.45,0.0,7.44,0.0,0.0,7.53,7.27,7.3,7.36,0.0,7.35,7.5,0.0,0.0,7.63,7.34,7.54,0.0,0.0,839.5,836.1,829.8,88.995,88.555,88.761
P6,IB9,P6-IB9-2.1-SI03,SACU-1,19,17,2,89.47,10.53,MBUS-19,On-grid,529.51,135.267,-0.019,1088.6,1088.6,1088.6,1088.6,1095.2,1095.2,1095.2,1095.2,1095.2,1106.2,1106.2,1106.2,1106.2,1106.2,1098.7,1098.7,1098.7,1098.7,1092.8,1092.8,1092.8,1092.8,1092.8,1079.2,1079.2,1079.2,1079.2,1079.2,7.22,7.48,7.29,7.59,7.28,7.53,7.28,0.0,0.0,7.51,7.23,7.25,0.0,0.0,7.49,7.41,7.28,0.0,7.7,7.29,0.0,0.0,0.0,0.0,7.24,7.27,0.0,0.0,840.5,831.1,835.5,93.982,93.281,93.597
P6,IB9,P6-IB9-2.1-SI04,SACU-1,19,17,2,89.47,10.53,MBUS-20,On-grid,527.48,134.402,0.05,1087.4,1087.4,1087.4,1087.4,1106.0,1106.0,1106.0,1106.0,1106.0,1092.2,1092.2,1092.2,1092.2,1092.2,1091.5,1091.5,1091.5,1091.5,1097.7,1097.7,1097.7,1097.7,1097.7,1093.6,1093.6,1093.6,1093.6,1093.6,7.41,7.25,7.42,7.43,0.0,7.47,7.24,0.0,0.0,7.23,7.22,7.49,0.0,0.0,7.06,7.49,7.14,7.46,7.37,0.0,0.0,0.0,0.0,7.38,7.32,7.24,0.0,0.0,841.5,832.5,836.2,93.204,93.097,93.016
P6,IB9,P6-IB9-2.1-SI05,SACU-1,19,18,1,94.74,5.26,MBUS-21,On-grid,572.53,142.502,-0.031,1109.0,1109.0,1109.0,1109.0,1101.0,1101.0,1101.0,1101.0,1101.0,1103.6,1103.6,1103.6,1103.6,1103.6,1089.6,1089.6,1089.6,1089.6,1090.8,1090.8,1090.8,1090.8,1090.8,1099.5,1099.5,1099.5,1099.5,1099.5,7.32,7.09,7.29,7.36,7.31,7.32,7.4,0.0,0.0,7.31,7.09,7.44,7.26,0.0,0.0,7.31,7.17,7.1,7.47,7.38,0.0,0.0,0.0,7.25,7.3,0.0,0.0,0.0,844.9,839.2,835.4,98.385,98.155,98.252
P6,IB9,P6-IB9-2.1-SI06,SACU-1,19,11,8,57.89,42.11,MBUS-22,On-grid,346.74,87.29,-0.032,1078.2,1078.2,1078.2,1078.2,1078.8,1078.8,1078.8,1078.8,1078.8,1085.1,1085.1,1085.1,1085.1,1085.1,1097.6,1097.6,1097.6,1097.6,1098.3,1098.3,1098.3,1098.3,1098.3,386.4,386.4,386.4,386.4,386.4,7.55,7.38,0.0,0.0,0.0,0.0,7.33,0.0,0.0,0.0,7.56,7.41,0.0,0.0,7.27,7.52,0.0,7.33,7.38,7.49,7.27,0.0,0.0,0.0,0.0,0.0,0.0,0.0,840.4,832.4,834.9,60.972,60.569,60.443
P6,IB9,P6-IB9-2.1-SI07,SACU-1,19,17,2,89.47,10.53,MBUS-23,On-grid,531.31,133.909,-0.024,1091.5,1091.5,1091.5,1091.5,1093.4,1093.4,1093.4,1093.4,1093.4,1089.6,1089.6,1089.6,1089.6,1089.6,1100.1,1100.1,1100.1,1100.1,1096.3,1096.3,1096.3,1096.3,1096.3,1083.8,1083.8,1083.8,1083.8,1083.8,7.35,7.22,7.35,7.41,7.19,7.42,7.17,0.0,0.0,7.14,7.48,7.26,0.0,0.0,7.27,7.02,7.29,7.2,7.54,7.14,0.0,0.0,0.0,0.0,7.41,0.0,0.0,0.0,843.1,832.8,838.3,92.615,92.207,92.504
P6,IB9,P6-IB9-2.2-SI10,SACU-1,19,18,1,94.74,5.26,MBUS-24,On-grid,208.86,141.876,0.011,1095.8,1095.8,1095.8,1095.8,1093.4,1093.4,1093.4,1093.4,1093.4,1100.8,1100.8,1100.8,1100.8,1100.8,1097.4,1097.4,1097.4,1097.4,1099.5,1099.5,1099.5,1099.5,1099.5,1104.4,1104.4,1104.4,1104.4,1104.4,7.57,7.13,7.13,6.98,7.09,7.3,7.21,0.0,0.0,7.28,7.13,7.2,0.0,0.0,7.38,7.23,7.17,0.0,7.44,7.17,0.0,0.0,0.0,7.17,7.33,7.28,0.0,0.0,848.9,840.4,841.2,97.462,97.612,96.992
P6,IB9,P6-IB9-2.2-SI09,SACU-1,19,2,17,10.53,89.47,MBUS-25,On-grid,21.97,16.007,0.01,1117.0,1117.0,1117.0,1117.0,334.3,334.3,334.3,334.3,334.3,1107.9,1107.9,1107.9,1107.9,1107.9,335.2,335.2,335.2,335.2,333.9,333.9,333.9,333.9,333.9,333.9,333.9,333.9,333.9,333.9,7.22,0.0,0.0,0.0,0.0,0.0,0.0,0.0,0.0,7.39,0.0,0.0,0.0,0.0,0.0,0.0,0.0,0.0,0.0,0.0,0.0,0.0,0.0,0.0,0.0,0.0,0.0,0.0,838.7,832.4,831.5,11.777,11.612,11.479
P6,IB9,P6-IB9-2.1-SI08,SACU-1,19,0,19,0.0,100.0,MBUS-26,Idle: Initializing,0.0,0.0,0.0,0.0,0.0,0.0,0.0,0.0,0.0,0.0,0.0,0.0,0.0,0.0,0.0,0.0,0.0,0.0,0.0,0.0,0.0,0.0,0.0,0.0,0.0,0.0,0.0,0.0,0.0,0.0,0.0,0.0,0.0,0.0,0.0,0.0,0.0,0.0,0.0,0.0,0.0,0.0,0.0,0.0,0.0,0.0,0.0,0.0,0.0,0.0,0.0,0.0,0.0,0.0,0.0,0.0,0.0,0.0,0.0,0.0,0.0,0.0,0.0,0.0,0.0
P6,IB9,P6-IB9-2.2-SI11,SACU-1,19,19,0,100.0,0.0,MBUS-27,On-grid,608.43,150.649,-0.006,1106.7,1106.7,1106.7,1106.7,1102.6,1102.6,1102.6,1102.6,1102.6,1108.3,1108.3,1108.3,1108.3,1108.3,1116.4,1116.4,1116.4,1116.4,1096.7,1096.7,1096.7,1096.7,1096.7,1109.8,1109.8,1109.8,1109.8,1109.8,7.5,0.0,7.34,7.11,7.18,7.19,7.34,0.0,0.0,7.03,7.22,7.17,0.0,0.0,7.33,7.2,7.23,7.22,7.26,7.4,7.16,0.0,0.0,7.23,7.32,7.31,0.0,0.0,844.5,834.4,840.4,104.135,103.681,103.749
P6,IB9,P6-IB9-2.2-SI12,SACU-1,19,18,1,94.74,5.26,MBUS-28,On-grid,570.8,141.396,0.036,1111.4,1111.4,1111.4,1111.4,1085.9,1085.9,1085.9,1085.9,1085.9,1103.9,1103.9,1103.9,1103.9,1103.9,1088.9,1088.9,1088.9,1088.9,1098.6,1098.6,1098.6,1098.6,1098.6,1110.2,1110.2,1110.2,1110.2,1110.2,7.1,7.1,7.34,7.19,7.25,7.39,7.3,0.0,0.0,0.0,6.84,7.41,0.0,0.0,7.29,6.87,7.17,7.34,0.0,7.24,7.42,0.0,0.0,7.23,7.34,7.43,0.0,0.0,843.5,834.6,837.7,97.995,97.452,97.451
P6,IB9,P6-IB9-2.2-SI13,SACU-1,19,16,3,84.21,15.79,MBUS-29,On-grid,512.9,126.996,0.025,1104.3,1104.3,1104.3,1104.3,1109.8,1109.8,1109.8,1109.8,1109.8,1120.1,1120.1,1120.1,1120.1,1120.1,1128.0,1128.0,1128.0,1128.0,1109.2,1109.2,1109.2,1109.2,1109.2,1109.6,1109.6,1109.6,1109.6,1109.6,7.49,7.07,7.24,7.04,7.27,7.2,7.37,0.0,0.0,7.3,7.35,7.21,0.0,0.0,7.19,6.98,7.2,6.95,0.0,0.0,7.14,0.0,0.0,7.52,0.0,0.0,0.0,0.0,848.2,844.5,838.9,87.491,87.022,86.94
P6,IB9,P6-IB9-2.2-SI14,SACU-1,19,19,0,100.0,0.0,MBUS-30,On-grid,595.01,150.358,0.015,1088.8,1088.8,1088.8,1088.8,1090.2,1090.2,1090.2,1090.2,1090.2,1081.4,1081.4,1081.4,1081.4,1081.4,1098.0,1098.0,1098.0,1098.0,1078.0,1078.0,1078.0,1078.0,1078.0,1087.4,1087.4,1087.4,1087.4,1087.4,7.43,7.49,7.31,7.42,6.82,7.34,7.43,0.0,0.0,7.29,7.5,7.42,0.0,0.0,7.18,7.15,7.4,7.29,7.49,7.33,7.48,0.0,0.0,6.64,7.46,0.0,0.0,0.0,842.6,837.1,833.4,103.817,103.923,103.983
P6,IB9,P6-IB9-2.2-SI15,SACU-1,19,18,1,94.74,5.26,MBUS-31,On-grid,563.43,143.949,0.014,1104.2,1104.2,1104.2,1104.2,1083.7,1083.7,1083.7,1083.7,1083.7,1090.3,1090.3,1090.3,1090.3,1090.3,1100.4,1100.4,1100.4,1100.4,1089.0,1089.0,1089.0,1089.0,1089.0,1095.4,1095.4,1095.4,1095.4,1095.4,7.75,7.37,7.22,7.38,7.7,0.0,7.24,0.0,0.0,7.47,7.6,7.29,0.0,0.0,7.49,7.09,7.46,0.0,7.48,7.4,7.13,0.0,0.0,7.7,7.26,7.5,0.0,0.0,840.7,837.8,829.0,99.862,99.417,99.586
P6,IB9,P6-IB9-2.2-SI16,SACU-1,19,19,0,100.0,0.0,MBUS-32,On-grid,593.97,150.645,0.009,1076.9,1076.9,1076.9,1076.9,1084.2,1084.2,1084.2,1084.2,1084.2,1091.0,1091.0,1091.0,1091.0,1091.0,1094.7,1094.7,1094.7,1094.7,1089.5,1089.5,1089.5,1089.5,1089.5,1107.9,1107.9,1107.9,1107.9,1107.9,7.57,7.02,7.58,7.34,7.2,7.4,7.43,0.0,0.0,7.55,7.37,7.57,0.0,0.0,7.48,7.29,7.39,0.0,7.21,7.37,7.44,0.0,0.0,6.74,7.39,7.42,0.0,0.0,839.8,829.8,834.0,105.055,104.504,104.054
P6,IB9,P6-IB9-3.1-SI01,SACU-2,19,18,1,94.74,5.26,MBUS-1,On-grid,553.37,135.394,0.021,1092.7,1092.7,1092.7,1092.7,1094.5,1094.5,1094.5,1094.5,1094.5,1091.6,1091.6,1091.6,1091.6,1091.6,1080.2,1080.2,1080.2,1080.2,1094.4,1094.4,1094.4,1094.4,1094.4,1065.4,1065.4,1065.4,1065.4,1065.4,7.15,7.08,6.84,7.04,6.86,6.89,7.0,0.0,0.0,7.22,6.78,7.11,0.0,0.0,7.1,7.08,7.05,6.84,7.18,7.07,0.0,0.0,0.0,6.95,6.96,0.0,0.0,0.0,843.6,833.2,839.8,93.329,93.242,93.301
P6,IB9,P6-IB9-3.1-SI02,SACU-2,19,10,9,52.63,47.37,MBUS-2,On-grid,314.78,79.762,-0.089,1083.4,1083.4,1083.4,1083.4,1102.8,1102.8,1102.8,1102.8,1102.8,1097.9,1097.9,1097.9,1097.9,1097.9,1091.2,1091.2,1091.2,1091.2,371.5,371.5,371.5,371.5,371.5,370.2,370.2,370.2,370.2,370.2,7.1,7.8,7.38,7.68,6.87,7.71,0.0,0.0,0.0,7.51,0.0,0.0,0.0,0.0,6.95,7.5,7.37,0.0,0.0,0.0,0.0,0.0,0.0,0.0,0.0,0.0,0.0,0.0,837.2,826.9,831.7,55.613,55.373,55.375
P6,IB9,P6-IB9-3.1-SI03,SACU-2,19,0,19,0.0,100.0,MBUS-3,Communication disconnected,0.0,0.0,0.0,0.0,0.0,0.0,0.0,0.0,0.0,0.0,0.0,0.0,0.0,0.0,0.0,0.0,0.0,0.0,0.0,0.0,0.0,0.0,0.0,0.0,0.0,0.0,0.0,0.0,0.0,0.0,0.0,0.0,0.0,0.0,0.0,0.0,0.0,0.0,0.0,0.0,0.0,0.0,0.0,0.0,0.0,0.0,0.0,0.0,0.0,0.0,0.0,0.0,0.0,0.0,0.0,0.0,0.0,0.0,0.0,0.0,0.0,0.0,0.0,0.0,0.0
P6,IB9,P6-IB9-3.1-SI04,SACU-2,19,0,19,0.0,100.0,MBUS-4,Communication disconnected,0.0,0.0,0.0,0.0,0.0,0.0,0.0,0.0,0.0,0.0,0.0,0.0,0.0,0.0,0.0,0.0,0.0,0.0,0.0,0.0,0.0,0.0,0.0,0.0,0.0,0.0,0.0,0.0,0.0,0.0,0.0,0.0,0.0,0.0,0.0,0.0,0.0,0.0,0.0,0.0,0.0,0.0,0.0,0.0,0.0,0.0,0.0,0.0,0.0,0.0,0.0,0.0,0.0,0.0,0.0,0.0,0.0,0.0,0.0,0.0,0.0,0.0,0.0,0.0,0.0
P6,IB9,P6-IB9-3.1-SI05,SACU-2,19,0,19,0.0,100.0,MBUS-5,Communication disconnected,0.0,0.0,0.0,0.0,0.0,0.0,0.0,0.0,0.0,0.0,0.0,0.0,0.0,0.0,0.0,0.0,0.0,0.0,0.0,0.0,0.0,0.0,0.0,0.0,0.0,0.0,0.0,0.0,0.0,0.0,0.0,0.0,0.0,0.0,0.0,0.0,0.0,0.0,0.0,0.0,0.0,0.0,0.0,0.0,0.0,0.0,0.0,0.0,0.0,0.0,0.0,0.0,0.0,0.0,0.0,0.0,0.0,0.0,0.0,0.0,0.0,0.0,0.0,0.0,0.0
P6,IB9,P6-IB9-3.1-SI06,SACU-2,19,0,19,0.0,100.0,MBUS-6,Communication disconnected,0.0,0.0,0.0,0.0,0.0,0.0,0.0,0.0,0.0,0.0,0.0,0.0,0.0,0.0,0.0,0.0,0.0,0.0,0.0,0.0,0.0,0.0,0.0,0.0,0.0,0.0,0.0,0.0,0.0,0.0,0.0,0.0,0.0,0.0,0.0,0.0,0.0,0.0,0.0,0.0,0.0,0.0,0.0,0.0,0.0,0.0,0.0,0.0,0.0,0.0,0.0,0.0,0.0,0.0,0.0,0.0,0.0,0.0,0.0,0.0,0.0,0.0,0.0,0.0,0.0
P6,IB9,P6-IB9-3.2-SI09,SACU-2,19,0,19,0.0,100.0,MBUS-9,Communication disconnected,0.0,0.0,0.0,0.0,0.0,0.0,0.0,0.0,0.0,0.0,0.0,0.0,0.0,0.0,0.0,0.0,0.0,0.0,0.0,0.0,0.0,0.0,0.0,0.0,0.0,0.0,0.0,0.0,0.0,0.0,0.0,0.0,0.0,0.0,0.0,0.0,0.0,0.0,0.0,0.0,0.0,0.0,0.0,0.0,0.0,0.0,0.0,0.0,0.0,0.0,0.0,0.0,0.0,0.0,0.0,0.0,0.0,0.0,0.0,0.0,0.0,0.0,0.0,0.0,0.0
P6,IB9,P6-IB9-3.2-SI10,SACU-2,19,0,19,0.0,100.0,MBUS-10,Communication disconnected,0.0,0.0,0.0,0.0,0.0,0.0,0.0,0.0,0.0,0.0,0.0,0.0,0.0,0.0,0.0,0.0,0.0,0.0,0.0,0.0,0.0,0.0,0.0,0.0,0.0,0.0,0.0,0.0,0.0,0.0,0.0,0.0,0.0,0.0,0.0,0.0,0.0,0.0,0.0,0.0,0.0,0.0,0.0,0.0,0.0,0.0,0.0,0.0,0.0,0.0,0.0,0.0,0.0,0.0,0.0,0.0,0.0,0.0,0.0,0.0,0.0,0.0,0.0,0.0,0.0
P6,IB9,P6-IB9-3.2-SI11,SACU-2,19,0,19,0.0,100.0,MBUS-11,Communication disconnected,0.0,0.0,0.0,0.0,0.0,0.0,0.0,0.0,0.0,0.0,0.0,0.0,0.0,0.0,0.0,0.0,0.0,0.0,0.0,0.0,0.0,0.0,0.0,0.0,0.0,0.0,0.0,0.0,0.0,0.0,0.0,0.0,0.0,0.0,0.0,0.0,0.0,0.0,0.0,0.0,0.0,0.0,0.0,0.0,0.0,0.0,0.0,0.0,0.0,0.0,0.0,0.0,0.0,0.0,0.0,0.0,0.0,0.0,0.0,0.0,0.0,0.0,0.0,0.0,0.0
P6,IB9,P6-IB9-3.2-SI12,SACU-2,19,0,19,0.0,100.0,MBUS-12,Communication disconnected,0.0,0.0,0.0,0.0,0.0,0.0,0.0,0.0,0.0,0.0,0.0,0.0,0.0,0.0,0.0,0.0,0.0,0.0,0.0,0.0,0.0,0.0,0.0,0.0,0.0,0.0,0.0,0.0,0.0,0.0,0.0,0.0,0.0,0.0,0.0,0.0,0.0,0.0,0.0,0.0,0.0,0.0,0.0,0.0,0.0,0.0,0.0,0.0,0.0,0.0,0.0,0.0,0.0,0.0,0.0,0.0,0.0,0.0,0.0,0.0,0.0,0.0,0.0,0.0,0.0
P6,IB9,P6-IB9-3.2-SI13,SACU-2,19,0,19,0.0,100.0,MBUS-13,Communication disconnected,0.0,0.0,0.0,0.0,0.0,0.0,0.0,0.0,0.0,0.0,0.0,0.0,0.0,0.0,0.0,0.0,0.0,0.0,0.0,0.0,0.0,0.0,0.0,0.0,0.0,0.0,0.0,0.0,0.0,0.0,0.0,0.0,0.0,0.0,0.0,0.0,0.0,0.0,0.0,0.0,0.0,0.0,0.0,0.0,0.0,0.0,0.0,0.0,0.0,0.0,0.0,0.0,0.0,0.0,0.0,0.0,0.0,0.0,0.0,0.0,0.0,0.0,0.0,0.0,0.0
P6,IB9,P6-IB9-3.2-SI14,SACU-2,19,0,19,0.0,100.0,MBUS-14,Communication disconnected,0.0,0.0,0.0,0.0,0.0,0.0,0.0,0.0,0.0,0.0,0.0,0.0,0.0,0.0,0.0,0.0,0.0,0.0,0.0,0.0,0.0,0.0,0.0,0.0,0.0,0.0,0.0,0.0,0.0,0.0,0.0,0.0,0.0,0.0,0.0,0.0,0.0,0.0,0.0,0.0,0.0,0.0,0.0,0.0,0.0,0.0,0.0,0.0,0.0,0.0,0.0,0.0,0.0,0.0,0.0,0.0,0.0,0.0,0.0,0.0,0.0,0.0,0.0,0.0,0.0
P6,IB9,P6-IB9-3.2-SI15,SACU-2,19,0,19,0.0,100.0,MBUS-15,Communication disconnected,0.0,0.0,0.0,0.0,0.0,0.0,0.0,0.0,0.0,0.0,0.0,0.0,0.0,0.0,0.0,0.0,0.0,0.0,0.0,0.0,0.0,0.0,0.0,0.0,0.0,0.0,0.0,0.0,0.0,0.0,0.0,0.0,0.0,0.0,0.0,0.0,0.0,0.0,0.0,0.0,0.0,0.0,0.0,0.0,0.0,0.0,0.0,0.0,0.0,0.0,0.0,0.0,0.0,0.0,0.0,0.0,0.0,0.0,0.0,0.0,0.0,0.0,0.0,0.0,0.0
P6,IB9,P6-IB9-3.2-SI16,SACU-2,19,0,19,0.0,100.0,MBUS-16,Communication disconnected,0.0,0.0,0.0,0.0,0.0,0.0,0.0,0.0,0.0,0.0,0.0,0.0,0.0,0.0,0.0,0.0,0.0,0.0,0.0,0.0,0.0,0.0,0.0,0.0,0.0,0.0,0.0,0.0,0.0,0.0,0.0,0.0,0.0,0.0,0.0,0.0,0.0,0.0,0.0,0.0,0.0,0.0,0.0,0.0,0.0,0.0,0.0,0.0,0.0,0.0,0.0,0.0,0.0,0.0,0.0,0.0,0.0,0.0,0.0,0.0,0.0,0.0,0.0,0.0,0.0
P6,IB9,P6-IB9-4.1-SI01,SACU-2,19,19,0,100.0,0.0,MBUS-17,On-grid,591.26,150.102,-0.031,1095.7,1095.7,1095.7,1095.7,1099.4,1099.4,1099.4,1099.4,1099.4,1091.7,1091.7,1091.7,1091.7,1091.7,1100.6,1100.6,1100.6,1100.6,1106.1,1106.1,1106.1,1106.1,1106.1,1089.4,1089.4,1089.4,1089.4,1089.4,7.37,7.48,7.11,7.42,7.22,7.58,7.36,0.0,0.0,7.36,7.49,7.52,0.0,0.0,7.33,7.34,7.36,0.0,7.5,7.11,7.26,0.0,0.0,7.19,7.29,7.21,0.0,0.0,841.6,835.5,833.3,104.174,103.888,103.701
P6,IB9,P6-IB9-4.1-SI02,SACU-2,19,19,0,100.0,0.0,MBUS-18,On-grid,592.67,146.691,0.025,1091.9,1091.9,1091.9,1091.9,1099.7,1099.7,1099.7,1099.7,1099.7,1106.4,1106.4,1106.4,1106.4,1106.4,1108.7,1108.7,1108.7,1108.7,1086.1,1086.1,1086.1,1086.1,1086.1,1082.9,1082.9,1082.9,1082.9,1082.9,7.36,7.19,7.3,7.3,0.0,7.22,6.99,0.0,0.0,7.06,7.24,7.1,6.98,0.0,6.91,7.2,7.03,7.07,7.03,7.33,0.0,0.0,0.0,7.21,7.28,6.6,0.0,0.0,842.7,837.0,833.2,101.769,101.139,101.03
P6,IB9,P6-IB9-4.1-SI03,SACU-2,19,19,0,100.0,0.0,MBUS-19,On-grid,587.78,146.983,0.02,1102.2,1102.2,1102.2,1102.2,1082.4,1082.4,1082.4,1082.4,1082.4,1088.8,1088.8,1088.8,1088.8,1088.8,1092.2,1092.2,1092.2,1092.2,1078.9,1078.9,1078.9,1078.9,1078.9,1081.8,1081.8,1081.8,1081.8,1081.8,7.24,7.3,7.44,7.11,7.37,7.19,7.22,0.0,0.0,7.15,7.04,7.26,0.0,0.0,7.36,7.06,7.16,6.93,7.3,7.16,0.0,0.0,0.0,7.13,6.97,7.16,0.0,0.0,843.2,833.2,837.2,101.956,101.43,101.743
P6,IB9,P6-IB9-4.1-SI04,SACU-2,19,0,19,0.0,100.0,MBUS-20,Idle: Initializing,0.0,0.0,0.0,0.0,0.0,0.0,0.0,0.0,0.0,0.0,0.0,0.0,0.0,0.0,0.0,0.0,0.0,0.0,0.0,0.0,0.0,0.0,0.0,0.0,0.0,0.0,0.0,0.0,0.0,0.0,0.0,0.0,0.0,0.0,0.0,0.0,0.0,0.0,0.0,0.0,0.0,0.0,0.0,0.0,0.0,0.0,0.0,0.0,0.0,0.0,0.0,0.0,0.0,0.0,0.0,0.0,0.0,0.0,0.0,0.0,0.0,0.0,0.0,0.0,0.0
P6,IB9,P6-IB9-4.1-SI05,SACU-2,19,19,0,100.0,0.0,MBUS-21,On-grid,589.25,144.731,-0.021,1097.9,1097.9,1097.9,1097.9,1079.6,1079.6,1079.6,1079.6,1079.6,1093.5,1093.5,1093.5,1093.5,1093.5,1088.9,1088.9,1088.9,1088.9,1097.0,1097.0,1097.0,1097.0,1097.0,1104.9,1104.9,1104.9,1104.9,1104.9,6.9,7.13,7.09,7.1,6.94,7.3,7.18,0.0,0.0,7.1,6.92,7.17,0.0,0.0,7.09,6.92,7.04,7.19,7.15,7.21,6.93,0.0,0.0,0.0,7.09,6.92,0.0,0.0,843.6,833.0,838.6,100.193,99.9,99.595
P6,IB9,P6-IB9-4.1-SI06,SACU-2,19,19,0,100.0,0.0,MBUS-22,On-grid,583.66,143.526,-0.041,1089.3,1089.3,1089.3,1089.3,1084.8,1084.8,1084.8,1084.8,1084.8,1100.6,1100.6,1100.6,1100.6,1100.6,1089.8,1089.8,1089.8,1089.8,1084.5,1084.5,1084.5,1084.5,1084.5,1080.0,1080.0,1080.0,1080.0,1080.0,7.31,7.11,7.21,7.03,7.06,7.11,6.88,0.0,0.0,7.06,6.99,7.14,0.0,0.0,7.1,6.83,7.17,7.05,7.04,7.14,6.94,0.0,0.0,0.0,7.0,6.72,0.0,0.0,844.6,839.7,834.5,99.179,98.863,98.871
P6,IB9,P6-IB9-4.1-SI07,SACU-2,19,0,19,0.0,100.0,MBUS-23,Idle: Initializing,0.0,0.0,0.0,0.0,0.0,0.0,0.0,0.0,0.0,0.0,0.0,0.0,0.0,0.0,0.0,0.0,0.0,0.0,0.0,0.0,0.0,0.0,0.0,0.0,0.0,0.0,0.0,0.0,0.0,0.0,0.0,0.0,0.0,0.0,0.0,0.0,0.0,0.0,0.0,0.0,0.0,0.0,0.0,0.0,0.0,0.0,0.0,0.0,0.0,0.0,0.0,0.0,0.0,0.0,0.0,0.0,0.0,0.0,0.0,0.0,0.0,0.0,0.0,0.0,0.0
P6,IB9,P6-IB9-4.1-SI08,SACU-2,19,19,0,100.0,0.0,MBUS-24,On-grid,579.45,141.458,0.018,1094.7,1094.7,1094.7,1094.7,1092.1,1092.1,1092.1,1092.1,1092.1,1099.0,1099.0,1099.0,1099.0,1099.0,1078.4,1078.4,1078.4,1078.4,1089.8,1089.8,1089.8,1089.8,1089.8,1090.8,1090.8,1090.8,1090.8,1090.8,7.1,6.8,6.99,6.92,6.71,7.15,6.77,0.0,0.0,6.79,6.82,6.65,0.0,0.0,7.25,0.0,6.96,7.09,6.94,0.0,6.92,6.86,0.0,0.0,6.75,7.04,6.72,0.0,847.6,837.6,842.5,97.436,97.231,97.225
P6,IB9,P6-IB9-4.2-SI09,SACU-2,19,18,1,94.74,5.26,MBUS-25,On-grid,551.77,136.786,-0.077,1074.4,1074.4,1074.4,1074.4,1083.7,1083.7,1083.7,1083.7,1083.7,1080.7,1080.7,1080.7,1080.7,1080.7,1090.0,1090.0,1090.0,1090.0,1095.3,1095.3,1095.3,1095.3,1095.3,1094.9,1094.9,1094.9,1094.9,1094.9,7.18,7.04,7.15,7.06,6.87,7.3,7.04,0.0,0.0,7.33,7.01,7.23,0.0,0.0,6.98,7.13,6.81,7.02,7.2,0.0,7.03,0.0,0.0,0.0,7.15,6.89,0.0,0.0,843.3,833.8,838.0,94.701,94.291,94.376
P6,IB9,P6-IB9-4.2-SI10,SACU-2,19,19,0,100.0,0.0,MBUS-26,On-grid,581.27,142.692,-0.017,1090.5,1090.5,1090.5,1090.5,1094.1,1094.1,1094.1,1094.1,1094.1,1092.8,1092.8,1092.8,1092.8,1092.8,1095.7,1095.7,1095.7,1095.7,1102.2,1102.2,1102.2,1102.2,1102.2,1093.8,1093.8,1093.8,1093.8,1093.8,7.1,6.89,7.05,7.12,7.0,6.85,6.71,0.0,0.0,6.93,7.02,6.88,0.0,0.0,6.94,6.82,6.94,6.86,7.08,6.83,6.96,0.0,0.0,0.0,6.89,6.82,0.0,0.0,845.1,834.3,839.9,98.4,98.32,98.055
P6,IB9,P6-IB9-4.2-SI11,SACU-2,19,19,0,100.0,0.0,MBUS-27,On-grid,600.26,152.715,-0.002,1111.9,1111.9,1111.9,1111.9,1119.2,1119.2,1119.2,1119.2,1119.2,1105.2,1105.2,1105.2,1105.2,1105.2,1097.7,1097.7,1097.7,1097.7,1122.0,1122.0,1122.0,1122.0,1122.0,1100.0,1100.0,1100.0,1100.0,1100.0,7.31,7.19,7.51,7.59,6.9,7.58,7.29,0.0,0.0,7.21,7.33,7.54,0.0,0.0,7.47,7.23,7.38,7.37,7.12,7.36,7.08,0.0,0.0,0.0,7.47,7.26,0.0,0.0,840.2,830.3,834.6,106.107,105.569,105.662
P6,IB9,P6-IB9-4.2-SI12,SACU-2,19,19,0,100.0,0.0,MBUS-28,On-grid,584.02,143.423,-0.002,1104.4,1104.4,1104.4,1104.4,1088.8,1088.8,1088.8,1088.8,1088.8,1090.6,1090.6,1090.6,1090.6,1090.6,1086.8,1086.8,1086.8,1086.8,1076.6,1076.6,1076.6,1076.6,1076.6,1079.9,1079.9,1079.9,1079.9,1079.9,7.07,6.87,7.05,7.04,7.1,6.98,6.89,0.0,0.0,6.92,7.09,7.04,0.0,0.0,7.15,6.82,7.13,7.06,7.2,7.13,6.87,0.0,0.0,7.21,6.93,0.0,0.0,0.0,844.4,835.2,838.8,99.192,98.82,98.783
P6,IB9,P6-IB9-4.2-SI13,SACU-2,19,19,0,100.0,0.0,MBUS-29,On-grid,589.75,144.32,-0.043,1080.8,1080.8,1080.8,1080.8,1090.7,1090.7,1090.7,1090.7,1090.7,1078.5,1078.5,1078.5,1078.5,1078.5,1087.9,1087.9,1087.9,1087.9,1096.3,1096.3,1096.3,1096.3,1096.3,1093.0,1093.0,1093.0,1093.0,1093.0,6.87,7.05,7.22,6.94,7.01,6.98,7.21,0.0,0.0,7.17,7.04,6.95,0.0,0.0,7.17,7.13,7.08,0.0,7.03,7.11,6.93,0.0,0.0,7.21,6.85,7.13,0.0,0.0,846.4,840.8,837.4,98.953,99.019,99.143
P6,IB9,P6-IB9-4.2-SI14,SACU-2,19,17,2,89.47,10.53,MBUS-30,On-grid,522.32,129.063,-0.097,1092.6,1092.6,1092.6,1092.6,1099.0,1099.0,1099.0,1099.0,1099.0,1094.7,1094.7,1094.7,1094.7,1094.7,1035.9,1035.9,1035.9,1035.9,1082.7,1082.7,1082.7,1082.7,1082.7,1080.3,1080.3,1080.3,1080.3,1080.3,7.46,6.95,7.1,7.11,7.43,7.35,7.08,0.0,0.0,7.39,0.0,0.0,0.0,0.0,7.52,7.18,7.03,6.41,0.0,7.15,7.18,0.0,0.0,7.12,7.3,7.1,0.0,0.0,841.6,836.8,830.6,89.657,89.313,88.9
P6,IB9,P6-IB9-4.2-SI15,SACU-2,19,19,0,100.0,0.0,MBUS-31,On-grid,588.51,143.501,-0.091,1091.0,1091.0,1091.0,1091.0,1097.8,1097.8,1097.8,1097.8,1097.8,1095.3,1095.3,1095.3,1095.3,1095.3,1098.2,1098.2,1098.2,1098.2,1094.6,1094.6,1094.6,1094.6,1094.6,1096.4,1096.4,1096.4,1096.4,1096.4,7.12,6.65,6.92,7.16,0.0,7.08,6.96,7.15,0.0,6.85,6.94,7.19,0.0,0.0,6.83,7.11,6.81,7.09,7.05,7.11,6.79,0.0,0.0,7.01,6.82,0.0,0.0,0.0,846.4,836.8,841.1,99.092,98.496,98.611
P6,IB9,P6-IB9-4.2-SI16,SACU-2,19,19,0,100.0,0.0,MBUS-32,On-grid,587.85,142.988,-0.036,1097.2,1097.2,1097.2,1097.2,1098.0,1098.0,1098.0,1098.0,1098.0,1092.3,1092.3,1092.3,1092.3,1092.3,1087.4,1087.4,1087.4,1087.4,1094.9,1094.9,1094.9,1094.9,1094.9,1096.2,1096.2,1096.2,1096.2,1096.2,7.17,6.76,7.0,6.97,0.0,0.0,6.96,7.15,6.9,6.72,7.07,6.92,0.0,0.0,0.0,6.91,7.09,6.89,6.9,7.01,7.07,0.0,0.0,6.54,7.01,7.08,0.0,0.0,846.6,840.0,837.1,98.543,97.955,97.947
